{"type":"FeatureCollection", "features": [
{"type":"Feature","geometry":{"type":"Point","coordinates":[35.50187961100289,33.868698544241795]},"properties":{"fid":2,"OBJECTID":0,"ID":0,"Pcode":" ","Governorat":"Beirut","District":"Beirut","Cadaster":"Mazraa foncière","HC_name":"PARD Mother and Child Health Centre","MOPH":" ","Accessible":"Leb, Syr, PRL, PRS, Others","Accreditat":"MoPH","Update_Inf":"2018","Thumb_url":" ","Guarantors":"MoPH","Center_typ":" ","Malnu_Scre":" ","Malnu_Mng":" ","Malnu_fees":"7,000 to 15,000 LBP","Longitude":0,"Latitude":0,"HAB_Code":" ","Catch_Area":"Sabra","Consul_fee":"7,000 to 15,000 LBP","Immuni_fee":"Free","ACS_Code":"10310","Interview":"Yes","GlobalID":"85a61f12-6c9d-4258-b13c-35547f1b6a55","CreationDate":"2020-05-05T17:16:17.575","Creator":"alisaad@unhabitat","EditDate":"2020-05-05T17:16:17.575","Editor":"alisaad@unhabitat","Mohafaza":null,"Caza":null,"ACS_NAME":null,"HABITAT_Co":null,"Data_year":null,"Name_of_th":null,"Facility_t":null,"Physical_c":null,"Total_regi":null,"No__of_shi":null,"AM_shift":null,"PM_shift":null,"Over_capac":null,"Dropouts":null,"CERD":null,"School_Nam":null,"CAD_CODE":null,"secondshif":null,"Interviewe":null,"SDC_Name":null,"KADA_NA":null,"MOH_NA1":null,"OBJECTID_1":null,"Name":null,"Beds":null,"Beds_Habit":null,"Gateway_T":null,"Type_Code":null,"layer":"UNH_PHCs","path":"C:/Users/guest1/Documents/WORKING_WEB_4/WORKING_WEB.gpkg|layername=UNH_PHCs"}},
{"type":"Feature","geometry":{"type":"Point","coordinates":[35.501828175826454,33.86853664831849]},"properties":{"fid":4,"OBJECTID":0,"ID":0,"Pcode":" ","Governorat":"Beirut","District":"Beirut","Cadaster":"Mazraa foncière","HC_name":"Dr. Nada Abou Shahin Clinic","MOPH":" ","Accessible":"NA","Accreditat":"NA","Update_Inf":"2018","Thumb_url":" ","Guarantors":"NA","Center_typ":" ","Malnu_Scre":" ","Malnu_Mng":" ","Malnu_fees":"NA","Longitude":0,"Latitude":0,"HAB_Code":" ","Catch_Area":"Sabra","Consul_fee":"NA","Immuni_fee":"NA","ACS_Code":"10310","Interview":"Yes","GlobalID":"315285f3-be55-46db-b454-dc1b5daaaa36","CreationDate":"2020-05-05T17:16:17.575","Creator":"alisaad@unhabitat","EditDate":"2020-05-05T17:16:17.575","Editor":"alisaad@unhabitat","Mohafaza":null,"Caza":null,"ACS_NAME":null,"HABITAT_Co":null,"Data_year":null,"Name_of_th":null,"Facility_t":null,"Physical_c":null,"Total_regi":null,"No__of_shi":null,"AM_shift":null,"PM_shift":null,"Over_capac":null,"Dropouts":null,"CERD":null,"School_Nam":null,"CAD_CODE":null,"secondshif":null,"Interviewe":null,"SDC_Name":null,"KADA_NA":null,"MOH_NA1":null,"OBJECTID_1":null,"Name":null,"Beds":null,"Beds_Habit":null,"Gateway_T":null,"Type_Code":null,"layer":"UNH_PHCs","path":"C:/Users/guest1/Documents/WORKING_WEB_4/WORKING_WEB.gpkg|layername=UNH_PHCs"}},
{"type":"Feature","geometry":{"type":"Point","coordinates":[35.556558454083344,33.88468273882921]},"properties":{"fid":6,"OBJECTID":0,"ID":0,"Pcode":" ","Governorat":"Mount Lebanon","District":"El Meten","Cadaster":"Baouchriye","HC_name":"Caritas Dispensary","MOPH":" ","Accessible":"Leb, Syr, PRL, PRS, Others","Accreditat":"No","Update_Inf":"2018","Thumb_url":" ","Guarantors":"Caritas Canada, German Cooperation","Center_typ":" ","Malnu_Scre":" ","Malnu_Mng":" ","Malnu_fees":"Free","Longitude":0,"Latitude":0,"HAB_Code":" ","Catch_Area":"Maraash, Sin El-Fil","Consul_fee":"Free","Immuni_fee":"Free","ACS_Code":"22228","Interview":"Yes","GlobalID":"cae4e467-21f0-4e76-bc23-668c5c3b8c72","CreationDate":"2020-05-05T17:16:17.575","Creator":"alisaad@unhabitat","EditDate":"2020-05-05T17:16:17.575","Editor":"alisaad@unhabitat","Mohafaza":null,"Caza":null,"ACS_NAME":null,"HABITAT_Co":null,"Data_year":null,"Name_of_th":null,"Facility_t":null,"Physical_c":null,"Total_regi":null,"No__of_shi":null,"AM_shift":null,"PM_shift":null,"Over_capac":null,"Dropouts":null,"CERD":null,"School_Nam":null,"CAD_CODE":null,"secondshif":null,"Interviewe":null,"SDC_Name":null,"KADA_NA":null,"MOH_NA1":null,"OBJECTID_1":null,"Name":null,"Beds":null,"Beds_Habit":null,"Gateway_T":null,"Type_Code":null,"layer":"UNH_PHCs","path":"C:/Users/guest1/Documents/WORKING_WEB_4/WORKING_WEB.gpkg|layername=UNH_PHCs"}},
{"type":"Feature","geometry":{"type":"Point","coordinates":[35.50118958923339,33.865964193789225]},"properties":{"fid":9,"OBJECTID":0,"ID":0,"Pcode":" ","Governorat":"Mount Lebanon","District":"Baabda","Cadaster":"Chiyah","HC_name":"Directorate of Health, Tarik El-Jdidi, Hariri Foundation","MOPH":" ","Accessible":"Leb, Syr, PRL, PRS, Others","Accreditat":"None","Update_Inf":"2019","Thumb_url":" ","Guarantors":"Hariri Foundation, Premiere Urgence","Center_typ":" ","Malnu_Scre":" ","Malnu_Mng":" ","Malnu_fees":"> 15,000 LBP","Longitude":0,"Latitude":0,"HAB_Code":" ","Catch_Area":" ","Consul_fee":"> 15,000 LBP","Immuni_fee":"Free","ACS_Code":"21111","Interview":"Yes","GlobalID":"3d3f62d4-4eb6-4fee-9d93-7ae76c801520","CreationDate":"2020-05-05T17:16:17.575","Creator":"alisaad@unhabitat","EditDate":"2020-06-05T15:43:07.735","Editor":"alisaad@unhabitat","Mohafaza":null,"Caza":null,"ACS_NAME":null,"HABITAT_Co":null,"Data_year":null,"Name_of_th":null,"Facility_t":null,"Physical_c":null,"Total_regi":null,"No__of_shi":null,"AM_shift":null,"PM_shift":null,"Over_capac":null,"Dropouts":null,"CERD":null,"School_Nam":null,"CAD_CODE":null,"secondshif":null,"Interviewe":null,"SDC_Name":null,"KADA_NA":null,"MOH_NA1":null,"OBJECTID_1":null,"Name":null,"Beds":null,"Beds_Habit":null,"Gateway_T":null,"Type_Code":null,"layer":"UNH_PHCs","path":"C:/Users/guest1/Documents/WORKING_WEB_4/WORKING_WEB.gpkg|layername=UNH_PHCs"}},
{"type":"Feature","geometry":{"type":"Point","coordinates":[35.50418005079652,33.87150489750336]},"properties":{"fid":11,"OBJECTID":0,"ID":0,"Pcode":" ","Governorat":"Beirut","District":"Beirut","Cadaster":"Mazraa foncière","HC_name":"Khalil El-Makki Dispensary","MOPH":" ","Accessible":"Leb, Syr, PRL, PRS, Others","Accreditat":"None","Update_Inf":"2019","Thumb_url":" ","Guarantors":"Makassed Hospital","Center_typ":" ","Malnu_Scre":" ","Malnu_Mng":" ","Malnu_fees":"NA","Longitude":0,"Latitude":0,"HAB_Code":" ","Catch_Area":" ","Consul_fee":"7,000 to 15,000 LBP","Immuni_fee":"Free","ACS_Code":"10310","Interview":"Yes","GlobalID":"0dd6fe08-939f-45a3-be3c-f952d429419a","CreationDate":"2020-05-05T17:16:17.575","Creator":"alisaad@unhabitat","EditDate":"2020-06-05T15:43:24.435","Editor":"alisaad@unhabitat","Mohafaza":null,"Caza":null,"ACS_NAME":null,"HABITAT_Co":null,"Data_year":null,"Name_of_th":null,"Facility_t":null,"Physical_c":null,"Total_regi":null,"No__of_shi":null,"AM_shift":null,"PM_shift":null,"Over_capac":null,"Dropouts":null,"CERD":null,"School_Nam":null,"CAD_CODE":null,"secondshif":null,"Interviewe":null,"SDC_Name":null,"KADA_NA":null,"MOH_NA1":null,"OBJECTID_1":null,"Name":null,"Beds":null,"Beds_Habit":null,"Gateway_T":null,"Type_Code":null,"layer":"UNH_PHCs","path":"C:/Users/guest1/Documents/WORKING_WEB_4/WORKING_WEB.gpkg|layername=UNH_PHCs"}},
{"type":"Feature","geometry":{"type":"Point","coordinates":[35.4979656441485,33.88781035555162]},"properties":{"fid":13,"OBJECTID":0,"ID":0,"Pcode":" ","Governorat":"Beirut","District":"Beirut","Cadaster":"Msaitbé foncière","HC_name":"Mousaitbe Health Center","MOPH":" ","Accessible":"Leb, Syr, PRL, PRS, Others","Accreditat":"None","Update_Inf":"2019","Thumb_url":" ","Guarantors":"MoPH, Makassed Association","Center_typ":" ","Malnu_Scre":" ","Malnu_Mng":" ","Malnu_fees":"NA","Longitude":0,"Latitude":0,"HAB_Code":" ","Catch_Area":" ","Consul_fee":"7,000 to 15,000 LBP","Immuni_fee":"Free","ACS_Code":"10210","Interview":"Yes","GlobalID":"287556b4-27fe-4eac-b7cc-d9b1106b1a66","CreationDate":"2020-05-05T17:16:17.575","Creator":"alisaad@unhabitat","EditDate":"2020-05-05T17:16:17.575","Editor":"alisaad@unhabitat","Mohafaza":null,"Caza":null,"ACS_NAME":null,"HABITAT_Co":null,"Data_year":null,"Name_of_th":null,"Facility_t":null,"Physical_c":null,"Total_regi":null,"No__of_shi":null,"AM_shift":null,"PM_shift":null,"Over_capac":null,"Dropouts":null,"CERD":null,"School_Nam":null,"CAD_CODE":null,"secondshif":null,"Interviewe":null,"SDC_Name":null,"KADA_NA":null,"MOH_NA1":null,"OBJECTID_1":null,"Name":null,"Beds":null,"Beds_Habit":null,"Gateway_T":null,"Type_Code":null,"layer":"UNH_PHCs","path":"C:/Users/guest1/Documents/WORKING_WEB_4/WORKING_WEB.gpkg|layername=UNH_PHCs"}},
{"type":"Feature","geometry":{"type":"Point","coordinates":[35.53727819309807,33.88853010517536]},"properties":{"fid":366,"OBJECTID":4027,"ID":0,"Pcode":" ","Governorat":"Mount Lebanon","District":"El Metn","Cadaster":"Bourj Hammoud","HC_name":"Nabaa Dispensary","MOPH":" ","Accessible":"Leb, Syr, PRL, PRS, Others","Accreditat":"MoPH","Update_Inf":"2017","Thumb_url":" ","Guarantors":"No","Center_typ":" ","Malnu_Scre":" ","Malnu_Mng":"Yes","Malnu_fees":"1,000 to 7,000 LBP","Longitude":35.5372781931,"Latitude":33.8885301052,"HAB_Code":"NBA_D","Catch_Area":" ","Consul_fee":"1,000 to 7,000 LBP","Immuni_fee":"Free","ACS_Code":"22111","Interview":"Yes","GlobalID":"1fe40b4b-05ff-434e-b561-c144c29b732d","CreationDate":"2020-05-05T17:16:17.575","Creator":"alisaad@unhabitat","EditDate":"2020-05-05T17:16:17.575","Editor":"alisaad@unhabitat","Mohafaza":null,"Caza":null,"ACS_NAME":null,"HABITAT_Co":null,"Data_year":null,"Name_of_th":null,"Facility_t":null,"Physical_c":null,"Total_regi":null,"No__of_shi":null,"AM_shift":null,"PM_shift":null,"Over_capac":null,"Dropouts":null,"CERD":null,"School_Nam":null,"CAD_CODE":null,"secondshif":null,"Interviewe":null,"SDC_Name":null,"KADA_NA":null,"MOH_NA1":null,"OBJECTID_1":null,"Name":null,"Beds":null,"Beds_Habit":null,"Gateway_T":null,"Type_Code":null,"layer":"UNH_PHCs","path":"C:/Users/guest1/Documents/WORKING_WEB_4/WORKING_WEB.gpkg|layername=UNH_PHCs"}},
{"type":"Feature","geometry":{"type":"Point","coordinates":[35.53985455509808,33.88066339971453]},"properties":{"fid":367,"OBJECTID":4028,"ID":0,"Pcode":" ","Governorat":"Mount Lebanon","District":"El Metn","Cadaster":"Dekouané","HC_name":"Nuns Dispensary","MOPH":" ","Accessible":"Leb, Syr, PRL, PRS, Others","Accreditat":"MoPH","Update_Inf":"2017","Thumb_url":" ","Guarantors":"Private donor","Center_typ":" ","Malnu_Scre":" ","Malnu_Mng":" ","Malnu_fees":"NA","Longitude":35.5398545551,"Latitude":33.8806633997,"HAB_Code":"NBA_F","Catch_Area":" ","Consul_fee":"7,000 to 15,000 LBP","Immuni_fee":"NA","ACS_Code":"22262","Interview":"Yes","GlobalID":"567c6d02-1efa-486c-aec9-46762c86ce96","CreationDate":"2020-05-05T17:16:17.575","Creator":"alisaad@unhabitat","EditDate":"2020-05-05T17:16:17.575","Editor":"alisaad@unhabitat","Mohafaza":null,"Caza":null,"ACS_NAME":null,"HABITAT_Co":null,"Data_year":null,"Name_of_th":null,"Facility_t":null,"Physical_c":null,"Total_regi":null,"No__of_shi":null,"AM_shift":null,"PM_shift":null,"Over_capac":null,"Dropouts":null,"CERD":null,"School_Nam":null,"CAD_CODE":null,"secondshif":null,"Interviewe":null,"SDC_Name":null,"KADA_NA":null,"MOH_NA1":null,"OBJECTID_1":null,"Name":null,"Beds":null,"Beds_Habit":null,"Gateway_T":null,"Type_Code":null,"layer":"UNH_PHCs","path":"C:/Users/guest1/Documents/WORKING_WEB_4/WORKING_WEB.gpkg|layername=UNH_PHCs"}},
{"type":"Feature","geometry":{"type":"Point","coordinates":[35.539821837098074,33.88088349997925]},"properties":{"fid":368,"OBJECTID":4029,"ID":0,"Pcode":" ","Governorat":"Mount Lebanon","District":"El Metn","Cadaster":"Dekouané","HC_name":"Mar Yousef Dispensary","MOPH":" ","Accessible":"Leb, Syr, PRL, PRS, Others","Accreditat":"MoPH","Update_Inf":"2017","Thumb_url":" ","Guarantors":"No","Center_typ":" ","Malnu_Scre":" ","Malnu_Mng":"Yes","Malnu_fees":"7,000 to 15,000 LBP","Longitude":35.5398218371,"Latitude":33.8808835,"HAB_Code":"NBA_G","Catch_Area":" ","Consul_fee":"7,000 to 15,000 LBP","Immuni_fee":"7,000 to 15,000 LBP","ACS_Code":"22262","Interview":"Yes","GlobalID":"d9e2c57d-8cfb-4335-8099-8aed06d415a7","CreationDate":"2020-05-05T17:16:17.575","Creator":"alisaad@unhabitat","EditDate":"2020-05-05T17:16:17.575","Editor":"alisaad@unhabitat","Mohafaza":null,"Caza":null,"ACS_NAME":null,"HABITAT_Co":null,"Data_year":null,"Name_of_th":null,"Facility_t":null,"Physical_c":null,"Total_regi":null,"No__of_shi":null,"AM_shift":null,"PM_shift":null,"Over_capac":null,"Dropouts":null,"CERD":null,"School_Nam":null,"CAD_CODE":null,"secondshif":null,"Interviewe":null,"SDC_Name":null,"KADA_NA":null,"MOH_NA1":null,"OBJECTID_1":null,"Name":null,"Beds":null,"Beds_Habit":null,"Gateway_T":null,"Type_Code":null,"layer":"UNH_PHCs","path":"C:/Users/guest1/Documents/WORKING_WEB_4/WORKING_WEB.gpkg|layername=UNH_PHCs"}},
{"type":"Feature","geometry":{"type":"Point","coordinates":[35.54062312109805,33.88785140235901]},"properties":{"fid":369,"OBJECTID":4030,"ID":0,"Pcode":" ","Governorat":"Mount Lebanon","District":"El Metn","Cadaster":"Bourj Hammoud","HC_name":"El-Sader Dispensary","MOPH":" ","Accessible":"Leb, Syr, PRL, PRS, Others","Accreditat":"No","Update_Inf":"2017","Thumb_url":" ","Guarantors":"No","Center_typ":" ","Malnu_Scre":" ","Malnu_Mng":" ","Malnu_fees":"NA","Longitude":35.5406231211,"Latitude":33.8878514024,"HAB_Code":"NBA_B","Catch_Area":"Nabaa, Sin El-Fil, Fanar, Ashrafieh","Consul_fee":"NA","Immuni_fee":"NA","ACS_Code":"22111","Interview":"Yes","GlobalID":"28f904a4-b34c-4421-9d61-f453d31d59ef","CreationDate":"2020-05-05T17:16:17.575","Creator":"alisaad@unhabitat","EditDate":"2020-05-05T17:16:17.575","Editor":"alisaad@unhabitat","Mohafaza":null,"Caza":null,"ACS_NAME":null,"HABITAT_Co":null,"Data_year":null,"Name_of_th":null,"Facility_t":null,"Physical_c":null,"Total_regi":null,"No__of_shi":null,"AM_shift":null,"PM_shift":null,"Over_capac":null,"Dropouts":null,"CERD":null,"School_Nam":null,"CAD_CODE":null,"secondshif":null,"Interviewe":null,"SDC_Name":null,"KADA_NA":null,"MOH_NA1":null,"OBJECTID_1":null,"Name":null,"Beds":null,"Beds_Habit":null,"Gateway_T":null,"Type_Code":null,"layer":"UNH_PHCs","path":"C:/Users/guest1/Documents/WORKING_WEB_4/WORKING_WEB.gpkg|layername=UNH_PHCs"}},
{"type":"Feature","geometry":{"type":"Point","coordinates":[35.54274196442546,33.88828507502329]},"properties":{"fid":370,"OBJECTID":4031,"ID":0,"Pcode":" ","Governorat":"Mount Lebanon","District":"El Metn","Cadaster":"Bourj Hammoud","HC_name":"NA","MOPH":" ","Accessible":"NA","Accreditat":"NA","Update_Inf":"2017","Thumb_url":" ","Guarantors":"NA","Center_typ":" ","Malnu_Scre":" ","Malnu_Mng":" ","Malnu_fees":"NA","Longitude":35.5426555771,"Latitude":33.8883012699,"HAB_Code":"NBA_H","Catch_Area":"NA","Consul_fee":"NA","Immuni_fee":"NA","ACS_Code":"22111","Interview":"Yes","GlobalID":"2b960e88-9254-4776-8477-f1e0cef2fdd1","CreationDate":"2020-05-05T17:16:17.575","Creator":"alisaad@unhabitat","EditDate":"2020-05-05T17:16:17.575","Editor":"alisaad@unhabitat","Mohafaza":null,"Caza":null,"ACS_NAME":null,"HABITAT_Co":null,"Data_year":null,"Name_of_th":null,"Facility_t":null,"Physical_c":null,"Total_regi":null,"No__of_shi":null,"AM_shift":null,"PM_shift":null,"Over_capac":null,"Dropouts":null,"CERD":null,"School_Nam":null,"CAD_CODE":null,"secondshif":null,"Interviewe":null,"SDC_Name":null,"KADA_NA":null,"MOH_NA1":null,"OBJECTID_1":null,"Name":null,"Beds":null,"Beds_Habit":null,"Gateway_T":null,"Type_Code":null,"layer":"UNH_PHCs","path":"C:/Users/guest1/Documents/WORKING_WEB_4/WORKING_WEB.gpkg|layername=UNH_PHCs"}},
{"type":"Feature","geometry":{"type":"Point","coordinates":[35.50509344509804,33.869500452292876]},"properties":{"fid":371,"OBJECTID":4032,"ID":0,"Pcode":" ","Governorat":"Beirut","District":"Beirut","Cadaster":"Mazraa foncière","HC_name":"PARD Dispensary","MOPH":" ","Accessible":"Leb, Syr, PRL, PRS, Others","Accreditat":"NA","Update_Inf":"2018","Thumb_url":" ","Guarantors":"Private donor","Center_typ":" ","Malnu_Scre":" ","Malnu_Mng":" ","Malnu_fees":"5,000 LBP to 18,000 LBP","Longitude":35.5050934451,"Latitude":33.8695004523,"HAB_Code":"DSG_C","Catch_Area":"Tariq El-Jdideh","Consul_fee":"5,000 LBP to 18,000 LBP","Immuni_fee":"5,000 LBP to 18,000 LBP","ACS_Code":"10310","Interview":"Yes","GlobalID":"f33ee7e8-e3bc-4ed6-b8fc-d9cf358be473","CreationDate":"2020-05-05T17:16:17.575","Creator":"alisaad@unhabitat","EditDate":"2020-05-05T17:16:17.575","Editor":"alisaad@unhabitat","Mohafaza":null,"Caza":null,"ACS_NAME":null,"HABITAT_Co":null,"Data_year":null,"Name_of_th":null,"Facility_t":null,"Physical_c":null,"Total_regi":null,"No__of_shi":null,"AM_shift":null,"PM_shift":null,"Over_capac":null,"Dropouts":null,"CERD":null,"School_Nam":null,"CAD_CODE":null,"secondshif":null,"Interviewe":null,"SDC_Name":null,"KADA_NA":null,"MOH_NA1":null,"OBJECTID_1":null,"Name":null,"Beds":null,"Beds_Habit":null,"Gateway_T":null,"Type_Code":null,"layer":"UNH_PHCs","path":"C:/Users/guest1/Documents/WORKING_WEB_4/WORKING_WEB.gpkg|layername=UNH_PHCs"}},
{"type":"Feature","geometry":{"type":"Point","coordinates":[35.495724317098045,33.87756088598395]},"properties":{"fid":372,"OBJECTID":4033,"ID":0,"Pcode":" ","Governorat":"Beirut","District":"Beirut","Cadaster":"Msaitbé foncière","HC_name":"El-Islah Dispensary","MOPH":" ","Accessible":"Leb, Syr, PRL, PRS, Others","Accreditat":"NA","Update_Inf":"2018","Thumb_url":" ","Guarantors":"MoSA","Center_typ":" ","Malnu_Scre":" ","Malnu_Mng":" ","Malnu_fees":"5,000 LBP to 18,000 LBP","Longitude":35.4957243171,"Latitude":33.877560886,"HAB_Code":"DSG_D","Catch_Area":"Tariq El-Jdideh, Beirut","Consul_fee":"5,000 LBP to 18,000 LBP","Immuni_fee":"5,000 LBP to 18,000 LBP","ACS_Code":"10310","Interview":"Yes","GlobalID":"367e1759-7a3a-410a-a67e-7c1908078bf9","CreationDate":"2020-05-05T17:16:17.575","Creator":"alisaad@unhabitat","EditDate":"2020-05-19T20:28:26.123","Editor":"alisaad@unhabitat","Mohafaza":null,"Caza":null,"ACS_NAME":null,"HABITAT_Co":null,"Data_year":null,"Name_of_th":null,"Facility_t":null,"Physical_c":null,"Total_regi":null,"No__of_shi":null,"AM_shift":null,"PM_shift":null,"Over_capac":null,"Dropouts":null,"CERD":null,"School_Nam":null,"CAD_CODE":null,"secondshif":null,"Interviewe":null,"SDC_Name":null,"KADA_NA":null,"MOH_NA1":null,"OBJECTID_1":null,"Name":null,"Beds":null,"Beds_Habit":null,"Gateway_T":null,"Type_Code":null,"layer":"UNH_PHCs","path":"C:/Users/guest1/Documents/WORKING_WEB_4/WORKING_WEB.gpkg|layername=UNH_PHCs"}},
{"type":"Feature","geometry":{"type":"Point","coordinates":[35.50227801608866,33.877126989617956]},"properties":{"fid":373,"OBJECTID":4034,"ID":0,"Pcode":" ","Governorat":"Beirut","District":"Beirut","Cadaster":"Mazraa foncière","HC_name":"El-Moustawsaf El-Markazi","MOPH":" ","Accessible":"Leb, Syr, PRL, PRS, Others","Accreditat":"NA","Update_Inf":"2018","Thumb_url":" ","Guarantors":"MoPH, Hariri Foundation","Center_typ":" ","Malnu_Scre":" ","Malnu_Mng":" ","Malnu_fees":"5,000 LBP to 18,000 LBP","Longitude":35.50298643,"Latitude":33.877553747,"HAB_Code":"DSG_E","Catch_Area":"Tariq El-Jdideh, Sabra","Consul_fee":"5,000 LBP to 18,000 LBP","Immuni_fee":"5,000 LBP to 18,000 LBP","ACS_Code":"10310","Interview":"No","GlobalID":"1aa450eb-4d5e-417d-8f5f-fc04243f5bf8","CreationDate":"2020-05-05T17:16:17.575","Creator":"alisaad@unhabitat","EditDate":"2020-06-05T16:04:55.493","Editor":"alisaad@unhabitat","Mohafaza":null,"Caza":null,"ACS_NAME":null,"HABITAT_Co":null,"Data_year":null,"Name_of_th":null,"Facility_t":null,"Physical_c":null,"Total_regi":null,"No__of_shi":null,"AM_shift":null,"PM_shift":null,"Over_capac":null,"Dropouts":null,"CERD":null,"School_Nam":null,"CAD_CODE":null,"secondshif":null,"Interviewe":null,"SDC_Name":null,"KADA_NA":null,"MOH_NA1":null,"OBJECTID_1":null,"Name":null,"Beds":null,"Beds_Habit":null,"Gateway_T":null,"Type_Code":null,"layer":"UNH_PHCs","path":"C:/Users/guest1/Documents/WORKING_WEB_4/WORKING_WEB.gpkg|layername=UNH_PHCs"}},
{"type":"Feature","geometry":{"type":"Point","coordinates":[35.49849221164595,33.86838672379352]},"properties":{"fid":374,"OBJECTID":4035,"ID":0,"Pcode":" ","Governorat":"Beirut","District":"Beirut","Cadaster":"Mazraa foncière","HC_name":"Islamic Elderly PHCC","MOPH":" ","Accessible":"Leb, Syr, PRL, PRS, Others","Accreditat":"MoPH","Update_Inf":"2018","Thumb_url":" ","Guarantors":"MoPH","Center_typ":" ","Malnu_Scre":" ","Malnu_Mng":" ","Malnu_fees":"7,000 to 15,000 LBP","Longitude":35.4988054821,"Latitude":33.8680180465,"HAB_Code":" ","Catch_Area":"Sabra","Consul_fee":"7,000 to 15,000 LBP","Immuni_fee":"Free","ACS_Code":"10310","Interview":"Yes","GlobalID":"18c26253-af5c-4c8d-82cb-71bfc03de5d9","CreationDate":"2020-05-05T17:16:17.575","Creator":"alisaad@unhabitat","EditDate":"2020-05-05T17:16:17.575","Editor":"alisaad@unhabitat","Mohafaza":null,"Caza":null,"ACS_NAME":null,"HABITAT_Co":null,"Data_year":null,"Name_of_th":null,"Facility_t":null,"Physical_c":null,"Total_regi":null,"No__of_shi":null,"AM_shift":null,"PM_shift":null,"Over_capac":null,"Dropouts":null,"CERD":null,"School_Nam":null,"CAD_CODE":null,"secondshif":null,"Interviewe":null,"SDC_Name":null,"KADA_NA":null,"MOH_NA1":null,"OBJECTID_1":null,"Name":null,"Beds":null,"Beds_Habit":null,"Gateway_T":null,"Type_Code":null,"layer":"UNH_PHCs","path":"C:/Users/guest1/Documents/WORKING_WEB_4/WORKING_WEB.gpkg|layername=UNH_PHCs"}},
{"type":"Feature","geometry":{"type":"Point","coordinates":[35.501616845050684,33.871798163319234]},"properties":{"fid":409,"OBJECTID":0,"ID":0,"Pcode":" ","Governorat":"Beirut","District":"Beirut","Cadaster":"Mazraa foncière","HC_name":"Sandouk Zakat Medical Centre","MOPH":" ","Accessible":"NA","Accreditat":"NA","Update_Inf":"2018","Thumb_url":" ","Guarantors":"NA","Center_typ":" ","Malnu_Scre":" ","Malnu_Mng":" ","Malnu_fees":"NA","Longitude":0,"Latitude":0,"HAB_Code":" ","Catch_Area":"Sabra","Consul_fee":"NA","Immuni_fee":"NA","ACS_Code":"10310","Interview":"Yes","GlobalID":"446b0549-df22-49b9-8ef0-9358123ace70","CreationDate":"2020-05-05T17:16:17.575","Creator":"alisaad@unhabitat","EditDate":"2020-05-05T17:16:17.575","Editor":"alisaad@unhabitat","Mohafaza":null,"Caza":null,"ACS_NAME":null,"HABITAT_Co":null,"Data_year":null,"Name_of_th":null,"Facility_t":null,"Physical_c":null,"Total_regi":null,"No__of_shi":null,"AM_shift":null,"PM_shift":null,"Over_capac":null,"Dropouts":null,"CERD":null,"School_Nam":null,"CAD_CODE":null,"secondshif":null,"Interviewe":null,"SDC_Name":null,"KADA_NA":null,"MOH_NA1":null,"OBJECTID_1":null,"Name":null,"Beds":null,"Beds_Habit":null,"Gateway_T":null,"Type_Code":null,"layer":"UNH_PHCs","path":"C:/Users/guest1/Documents/WORKING_WEB_4/WORKING_WEB.gpkg|layername=UNH_PHCs"}},
{"type":"Feature","geometry":{"type":"Point","coordinates":[35.48154210909807,33.89288640741526]},"properties":{"fid":410,"OBJECTID":1,"ID":1,"Pcode":"10150_31_001","Governorat":"Beirut","District":"Beirut","Cadaster":"Ras Beyrouth foncière","HC_name":"Sandouk zakat","MOPH":" ","Accessible":" ","Accreditat":" ","Update_Inf":" ","Thumb_url":" ","Guarantors":" ","Center_typ":"Other  PHC","Malnu_Scre":" ","Malnu_Mng":" ","Malnu_fees":" ","Longitude":35.4815421091,"Latitude":33.8928864074,"HAB_Code":" ","Catch_Area":" ","Consul_fee":" ","Immuni_fee":" ","ACS_Code":"10150","Interview":"No","GlobalID":"a5a06ae3-f60f-4436-be7c-690b3f57f96c","CreationDate":"2020-05-05T17:16:17.575","Creator":"alisaad@unhabitat","EditDate":"2020-05-05T17:16:17.575","Editor":"alisaad@unhabitat","Mohafaza":null,"Caza":null,"ACS_NAME":null,"HABITAT_Co":null,"Data_year":null,"Name_of_th":null,"Facility_t":null,"Physical_c":null,"Total_regi":null,"No__of_shi":null,"AM_shift":null,"PM_shift":null,"Over_capac":null,"Dropouts":null,"CERD":null,"School_Nam":null,"CAD_CODE":null,"secondshif":null,"Interviewe":null,"SDC_Name":null,"KADA_NA":null,"MOH_NA1":null,"OBJECTID_1":null,"Name":null,"Beds":null,"Beds_Habit":null,"Gateway_T":null,"Type_Code":null,"layer":"UNH_PHCs","path":"C:/Users/guest1/Documents/WORKING_WEB_4/WORKING_WEB.gpkg|layername=UNH_PHCs"}},
{"type":"Feature","geometry":{"type":"Point","coordinates":[35.50298643209804,33.87755374697525]},"properties":{"fid":412,"OBJECTID":0,"ID":0,"Pcode":" ","Governorat":"Beirut","District":"Beirut","Cadaster":"Mazraa foncière","HC_name":"Hariri Foundation Dispensary","MOPH":" ","Accessible":"Leb, Syr, PRL, PRS, Others","Accreditat":"NA","Update_Inf":"2018","Thumb_url":" ","Guarantors":"MoPH, Hariri Foundation","Center_typ":" ","Malnu_Scre":" ","Malnu_Mng":" ","Malnu_fees":"5,000 LBP to 18,000 LBP","Longitude":0,"Latitude":0,"HAB_Code":"DSG_E","Catch_Area":"Tariq El-Jdideh, Sabra","Consul_fee":"5,000 LBP to 18,000 LBP","Immuni_fee":"5,000 LBP to 18,000 LBP","ACS_Code":"10310","Interview":"Yes","GlobalID":"1c0597e0-0607-470d-a785-7b112fe21199","CreationDate":"2020-05-05T17:16:17.575","Creator":"alisaad@unhabitat","EditDate":"2020-06-05T16:05:36.773","Editor":"alisaad@unhabitat","Mohafaza":null,"Caza":null,"ACS_NAME":null,"HABITAT_Co":null,"Data_year":null,"Name_of_th":null,"Facility_t":null,"Physical_c":null,"Total_regi":null,"No__of_shi":null,"AM_shift":null,"PM_shift":null,"Over_capac":null,"Dropouts":null,"CERD":null,"School_Nam":null,"CAD_CODE":null,"secondshif":null,"Interviewe":null,"SDC_Name":null,"KADA_NA":null,"MOH_NA1":null,"OBJECTID_1":null,"Name":null,"Beds":null,"Beds_Habit":null,"Gateway_T":null,"Type_Code":null,"layer":"UNH_PHCs","path":"C:/Users/guest1/Documents/WORKING_WEB_4/WORKING_WEB.gpkg|layername=UNH_PHCs"}},
{"type":"Feature","geometry":{"type":"Point","coordinates":[35.487056109098084,33.89764741314259]},"properties":{"fid":413,"OBJECTID":2,"ID":2,"Pcode":"10150_31_002","Governorat":"Beirut","District":"Beirut","Cadaster":"Ras Beyrouth foncière","HC_name":"AUB Family Medicine Centre","MOPH":"Yes","Accessible":" ","Accreditat":" ","Update_Inf":" ","Thumb_url":" ","Guarantors":" ","Center_typ":"MOPH PHC","Malnu_Scre":"Yes","Malnu_Mng":" ","Malnu_fees":" ","Longitude":35.4870561091,"Latitude":33.8976474131,"HAB_Code":" ","Catch_Area":" ","Consul_fee":" ","Immuni_fee":" ","ACS_Code":"10150","Interview":"No","GlobalID":"d9b46825-4cba-46f3-91da-57ae07e6c445","CreationDate":"2020-05-05T17:16:17.575","Creator":"alisaad@unhabitat","EditDate":"2020-06-16T13:49:00.442","Editor":"alisaad@unhabitat","Mohafaza":null,"Caza":null,"ACS_NAME":null,"HABITAT_Co":null,"Data_year":null,"Name_of_th":null,"Facility_t":null,"Physical_c":null,"Total_regi":null,"No__of_shi":null,"AM_shift":null,"PM_shift":null,"Over_capac":null,"Dropouts":null,"CERD":null,"School_Nam":null,"CAD_CODE":null,"secondshif":null,"Interviewe":null,"SDC_Name":null,"KADA_NA":null,"MOH_NA1":null,"OBJECTID_1":null,"Name":null,"Beds":null,"Beds_Habit":null,"Gateway_T":null,"Type_Code":null,"layer":"UNH_PHCs","path":"C:/Users/guest1/Documents/WORKING_WEB_4/WORKING_WEB.gpkg|layername=UNH_PHCs"}},
{"type":"Feature","geometry":{"type":"Point","coordinates":[35.52647579662927,33.88602536868314]},"properties":{"fid":414,"OBJECTID":3,"ID":3,"Pcode":"10210_31_001","Governorat":"Beirut","District":"Beirut","Cadaster":"Msaitbe foncière","HC_name":"The Drouz Charity Association Dispensary","MOPH":"Yes","Accessible":"Leb, Syr","Accreditat":"None","Update_Inf":"2019","Thumb_url":" ","Guarantors":"MoPH and MOSA","Center_typ":"MOPH PHC","Malnu_Scre":"Yes","Malnu_Mng":" ","Malnu_fees":"NA","Longitude":35.4927461091,"Latitude":33.8771073884,"HAB_Code":" ","Catch_Area":" ","Consul_fee":"15,000 LBP","Immuni_fee":"Free","ACS_Code":"10210","Interview":"Yes","GlobalID":"62dbf46b-9695-4795-af08-cfb439d4b83d","CreationDate":"2020-05-05T17:16:17.575","Creator":"alisaad@unhabitat","EditDate":"2020-05-05T17:16:17.575","Editor":"alisaad@unhabitat","Mohafaza":null,"Caza":null,"ACS_NAME":null,"HABITAT_Co":null,"Data_year":null,"Name_of_th":null,"Facility_t":null,"Physical_c":null,"Total_regi":null,"No__of_shi":null,"AM_shift":null,"PM_shift":null,"Over_capac":null,"Dropouts":null,"CERD":null,"School_Nam":null,"CAD_CODE":null,"secondshif":null,"Interviewe":null,"SDC_Name":null,"KADA_NA":null,"MOH_NA1":null,"OBJECTID_1":null,"Name":null,"Beds":null,"Beds_Habit":null,"Gateway_T":null,"Type_Code":null,"layer":"UNH_PHCs","path":"C:/Users/guest1/Documents/WORKING_WEB_4/WORKING_WEB.gpkg|layername=UNH_PHCs"}},
{"type":"Feature","geometry":{"type":"Point","coordinates":[35.48309610909807,33.88344039605402]},"properties":{"fid":415,"OBJECTID":4,"ID":4,"Pcode":"10210_31_002","Governorat":"Beirut","District":"Beirut","Cadaster":"Msaitbe foncière","HC_name":"Mother and Child Care Association Health Centre","MOPH":"Yes","Accessible":" ","Accreditat":" ","Update_Inf":" ","Thumb_url":" ","Guarantors":" ","Center_typ":"MOPH PHC","Malnu_Scre":"Yes","Malnu_Mng":" ","Malnu_fees":" ","Longitude":35.4830961091,"Latitude":33.8834403961,"HAB_Code":" ","Catch_Area":" ","Consul_fee":" ","Immuni_fee":" ","ACS_Code":"10210","Interview":"No","GlobalID":"a74ff4e1-bfbe-4db1-8f31-7fc35a550a5e","CreationDate":"2020-05-05T17:16:17.575","Creator":"alisaad@unhabitat","EditDate":"2020-06-16T14:03:21.623","Editor":"alisaad@unhabitat","Mohafaza":null,"Caza":null,"ACS_NAME":null,"HABITAT_Co":null,"Data_year":null,"Name_of_th":null,"Facility_t":null,"Physical_c":null,"Total_regi":null,"No__of_shi":null,"AM_shift":null,"PM_shift":null,"Over_capac":null,"Dropouts":null,"CERD":null,"School_Nam":null,"CAD_CODE":null,"secondshif":null,"Interviewe":null,"SDC_Name":null,"KADA_NA":null,"MOH_NA1":null,"OBJECTID_1":null,"Name":null,"Beds":null,"Beds_Habit":null,"Gateway_T":null,"Type_Code":null,"layer":"UNH_PHCs","path":"C:/Users/guest1/Documents/WORKING_WEB_4/WORKING_WEB.gpkg|layername=UNH_PHCs"}},
{"type":"Feature","geometry":{"type":"Point","coordinates":[35.49136610909806,33.88616439933004]},"properties":{"fid":416,"OBJECTID":5,"ID":5,"Pcode":"10210_31_003","Governorat":"Beirut","District":"Beirut","Cadaster":"Msaitbe foncière","HC_name":"Sandouk Zakat medical centre","MOPH":" ","Accessible":" ","Accreditat":" ","Update_Inf":" ","Thumb_url":" ","Guarantors":" ","Center_typ":"Other  PHC","Malnu_Scre":" ","Malnu_Mng":" ","Malnu_fees":" ","Longitude":35.4913661091,"Latitude":33.8861643993,"HAB_Code":" ","Catch_Area":" ","Consul_fee":" ","Immuni_fee":" ","ACS_Code":"10210","Interview":"No","GlobalID":"7bf07a11-b3bd-4d61-8536-72fe86428868","CreationDate":"2020-05-05T17:16:17.575","Creator":"alisaad@unhabitat","EditDate":"2020-06-16T13:41:00.741","Editor":"alisaad@unhabitat","Mohafaza":null,"Caza":null,"ACS_NAME":null,"HABITAT_Co":null,"Data_year":null,"Name_of_th":null,"Facility_t":null,"Physical_c":null,"Total_regi":null,"No__of_shi":null,"AM_shift":null,"PM_shift":null,"Over_capac":null,"Dropouts":null,"CERD":null,"School_Nam":null,"CAD_CODE":null,"secondshif":null,"Interviewe":null,"SDC_Name":null,"KADA_NA":null,"MOH_NA1":null,"OBJECTID_1":null,"Name":null,"Beds":null,"Beds_Habit":null,"Gateway_T":null,"Type_Code":null,"layer":"UNH_PHCs","path":"C:/Users/guest1/Documents/WORKING_WEB_4/WORKING_WEB.gpkg|layername=UNH_PHCs"}},
{"type":"Feature","geometry":{"type":"Point","coordinates":[35.48954610909804,33.88822740181129]},"properties":{"fid":417,"OBJECTID":6,"ID":6,"Pcode":"10210_31_004","Governorat":"Beirut","District":"Beirut","Cadaster":"Msaitbe foncière","HC_name":"Dar El-Fatwa Health Centre","MOPH":"Yes","Accessible":"Leb, Syr, PRL, PRS, Others","Accreditat":"MoPH","Update_Inf":"2019","Thumb_url":" ","Guarantors":"MoPH","Center_typ":"MOPH PHC","Malnu_Scre":"Yes","Malnu_Mng":" ","Malnu_fees":"7,000 to 15,000 LBP","Longitude":35.4895461091,"Latitude":33.8882274018,"HAB_Code":" ","Catch_Area":" ","Consul_fee":"7,000 to 15,000 LBP","Immuni_fee":"Free","ACS_Code":"10210","Interview":"Yes","GlobalID":"5343683a-360f-4dfc-9928-1e316d60d319","CreationDate":"2020-05-05T17:16:17.575","Creator":"alisaad@unhabitat","EditDate":"2020-06-16T13:52:15.192","Editor":"alisaad@unhabitat","Mohafaza":null,"Caza":null,"ACS_NAME":null,"HABITAT_Co":null,"Data_year":null,"Name_of_th":null,"Facility_t":null,"Physical_c":null,"Total_regi":null,"No__of_shi":null,"AM_shift":null,"PM_shift":null,"Over_capac":null,"Dropouts":null,"CERD":null,"School_Nam":null,"CAD_CODE":null,"secondshif":null,"Interviewe":null,"SDC_Name":null,"KADA_NA":null,"MOH_NA1":null,"OBJECTID_1":null,"Name":null,"Beds":null,"Beds_Habit":null,"Gateway_T":null,"Type_Code":null,"layer":"UNH_PHCs","path":"C:/Users/guest1/Documents/WORKING_WEB_4/WORKING_WEB.gpkg|layername=UNH_PHCs"}},
{"type":"Feature","geometry":{"type":"Point","coordinates":[35.491515109098074,33.89155140580943]},"properties":{"fid":418,"OBJECTID":7,"ID":7,"Pcode":"10210_31_005","Governorat":"Beirut","District":"Beirut","Cadaster":"Msaitbe foncière","HC_name":"El Zarif Medical centre","MOPH":"Yes","Accessible":" ","Accreditat":" ","Update_Inf":" ","Thumb_url":" ","Guarantors":" ","Center_typ":"MOPH PHC","Malnu_Scre":"Yes","Malnu_Mng":" ","Malnu_fees":" ","Longitude":35.4915151091,"Latitude":33.8915514058,"HAB_Code":" ","Catch_Area":" ","Consul_fee":" ","Immuni_fee":" ","ACS_Code":"10210","Interview":"No","GlobalID":"87b64e23-f545-4786-bc46-26557cf3465a","CreationDate":"2020-05-05T17:16:17.575","Creator":"alisaad@unhabitat","EditDate":"2020-06-16T13:53:16.183","Editor":"alisaad@unhabitat","Mohafaza":null,"Caza":null,"ACS_NAME":null,"HABITAT_Co":null,"Data_year":null,"Name_of_th":null,"Facility_t":null,"Physical_c":null,"Total_regi":null,"No__of_shi":null,"AM_shift":null,"PM_shift":null,"Over_capac":null,"Dropouts":null,"CERD":null,"School_Nam":null,"CAD_CODE":null,"secondshif":null,"Interviewe":null,"SDC_Name":null,"KADA_NA":null,"MOH_NA1":null,"OBJECTID_1":null,"Name":null,"Beds":null,"Beds_Habit":null,"Gateway_T":null,"Type_Code":null,"layer":"UNH_PHCs","path":"C:/Users/guest1/Documents/WORKING_WEB_4/WORKING_WEB.gpkg|layername=UNH_PHCs"}},
{"type":"Feature","geometry":{"type":"Point","coordinates":[35.498726109098065,33.887497400933306]},"properties":{"fid":419,"OBJECTID":8,"ID":8,"Pcode":"10210_31_006","Governorat":"Beirut","District":"Beirut","Cadaster":"Msaitbe foncière","HC_name":"SALIM SLAM MAKASSED ASS.MAZRAA","MOPH":" ","Accessible":" ","Accreditat":" ","Update_Inf":" ","Thumb_url":" ","Guarantors":" ","Center_typ":"Other  PHC","Malnu_Scre":" ","Malnu_Mng":" ","Malnu_fees":" ","Longitude":35.4987261091,"Latitude":33.8874974009,"HAB_Code":" ","Catch_Area":" ","Consul_fee":" ","Immuni_fee":" ","ACS_Code":"10210","Interview":"No","GlobalID":"e6d5f7e1-f97c-4278-a17c-adccaa14a222","CreationDate":"2020-05-05T17:16:17.575","Creator":"alisaad@unhabitat","EditDate":"2020-05-05T17:16:17.575","Editor":"alisaad@unhabitat","Mohafaza":null,"Caza":null,"ACS_NAME":null,"HABITAT_Co":null,"Data_year":null,"Name_of_th":null,"Facility_t":null,"Physical_c":null,"Total_regi":null,"No__of_shi":null,"AM_shift":null,"PM_shift":null,"Over_capac":null,"Dropouts":null,"CERD":null,"School_Nam":null,"CAD_CODE":null,"secondshif":null,"Interviewe":null,"SDC_Name":null,"KADA_NA":null,"MOH_NA1":null,"OBJECTID_1":null,"Name":null,"Beds":null,"Beds_Habit":null,"Gateway_T":null,"Type_Code":null,"layer":"UNH_PHCs","path":"C:/Users/guest1/Documents/WORKING_WEB_4/WORKING_WEB.gpkg|layername=UNH_PHCs"}},
{"type":"Feature","geometry":{"type":"Point","coordinates":[35.48889166509802,33.87647516567842]},"properties":{"fid":420,"OBJECTID":9,"ID":9,"Pcode":"10210_31_007","Governorat":"Beirut","District":"Beirut","Cadaster":"Msaitbe foncière","HC_name":"UNRWA-Mar Elias HC","MOPH":" ","Accessible":" ","Accreditat":" ","Update_Inf":" ","Thumb_url":" ","Guarantors":" ","Center_typ":"Other  PHC","Malnu_Scre":" ","Malnu_Mng":" ","Malnu_fees":" ","Longitude":35.4888916651,"Latitude":33.8764751657,"HAB_Code":" ","Catch_Area":" ","Consul_fee":" ","Immuni_fee":" ","ACS_Code":"10210","Interview":"No","GlobalID":"bced4a8a-1365-4c37-ba22-842ffd2e9325","CreationDate":"2020-05-05T17:16:17.575","Creator":"alisaad@unhabitat","EditDate":"2020-05-05T17:16:17.575","Editor":"alisaad@unhabitat","Mohafaza":null,"Caza":null,"ACS_NAME":null,"HABITAT_Co":null,"Data_year":null,"Name_of_th":null,"Facility_t":null,"Physical_c":null,"Total_regi":null,"No__of_shi":null,"AM_shift":null,"PM_shift":null,"Over_capac":null,"Dropouts":null,"CERD":null,"School_Nam":null,"CAD_CODE":null,"secondshif":null,"Interviewe":null,"SDC_Name":null,"KADA_NA":null,"MOH_NA1":null,"OBJECTID_1":null,"Name":null,"Beds":null,"Beds_Habit":null,"Gateway_T":null,"Type_Code":null,"layer":"UNH_PHCs","path":"C:/Users/guest1/Documents/WORKING_WEB_4/WORKING_WEB.gpkg|layername=UNH_PHCs"}},
{"type":"Feature","geometry":{"type":"Point","coordinates":[35.49424410909806,33.88403939677441]},"properties":{"fid":421,"OBJECTID":10,"ID":10,"Pcode":"10210_31_008","Governorat":"Beirut","District":"Beirut","Cadaster":"Msaitbe foncière","HC_name":"LRC-Mousaitbeh","MOPH":" ","Accessible":" ","Accreditat":" ","Update_Inf":" ","Thumb_url":" ","Guarantors":" ","Center_typ":"Other  PHC","Malnu_Scre":" ","Malnu_Mng":" ","Malnu_fees":" ","Longitude":35.4942441091,"Latitude":33.8840393968,"HAB_Code":" ","Catch_Area":" ","Consul_fee":" ","Immuni_fee":" ","ACS_Code":"10210","Interview":"No","GlobalID":"51419e21-979d-43a8-862b-4f4fd65c3d5c","CreationDate":"2020-05-05T17:16:17.575","Creator":"alisaad@unhabitat","EditDate":"2020-05-05T17:16:17.575","Editor":"alisaad@unhabitat","Mohafaza":null,"Caza":null,"ACS_NAME":null,"HABITAT_Co":null,"Data_year":null,"Name_of_th":null,"Facility_t":null,"Physical_c":null,"Total_regi":null,"No__of_shi":null,"AM_shift":null,"PM_shift":null,"Over_capac":null,"Dropouts":null,"CERD":null,"School_Nam":null,"CAD_CODE":null,"secondshif":null,"Interviewe":null,"SDC_Name":null,"KADA_NA":null,"MOH_NA1":null,"OBJECTID_1":null,"Name":null,"Beds":null,"Beds_Habit":null,"Gateway_T":null,"Type_Code":null,"layer":"UNH_PHCs","path":"C:/Users/guest1/Documents/WORKING_WEB_4/WORKING_WEB.gpkg|layername=UNH_PHCs"}},
{"type":"Feature","geometry":{"type":"Point","coordinates":[35.48897189209804,33.88253630096681]},"properties":{"fid":422,"OBJECTID":11,"ID":11,"Pcode":"10210-40-01","Governorat":"Beirut","District":"Beirut","Cadaster":"Msaitbe foncière","HC_name":"MoSA SDC Msaitbeh","MOPH":" ","Accessible":" ","Accreditat":" ","Update_Inf":" ","Thumb_url":" ","Guarantors":" ","Center_typ":"MOSA SDC","Malnu_Scre":" ","Malnu_Mng":" ","Malnu_fees":" ","Longitude":35.4889718921,"Latitude":33.882536301,"HAB_Code":" ","Catch_Area":" ","Consul_fee":" ","Immuni_fee":" ","ACS_Code":"10210","Interview":"No","GlobalID":"223d394e-e45d-4098-9118-8fee9f778bfa","CreationDate":"2020-05-05T17:16:17.575","Creator":"alisaad@unhabitat","EditDate":"2020-05-05T17:16:17.575","Editor":"alisaad@unhabitat","Mohafaza":null,"Caza":null,"ACS_NAME":null,"HABITAT_Co":null,"Data_year":null,"Name_of_th":null,"Facility_t":null,"Physical_c":null,"Total_regi":null,"No__of_shi":null,"AM_shift":null,"PM_shift":null,"Over_capac":null,"Dropouts":null,"CERD":null,"School_Nam":null,"CAD_CODE":null,"secondshif":null,"Interviewe":null,"SDC_Name":null,"KADA_NA":null,"MOH_NA1":null,"OBJECTID_1":null,"Name":null,"Beds":null,"Beds_Habit":null,"Gateway_T":null,"Type_Code":null,"layer":"UNH_PHCs","path":"C:/Users/guest1/Documents/WORKING_WEB_4/WORKING_WEB.gpkg|layername=UNH_PHCs"}},
{"type":"Feature","geometry":{"type":"Point","coordinates":[35.488366582422564,33.88811015956433]},"properties":{"fid":423,"OBJECTID":12,"ID":12,"Pcode":"10310_31_001","Governorat":"Beirut","District":"Beirut","Cadaster":"Mazraa foncière","HC_name":"Beirut Health Centre","MOPH":" ","Accessible":"Leb, Syr, PRL, PRS, Others","Accreditat":"MoPH","Update_Inf":"2019","Thumb_url":" ","Guarantors":"MoPH","Center_typ":"Other  PHC","Malnu_Scre":" ","Malnu_Mng":" ","Malnu_fees":"7,000 LBP","Longitude":35.4990273591,"Latitude":33.8728761434,"HAB_Code":" ","Catch_Area":" ","Consul_fee":"7,000 LBP","Immuni_fee":"Free","ACS_Code":"10310","Interview":"Yes","GlobalID":"15d34dba-dea7-44d5-a0ac-160d20e761ef","CreationDate":"2020-05-05T17:16:17.575","Creator":"alisaad@unhabitat","EditDate":"2020-06-16T13:49:38.579","Editor":"alisaad@unhabitat","Mohafaza":null,"Caza":null,"ACS_NAME":null,"HABITAT_Co":null,"Data_year":null,"Name_of_th":null,"Facility_t":null,"Physical_c":null,"Total_regi":null,"No__of_shi":null,"AM_shift":null,"PM_shift":null,"Over_capac":null,"Dropouts":null,"CERD":null,"School_Nam":null,"CAD_CODE":null,"secondshif":null,"Interviewe":null,"SDC_Name":null,"KADA_NA":null,"MOH_NA1":null,"OBJECTID_1":null,"Name":null,"Beds":null,"Beds_Habit":null,"Gateway_T":null,"Type_Code":null,"layer":"UNH_PHCs","path":"C:/Users/guest1/Documents/WORKING_WEB_4/WORKING_WEB.gpkg|layername=UNH_PHCs"}},
{"type":"Feature","geometry":{"type":"Point","coordinates":[35.498360109098066,33.876817388089876]},"properties":{"fid":424,"OBJECTID":13,"ID":13,"Pcode":"10310_31_003","Governorat":"Beirut","District":"Beirut","Cadaster":"Mazraa foncière","HC_name":"Herj PHCC","MOPH":"Yes","Accessible":"Leb, Syr, PRL, PRS, Others","Accreditat":"Canadian Accreditation","Update_Inf":"2019","Thumb_url":" ","Guarantors":"MoPH","Center_typ":"MOPH PHC","Malnu_Scre":"Yes","Malnu_Mng":" ","Malnu_fees":"7,000 to 15,000 LBP","Longitude":35.4983601091,"Latitude":33.8768173881,"HAB_Code":" ","Catch_Area":"Tariq El-Jdideh, Sabra","Consul_fee":"7,000 to 15,000 LBP","Immuni_fee":"Free","ACS_Code":"10310","Interview":"Yes","GlobalID":"e94846c0-e94f-46af-a6a0-b94aecb05d45","CreationDate":"2020-05-05T17:16:17.575","Creator":"alisaad@unhabitat","EditDate":"2020-05-19T20:28:06.032","Editor":"alisaad@unhabitat","Mohafaza":null,"Caza":null,"ACS_NAME":null,"HABITAT_Co":null,"Data_year":null,"Name_of_th":null,"Facility_t":null,"Physical_c":null,"Total_regi":null,"No__of_shi":null,"AM_shift":null,"PM_shift":null,"Over_capac":null,"Dropouts":null,"CERD":null,"School_Nam":null,"CAD_CODE":null,"secondshif":null,"Interviewe":null,"SDC_Name":null,"KADA_NA":null,"MOH_NA1":null,"OBJECTID_1":null,"Name":null,"Beds":null,"Beds_Habit":null,"Gateway_T":null,"Type_Code":null,"layer":"UNH_PHCs","path":"C:/Users/guest1/Documents/WORKING_WEB_4/WORKING_WEB.gpkg|layername=UNH_PHCs"}},
{"type":"Feature","geometry":{"type":"Point","coordinates":[35.502414446373216,33.87912452510201]},"properties":{"fid":425,"OBJECTID":14,"ID":14,"Pcode":"10310_31_004","Governorat":"Beirut","District":"Beirut","Cadaster":"Mazraa foncière","HC_name":"Makhzoumi Medical Centre","MOPH":"Yes","Accessible":"NA","Accreditat":"NA","Update_Inf":"2018","Thumb_url":" ","Guarantors":"NA","Center_typ":"MOPH PHC","Malnu_Scre":"Yes","Malnu_Mng":"Yes","Malnu_fees":"NA","Longitude":35.5035961091,"Latitude":33.8787873905,"HAB_Code":" ","Catch_Area":"Sabra","Consul_fee":"NA","Immuni_fee":"NA","ACS_Code":"10310","Interview":"Yes","GlobalID":"add8ec0f-ef2f-43bf-be81-78d910175f21","CreationDate":"2020-05-05T17:16:17.575","Creator":"alisaad@unhabitat","EditDate":"2020-05-05T17:16:17.575","Editor":"alisaad@unhabitat","Mohafaza":null,"Caza":null,"ACS_NAME":null,"HABITAT_Co":null,"Data_year":null,"Name_of_th":null,"Facility_t":null,"Physical_c":null,"Total_regi":null,"No__of_shi":null,"AM_shift":null,"PM_shift":null,"Over_capac":null,"Dropouts":null,"CERD":null,"School_Nam":null,"CAD_CODE":null,"secondshif":null,"Interviewe":null,"SDC_Name":null,"KADA_NA":null,"MOH_NA1":null,"OBJECTID_1":null,"Name":null,"Beds":null,"Beds_Habit":null,"Gateway_T":null,"Type_Code":null,"layer":"UNH_PHCs","path":"C:/Users/guest1/Documents/WORKING_WEB_4/WORKING_WEB.gpkg|layername=UNH_PHCs"}},
{"type":"Feature","geometry":{"type":"Point","coordinates":[35.51724710909802,33.873230383777106]},"properties":{"fid":426,"OBJECTID":15,"ID":15,"Pcode":"10310_31_006","Governorat":"Beirut","District":"Beirut","Cadaster":"Mazraa foncière","HC_name":"Restart Lebanon Beirut","MOPH":" ","Accessible":" ","Accreditat":" ","Update_Inf":" ","Thumb_url":" ","Guarantors":" ","Center_typ":"Other  PHC","Malnu_Scre":" ","Malnu_Mng":" ","Malnu_fees":" ","Longitude":35.5172471091,"Latitude":33.8732303838,"HAB_Code":" ","Catch_Area":" ","Consul_fee":" ","Immuni_fee":" ","ACS_Code":"10310","Interview":"No","GlobalID":"6d209e1b-be4b-40de-8fe6-c8607b50937d","CreationDate":"2020-05-05T17:16:17.575","Creator":"alisaad@unhabitat","EditDate":"2020-05-05T17:16:17.575","Editor":"alisaad@unhabitat","Mohafaza":null,"Caza":null,"ACS_NAME":null,"HABITAT_Co":null,"Data_year":null,"Name_of_th":null,"Facility_t":null,"Physical_c":null,"Total_regi":null,"No__of_shi":null,"AM_shift":null,"PM_shift":null,"Over_capac":null,"Dropouts":null,"CERD":null,"School_Nam":null,"CAD_CODE":null,"secondshif":null,"Interviewe":null,"SDC_Name":null,"KADA_NA":null,"MOH_NA1":null,"OBJECTID_1":null,"Name":null,"Beds":null,"Beds_Habit":null,"Gateway_T":null,"Type_Code":null,"layer":"UNH_PHCs","path":"C:/Users/guest1/Documents/WORKING_WEB_4/WORKING_WEB.gpkg|layername=UNH_PHCs"}},
{"type":"Feature","geometry":{"type":"Point","coordinates":[35.504176109098054,33.8843673971689]},"properties":{"fid":427,"OBJECTID":16,"ID":16,"Pcode":"10310_31_007","Governorat":"Beirut","District":"Beirut","Cadaster":"Mazraa foncière","HC_name":"Khatam EL-Anbia health centre","MOPH":"Yes","Accessible":" ","Accreditat":" ","Update_Inf":" ","Thumb_url":" ","Guarantors":" ","Center_typ":"MOPH PHC","Malnu_Scre":"Yes","Malnu_Mng":" ","Malnu_fees":" ","Longitude":35.5041761091,"Latitude":33.8843673972,"HAB_Code":" ","Catch_Area":" ","Consul_fee":" ","Immuni_fee":" ","ACS_Code":"10310","Interview":"No","GlobalID":"394900b8-3186-4744-ab6f-f0c8c6bf6a9d","CreationDate":"2020-05-05T17:16:17.575","Creator":"alisaad@unhabitat","EditDate":"2020-06-16T14:00:40.531","Editor":"alisaad@unhabitat","Mohafaza":null,"Caza":null,"ACS_NAME":null,"HABITAT_Co":null,"Data_year":null,"Name_of_th":null,"Facility_t":null,"Physical_c":null,"Total_regi":null,"No__of_shi":null,"AM_shift":null,"PM_shift":null,"Over_capac":null,"Dropouts":null,"CERD":null,"School_Nam":null,"CAD_CODE":null,"secondshif":null,"Interviewe":null,"SDC_Name":null,"KADA_NA":null,"MOH_NA1":null,"OBJECTID_1":null,"Name":null,"Beds":null,"Beds_Habit":null,"Gateway_T":null,"Type_Code":null,"layer":"UNH_PHCs","path":"C:/Users/guest1/Documents/WORKING_WEB_4/WORKING_WEB.gpkg|layername=UNH_PHCs"}},
{"type":"Feature","geometry":{"type":"Point","coordinates":[35.50495110909804,33.870677380707725]},"properties":{"fid":428,"OBJECTID":17,"ID":17,"Pcode":"10310_31_008","Governorat":"Beirut","District":"Beirut","Cadaster":"Mazraa foncière","HC_name":"Dar Al Ajaza AlIslamia Hospital","MOPH":" ","Accessible":" ","Accreditat":" ","Update_Inf":" ","Thumb_url":" ","Guarantors":" ","Center_typ":"Other  PHC","Malnu_Scre":" ","Malnu_Mng":" ","Malnu_fees":" ","Longitude":35.5049511091,"Latitude":33.8706773807,"HAB_Code":" ","Catch_Area":" ","Consul_fee":" ","Immuni_fee":" ","ACS_Code":"10310","Interview":"No","GlobalID":"a71e9558-8f17-48d5-bc7e-0272e0598972","CreationDate":"2020-05-05T17:16:17.575","Creator":"alisaad@unhabitat","EditDate":"2020-05-05T17:16:17.575","Editor":"alisaad@unhabitat","Mohafaza":null,"Caza":null,"ACS_NAME":null,"HABITAT_Co":null,"Data_year":null,"Name_of_th":null,"Facility_t":null,"Physical_c":null,"Total_regi":null,"No__of_shi":null,"AM_shift":null,"PM_shift":null,"Over_capac":null,"Dropouts":null,"CERD":null,"School_Nam":null,"CAD_CODE":null,"secondshif":null,"Interviewe":null,"SDC_Name":null,"KADA_NA":null,"MOH_NA1":null,"OBJECTID_1":null,"Name":null,"Beds":null,"Beds_Habit":null,"Gateway_T":null,"Type_Code":null,"layer":"UNH_PHCs","path":"C:/Users/guest1/Documents/WORKING_WEB_4/WORKING_WEB.gpkg|layername=UNH_PHCs"}},
{"type":"Feature","geometry":{"type":"Point","coordinates":[35.50321110909805,33.87830238987549]},"properties":{"fid":429,"OBJECTID":18,"ID":18,"Pcode":"10310_31_009","Governorat":"Beirut","District":"Beirut","Cadaster":"Mazraa foncière","HC_name":"Bayader Charity Organization","MOPH":" ","Accessible":" ","Accreditat":" ","Update_Inf":" ","Thumb_url":" ","Guarantors":" ","Center_typ":"Other  PHC","Malnu_Scre":" ","Malnu_Mng":" ","Malnu_fees":" ","Longitude":35.5032111091,"Latitude":33.8783023899,"HAB_Code":" ","Catch_Area":" ","Consul_fee":" ","Immuni_fee":" ","ACS_Code":"10310","Interview":"No","GlobalID":"ee66831e-1567-4f00-86e5-9492f476ecf3","CreationDate":"2020-05-05T17:16:17.575","Creator":"alisaad@unhabitat","EditDate":"2020-05-05T17:16:17.575","Editor":"alisaad@unhabitat","Mohafaza":null,"Caza":null,"ACS_NAME":null,"HABITAT_Co":null,"Data_year":null,"Name_of_th":null,"Facility_t":null,"Physical_c":null,"Total_regi":null,"No__of_shi":null,"AM_shift":null,"PM_shift":null,"Over_capac":null,"Dropouts":null,"CERD":null,"School_Nam":null,"CAD_CODE":null,"secondshif":null,"Interviewe":null,"SDC_Name":null,"KADA_NA":null,"MOH_NA1":null,"OBJECTID_1":null,"Name":null,"Beds":null,"Beds_Habit":null,"Gateway_T":null,"Type_Code":null,"layer":"UNH_PHCs","path":"C:/Users/guest1/Documents/WORKING_WEB_4/WORKING_WEB.gpkg|layername=UNH_PHCs"}},
{"type":"Feature","geometry":{"type":"Point","coordinates":[35.503130486098065,33.87530118626685]},"properties":{"fid":430,"OBJECTID":19,"ID":19,"Pcode":"10310_31_010","Governorat":"Beirut","District":"Beirut","Cadaster":"Mazraa foncière","HC_name":"Hamad Makassed Dispensary","MOPH":" ","Accessible":"Leb, Syr, PRL, PRS, Others","Accreditat":"NA","Update_Inf":"2018","Thumb_url":" ","Guarantors":"MoPH, YMCA, Makassed Hospital","Center_typ":"Other  PHC","Malnu_Scre":" ","Malnu_Mng":" ","Malnu_fees":"Free to 5,000 LBP","Longitude":35.5031304861,"Latitude":33.8753011863,"HAB_Code":"DSG_A","Catch_Area":"Tariq El-Jdideh, Sabra, Naameh, Barja","Consul_fee":"5,000 LBP to 18,000 LBP","Immuni_fee":"NA","ACS_Code":"10310","Interview":"Yes","GlobalID":"4d5338f6-2891-43e0-a255-68d757e78845","CreationDate":"2020-05-05T17:16:17.575","Creator":"alisaad@unhabitat","EditDate":"2020-05-05T17:16:17.575","Editor":"alisaad@unhabitat","Mohafaza":null,"Caza":null,"ACS_NAME":null,"HABITAT_Co":null,"Data_year":null,"Name_of_th":null,"Facility_t":null,"Physical_c":null,"Total_regi":null,"No__of_shi":null,"AM_shift":null,"PM_shift":null,"Over_capac":null,"Dropouts":null,"CERD":null,"School_Nam":null,"CAD_CODE":null,"secondshif":null,"Interviewe":null,"SDC_Name":null,"KADA_NA":null,"MOH_NA1":null,"OBJECTID_1":null,"Name":null,"Beds":null,"Beds_Habit":null,"Gateway_T":null,"Type_Code":null,"layer":"UNH_PHCs","path":"C:/Users/guest1/Documents/WORKING_WEB_4/WORKING_WEB.gpkg|layername=UNH_PHCs"}},
{"type":"Feature","geometry":{"type":"Point","coordinates":[35.50340610909807,33.87959739143269]},"properties":{"fid":431,"OBJECTID":20,"ID":20,"Pcode":"10310_31_011","Governorat":"Beirut","District":"Beirut","Cadaster":"Mazraa foncière","HC_name":"IBAD AL RAHMAN DISPENSARY / MAZRAA","MOPH":" ","Accessible":" ","Accreditat":" ","Update_Inf":" ","Thumb_url":" ","Guarantors":" ","Center_typ":"Other  PHC","Malnu_Scre":" ","Malnu_Mng":" ","Malnu_fees":" ","Longitude":35.5034061091,"Latitude":33.8795973914,"HAB_Code":" ","Catch_Area":" ","Consul_fee":" ","Immuni_fee":" ","ACS_Code":"10310","Interview":"No","GlobalID":"0e7ab2c9-6355-43f5-b069-ea3de23b84a0","CreationDate":"2020-05-05T17:16:17.575","Creator":"alisaad@unhabitat","EditDate":"2020-05-05T17:16:17.575","Editor":"alisaad@unhabitat","Mohafaza":null,"Caza":null,"ACS_NAME":null,"HABITAT_Co":null,"Data_year":null,"Name_of_th":null,"Facility_t":null,"Physical_c":null,"Total_regi":null,"No__of_shi":null,"AM_shift":null,"PM_shift":null,"Over_capac":null,"Dropouts":null,"CERD":null,"School_Nam":null,"CAD_CODE":null,"secondshif":null,"Interviewe":null,"SDC_Name":null,"KADA_NA":null,"MOH_NA1":null,"OBJECTID_1":null,"Name":null,"Beds":null,"Beds_Habit":null,"Gateway_T":null,"Type_Code":null,"layer":"UNH_PHCs","path":"C:/Users/guest1/Documents/WORKING_WEB_4/WORKING_WEB.gpkg|layername=UNH_PHCs"}},
{"type":"Feature","geometry":{"type":"Point","coordinates":[35.49924610909805,33.86921737895259]},"properties":{"fid":432,"OBJECTID":21,"ID":21,"Pcode":"10310_31_012","Governorat":"Beirut","District":"Beirut","Cadaster":"Mazraa foncière","HC_name":"SOCIAL REFORM ASS.TARIK EL JDIDEH","MOPH":" ","Accessible":" ","Accreditat":" ","Update_Inf":" ","Thumb_url":" ","Guarantors":" ","Center_typ":"Other  PHC","Malnu_Scre":" ","Malnu_Mng":" ","Malnu_fees":" ","Longitude":35.4992461091,"Latitude":33.869217379,"HAB_Code":" ","Catch_Area":" ","Consul_fee":" ","Immuni_fee":" ","ACS_Code":"10310","Interview":"No","GlobalID":"e6ba0cc6-d407-4295-a455-6678b8669edc","CreationDate":"2020-05-05T17:16:17.575","Creator":"alisaad@unhabitat","EditDate":"2020-05-05T17:16:17.575","Editor":"alisaad@unhabitat","Mohafaza":null,"Caza":null,"ACS_NAME":null,"HABITAT_Co":null,"Data_year":null,"Name_of_th":null,"Facility_t":null,"Physical_c":null,"Total_regi":null,"No__of_shi":null,"AM_shift":null,"PM_shift":null,"Over_capac":null,"Dropouts":null,"CERD":null,"School_Nam":null,"CAD_CODE":null,"secondshif":null,"Interviewe":null,"SDC_Name":null,"KADA_NA":null,"MOH_NA1":null,"OBJECTID_1":null,"Name":null,"Beds":null,"Beds_Habit":null,"Gateway_T":null,"Type_Code":null,"layer":"UNH_PHCs","path":"C:/Users/guest1/Documents/WORKING_WEB_4/WORKING_WEB.gpkg|layername=UNH_PHCs"}},
{"type":"Feature","geometry":{"type":"Point","coordinates":[35.50332910909803,33.87368538432413]},"properties":{"fid":433,"OBJECTID":22,"ID":22,"Pcode":"10310_31_013","Governorat":"Beirut","District":"Beirut","Cadaster":"Mazraa foncière","HC_name":"LRC-Tarik Jdideh","MOPH":" ","Accessible":" ","Accreditat":" ","Update_Inf":" ","Thumb_url":" ","Guarantors":" ","Center_typ":"Other  PHC","Malnu_Scre":" ","Malnu_Mng":" ","Malnu_fees":" ","Longitude":35.5033291091,"Latitude":33.8736853843,"HAB_Code":" ","Catch_Area":" ","Consul_fee":" ","Immuni_fee":" ","ACS_Code":"10310","Interview":"No","GlobalID":"d5041748-e327-4920-ac89-0f529d655abd","CreationDate":"2020-05-05T17:16:17.575","Creator":"alisaad@unhabitat","EditDate":"2020-05-05T17:16:17.575","Editor":"alisaad@unhabitat","Mohafaza":null,"Caza":null,"ACS_NAME":null,"HABITAT_Co":null,"Data_year":null,"Name_of_th":null,"Facility_t":null,"Physical_c":null,"Total_regi":null,"No__of_shi":null,"AM_shift":null,"PM_shift":null,"Over_capac":null,"Dropouts":null,"CERD":null,"School_Nam":null,"CAD_CODE":null,"secondshif":null,"Interviewe":null,"SDC_Name":null,"KADA_NA":null,"MOH_NA1":null,"OBJECTID_1":null,"Name":null,"Beds":null,"Beds_Habit":null,"Gateway_T":null,"Type_Code":null,"layer":"UNH_PHCs","path":"C:/Users/guest1/Documents/WORKING_WEB_4/WORKING_WEB.gpkg|layername=UNH_PHCs"}},
{"type":"Feature","geometry":{"type":"Point","coordinates":[35.49903110909803,33.868044377542496]},"properties":{"fid":434,"OBJECTID":23,"ID":23,"Pcode":"10310_31_014","Governorat":"Beirut","District":"Beirut","Cadaster":"Mazraa foncière","HC_name":"Al - Tahadi Society Dispensary","MOPH":" ","Accessible":" ","Accreditat":" ","Update_Inf":" ","Thumb_url":" ","Guarantors":" ","Center_typ":"Other  PHC","Malnu_Scre":" ","Malnu_Mng":" ","Malnu_fees":" ","Longitude":35.4990311091,"Latitude":33.8680443775,"HAB_Code":" ","Catch_Area":" ","Consul_fee":" ","Immuni_fee":" ","ACS_Code":"10310","Interview":"No","GlobalID":"0fa97ac5-19aa-4325-bbdb-1dba72303208","CreationDate":"2020-05-05T17:16:17.575","Creator":"alisaad@unhabitat","EditDate":"2020-05-05T17:16:17.575","Editor":"alisaad@unhabitat","Mohafaza":null,"Caza":null,"ACS_NAME":null,"HABITAT_Co":null,"Data_year":null,"Name_of_th":null,"Facility_t":null,"Physical_c":null,"Total_regi":null,"No__of_shi":null,"AM_shift":null,"PM_shift":null,"Over_capac":null,"Dropouts":null,"CERD":null,"School_Nam":null,"CAD_CODE":null,"secondshif":null,"Interviewe":null,"SDC_Name":null,"KADA_NA":null,"MOH_NA1":null,"OBJECTID_1":null,"Name":null,"Beds":null,"Beds_Habit":null,"Gateway_T":null,"Type_Code":null,"layer":"UNH_PHCs","path":"C:/Users/guest1/Documents/WORKING_WEB_4/WORKING_WEB.gpkg|layername=UNH_PHCs"}},
{"type":"Feature","geometry":{"type":"Point","coordinates":[35.50374659309806,33.872324363687824]},"properties":{"fid":435,"OBJECTID":24,"ID":24,"Pcode":"10310-40-01","Governorat":"Beirut","District":"Beirut","Cadaster":"Mazraa foncière","HC_name":"MoSA SDC Tarik Jdideh","MOPH":" ","Accessible":" ","Accreditat":" ","Update_Inf":" ","Thumb_url":" ","Guarantors":" ","Center_typ":"MOSA SDC","Malnu_Scre":" ","Malnu_Mng":" ","Malnu_fees":" ","Longitude":35.5037465931,"Latitude":33.8723243637,"HAB_Code":" ","Catch_Area":" ","Consul_fee":" ","Immuni_fee":" ","ACS_Code":"10310","Interview":"No","GlobalID":"1b829132-e431-41fe-a788-73676ed3e7f6","CreationDate":"2020-05-05T17:16:17.575","Creator":"alisaad@unhabitat","EditDate":"2020-05-05T17:16:17.575","Editor":"alisaad@unhabitat","Mohafaza":null,"Caza":null,"ACS_NAME":null,"HABITAT_Co":null,"Data_year":null,"Name_of_th":null,"Facility_t":null,"Physical_c":null,"Total_regi":null,"No__of_shi":null,"AM_shift":null,"PM_shift":null,"Over_capac":null,"Dropouts":null,"CERD":null,"School_Nam":null,"CAD_CODE":null,"secondshif":null,"Interviewe":null,"SDC_Name":null,"KADA_NA":null,"MOH_NA1":null,"OBJECTID_1":null,"Name":null,"Beds":null,"Beds_Habit":null,"Gateway_T":null,"Type_Code":null,"layer":"UNH_PHCs","path":"C:/Users/guest1/Documents/WORKING_WEB_4/WORKING_WEB.gpkg|layername=UNH_PHCs"}},
{"type":"Feature","geometry":{"type":"Point","coordinates":[35.506788443098046,33.88166719992169]},"properties":{"fid":436,"OBJECTID":25,"ID":25,"Pcode":"10310-40-02","Governorat":"Beirut","District":"Beirut","Cadaster":"Mazraa foncière","HC_name":"MoSA SDC Mazraa","MOPH":" ","Accessible":" ","Accreditat":" ","Update_Inf":" ","Thumb_url":" ","Guarantors":" ","Center_typ":"MOSA SDC","Malnu_Scre":" ","Malnu_Mng":" ","Malnu_fees":" ","Longitude":35.5067884431,"Latitude":33.8816671999,"HAB_Code":" ","Catch_Area":" ","Consul_fee":" ","Immuni_fee":" ","ACS_Code":"10310","Interview":"No","GlobalID":"029e82b9-97eb-47a8-b493-7ca96d729c8a","CreationDate":"2020-05-05T17:16:17.575","Creator":"alisaad@unhabitat","EditDate":"2020-05-05T17:16:17.575","Editor":"alisaad@unhabitat","Mohafaza":null,"Caza":null,"ACS_NAME":null,"HABITAT_Co":null,"Data_year":null,"Name_of_th":null,"Facility_t":null,"Physical_c":null,"Total_regi":null,"No__of_shi":null,"AM_shift":null,"PM_shift":null,"Over_capac":null,"Dropouts":null,"CERD":null,"School_Nam":null,"CAD_CODE":null,"secondshif":null,"Interviewe":null,"SDC_Name":null,"KADA_NA":null,"MOH_NA1":null,"OBJECTID_1":null,"Name":null,"Beds":null,"Beds_Habit":null,"Gateway_T":null,"Type_Code":null,"layer":"UNH_PHCs","path":"C:/Users/guest1/Documents/WORKING_WEB_4/WORKING_WEB.gpkg|layername=UNH_PHCs"}},
{"type":"Feature","geometry":{"type":"Point","coordinates":[35.50411410909804,33.892594407063996]},"properties":{"fid":437,"OBJECTID":26,"ID":26,"Pcode":"10350_31_001","Governorat":"Beirut","District":"Beirut","Cadaster":"Bachoura foncière","HC_name":"Beirut Development Association","MOPH":" ","Accessible":"Leb, Syr, PRL, PRS, Others","Accreditat":"None","Update_Inf":"2019","Thumb_url":" ","Guarantors":"MoPH, MoSA and General Maronite Council","Center_typ":"Other  PHC","Malnu_Scre":"Yes","Malnu_Mng":" ","Malnu_fees":"Free","Longitude":35.5041141091,"Latitude":33.8925944071,"HAB_Code":" ","Catch_Area":" ","Consul_fee":"Free","Immuni_fee":"Free","ACS_Code":"10350","Interview":"Yes","GlobalID":"fcf24979-e8f2-44e7-a331-ebfbb3905fd9","CreationDate":"2020-05-05T17:16:17.575","Creator":"alisaad@unhabitat","EditDate":"2020-05-05T17:16:17.575","Editor":"alisaad@unhabitat","Mohafaza":null,"Caza":null,"ACS_NAME":null,"HABITAT_Co":null,"Data_year":null,"Name_of_th":null,"Facility_t":null,"Physical_c":null,"Total_regi":null,"No__of_shi":null,"AM_shift":null,"PM_shift":null,"Over_capac":null,"Dropouts":null,"CERD":null,"School_Nam":null,"CAD_CODE":null,"secondshif":null,"Interviewe":null,"SDC_Name":null,"KADA_NA":null,"MOH_NA1":null,"OBJECTID_1":null,"Name":null,"Beds":null,"Beds_Habit":null,"Gateway_T":null,"Type_Code":null,"layer":"UNH_PHCs","path":"C:/Users/guest1/Documents/WORKING_WEB_4/WORKING_WEB.gpkg|layername=UNH_PHCs"}},
{"type":"Feature","geometry":{"type":"Point","coordinates":[35.503586109098066,33.88932740313432]},"properties":{"fid":438,"OBJECTID":27,"ID":27,"Pcode":"10350_31_002","Governorat":"Beirut","District":"Beirut","Cadaster":"Bachoura foncière","HC_name":"PHCC Bachoura","MOPH":"Yes","Accessible":"Leb, Syr, PRL, PRS","Accreditat":"MoPH","Update_Inf":"2019","Thumb_url":" ","Guarantors":"MoPH-YMCA, other donors","Center_typ":"MOPH PHC","Malnu_Scre":"Yes","Malnu_Mng":" ","Malnu_fees":"NA","Longitude":35.5035861091,"Latitude":33.8893274031,"HAB_Code":" ","Catch_Area":" ","Consul_fee":"7,000 to 15,000 LBP","Immuni_fee":"Free","ACS_Code":"10350","Interview":"Yes","GlobalID":"11d71274-1a57-4c25-920e-176e82ab56eb","CreationDate":"2020-05-05T17:16:17.575","Creator":"alisaad@unhabitat","EditDate":"2020-06-05T15:43:39.686","Editor":"alisaad@unhabitat","Mohafaza":null,"Caza":null,"ACS_NAME":null,"HABITAT_Co":null,"Data_year":null,"Name_of_th":null,"Facility_t":null,"Physical_c":null,"Total_regi":null,"No__of_shi":null,"AM_shift":null,"PM_shift":null,"Over_capac":null,"Dropouts":null,"CERD":null,"School_Nam":null,"CAD_CODE":null,"secondshif":null,"Interviewe":null,"SDC_Name":null,"KADA_NA":null,"MOH_NA1":null,"OBJECTID_1":null,"Name":null,"Beds":null,"Beds_Habit":null,"Gateway_T":null,"Type_Code":null,"layer":"UNH_PHCs","path":"C:/Users/guest1/Documents/WORKING_WEB_4/WORKING_WEB.gpkg|layername=UNH_PHCs"}},
{"type":"Feature","geometry":{"type":"Point","coordinates":[35.52242210909803,33.90077441690467]},"properties":{"fid":439,"OBJECTID":28,"ID":28,"Pcode":"10610_31_001","Governorat":"Beirut","District":"Beirut","Cadaster":"Mdaouar foncière","HC_name":"Qarantina PHC Centre","MOPH":"Yes","Accessible":" ","Accreditat":" ","Update_Inf":" ","Thumb_url":" ","Guarantors":" ","Center_typ":"MOPH PHC","Malnu_Scre":"Yes","Malnu_Mng":"Yes","Malnu_fees":" ","Longitude":35.5224221091,"Latitude":33.9007744169,"HAB_Code":" ","Catch_Area":" ","Consul_fee":" ","Immuni_fee":" ","ACS_Code":"10610","Interview":"No","GlobalID":"8e41bdd6-a75f-4115-851c-4439ba6e951c","CreationDate":"2020-05-05T17:16:17.575","Creator":"alisaad@unhabitat","EditDate":"2020-06-16T13:39:13.055","Editor":"alisaad@unhabitat","Mohafaza":null,"Caza":null,"ACS_NAME":null,"HABITAT_Co":null,"Data_year":null,"Name_of_th":null,"Facility_t":null,"Physical_c":null,"Total_regi":null,"No__of_shi":null,"AM_shift":null,"PM_shift":null,"Over_capac":null,"Dropouts":null,"CERD":null,"School_Nam":null,"CAD_CODE":null,"secondshif":null,"Interviewe":null,"SDC_Name":null,"KADA_NA":null,"MOH_NA1":null,"OBJECTID_1":null,"Name":null,"Beds":null,"Beds_Habit":null,"Gateway_T":null,"Type_Code":null,"layer":"UNH_PHCs","path":"C:/Users/guest1/Documents/WORKING_WEB_4/WORKING_WEB.gpkg|layername=UNH_PHCs"}},
{"type":"Feature","geometry":{"type":"Point","coordinates":[35.534385109098075,33.89997141593859]},"properties":{"fid":440,"OBJECTID":29,"ID":29,"Pcode":"10610_31_002","Governorat":"Beirut","District":"Beirut","Cadaster":"Mdaouar foncière","HC_name":"The Development Centre of Beirut","MOPH":"Yes","Accessible":"Leb, Syr, PRL, PRS, Others","Accreditat":" ","Update_Inf":"2019","Thumb_url":" ","Guarantors":"MoPh, MOSA, YMCA","Center_typ":"MOPH PHC","Malnu_Scre":" ","Malnu_Mng":" ","Malnu_fees":" ","Longitude":35.5343851091,"Latitude":33.8999714159,"HAB_Code":" ","Catch_Area":"Bourj Hammoud and Sin El Fil ","Consul_fee":"Free","Immuni_fee":" ","ACS_Code":"10610","Interview":"Yes","GlobalID":"b35e6960-e2b3-4467-b55f-17045900f09f","CreationDate":"2020-05-05T17:16:17.575","Creator":"alisaad@unhabitat","EditDate":"2020-06-16T13:43:52.268","Editor":"alisaad@unhabitat","Mohafaza":null,"Caza":null,"ACS_NAME":null,"HABITAT_Co":null,"Data_year":null,"Name_of_th":null,"Facility_t":null,"Physical_c":null,"Total_regi":null,"No__of_shi":null,"AM_shift":null,"PM_shift":null,"Over_capac":null,"Dropouts":null,"CERD":null,"School_Nam":null,"CAD_CODE":null,"secondshif":null,"Interviewe":null,"SDC_Name":null,"KADA_NA":null,"MOH_NA1":null,"OBJECTID_1":null,"Name":null,"Beds":null,"Beds_Habit":null,"Gateway_T":null,"Type_Code":null,"layer":"UNH_PHCs","path":"C:/Users/guest1/Documents/WORKING_WEB_4/WORKING_WEB.gpkg|layername=UNH_PHCs"}},
{"type":"Feature","geometry":{"type":"Point","coordinates":[35.52025280909805,33.88507235801667]},"properties":{"fid":441,"OBJECTID":30,"ID":30,"Pcode":"10650_31_001","Governorat":"Beirut","District":"Beirut","Cadaster":"Achrafieh foncière","HC_name":"Makhzoumi Foundation Ashrafieh Primary Healthcare Clinic","MOPH":" ","Accessible":" ","Accreditat":" ","Update_Inf":" ","Thumb_url":" ","Guarantors":" ","Center_typ":"Other  PHC","Malnu_Scre":" ","Malnu_Mng":" ","Malnu_fees":" ","Longitude":35.5202528091,"Latitude":33.885072358,"HAB_Code":" ","Catch_Area":" ","Consul_fee":" ","Immuni_fee":" ","ACS_Code":"10650","Interview":"No","GlobalID":"520a1cb3-cdeb-44b7-aeaf-34440a7d4f87","CreationDate":"2020-05-05T17:16:17.575","Creator":"alisaad@unhabitat","EditDate":"2020-05-05T17:16:17.575","Editor":"alisaad@unhabitat","Mohafaza":null,"Caza":null,"ACS_NAME":null,"HABITAT_Co":null,"Data_year":null,"Name_of_th":null,"Facility_t":null,"Physical_c":null,"Total_regi":null,"No__of_shi":null,"AM_shift":null,"PM_shift":null,"Over_capac":null,"Dropouts":null,"CERD":null,"School_Nam":null,"CAD_CODE":null,"secondshif":null,"Interviewe":null,"SDC_Name":null,"KADA_NA":null,"MOH_NA1":null,"OBJECTID_1":null,"Name":null,"Beds":null,"Beds_Habit":null,"Gateway_T":null,"Type_Code":null,"layer":"UNH_PHCs","path":"C:/Users/guest1/Documents/WORKING_WEB_4/WORKING_WEB.gpkg|layername=UNH_PHCs"}},
{"type":"Feature","geometry":{"type":"Point","coordinates":[35.513166109098044,33.89100640515384]},"properties":{"fid":442,"OBJECTID":31,"ID":31,"Pcode":"10650_31_002","Governorat":"Beirut","District":"Beirut","Cadaster":"Achrafieh foncière","HC_name":"Saint Antoine Health Centre","MOPH":"Yes","Accessible":"Leb, Syr, PRL, PRS","Accreditat":" ","Update_Inf":"2019","Thumb_url":" ","Guarantors":"MoPH and YMCA","Center_typ":"MOPH PHC","Malnu_Scre":"Yes","Malnu_Mng":" ","Malnu_fees":" ","Longitude":35.51316611,"Latitude":33.8910064052,"HAB_Code":" ","Catch_Area":"Sin El Fil","Consul_fee":"7,000 to 15,000 LBP","Immuni_fee":"Free","ACS_Code":"10650","Interview":"Yes","GlobalID":"656d9dc0-c3b8-4360-bbf3-a97f2def3d4a","CreationDate":"2020-05-05T17:16:17.575","Creator":"alisaad@unhabitat","EditDate":"2020-06-16T13:40:46.769","Editor":"alisaad@unhabitat","Mohafaza":null,"Caza":null,"ACS_NAME":null,"HABITAT_Co":null,"Data_year":null,"Name_of_th":null,"Facility_t":null,"Physical_c":null,"Total_regi":null,"No__of_shi":null,"AM_shift":null,"PM_shift":null,"Over_capac":null,"Dropouts":null,"CERD":null,"School_Nam":null,"CAD_CODE":null,"secondshif":null,"Interviewe":null,"SDC_Name":null,"KADA_NA":null,"MOH_NA1":null,"OBJECTID_1":null,"Name":null,"Beds":null,"Beds_Habit":null,"Gateway_T":null,"Type_Code":null,"layer":"UNH_PHCs","path":"C:/Users/guest1/Documents/WORKING_WEB_4/WORKING_WEB.gpkg|layername=UNH_PHCs"}},
{"type":"Feature","geometry":{"type":"Point","coordinates":[35.51981610909808,33.88615739932164]},"properties":{"fid":443,"OBJECTID":32,"ID":32,"Pcode":"10650_31_003","Governorat":"Beirut","District":"Beirut","Cadaster":"Achrafieh foncière","HC_name":"MOUVEMENT JEUNESSE ORTH. [M.J.O] ASHRAFIEH","MOPH":" ","Accessible":" ","Accreditat":" ","Update_Inf":" ","Thumb_url":" ","Guarantors":" ","Center_typ":"Other  PHC","Malnu_Scre":" ","Malnu_Mng":" ","Malnu_fees":" ","Longitude":35.5198161091,"Latitude":33.8861573993,"HAB_Code":" ","Catch_Area":" ","Consul_fee":" ","Immuni_fee":" ","ACS_Code":"10650","Interview":"No","GlobalID":"5f6dd552-2d8c-48fa-ac64-dd7056027ae4","CreationDate":"2020-05-05T17:16:17.575","Creator":"alisaad@unhabitat","EditDate":"2020-05-05T17:16:17.575","Editor":"alisaad@unhabitat","Mohafaza":null,"Caza":null,"ACS_NAME":null,"HABITAT_Co":null,"Data_year":null,"Name_of_th":null,"Facility_t":null,"Physical_c":null,"Total_regi":null,"No__of_shi":null,"AM_shift":null,"PM_shift":null,"Over_capac":null,"Dropouts":null,"CERD":null,"School_Nam":null,"CAD_CODE":null,"secondshif":null,"Interviewe":null,"SDC_Name":null,"KADA_NA":null,"MOH_NA1":null,"OBJECTID_1":null,"Name":null,"Beds":null,"Beds_Habit":null,"Gateway_T":null,"Type_Code":null,"layer":"UNH_PHCs","path":"C:/Users/guest1/Documents/WORKING_WEB_4/WORKING_WEB.gpkg|layername=UNH_PHCs"}},
{"type":"Feature","geometry":{"type":"Point","coordinates":[35.52590610909805,33.887557401005424]},"properties":{"fid":444,"OBJECTID":33,"ID":33,"Pcode":"10650_31_004","Governorat":"Beirut","District":"Beirut","Cadaster":"Achrafieh foncière","HC_name":"SOCIAL WORK INSTITUTIONS / GK.ORTH.ARSH","MOPH":" ","Accessible":" ","Accreditat":" ","Update_Inf":" ","Thumb_url":" ","Guarantors":" ","Center_typ":"Other  PHC","Malnu_Scre":" ","Malnu_Mng":" ","Malnu_fees":" ","Longitude":35.5259061091,"Latitude":33.887557401,"HAB_Code":" ","Catch_Area":" ","Consul_fee":" ","Immuni_fee":" ","ACS_Code":"10650","Interview":"No","GlobalID":"d5df680e-1f65-4468-bbbd-886c1b086c6a","CreationDate":"2020-05-05T17:16:17.575","Creator":"alisaad@unhabitat","EditDate":"2020-05-05T17:16:17.575","Editor":"alisaad@unhabitat","Mohafaza":null,"Caza":null,"ACS_NAME":null,"HABITAT_Co":null,"Data_year":null,"Name_of_th":null,"Facility_t":null,"Physical_c":null,"Total_regi":null,"No__of_shi":null,"AM_shift":null,"PM_shift":null,"Over_capac":null,"Dropouts":null,"CERD":null,"School_Nam":null,"CAD_CODE":null,"secondshif":null,"Interviewe":null,"SDC_Name":null,"KADA_NA":null,"MOH_NA1":null,"OBJECTID_1":null,"Name":null,"Beds":null,"Beds_Habit":null,"Gateway_T":null,"Type_Code":null,"layer":"UNH_PHCs","path":"C:/Users/guest1/Documents/WORKING_WEB_4/WORKING_WEB.gpkg|layername=UNH_PHCs"}},
{"type":"Feature","geometry":{"type":"Point","coordinates":[35.52025310909805,33.88507239801675]},"properties":{"fid":445,"OBJECTID":34,"ID":34,"Pcode":"10650_31_005","Governorat":"Beirut","District":"Beirut","Cadaster":"Achrafieh foncière","HC_name":"LRC-Ashrafieh","MOPH":" ","Accessible":" ","Accreditat":" ","Update_Inf":" ","Thumb_url":" ","Guarantors":" ","Center_typ":"Other  PHC","Malnu_Scre":" ","Malnu_Mng":" ","Malnu_fees":" ","Longitude":35.5202531091,"Latitude":33.885072398,"HAB_Code":" ","Catch_Area":" ","Consul_fee":" ","Immuni_fee":" ","ACS_Code":"10650","Interview":"No","GlobalID":"90d29ee5-cc27-458b-b606-24de47d2ae5b","CreationDate":"2020-05-05T17:16:17.575","Creator":"alisaad@unhabitat","EditDate":"2020-05-05T17:16:17.575","Editor":"alisaad@unhabitat","Mohafaza":null,"Caza":null,"ACS_NAME":null,"HABITAT_Co":null,"Data_year":null,"Name_of_th":null,"Facility_t":null,"Physical_c":null,"Total_regi":null,"No__of_shi":null,"AM_shift":null,"PM_shift":null,"Over_capac":null,"Dropouts":null,"CERD":null,"School_Nam":null,"CAD_CODE":null,"secondshif":null,"Interviewe":null,"SDC_Name":null,"KADA_NA":null,"MOH_NA1":null,"OBJECTID_1":null,"Name":null,"Beds":null,"Beds_Habit":null,"Gateway_T":null,"Type_Code":null,"layer":"UNH_PHCs","path":"C:/Users/guest1/Documents/WORKING_WEB_4/WORKING_WEB.gpkg|layername=UNH_PHCs"}},
{"type":"Feature","geometry":{"type":"Point","coordinates":[35.521901127098076,33.884491778318456]},"properties":{"fid":446,"OBJECTID":35,"ID":35,"Pcode":"10650-40-01","Governorat":"Beirut","District":"Beirut","Cadaster":"Achrafieh foncière","HC_name":"MoSA SDC Achrafieh","MOPH":" ","Accessible":" ","Accreditat":" ","Update_Inf":" ","Thumb_url":" ","Guarantors":" ","Center_typ":"MOSA SDC","Malnu_Scre":" ","Malnu_Mng":" ","Malnu_fees":" ","Longitude":35.5219011271,"Latitude":33.8844917783,"HAB_Code":" ","Catch_Area":" ","Consul_fee":" ","Immuni_fee":" ","ACS_Code":"10650","Interview":"No","GlobalID":"6455792e-6080-425d-a7dc-1fdbfcb3e060","CreationDate":"2020-05-05T17:16:17.575","Creator":"alisaad@unhabitat","EditDate":"2020-05-05T17:16:17.575","Editor":"alisaad@unhabitat","Mohafaza":null,"Caza":null,"ACS_NAME":null,"HABITAT_Co":null,"Data_year":null,"Name_of_th":null,"Facility_t":null,"Physical_c":null,"Total_regi":null,"No__of_shi":null,"AM_shift":null,"PM_shift":null,"Over_capac":null,"Dropouts":null,"CERD":null,"School_Nam":null,"CAD_CODE":null,"secondshif":null,"Interviewe":null,"SDC_Name":null,"KADA_NA":null,"MOH_NA1":null,"OBJECTID_1":null,"Name":null,"Beds":null,"Beds_Habit":null,"Gateway_T":null,"Type_Code":null,"layer":"UNH_PHCs","path":"C:/Users/guest1/Documents/WORKING_WEB_4/WORKING_WEB.gpkg|layername=UNH_PHCs"}},
{"type":"Feature","geometry":{"type":"Point","coordinates":[35.501226109098056,33.849977355828806]},"properties":{"fid":447,"OBJECTID":36,"ID":36,"Pcode":"21111_31_001","Governorat":"Mount Lebanon","District":"Baabda","Cadaster":"Chiyah","HC_name":"El Kayan Medical Centre - Chiah","MOPH":"Yes","Accessible":" ","Accreditat":" ","Update_Inf":" ","Thumb_url":" ","Guarantors":" ","Center_typ":"MOPH PHC","Malnu_Scre":"Yes","Malnu_Mng":" ","Malnu_fees":" ","Longitude":35.5012261091,"Latitude":33.8499773558,"HAB_Code":" ","Catch_Area":" ","Consul_fee":" ","Immuni_fee":" ","ACS_Code":"21111","Interview":"No","GlobalID":"20c9fdf0-8e8c-4276-a80f-90ee98564854","CreationDate":"2020-05-05T17:16:17.575","Creator":"alisaad@unhabitat","EditDate":"2020-06-16T13:53:11.074","Editor":"alisaad@unhabitat","Mohafaza":null,"Caza":null,"ACS_NAME":null,"HABITAT_Co":null,"Data_year":null,"Name_of_th":null,"Facility_t":null,"Physical_c":null,"Total_regi":null,"No__of_shi":null,"AM_shift":null,"PM_shift":null,"Over_capac":null,"Dropouts":null,"CERD":null,"School_Nam":null,"CAD_CODE":null,"secondshif":null,"Interviewe":null,"SDC_Name":null,"KADA_NA":null,"MOH_NA1":null,"OBJECTID_1":null,"Name":null,"Beds":null,"Beds_Habit":null,"Gateway_T":null,"Type_Code":null,"layer":"UNH_PHCs","path":"C:/Users/guest1/Documents/WORKING_WEB_4/WORKING_WEB.gpkg|layername=UNH_PHCs"}},
{"type":"Feature","geometry":{"type":"Point","coordinates":[35.501055003098074,33.86032227926049]},"properties":{"fid":448,"OBJECTID":37,"ID":37,"Pcode":"21111_31_002","Governorat":"Mount Lebanon","District":"Baabda","Cadaster":"Chiyah","HC_name":"MSF Clinic","MOPH":" ","Accessible":" ","Accreditat":" ","Update_Inf":"2018","Thumb_url":" ","Guarantors":" ","Center_typ":"Other  PHC","Malnu_Scre":" ","Malnu_Mng":" ","Malnu_fees":" ","Longitude":35.5010550031,"Latitude":33.8603222793,"HAB_Code":"DSG_G","Catch_Area":" ","Consul_fee":" ","Immuni_fee":" ","ACS_Code":"21111","Interview":"Yes","GlobalID":"66fe8e86-8e6e-4104-82a9-9d1487dd640a","CreationDate":"2020-05-05T17:16:17.575","Creator":"alisaad@unhabitat","EditDate":"2020-05-05T17:16:17.575","Editor":"alisaad@unhabitat","Mohafaza":null,"Caza":null,"ACS_NAME":null,"HABITAT_Co":null,"Data_year":null,"Name_of_th":null,"Facility_t":null,"Physical_c":null,"Total_regi":null,"No__of_shi":null,"AM_shift":null,"PM_shift":null,"Over_capac":null,"Dropouts":null,"CERD":null,"School_Nam":null,"CAD_CODE":null,"secondshif":null,"Interviewe":null,"SDC_Name":null,"KADA_NA":null,"MOH_NA1":null,"OBJECTID_1":null,"Name":null,"Beds":null,"Beds_Habit":null,"Gateway_T":null,"Type_Code":null,"layer":"UNH_PHCs","path":"C:/Users/guest1/Documents/WORKING_WEB_4/WORKING_WEB.gpkg|layername=UNH_PHCs"}},
{"type":"Feature","geometry":{"type":"Point","coordinates":[35.52630610909806,33.86095736902383]},"properties":{"fid":449,"OBJECTID":38,"ID":38,"Pcode":"21111_31_003","Governorat":"Mount Lebanon","District":"Baabda","Cadaster":"Chiyah","HC_name":"Socio-Medical Centre - Ein Romanneh","MOPH":"Yes","Accessible":" ","Accreditat":" ","Update_Inf":" ","Thumb_url":" ","Guarantors":" ","Center_typ":"MOPH PHC","Malnu_Scre":"Yes","Malnu_Mng":" ","Malnu_fees":" ","Longitude":35.5263061091,"Latitude":33.860957369,"HAB_Code":" ","Catch_Area":" ","Consul_fee":" ","Immuni_fee":" ","ACS_Code":"21111","Interview":"No","GlobalID":"2526a412-3733-4ef2-9c9c-18ca047cfa57","CreationDate":"2020-05-05T17:16:17.575","Creator":"alisaad@unhabitat","EditDate":"2020-06-16T13:42:05.356","Editor":"alisaad@unhabitat","Mohafaza":null,"Caza":null,"ACS_NAME":null,"HABITAT_Co":null,"Data_year":null,"Name_of_th":null,"Facility_t":null,"Physical_c":null,"Total_regi":null,"No__of_shi":null,"AM_shift":null,"PM_shift":null,"Over_capac":null,"Dropouts":null,"CERD":null,"School_Nam":null,"CAD_CODE":null,"secondshif":null,"Interviewe":null,"SDC_Name":null,"KADA_NA":null,"MOH_NA1":null,"OBJECTID_1":null,"Name":null,"Beds":null,"Beds_Habit":null,"Gateway_T":null,"Type_Code":null,"layer":"UNH_PHCs","path":"C:/Users/guest1/Documents/WORKING_WEB_4/WORKING_WEB.gpkg|layername=UNH_PHCs"}},
{"type":"Feature","geometry":{"type":"Point","coordinates":[35.51066210909805,33.86089836895289]},"properties":{"fid":450,"OBJECTID":39,"ID":39,"Pcode":"21111_31_004","Governorat":"Mount Lebanon","District":"Baabda","Cadaster":"Chiyah","HC_name":"Ghbeiri Municipality Centre","MOPH":"Yes","Accessible":" ","Accreditat":" ","Update_Inf":" ","Thumb_url":" ","Guarantors":" ","Center_typ":"MOPH PHC","Malnu_Scre":"Yes","Malnu_Mng":" ","Malnu_fees":" ","Longitude":35.5106621091,"Latitude":33.860898369,"HAB_Code":" ","Catch_Area":" ","Consul_fee":" ","Immuni_fee":" ","ACS_Code":"21111","Interview":"No","GlobalID":"ef8fe159-1739-45ef-a1d5-030a4917ea0b","CreationDate":"2020-05-05T17:16:17.575","Creator":"alisaad@unhabitat","EditDate":"2020-06-16T13:54:36.238","Editor":"alisaad@unhabitat","Mohafaza":null,"Caza":null,"ACS_NAME":null,"HABITAT_Co":null,"Data_year":null,"Name_of_th":null,"Facility_t":null,"Physical_c":null,"Total_regi":null,"No__of_shi":null,"AM_shift":null,"PM_shift":null,"Over_capac":null,"Dropouts":null,"CERD":null,"School_Nam":null,"CAD_CODE":null,"secondshif":null,"Interviewe":null,"SDC_Name":null,"KADA_NA":null,"MOH_NA1":null,"OBJECTID_1":null,"Name":null,"Beds":null,"Beds_Habit":null,"Gateway_T":null,"Type_Code":null,"layer":"UNH_PHCs","path":"C:/Users/guest1/Documents/WORKING_WEB_4/WORKING_WEB.gpkg|layername=UNH_PHCs"}},
{"type":"Feature","geometry":{"type":"Point","coordinates":[35.51955510909805,33.86326637179908]},"properties":{"fid":451,"OBJECTID":40,"ID":40,"Pcode":"21111_31_005","Governorat":"Mount Lebanon","District":"Baabda","Cadaster":"Chiyah","HC_name":"Lebanese Association for Early Childhood Development","MOPH":" ","Accessible":" ","Accreditat":" ","Update_Inf":" ","Thumb_url":" ","Guarantors":" ","Center_typ":"Other  PHC","Malnu_Scre":" ","Malnu_Mng":" ","Malnu_fees":" ","Longitude":35.5195551091,"Latitude":33.8632663718,"HAB_Code":" ","Catch_Area":" ","Consul_fee":" ","Immuni_fee":" ","ACS_Code":"21111","Interview":"No","GlobalID":"b428aadf-cb7e-445f-8b27-32900aacd342","CreationDate":"2020-05-05T17:16:17.575","Creator":"alisaad@unhabitat","EditDate":"2020-05-05T17:16:17.575","Editor":"alisaad@unhabitat","Mohafaza":null,"Caza":null,"ACS_NAME":null,"HABITAT_Co":null,"Data_year":null,"Name_of_th":null,"Facility_t":null,"Physical_c":null,"Total_regi":null,"No__of_shi":null,"AM_shift":null,"PM_shift":null,"Over_capac":null,"Dropouts":null,"CERD":null,"School_Nam":null,"CAD_CODE":null,"secondshif":null,"Interviewe":null,"SDC_Name":null,"KADA_NA":null,"MOH_NA1":null,"OBJECTID_1":null,"Name":null,"Beds":null,"Beds_Habit":null,"Gateway_T":null,"Type_Code":null,"layer":"UNH_PHCs","path":"C:/Users/guest1/Documents/WORKING_WEB_4/WORKING_WEB.gpkg|layername=UNH_PHCs"}},
{"type":"Feature","geometry":{"type":"Point","coordinates":[35.50509510909807,33.85964436744571]},"properties":{"fid":452,"OBJECTID":41,"ID":41,"Pcode":"21111_31_006","Governorat":"Mount Lebanon","District":"Baabda","Cadaster":"Chiyah","HC_name":"Chiyah Municipality Health Centre","MOPH":"Yes","Accessible":" ","Accreditat":" ","Update_Inf":" ","Thumb_url":" ","Guarantors":" ","Center_typ":"MOPH PHC","Malnu_Scre":"Yes","Malnu_Mng":" ","Malnu_fees":" ","Longitude":35.5050951091,"Latitude":33.8596443674,"HAB_Code":" ","Catch_Area":" ","Consul_fee":" ","Immuni_fee":" ","ACS_Code":"21111","Interview":"No","GlobalID":"94ad3ed9-388b-492e-b63f-7a2967e34308","CreationDate":"2020-05-05T17:16:17.575","Creator":"alisaad@unhabitat","EditDate":"2020-06-16T13:51:58.936","Editor":"alisaad@unhabitat","Mohafaza":null,"Caza":null,"ACS_NAME":null,"HABITAT_Co":null,"Data_year":null,"Name_of_th":null,"Facility_t":null,"Physical_c":null,"Total_regi":null,"No__of_shi":null,"AM_shift":null,"PM_shift":null,"Over_capac":null,"Dropouts":null,"CERD":null,"School_Nam":null,"CAD_CODE":null,"secondshif":null,"Interviewe":null,"SDC_Name":null,"KADA_NA":null,"MOH_NA1":null,"OBJECTID_1":null,"Name":null,"Beds":null,"Beds_Habit":null,"Gateway_T":null,"Type_Code":null,"layer":"UNH_PHCs","path":"C:/Users/guest1/Documents/WORKING_WEB_4/WORKING_WEB.gpkg|layername=UNH_PHCs"}},
{"type":"Feature","geometry":{"type":"Point","coordinates":[35.50164051009806,33.8602601881858]},"properties":{"fid":453,"OBJECTID":42,"ID":42,"Pcode":"21111_31_007","Governorat":"Mount Lebanon","District":"Baabda","Cadaster":"Chiyah","HC_name":"El-Hursh Dispensary","MOPH":"Yes","Accessible":"Leb, Syr, PRL, PRS, Others","Accreditat":"NA","Update_Inf":"2018","Thumb_url":" ","Guarantors":"UNRWA","Center_typ":"MOPH PHC","Malnu_Scre":"Yes","Malnu_Mng":" ","Malnu_fees":"5,000 LBP to 18,000 LBP","Longitude":35.5016405101,"Latitude":33.8602601882,"HAB_Code":"DSG_F","Catch_Area":"Tariq El-Jdideh, Sabra","Consul_fee":"5,000 LBP to 18,000 LBP","Immuni_fee":"5,000 LBP to 18,000 LBP","ACS_Code":"21111","Interview":"Yes","GlobalID":"73c3f097-a0b7-4d5b-a462-7a3f2e632287","CreationDate":"2020-05-05T17:16:17.575","Creator":"alisaad@unhabitat","EditDate":"2020-05-26T15:51:16.138","Editor":"alisaad@unhabitat","Mohafaza":null,"Caza":null,"ACS_NAME":null,"HABITAT_Co":null,"Data_year":null,"Name_of_th":null,"Facility_t":null,"Physical_c":null,"Total_regi":null,"No__of_shi":null,"AM_shift":null,"PM_shift":null,"Over_capac":null,"Dropouts":null,"CERD":null,"School_Nam":null,"CAD_CODE":null,"secondshif":null,"Interviewe":null,"SDC_Name":null,"KADA_NA":null,"MOH_NA1":null,"OBJECTID_1":null,"Name":null,"Beds":null,"Beds_Habit":null,"Gateway_T":null,"Type_Code":null,"layer":"UNH_PHCs","path":"C:/Users/guest1/Documents/WORKING_WEB_4/WORKING_WEB.gpkg|layername=UNH_PHCs"}},
{"type":"Feature","geometry":{"type":"Point","coordinates":[35.49436410909805,33.86495837383283]},"properties":{"fid":454,"OBJECTID":43,"ID":43,"Pcode":"21111_31_008","Governorat":"Mount Lebanon","District":"Baabda","Cadaster":"Chiyah","HC_name":"United Nation Relief & works agency for palastinian refugee in the near east","MOPH":" ","Accessible":" ","Accreditat":" ","Update_Inf":" ","Thumb_url":" ","Guarantors":" ","Center_typ":"Other  PHC","Malnu_Scre":" ","Malnu_Mng":" ","Malnu_fees":" ","Longitude":35.4943641091,"Latitude":33.8649583738,"HAB_Code":" ","Catch_Area":" ","Consul_fee":" ","Immuni_fee":" ","ACS_Code":"21111","Interview":"No","GlobalID":"748af911-360f-4361-9865-f7e7cc2f5cca","CreationDate":"2020-05-05T17:16:17.575","Creator":"alisaad@unhabitat","EditDate":"2020-06-16T13:45:39.888","Editor":"alisaad@unhabitat","Mohafaza":null,"Caza":null,"ACS_NAME":null,"HABITAT_Co":null,"Data_year":null,"Name_of_th":null,"Facility_t":null,"Physical_c":null,"Total_regi":null,"No__of_shi":null,"AM_shift":null,"PM_shift":null,"Over_capac":null,"Dropouts":null,"CERD":null,"School_Nam":null,"CAD_CODE":null,"secondshif":null,"Interviewe":null,"SDC_Name":null,"KADA_NA":null,"MOH_NA1":null,"OBJECTID_1":null,"Name":null,"Beds":null,"Beds_Habit":null,"Gateway_T":null,"Type_Code":null,"layer":"UNH_PHCs","path":"C:/Users/guest1/Documents/WORKING_WEB_4/WORKING_WEB.gpkg|layername=UNH_PHCs"}},
{"type":"Feature","geometry":{"type":"Point","coordinates":[35.49885555309804,33.858239032756735]},"properties":{"fid":455,"OBJECTID":44,"ID":44,"Pcode":"21111_31_009","Governorat":"Mount Lebanon","District":"Baabda","Cadaster":"Chiyah","HC_name":"UNRWA-Beirut Polyclinic HC","MOPH":" ","Accessible":" ","Accreditat":" ","Update_Inf":" ","Thumb_url":" ","Guarantors":" ","Center_typ":"Other  PHC","Malnu_Scre":" ","Malnu_Mng":" ","Malnu_fees":" ","Longitude":35.4988555531,"Latitude":33.8582390328,"HAB_Code":" ","Catch_Area":" ","Consul_fee":" ","Immuni_fee":" ","ACS_Code":"21111","Interview":"No","GlobalID":"a07a1715-75c1-414d-a376-5be0a39cc539","CreationDate":"2020-05-05T17:16:17.575","Creator":"alisaad@unhabitat","EditDate":"2020-05-05T17:16:17.575","Editor":"alisaad@unhabitat","Mohafaza":null,"Caza":null,"ACS_NAME":null,"HABITAT_Co":null,"Data_year":null,"Name_of_th":null,"Facility_t":null,"Physical_c":null,"Total_regi":null,"No__of_shi":null,"AM_shift":null,"PM_shift":null,"Over_capac":null,"Dropouts":null,"CERD":null,"School_Nam":null,"CAD_CODE":null,"secondshif":null,"Interviewe":null,"SDC_Name":null,"KADA_NA":null,"MOH_NA1":null,"OBJECTID_1":null,"Name":null,"Beds":null,"Beds_Habit":null,"Gateway_T":null,"Type_Code":null,"layer":"UNH_PHCs","path":"C:/Users/guest1/Documents/WORKING_WEB_4/WORKING_WEB.gpkg|layername=UNH_PHCs"}},
{"type":"Feature","geometry":{"type":"Point","coordinates":[35.50127499809803,33.865000151883095]},"properties":{"fid":456,"OBJECTID":45,"ID":45,"Pcode":"21111_31_010","Governorat":"Mount Lebanon","District":"Baabda","Cadaster":"Chiyah","HC_name":"UNRWA-Shatila HC","MOPH":" ","Accessible":" ","Accreditat":" ","Update_Inf":" ","Thumb_url":" ","Guarantors":" ","Center_typ":"Other  PHC","Malnu_Scre":" ","Malnu_Mng":" ","Malnu_fees":" ","Longitude":35.5012749981,"Latitude":33.8650001519,"HAB_Code":" ","Catch_Area":" ","Consul_fee":" ","Immuni_fee":" ","ACS_Code":"21111","Interview":"No","GlobalID":"a24ca356-77a6-46aa-ad70-a0a8f8063b48","CreationDate":"2020-05-05T17:16:17.575","Creator":"alisaad@unhabitat","EditDate":"2020-05-05T17:16:17.575","Editor":"alisaad@unhabitat","Mohafaza":null,"Caza":null,"ACS_NAME":null,"HABITAT_Co":null,"Data_year":null,"Name_of_th":null,"Facility_t":null,"Physical_c":null,"Total_regi":null,"No__of_shi":null,"AM_shift":null,"PM_shift":null,"Over_capac":null,"Dropouts":null,"CERD":null,"School_Nam":null,"CAD_CODE":null,"secondshif":null,"Interviewe":null,"SDC_Name":null,"KADA_NA":null,"MOH_NA1":null,"OBJECTID_1":null,"Name":null,"Beds":null,"Beds_Habit":null,"Gateway_T":null,"Type_Code":null,"layer":"UNH_PHCs","path":"C:/Users/guest1/Documents/WORKING_WEB_4/WORKING_WEB.gpkg|layername=UNH_PHCs"}},
{"type":"Feature","geometry":{"type":"Point","coordinates":[35.51525410909805,33.863708372330365]},"properties":{"fid":457,"OBJECTID":46,"ID":46,"Pcode":"21111_31_011","Governorat":"Mount Lebanon","District":"Baabda","Cadaster":"Chiyah","HC_name":"LRC-Chiyah","MOPH":"Yes","Accessible":" ","Accreditat":" ","Update_Inf":" ","Thumb_url":" ","Guarantors":" ","Center_typ":"MOPH PHC","Malnu_Scre":"Yes","Malnu_Mng":" ","Malnu_fees":" ","Longitude":35.5152541091,"Latitude":33.8637083723,"HAB_Code":" ","Catch_Area":" ","Consul_fee":" ","Immuni_fee":" ","ACS_Code":"21111","Interview":"No","GlobalID":"03cde99c-6dac-4579-8827-0a0efbbbbce8","CreationDate":"2020-05-05T17:16:17.575","Creator":"alisaad@unhabitat","EditDate":"2020-05-05T17:16:17.575","Editor":"alisaad@unhabitat","Mohafaza":null,"Caza":null,"ACS_NAME":null,"HABITAT_Co":null,"Data_year":null,"Name_of_th":null,"Facility_t":null,"Physical_c":null,"Total_regi":null,"No__of_shi":null,"AM_shift":null,"PM_shift":null,"Over_capac":null,"Dropouts":null,"CERD":null,"School_Nam":null,"CAD_CODE":null,"secondshif":null,"Interviewe":null,"SDC_Name":null,"KADA_NA":null,"MOH_NA1":null,"OBJECTID_1":null,"Name":null,"Beds":null,"Beds_Habit":null,"Gateway_T":null,"Type_Code":null,"layer":"UNH_PHCs","path":"C:/Users/guest1/Documents/WORKING_WEB_4/WORKING_WEB.gpkg|layername=UNH_PHCs"}},
{"type":"Feature","geometry":{"type":"Point","coordinates":[35.493286109098044,33.86227737061032]},"properties":{"fid":458,"OBJECTID":47,"ID":47,"Pcode":"21111_31_012","Governorat":"Mount Lebanon","District":"Baabda","Cadaster":"Chiyah","HC_name":"Rafik Hariri University PHC Centre","MOPH":"Yes","Accessible":" ","Accreditat":" ","Update_Inf":" ","Thumb_url":" ","Guarantors":" ","Center_typ":"MOPH PHC","Malnu_Scre":"Yes","Malnu_Mng":"Yes","Malnu_fees":" ","Longitude":35.4932861091,"Latitude":33.8622773706,"HAB_Code":" ","Catch_Area":" ","Consul_fee":" ","Immuni_fee":" ","ACS_Code":"21111","Interview":"No","GlobalID":"a9e1b815-c94f-4b4c-8430-c2b7f2ce5d2c","CreationDate":"2020-05-05T17:16:17.575","Creator":"alisaad@unhabitat","EditDate":"2020-06-16T13:40:05.594","Editor":"alisaad@unhabitat","Mohafaza":null,"Caza":null,"ACS_NAME":null,"HABITAT_Co":null,"Data_year":null,"Name_of_th":null,"Facility_t":null,"Physical_c":null,"Total_regi":null,"No__of_shi":null,"AM_shift":null,"PM_shift":null,"Over_capac":null,"Dropouts":null,"CERD":null,"School_Nam":null,"CAD_CODE":null,"secondshif":null,"Interviewe":null,"SDC_Name":null,"KADA_NA":null,"MOH_NA1":null,"OBJECTID_1":null,"Name":null,"Beds":null,"Beds_Habit":null,"Gateway_T":null,"Type_Code":null,"layer":"UNH_PHCs","path":"C:/Users/guest1/Documents/WORKING_WEB_4/WORKING_WEB.gpkg|layername=UNH_PHCs"}},
{"type":"Feature","geometry":{"type":"Point","coordinates":[35.501358331098054,33.86342514998992]},"properties":{"fid":459,"OBJECTID":48,"ID":48,"Pcode":"21111_31_013","Governorat":"Mount Lebanon","District":"Baabda","Cadaster":"Chiyah","HC_name":"MSF-Belgium shatila women and children centre","MOPH":" ","Accessible":" ","Accreditat":" ","Update_Inf":" ","Thumb_url":" ","Guarantors":" ","Center_typ":"Other  PHC","Malnu_Scre":" ","Malnu_Mng":" ","Malnu_fees":" ","Longitude":35.5013583311,"Latitude":33.86342515,"HAB_Code":" ","Catch_Area":" ","Consul_fee":" ","Immuni_fee":" ","ACS_Code":"21111","Interview":"No","GlobalID":"7c259131-f198-4ec5-8d54-a126e3210aba","CreationDate":"2020-05-05T17:16:17.575","Creator":"alisaad@unhabitat","EditDate":"2020-06-16T14:03:42.415","Editor":"alisaad@unhabitat","Mohafaza":null,"Caza":null,"ACS_NAME":null,"HABITAT_Co":null,"Data_year":null,"Name_of_th":null,"Facility_t":null,"Physical_c":null,"Total_regi":null,"No__of_shi":null,"AM_shift":null,"PM_shift":null,"Over_capac":null,"Dropouts":null,"CERD":null,"School_Nam":null,"CAD_CODE":null,"secondshif":null,"Interviewe":null,"SDC_Name":null,"KADA_NA":null,"MOH_NA1":null,"OBJECTID_1":null,"Name":null,"Beds":null,"Beds_Habit":null,"Gateway_T":null,"Type_Code":null,"layer":"UNH_PHCs","path":"C:/Users/guest1/Documents/WORKING_WEB_4/WORKING_WEB.gpkg|layername=UNH_PHCs"}},
{"type":"Feature","geometry":{"type":"Point","coordinates":[35.49281510909804,33.86290037135916]},"properties":{"fid":460,"OBJECTID":49,"ID":49,"Pcode":"21111_34_001","Governorat":"Mount Lebanon","District":"Baabda","Cadaster":"Chiyah","HC_name":"Rafik Hariri University VCT centre","MOPH":" ","Accessible":" ","Accreditat":" ","Update_Inf":" ","Thumb_url":" ","Guarantors":" ","Center_typ":"VCT","Malnu_Scre":" ","Malnu_Mng":" ","Malnu_fees":" ","Longitude":35.4928151091,"Latitude":33.8629003714,"HAB_Code":" ","Catch_Area":" ","Consul_fee":" ","Immuni_fee":" ","ACS_Code":"21111","Interview":"No","GlobalID":"377faf7e-08cf-4bf5-a1c0-21df66acb9a6","CreationDate":"2020-05-05T17:16:17.575","Creator":"alisaad@unhabitat","EditDate":"2020-06-16T13:40:09.187","Editor":"alisaad@unhabitat","Mohafaza":null,"Caza":null,"ACS_NAME":null,"HABITAT_Co":null,"Data_year":null,"Name_of_th":null,"Facility_t":null,"Physical_c":null,"Total_regi":null,"No__of_shi":null,"AM_shift":null,"PM_shift":null,"Over_capac":null,"Dropouts":null,"CERD":null,"School_Nam":null,"CAD_CODE":null,"secondshif":null,"Interviewe":null,"SDC_Name":null,"KADA_NA":null,"MOH_NA1":null,"OBJECTID_1":null,"Name":null,"Beds":null,"Beds_Habit":null,"Gateway_T":null,"Type_Code":null,"layer":"UNH_PHCs","path":"C:/Users/guest1/Documents/WORKING_WEB_4/WORKING_WEB.gpkg|layername=UNH_PHCs"}},
{"type":"Feature","geometry":{"type":"Point","coordinates":[35.490613525098055,33.858611879204844]},"properties":{"fid":461,"OBJECTID":50,"ID":50,"Pcode":"21111-40-01","Governorat":"Mount Lebanon","District":"Baabda","Cadaster":"Chiyah","HC_name":"MoSA SDC Chiyah","MOPH":" ","Accessible":" ","Accreditat":" ","Update_Inf":" ","Thumb_url":" ","Guarantors":" ","Center_typ":"MOSA SDC","Malnu_Scre":"Yes","Malnu_Mng":" ","Malnu_fees":" ","Longitude":35.4906135251,"Latitude":33.8586118792,"HAB_Code":" ","Catch_Area":" ","Consul_fee":" ","Immuni_fee":" ","ACS_Code":"21111","Interview":"No","GlobalID":"95f58905-c84d-4e74-8aba-905875252793","CreationDate":"2020-05-05T17:16:17.575","Creator":"alisaad@unhabitat","EditDate":"2020-05-05T17:16:17.575","Editor":"alisaad@unhabitat","Mohafaza":null,"Caza":null,"ACS_NAME":null,"HABITAT_Co":null,"Data_year":null,"Name_of_th":null,"Facility_t":null,"Physical_c":null,"Total_regi":null,"No__of_shi":null,"AM_shift":null,"PM_shift":null,"Over_capac":null,"Dropouts":null,"CERD":null,"School_Nam":null,"CAD_CODE":null,"secondshif":null,"Interviewe":null,"SDC_Name":null,"KADA_NA":null,"MOH_NA1":null,"OBJECTID_1":null,"Name":null,"Beds":null,"Beds_Habit":null,"Gateway_T":null,"Type_Code":null,"layer":"UNH_PHCs","path":"C:/Users/guest1/Documents/WORKING_WEB_4/WORKING_WEB.gpkg|layername=UNH_PHCs"}},
{"type":"Feature","geometry":{"type":"Point","coordinates":[35.517190063098035,33.86624898838425]},"properties":{"fid":462,"OBJECTID":51,"ID":51,"Pcode":"21111-40-02","Governorat":"Mount Lebanon","District":"Baabda","Cadaster":"Chiyah","HC_name":"MoSA SDC Ain El Remmaneh","MOPH":"Yes","Accessible":" ","Accreditat":" ","Update_Inf":" ","Thumb_url":" ","Guarantors":" ","Center_typ":"MOPH PHC *","Malnu_Scre":" ","Malnu_Mng":" ","Malnu_fees":" ","Longitude":35.5171900631,"Latitude":33.8662489884,"HAB_Code":" ","Catch_Area":" ","Consul_fee":" ","Immuni_fee":" ","ACS_Code":"21111","Interview":"No","GlobalID":"b8fa2808-eda7-4f7b-9752-934f393ac46d","CreationDate":"2020-05-05T17:16:17.575","Creator":"alisaad@unhabitat","EditDate":"2020-05-05T17:16:17.575","Editor":"alisaad@unhabitat","Mohafaza":null,"Caza":null,"ACS_NAME":null,"HABITAT_Co":null,"Data_year":null,"Name_of_th":null,"Facility_t":null,"Physical_c":null,"Total_regi":null,"No__of_shi":null,"AM_shift":null,"PM_shift":null,"Over_capac":null,"Dropouts":null,"CERD":null,"School_Nam":null,"CAD_CODE":null,"secondshif":null,"Interviewe":null,"SDC_Name":null,"KADA_NA":null,"MOH_NA1":null,"OBJECTID_1":null,"Name":null,"Beds":null,"Beds_Habit":null,"Gateway_T":null,"Type_Code":null,"layer":"UNH_PHCs","path":"C:/Users/guest1/Documents/WORKING_WEB_4/WORKING_WEB.gpkg|layername=UNH_PHCs"}},
{"type":"Feature","geometry":{"type":"Point","coordinates":[35.521969109098045,33.87267538310983]},"properties":{"fid":463,"OBJECTID":52,"ID":52,"Pcode":"21133_31_001","Governorat":"Mount Lebanon","District":"Baabda","Cadaster":"Furn Ech-Chebbak","HC_name":"LRC-Furn Chebak","MOPH":" ","Accessible":" ","Accreditat":" ","Update_Inf":" ","Thumb_url":" ","Guarantors":" ","Center_typ":"Other  PHC","Malnu_Scre":" ","Malnu_Mng":" ","Malnu_fees":" ","Longitude":35.5219691091,"Latitude":33.8726753831,"HAB_Code":" ","Catch_Area":" ","Consul_fee":" ","Immuni_fee":" ","ACS_Code":"21133","Interview":"No","GlobalID":"c80300cf-ecd1-41b5-a43f-53b8b238af84","CreationDate":"2020-05-05T17:16:17.575","Creator":"alisaad@unhabitat","EditDate":"2020-05-05T17:16:17.575","Editor":"alisaad@unhabitat","Mohafaza":null,"Caza":null,"ACS_NAME":null,"HABITAT_Co":null,"Data_year":null,"Name_of_th":null,"Facility_t":null,"Physical_c":null,"Total_regi":null,"No__of_shi":null,"AM_shift":null,"PM_shift":null,"Over_capac":null,"Dropouts":null,"CERD":null,"School_Nam":null,"CAD_CODE":null,"secondshif":null,"Interviewe":null,"SDC_Name":null,"KADA_NA":null,"MOH_NA1":null,"OBJECTID_1":null,"Name":null,"Beds":null,"Beds_Habit":null,"Gateway_T":null,"Type_Code":null,"layer":"UNH_PHCs","path":"C:/Users/guest1/Documents/WORKING_WEB_4/WORKING_WEB.gpkg|layername=UNH_PHCs"}},
{"type":"Feature","geometry":{"type":"Point","coordinates":[35.524496109098024,33.868957378640026]},"properties":{"fid":464,"OBJECTID":53,"ID":53,"Pcode":"21133_31_002","Governorat":"Mount Lebanon","District":"Baabda","Cadaster":"Furn Ech-Chebbak","HC_name":"Men Center Furn el Chebak","MOPH":" ","Accessible":" ","Accreditat":" ","Update_Inf":" ","Thumb_url":" ","Guarantors":" ","Center_typ":"Other  PHC","Malnu_Scre":" ","Malnu_Mng":" ","Malnu_fees":" ","Longitude":35.5244961091,"Latitude":33.8689573786,"HAB_Code":" ","Catch_Area":" ","Consul_fee":" ","Immuni_fee":" ","ACS_Code":"21133","Interview":"No","GlobalID":"82fcf00b-4771-4ef8-9713-93600680df22","CreationDate":"2020-05-05T17:16:17.575","Creator":"alisaad@unhabitat","EditDate":"2020-05-05T17:16:17.575","Editor":"alisaad@unhabitat","Mohafaza":null,"Caza":null,"ACS_NAME":null,"HABITAT_Co":null,"Data_year":null,"Name_of_th":null,"Facility_t":null,"Physical_c":null,"Total_regi":null,"No__of_shi":null,"AM_shift":null,"PM_shift":null,"Over_capac":null,"Dropouts":null,"CERD":null,"School_Nam":null,"CAD_CODE":null,"secondshif":null,"Interviewe":null,"SDC_Name":null,"KADA_NA":null,"MOH_NA1":null,"OBJECTID_1":null,"Name":null,"Beds":null,"Beds_Habit":null,"Gateway_T":null,"Type_Code":null,"layer":"UNH_PHCs","path":"C:/Users/guest1/Documents/WORKING_WEB_4/WORKING_WEB.gpkg|layername=UNH_PHCs"}},
{"type":"Feature","geometry":{"type":"Point","coordinates":[35.50552010909808,33.84807135353869]},"properties":{"fid":465,"OBJECTID":54,"ID":54,"Pcode":"21144_31_001","Governorat":"Mount Lebanon","District":"Baabda","Cadaster":"Haret Hreik","HC_name":"AMEL - Primary Health care centre - baajour","MOPH":"Yes","Accessible":" ","Accreditat":" ","Update_Inf":" ","Thumb_url":" ","Guarantors":" ","Center_typ":"MOPH PHC","Malnu_Scre":"Yes","Malnu_Mng":" ","Malnu_fees":" ","Longitude":35.5055201091,"Latitude":33.8480713535,"HAB_Code":" ","Catch_Area":" ","Consul_fee":" ","Immuni_fee":" ","ACS_Code":"21144","Interview":"No","GlobalID":"b359d251-9063-48da-9f3f-06db75568acd","CreationDate":"2020-05-05T17:16:17.575","Creator":"alisaad@unhabitat","EditDate":"2020-06-16T13:48:29.694","Editor":"alisaad@unhabitat","Mohafaza":null,"Caza":null,"ACS_NAME":null,"HABITAT_Co":null,"Data_year":null,"Name_of_th":null,"Facility_t":null,"Physical_c":null,"Total_regi":null,"No__of_shi":null,"AM_shift":null,"PM_shift":null,"Over_capac":null,"Dropouts":null,"CERD":null,"School_Nam":null,"CAD_CODE":null,"secondshif":null,"Interviewe":null,"SDC_Name":null,"KADA_NA":null,"MOH_NA1":null,"OBJECTID_1":null,"Name":null,"Beds":null,"Beds_Habit":null,"Gateway_T":null,"Type_Code":null,"layer":"UNH_PHCs","path":"C:/Users/guest1/Documents/WORKING_WEB_4/WORKING_WEB.gpkg|layername=UNH_PHCs"}},
{"type":"Feature","geometry":{"type":"Point","coordinates":[35.508693109098076,33.85070135669874]},"properties":{"fid":466,"OBJECTID":55,"ID":55,"Pcode":"21144_31_002","Governorat":"Mount Lebanon","District":"Baabda","Cadaster":"Haret Hreik","HC_name":"Primary Health care Center Haret Hreik","MOPH":"Yes","Accessible":" ","Accreditat":" ","Update_Inf":" ","Thumb_url":" ","Guarantors":" ","Center_typ":"MOPH PHC","Malnu_Scre":"Yes","Malnu_Mng":"Yes","Malnu_fees":" ","Longitude":35.5086931091,"Latitude":33.8507013567,"HAB_Code":" ","Catch_Area":" ","Consul_fee":" ","Immuni_fee":" ","ACS_Code":"21144","Interview":"No","GlobalID":"3fbe4540-84c3-4ca1-bb22-672ca3f43c44","CreationDate":"2020-05-05T17:16:17.575","Creator":"alisaad@unhabitat","EditDate":"2020-05-05T17:16:17.575","Editor":"alisaad@unhabitat","Mohafaza":null,"Caza":null,"ACS_NAME":null,"HABITAT_Co":null,"Data_year":null,"Name_of_th":null,"Facility_t":null,"Physical_c":null,"Total_regi":null,"No__of_shi":null,"AM_shift":null,"PM_shift":null,"Over_capac":null,"Dropouts":null,"CERD":null,"School_Nam":null,"CAD_CODE":null,"secondshif":null,"Interviewe":null,"SDC_Name":null,"KADA_NA":null,"MOH_NA1":null,"OBJECTID_1":null,"Name":null,"Beds":null,"Beds_Habit":null,"Gateway_T":null,"Type_Code":null,"layer":"UNH_PHCs","path":"C:/Users/guest1/Documents/WORKING_WEB_4/WORKING_WEB.gpkg|layername=UNH_PHCs"}},
{"type":"Feature","geometry":{"type":"Point","coordinates":[35.50993310909807,33.852797359217334]},"properties":{"fid":467,"OBJECTID":56,"ID":56,"Pcode":"21144_31_003","Governorat":"Mount Lebanon","District":"Baabda","Cadaster":"Haret Hreik","HC_name":"Alkayan Medical Centre","MOPH":" ","Accessible":" ","Accreditat":" ","Update_Inf":" ","Thumb_url":" ","Guarantors":" ","Center_typ":"Other  PHC","Malnu_Scre":" ","Malnu_Mng":" ","Malnu_fees":" ","Longitude":35.5099331091,"Latitude":33.8527973592,"HAB_Code":" ","Catch_Area":" ","Consul_fee":" ","Immuni_fee":" ","ACS_Code":"21144","Interview":"No","GlobalID":"7cf01cd3-e2ac-456a-a1df-3478fa629433","CreationDate":"2020-05-05T17:16:17.575","Creator":"alisaad@unhabitat","EditDate":"2020-06-16T13:48:08.914","Editor":"alisaad@unhabitat","Mohafaza":null,"Caza":null,"ACS_NAME":null,"HABITAT_Co":null,"Data_year":null,"Name_of_th":null,"Facility_t":null,"Physical_c":null,"Total_regi":null,"No__of_shi":null,"AM_shift":null,"PM_shift":null,"Over_capac":null,"Dropouts":null,"CERD":null,"School_Nam":null,"CAD_CODE":null,"secondshif":null,"Interviewe":null,"SDC_Name":null,"KADA_NA":null,"MOH_NA1":null,"OBJECTID_1":null,"Name":null,"Beds":null,"Beds_Habit":null,"Gateway_T":null,"Type_Code":null,"layer":"UNH_PHCs","path":"C:/Users/guest1/Documents/WORKING_WEB_4/WORKING_WEB.gpkg|layername=UNH_PHCs"}},
{"type":"Feature","geometry":{"type":"Point","coordinates":[35.51930610909806,33.85360736019067]},"properties":{"fid":468,"OBJECTID":57,"ID":57,"Pcode":"21144_31_004","Governorat":"Mount Lebanon","District":"Baabda","Cadaster":"Haret Hreik","HC_name":"AL CHAHID CHARITABLE & SOCIAL ASSOCIATION GHOUBEIRI","MOPH":" ","Accessible":" ","Accreditat":" ","Update_Inf":" ","Thumb_url":" ","Guarantors":" ","Center_typ":"Other  PHC","Malnu_Scre":" ","Malnu_Mng":" ","Malnu_fees":" ","Longitude":35.5193061091,"Latitude":33.8536073602,"HAB_Code":" ","Catch_Area":" ","Consul_fee":" ","Immuni_fee":" ","ACS_Code":"21144","Interview":"No","GlobalID":"f9dc8f03-4427-4a15-95f3-886d90ff0732","CreationDate":"2020-05-05T17:16:17.575","Creator":"alisaad@unhabitat","EditDate":"2020-05-05T17:16:17.575","Editor":"alisaad@unhabitat","Mohafaza":null,"Caza":null,"ACS_NAME":null,"HABITAT_Co":null,"Data_year":null,"Name_of_th":null,"Facility_t":null,"Physical_c":null,"Total_regi":null,"No__of_shi":null,"AM_shift":null,"PM_shift":null,"Over_capac":null,"Dropouts":null,"CERD":null,"School_Nam":null,"CAD_CODE":null,"secondshif":null,"Interviewe":null,"SDC_Name":null,"KADA_NA":null,"MOH_NA1":null,"OBJECTID_1":null,"Name":null,"Beds":null,"Beds_Habit":null,"Gateway_T":null,"Type_Code":null,"layer":"UNH_PHCs","path":"C:/Users/guest1/Documents/WORKING_WEB_4/WORKING_WEB.gpkg|layername=UNH_PHCs"}},
{"type":"Feature","geometry":{"type":"Point","coordinates":[35.51309552809805,33.85277645419222]},"properties":{"fid":469,"OBJECTID":58,"ID":58,"Pcode":"21144-40-01","Governorat":"Mount Lebanon","District":"Baabda","Cadaster":"Haret Hreik","HC_name":"MoSA SDC GHobeiri","MOPH":" ","Accessible":" ","Accreditat":" ","Update_Inf":" ","Thumb_url":" ","Guarantors":" ","Center_typ":"MOSA SDC","Malnu_Scre":" ","Malnu_Mng":" ","Malnu_fees":" ","Longitude":35.5130955281,"Latitude":33.8527764542,"HAB_Code":" ","Catch_Area":" ","Consul_fee":" ","Immuni_fee":" ","ACS_Code":"21144","Interview":"No","GlobalID":"1b2410a3-0a48-45a3-99bd-22c89139a75b","CreationDate":"2020-05-05T17:16:17.575","Creator":"alisaad@unhabitat","EditDate":"2020-05-05T17:16:17.575","Editor":"alisaad@unhabitat","Mohafaza":null,"Caza":null,"ACS_NAME":null,"HABITAT_Co":null,"Data_year":null,"Name_of_th":null,"Facility_t":null,"Physical_c":null,"Total_regi":null,"No__of_shi":null,"AM_shift":null,"PM_shift":null,"Over_capac":null,"Dropouts":null,"CERD":null,"School_Nam":null,"CAD_CODE":null,"secondshif":null,"Interviewe":null,"SDC_Name":null,"KADA_NA":null,"MOH_NA1":null,"OBJECTID_1":null,"Name":null,"Beds":null,"Beds_Habit":null,"Gateway_T":null,"Type_Code":null,"layer":"UNH_PHCs","path":"C:/Users/guest1/Documents/WORKING_WEB_4/WORKING_WEB.gpkg|layername=UNH_PHCs"}},
{"type":"Feature","geometry":{"type":"Point","coordinates":[35.51415210909805,33.8319413341626]},"properties":{"fid":470,"OBJECTID":59,"ID":59,"Pcode":"21166_31_001","Governorat":"Mount Lebanon","District":"Baabda","Cadaster":"Laylake","HC_name":"The Boundless Giving Health Centre - Mriejeh","MOPH":"Yes","Accessible":" ","Accreditat":" ","Update_Inf":" ","Thumb_url":" ","Guarantors":" ","Center_typ":"MOPH PHC","Malnu_Scre":"Yes","Malnu_Mng":" ","Malnu_fees":" ","Longitude":35.5141521091,"Latitude":33.8319413342,"HAB_Code":" ","Catch_Area":" ","Consul_fee":" ","Immuni_fee":" ","ACS_Code":"21166","Interview":"No","GlobalID":"92334c42-da10-40c5-a4be-ce523a3d6c53","CreationDate":"2020-05-05T17:16:17.575","Creator":"alisaad@unhabitat","EditDate":"2020-06-16T13:43:38.155","Editor":"alisaad@unhabitat","Mohafaza":null,"Caza":null,"ACS_NAME":null,"HABITAT_Co":null,"Data_year":null,"Name_of_th":null,"Facility_t":null,"Physical_c":null,"Total_regi":null,"No__of_shi":null,"AM_shift":null,"PM_shift":null,"Over_capac":null,"Dropouts":null,"CERD":null,"School_Nam":null,"CAD_CODE":null,"secondshif":null,"Interviewe":null,"SDC_Name":null,"KADA_NA":null,"MOH_NA1":null,"OBJECTID_1":null,"Name":null,"Beds":null,"Beds_Habit":null,"Gateway_T":null,"Type_Code":null,"layer":"UNH_PHCs","path":"C:/Users/guest1/Documents/WORKING_WEB_4/WORKING_WEB.gpkg|layername=UNH_PHCs"}},
{"type":"Feature","geometry":{"type":"Point","coordinates":[35.51653610909806,33.831745333927195]},"properties":{"fid":471,"OBJECTID":60,"ID":60,"Pcode":"21166_31_002","Governorat":"Mount Lebanon","District":"Baabda","Cadaster":"Laylake","HC_name":"CLMC & CC Laylake","MOPH":" ","Accessible":" ","Accreditat":" ","Update_Inf":" ","Thumb_url":" ","Guarantors":" ","Center_typ":"Other  PHC","Malnu_Scre":" ","Malnu_Mng":" ","Malnu_fees":" ","Longitude":35.5165361091,"Latitude":33.8317453339,"HAB_Code":" ","Catch_Area":" ","Consul_fee":" ","Immuni_fee":" ","ACS_Code":"21166","Interview":"No","GlobalID":"d049db3d-f8c6-49cb-9684-3d6c23a1f788","CreationDate":"2020-05-05T17:16:17.575","Creator":"alisaad@unhabitat","EditDate":"2020-05-05T17:16:17.575","Editor":"alisaad@unhabitat","Mohafaza":null,"Caza":null,"ACS_NAME":null,"HABITAT_Co":null,"Data_year":null,"Name_of_th":null,"Facility_t":null,"Physical_c":null,"Total_regi":null,"No__of_shi":null,"AM_shift":null,"PM_shift":null,"Over_capac":null,"Dropouts":null,"CERD":null,"School_Nam":null,"CAD_CODE":null,"secondshif":null,"Interviewe":null,"SDC_Name":null,"KADA_NA":null,"MOH_NA1":null,"OBJECTID_1":null,"Name":null,"Beds":null,"Beds_Habit":null,"Gateway_T":null,"Type_Code":null,"layer":"UNH_PHCs","path":"C:/Users/guest1/Documents/WORKING_WEB_4/WORKING_WEB.gpkg|layername=UNH_PHCs"}},
{"type":"Feature","geometry":{"type":"Point","coordinates":[35.50963731909808,33.83784716125602]},"properties":{"fid":472,"OBJECTID":61,"ID":61,"Pcode":"21177_31_001","Governorat":"Mount Lebanon","District":"Baabda","Cadaster":"Bourj El-Brajneh","HC_name":"Al Najde Al Shaabeyye","MOPH":" ","Accessible":" ","Accreditat":" ","Update_Inf":" ","Thumb_url":" ","Guarantors":" ","Center_typ":"Other  PHC","Malnu_Scre":" ","Malnu_Mng":" ","Malnu_fees":" ","Longitude":35.5096373191,"Latitude":33.8378471613,"HAB_Code":" ","Catch_Area":" ","Consul_fee":" ","Immuni_fee":" ","ACS_Code":"21177","Interview":"No","GlobalID":"bb915118-ba15-49d2-beda-aa58f145f6a2","CreationDate":"2020-05-05T17:16:17.575","Creator":"alisaad@unhabitat","EditDate":"2020-05-05T17:16:17.575","Editor":"alisaad@unhabitat","Mohafaza":null,"Caza":null,"ACS_NAME":null,"HABITAT_Co":null,"Data_year":null,"Name_of_th":null,"Facility_t":null,"Physical_c":null,"Total_regi":null,"No__of_shi":null,"AM_shift":null,"PM_shift":null,"Over_capac":null,"Dropouts":null,"CERD":null,"School_Nam":null,"CAD_CODE":null,"secondshif":null,"Interviewe":null,"SDC_Name":null,"KADA_NA":null,"MOH_NA1":null,"OBJECTID_1":null,"Name":null,"Beds":null,"Beds_Habit":null,"Gateway_T":null,"Type_Code":null,"layer":"UNH_PHCs","path":"C:/Users/guest1/Documents/WORKING_WEB_4/WORKING_WEB.gpkg|layername=UNH_PHCs"}},
{"type":"Feature","geometry":{"type":"Point","coordinates":[35.51156210909806,33.83787534128989]},"properties":{"fid":473,"OBJECTID":62,"ID":62,"Pcode":"21177_31_002","Governorat":"Mount Lebanon","District":"Baabda","Cadaster":"Bourj El-Brajneh","HC_name":"Al Maamoura Medical Centre","MOPH":" ","Accessible":" ","Accreditat":" ","Update_Inf":" ","Thumb_url":" ","Guarantors":" ","Center_typ":"Other  PHC","Malnu_Scre":" ","Malnu_Mng":" ","Malnu_fees":" ","Longitude":35.5115621091,"Latitude":33.8378753413,"HAB_Code":" ","Catch_Area":" ","Consul_fee":" ","Immuni_fee":" ","ACS_Code":"21177","Interview":"No","GlobalID":"591e24d4-d8d8-45ec-bbd0-b8b3b38dd015","CreationDate":"2020-05-05T17:16:17.575","Creator":"alisaad@unhabitat","EditDate":"2020-06-16T13:47:36.247","Editor":"alisaad@unhabitat","Mohafaza":null,"Caza":null,"ACS_NAME":null,"HABITAT_Co":null,"Data_year":null,"Name_of_th":null,"Facility_t":null,"Physical_c":null,"Total_regi":null,"No__of_shi":null,"AM_shift":null,"PM_shift":null,"Over_capac":null,"Dropouts":null,"CERD":null,"School_Nam":null,"CAD_CODE":null,"secondshif":null,"Interviewe":null,"SDC_Name":null,"KADA_NA":null,"MOH_NA1":null,"OBJECTID_1":null,"Name":null,"Beds":null,"Beds_Habit":null,"Gateway_T":null,"Type_Code":null,"layer":"UNH_PHCs","path":"C:/Users/guest1/Documents/WORKING_WEB_4/WORKING_WEB.gpkg|layername=UNH_PHCs"}},
{"type":"Feature","geometry":{"type":"Point","coordinates":[35.50262010909807,33.84137534549418]},"properties":{"fid":474,"OBJECTID":63,"ID":63,"Pcode":"21177_31_003","Governorat":"Mount Lebanon","District":"Baabda","Cadaster":"Bourj El-Brajneh","HC_name":"Borj El-Barjneh Municipality Health Centre","MOPH":"Yes","Accessible":" ","Accreditat":" ","Update_Inf":" ","Thumb_url":" ","Guarantors":" ","Center_typ":"MOPH PHC","Malnu_Scre":"Yes","Malnu_Mng":" ","Malnu_fees":" ","Longitude":35.5026201091,"Latitude":33.8413753455,"HAB_Code":" ","Catch_Area":" ","Consul_fee":" ","Immuni_fee":" ","ACS_Code":"21177","Interview":"No","GlobalID":"5aeee7cd-8bc1-44bd-bf14-88b4389928c7","CreationDate":"2020-05-05T17:16:17.575","Creator":"alisaad@unhabitat","EditDate":"2020-06-16T13:50:52.846","Editor":"alisaad@unhabitat","Mohafaza":null,"Caza":null,"ACS_NAME":null,"HABITAT_Co":null,"Data_year":null,"Name_of_th":null,"Facility_t":null,"Physical_c":null,"Total_regi":null,"No__of_shi":null,"AM_shift":null,"PM_shift":null,"Over_capac":null,"Dropouts":null,"CERD":null,"School_Nam":null,"CAD_CODE":null,"secondshif":null,"Interviewe":null,"SDC_Name":null,"KADA_NA":null,"MOH_NA1":null,"OBJECTID_1":null,"Name":null,"Beds":null,"Beds_Habit":null,"Gateway_T":null,"Type_Code":null,"layer":"UNH_PHCs","path":"C:/Users/guest1/Documents/WORKING_WEB_4/WORKING_WEB.gpkg|layername=UNH_PHCs"}},
{"type":"Feature","geometry":{"type":"Point","coordinates":[35.504396109098074,33.84312734759889]},"properties":{"fid":475,"OBJECTID":64,"ID":64,"Pcode":"21177_31_004","Governorat":"Mount Lebanon","District":"Baabda","Cadaster":"Bourj El-Brajneh","HC_name":"Burj Barajneh PHCC","MOPH":" ","Accessible":" ","Accreditat":" ","Update_Inf":" ","Thumb_url":" ","Guarantors":" ","Center_typ":"Other  PHC","Malnu_Scre":" ","Malnu_Mng":" ","Malnu_fees":" ","Longitude":35.5043961091,"Latitude":33.8431273476,"HAB_Code":" ","Catch_Area":" ","Consul_fee":" ","Immuni_fee":" ","ACS_Code":"21177","Interview":"No","GlobalID":"1a671937-526c-454d-a35d-bd596aad5874","CreationDate":"2020-05-05T17:16:17.575","Creator":"alisaad@unhabitat","EditDate":"2020-05-05T17:16:17.575","Editor":"alisaad@unhabitat","Mohafaza":null,"Caza":null,"ACS_NAME":null,"HABITAT_Co":null,"Data_year":null,"Name_of_th":null,"Facility_t":null,"Physical_c":null,"Total_regi":null,"No__of_shi":null,"AM_shift":null,"PM_shift":null,"Over_capac":null,"Dropouts":null,"CERD":null,"School_Nam":null,"CAD_CODE":null,"secondshif":null,"Interviewe":null,"SDC_Name":null,"KADA_NA":null,"MOH_NA1":null,"OBJECTID_1":null,"Name":null,"Beds":null,"Beds_Habit":null,"Gateway_T":null,"Type_Code":null,"layer":"UNH_PHCs","path":"C:/Users/guest1/Documents/WORKING_WEB_4/WORKING_WEB.gpkg|layername=UNH_PHCs"}},
{"type":"Feature","geometry":{"type":"Point","coordinates":[35.50806610909807,33.840547344499505]},"properties":{"fid":476,"OBJECTID":65,"ID":65,"Pcode":"21177_31_005","Governorat":"Mount Lebanon","District":"Baabda","Cadaster":"Bourj El-Brajneh","HC_name":"The Socio medical Centre - Borj El-Barjneh","MOPH":"Yes","Accessible":" ","Accreditat":" ","Update_Inf":" ","Thumb_url":" ","Guarantors":" ","Center_typ":"MOPH PHC","Malnu_Scre":"Yes","Malnu_Mng":" ","Malnu_fees":" ","Longitude":35.5080661091,"Latitude":33.8405473445,"HAB_Code":" ","Catch_Area":" ","Consul_fee":" ","Immuni_fee":" ","ACS_Code":"21177","Interview":"No","GlobalID":"f5c85155-5688-4bc9-affe-3538cf996b74","CreationDate":"2020-05-05T17:16:17.575","Creator":"alisaad@unhabitat","EditDate":"2020-06-16T13:44:23.119","Editor":"alisaad@unhabitat","Mohafaza":null,"Caza":null,"ACS_NAME":null,"HABITAT_Co":null,"Data_year":null,"Name_of_th":null,"Facility_t":null,"Physical_c":null,"Total_regi":null,"No__of_shi":null,"AM_shift":null,"PM_shift":null,"Over_capac":null,"Dropouts":null,"CERD":null,"School_Nam":null,"CAD_CODE":null,"secondshif":null,"Interviewe":null,"SDC_Name":null,"KADA_NA":null,"MOH_NA1":null,"OBJECTID_1":null,"Name":null,"Beds":null,"Beds_Habit":null,"Gateway_T":null,"Type_Code":null,"layer":"UNH_PHCs","path":"C:/Users/guest1/Documents/WORKING_WEB_4/WORKING_WEB.gpkg|layername=UNH_PHCs"}},
{"type":"Feature","geometry":{"type":"Point","coordinates":[35.50310110909804,33.847695353086976]},"properties":{"fid":477,"OBJECTID":66,"ID":66,"Pcode":"21177_31_006","Governorat":"Mount Lebanon","District":"Baabda","Cadaster":"Bourj El-Brajneh","HC_name":"Haifa Hospital","MOPH":" ","Accessible":" ","Accreditat":" ","Update_Inf":" ","Thumb_url":" ","Guarantors":" ","Center_typ":"Other  PHC","Malnu_Scre":" ","Malnu_Mng":" ","Malnu_fees":" ","Longitude":35.5031011091,"Latitude":33.8476953531,"HAB_Code":" ","Catch_Area":" ","Consul_fee":" ","Immuni_fee":" ","ACS_Code":"21177","Interview":"No","GlobalID":"a006bf05-4744-4a48-8ea8-da7e55a27c9f","CreationDate":"2020-05-05T17:16:17.575","Creator":"alisaad@unhabitat","EditDate":"2020-05-05T17:16:17.575","Editor":"alisaad@unhabitat","Mohafaza":null,"Caza":null,"ACS_NAME":null,"HABITAT_Co":null,"Data_year":null,"Name_of_th":null,"Facility_t":null,"Physical_c":null,"Total_regi":null,"No__of_shi":null,"AM_shift":null,"PM_shift":null,"Over_capac":null,"Dropouts":null,"CERD":null,"School_Nam":null,"CAD_CODE":null,"secondshif":null,"Interviewe":null,"SDC_Name":null,"KADA_NA":null,"MOH_NA1":null,"OBJECTID_1":null,"Name":null,"Beds":null,"Beds_Habit":null,"Gateway_T":null,"Type_Code":null,"layer":"UNH_PHCs","path":"C:/Users/guest1/Documents/WORKING_WEB_4/WORKING_WEB.gpkg|layername=UNH_PHCs"}},
{"type":"Feature","geometry":{"type":"Point","coordinates":[35.51061610909805,33.83889734251748]},"properties":{"fid":478,"OBJECTID":67,"ID":67,"Pcode":"21177_31_007","Governorat":"Mount Lebanon","District":"Baabda","Cadaster":"Bourj El-Brajneh","HC_name":"AL AOUN AL ISLAMI BURJ EL BARAJNEH","MOPH":" ","Accessible":" ","Accreditat":" ","Update_Inf":" ","Thumb_url":" ","Guarantors":" ","Center_typ":"Other  PHC","Malnu_Scre":" ","Malnu_Mng":" ","Malnu_fees":" ","Longitude":35.5106161091,"Latitude":33.8388973425,"HAB_Code":" ","Catch_Area":" ","Consul_fee":" ","Immuni_fee":" ","ACS_Code":"21177","Interview":"No","GlobalID":"8d4bac26-d1a5-4e5f-9125-2036f360145e","CreationDate":"2020-05-05T17:16:17.575","Creator":"alisaad@unhabitat","EditDate":"2020-05-05T17:16:17.575","Editor":"alisaad@unhabitat","Mohafaza":null,"Caza":null,"ACS_NAME":null,"HABITAT_Co":null,"Data_year":null,"Name_of_th":null,"Facility_t":null,"Physical_c":null,"Total_regi":null,"No__of_shi":null,"AM_shift":null,"PM_shift":null,"Over_capac":null,"Dropouts":null,"CERD":null,"School_Nam":null,"CAD_CODE":null,"secondshif":null,"Interviewe":null,"SDC_Name":null,"KADA_NA":null,"MOH_NA1":null,"OBJECTID_1":null,"Name":null,"Beds":null,"Beds_Habit":null,"Gateway_T":null,"Type_Code":null,"layer":"UNH_PHCs","path":"C:/Users/guest1/Documents/WORKING_WEB_4/WORKING_WEB.gpkg|layername=UNH_PHCs"}},
{"type":"Feature","geometry":{"type":"Point","coordinates":[35.50395610909804,33.843467348007344]},"properties":{"fid":479,"OBJECTID":68,"ID":68,"Pcode":"21177_31_008","Governorat":"Mount Lebanon","District":"Baabda","Cadaster":"Bourj El-Brajneh","HC_name":"DEMOCRATIC WOMEN UNION RAML EL ALI","MOPH":" ","Accessible":" ","Accreditat":" ","Update_Inf":" ","Thumb_url":" ","Guarantors":" ","Center_typ":"Other  PHC","Malnu_Scre":" ","Malnu_Mng":" ","Malnu_fees":" ","Longitude":35.5039561091,"Latitude":33.843467348,"HAB_Code":" ","Catch_Area":" ","Consul_fee":" ","Immuni_fee":" ","ACS_Code":"21177","Interview":"No","GlobalID":"e06cb38f-4a5d-43e5-80ba-35104949e969","CreationDate":"2020-05-05T17:16:17.575","Creator":"alisaad@unhabitat","EditDate":"2020-05-05T17:16:17.575","Editor":"alisaad@unhabitat","Mohafaza":null,"Caza":null,"ACS_NAME":null,"HABITAT_Co":null,"Data_year":null,"Name_of_th":null,"Facility_t":null,"Physical_c":null,"Total_regi":null,"No__of_shi":null,"AM_shift":null,"PM_shift":null,"Over_capac":null,"Dropouts":null,"CERD":null,"School_Nam":null,"CAD_CODE":null,"secondshif":null,"Interviewe":null,"SDC_Name":null,"KADA_NA":null,"MOH_NA1":null,"OBJECTID_1":null,"Name":null,"Beds":null,"Beds_Habit":null,"Gateway_T":null,"Type_Code":null,"layer":"UNH_PHCs","path":"C:/Users/guest1/Documents/WORKING_WEB_4/WORKING_WEB.gpkg|layername=UNH_PHCs"}},
{"type":"Feature","geometry":{"type":"Point","coordinates":[35.50316944209805,33.847772353179465]},"properties":{"fid":480,"OBJECTID":69,"ID":69,"Pcode":"21177_31_009","Governorat":"Mount Lebanon","District":"Baabda","Cadaster":"Bourj El-Brajneh","HC_name":"UNRWA-Burj Barajneh HC","MOPH":" ","Accessible":" ","Accreditat":" ","Update_Inf":" ","Thumb_url":" ","Guarantors":" ","Center_typ":"Other  PHC","Malnu_Scre":" ","Malnu_Mng":" ","Malnu_fees":" ","Longitude":35.5031694421,"Latitude":33.8477723532,"HAB_Code":" ","Catch_Area":" ","Consul_fee":" ","Immuni_fee":" ","ACS_Code":"21177","Interview":"No","GlobalID":"41d1ac15-eb81-4df4-8f42-bb59b02ef230","CreationDate":"2020-05-05T17:16:17.575","Creator":"alisaad@unhabitat","EditDate":"2020-05-05T17:16:17.575","Editor":"alisaad@unhabitat","Mohafaza":null,"Caza":null,"ACS_NAME":null,"HABITAT_Co":null,"Data_year":null,"Name_of_th":null,"Facility_t":null,"Physical_c":null,"Total_regi":null,"No__of_shi":null,"AM_shift":null,"PM_shift":null,"Over_capac":null,"Dropouts":null,"CERD":null,"School_Nam":null,"CAD_CODE":null,"secondshif":null,"Interviewe":null,"SDC_Name":null,"KADA_NA":null,"MOH_NA1":null,"OBJECTID_1":null,"Name":null,"Beds":null,"Beds_Habit":null,"Gateway_T":null,"Type_Code":null,"layer":"UNH_PHCs","path":"C:/Users/guest1/Documents/WORKING_WEB_4/WORKING_WEB.gpkg|layername=UNH_PHCs"}},
{"type":"Feature","geometry":{"type":"Point","coordinates":[35.50344166509807,33.84809179756327]},"properties":{"fid":481,"OBJECTID":70,"ID":70,"Pcode":"21177_31_010","Governorat":"Mount Lebanon","District":"Baabda","Cadaster":"Bourj El-Brajneh","HC_name":"Msf Bourj el Barajne PHC","MOPH":" ","Accessible":" ","Accreditat":" ","Update_Inf":" ","Thumb_url":" ","Guarantors":" ","Center_typ":"Other  PHC","Malnu_Scre":" ","Malnu_Mng":" ","Malnu_fees":" ","Longitude":35.5034416651,"Latitude":33.8480917976,"HAB_Code":" ","Catch_Area":" ","Consul_fee":" ","Immuni_fee":" ","ACS_Code":"21177","Interview":"No","GlobalID":"fdf44288-d413-49d8-858c-91fd1e4d8119","CreationDate":"2020-05-05T17:16:17.575","Creator":"alisaad@unhabitat","EditDate":"2020-05-05T17:16:17.575","Editor":"alisaad@unhabitat","Mohafaza":null,"Caza":null,"ACS_NAME":null,"HABITAT_Co":null,"Data_year":null,"Name_of_th":null,"Facility_t":null,"Physical_c":null,"Total_regi":null,"No__of_shi":null,"AM_shift":null,"PM_shift":null,"Over_capac":null,"Dropouts":null,"CERD":null,"School_Nam":null,"CAD_CODE":null,"secondshif":null,"Interviewe":null,"SDC_Name":null,"KADA_NA":null,"MOH_NA1":null,"OBJECTID_1":null,"Name":null,"Beds":null,"Beds_Habit":null,"Gateway_T":null,"Type_Code":null,"layer":"UNH_PHCs","path":"C:/Users/guest1/Documents/WORKING_WEB_4/WORKING_WEB.gpkg|layername=UNH_PHCs"}},
{"type":"Feature","geometry":{"type":"Point","coordinates":[35.50668210909804,33.844530349284405]},"properties":{"fid":482,"OBJECTID":71,"ID":71,"Pcode":"21177_31_011","Governorat":"Mount Lebanon","District":"Baabda","Cadaster":"Bourj El-Brajneh","HC_name":"URDA-ALRAWDA","MOPH":" ","Accessible":" ","Accreditat":" ","Update_Inf":" ","Thumb_url":" ","Guarantors":" ","Center_typ":"Other  PHC","Malnu_Scre":" ","Malnu_Mng":" ","Malnu_fees":" ","Longitude":35.5066821091,"Latitude":33.8445303493,"HAB_Code":" ","Catch_Area":" ","Consul_fee":" ","Immuni_fee":" ","ACS_Code":"21177","Interview":"No","GlobalID":"daf86ce2-4a83-4eeb-b14e-a376429f5590","CreationDate":"2020-05-05T17:16:17.575","Creator":"alisaad@unhabitat","EditDate":"2020-05-05T17:16:17.575","Editor":"alisaad@unhabitat","Mohafaza":null,"Caza":null,"ACS_NAME":null,"HABITAT_Co":null,"Data_year":null,"Name_of_th":null,"Facility_t":null,"Physical_c":null,"Total_regi":null,"No__of_shi":null,"AM_shift":null,"PM_shift":null,"Over_capac":null,"Dropouts":null,"CERD":null,"School_Nam":null,"CAD_CODE":null,"secondshif":null,"Interviewe":null,"SDC_Name":null,"KADA_NA":null,"MOH_NA1":null,"OBJECTID_1":null,"Name":null,"Beds":null,"Beds_Habit":null,"Gateway_T":null,"Type_Code":null,"layer":"UNH_PHCs","path":"C:/Users/guest1/Documents/WORKING_WEB_4/WORKING_WEB.gpkg|layername=UNH_PHCs"}},
{"type":"Feature","geometry":{"type":"Point","coordinates":[35.50094917709804,33.8394248881512]},"properties":{"fid":483,"OBJECTID":72,"ID":72,"Pcode":"21177-40-01","Governorat":"Mount Lebanon","District":"Baabda","Cadaster":"Bourj El-Brajneh","HC_name":"MoSA SDC Borj Brajne","MOPH":" ","Accessible":" ","Accreditat":" ","Update_Inf":" ","Thumb_url":" ","Guarantors":" ","Center_typ":"MOSA SDC","Malnu_Scre":" ","Malnu_Mng":" ","Malnu_fees":" ","Longitude":35.5009491771,"Latitude":33.8394248882,"HAB_Code":" ","Catch_Area":" ","Consul_fee":" ","Immuni_fee":" ","ACS_Code":"21177","Interview":"No","GlobalID":"e538e2ac-e8f0-440d-9775-2f22c35af4b3","CreationDate":"2020-05-05T17:16:17.575","Creator":"alisaad@unhabitat","EditDate":"2020-05-05T17:16:17.575","Editor":"alisaad@unhabitat","Mohafaza":null,"Caza":null,"ACS_NAME":null,"HABITAT_Co":null,"Data_year":null,"Name_of_th":null,"Facility_t":null,"Physical_c":null,"Total_regi":null,"No__of_shi":null,"AM_shift":null,"PM_shift":null,"Over_capac":null,"Dropouts":null,"CERD":null,"School_Nam":null,"CAD_CODE":null,"secondshif":null,"Interviewe":null,"SDC_Name":null,"KADA_NA":null,"MOH_NA1":null,"OBJECTID_1":null,"Name":null,"Beds":null,"Beds_Habit":null,"Gateway_T":null,"Type_Code":null,"layer":"UNH_PHCs","path":"C:/Users/guest1/Documents/WORKING_WEB_4/WORKING_WEB.gpkg|layername=UNH_PHCs"}},
{"type":"Feature","geometry":{"type":"Point","coordinates":[35.496457109098046,33.833065335512565]},"properties":{"fid":484,"OBJECTID":73,"ID":73,"Pcode":"21188_31_001","Governorat":"Mount Lebanon","District":"Baabda","Cadaster":"Tahouitat El Ghadir","HC_name":"Amel Association - Hay selom Phc","MOPH":" ","Accessible":" ","Accreditat":" ","Update_Inf":" ","Thumb_url":" ","Guarantors":" ","Center_typ":"Other  PHC","Malnu_Scre":"yes","Malnu_Mng":" ","Malnu_fees":" ","Longitude":35.4964571091,"Latitude":33.8330653355,"HAB_Code":" ","Catch_Area":" ","Consul_fee":" ","Immuni_fee":" ","ACS_Code":"21188","Interview":"No","GlobalID":"ec4c6c58-f84b-444f-9be0-523975d70d1a","CreationDate":"2020-05-05T17:16:17.575","Creator":"alisaad@unhabitat","EditDate":"2020-05-05T17:16:17.575","Editor":"alisaad@unhabitat","Mohafaza":null,"Caza":null,"ACS_NAME":null,"HABITAT_Co":null,"Data_year":null,"Name_of_th":null,"Facility_t":null,"Physical_c":null,"Total_regi":null,"No__of_shi":null,"AM_shift":null,"PM_shift":null,"Over_capac":null,"Dropouts":null,"CERD":null,"School_Nam":null,"CAD_CODE":null,"secondshif":null,"Interviewe":null,"SDC_Name":null,"KADA_NA":null,"MOH_NA1":null,"OBJECTID_1":null,"Name":null,"Beds":null,"Beds_Habit":null,"Gateway_T":null,"Type_Code":null,"layer":"UNH_PHCs","path":"C:/Users/guest1/Documents/WORKING_WEB_4/WORKING_WEB.gpkg|layername=UNH_PHCs"}},
{"type":"Feature","geometry":{"type":"Point","coordinates":[35.54160110909804,33.830444332364735]},"properties":{"fid":485,"OBJECTID":74,"ID":74,"Pcode":"21211_31_002","Governorat":"Mount Lebanon","District":"Baabda","Cadaster":"Baabda","HC_name":"Dar El hawraa Center - Beer El- Abd","MOPH":"Yes","Accessible":" ","Accreditat":" ","Update_Inf":" ","Thumb_url":" ","Guarantors":" ","Center_typ":"MOPH PHC","Malnu_Scre":"Yes","Malnu_Mng":" ","Malnu_fees":" ","Longitude":35.5416011091,"Latitude":33.8304443324,"HAB_Code":" ","Catch_Area":" ","Consul_fee":" ","Immuni_fee":" ","ACS_Code":"21211","Interview":"No","GlobalID":"e5030248-a4e5-4726-8493-b8c9dbb9f86f","CreationDate":"2020-05-05T17:16:17.575","Creator":"alisaad@unhabitat","EditDate":"2020-05-05T17:16:17.575","Editor":"alisaad@unhabitat","Mohafaza":null,"Caza":null,"ACS_NAME":null,"HABITAT_Co":null,"Data_year":null,"Name_of_th":null,"Facility_t":null,"Physical_c":null,"Total_regi":null,"No__of_shi":null,"AM_shift":null,"PM_shift":null,"Over_capac":null,"Dropouts":null,"CERD":null,"School_Nam":null,"CAD_CODE":null,"secondshif":null,"Interviewe":null,"SDC_Name":null,"KADA_NA":null,"MOH_NA1":null,"OBJECTID_1":null,"Name":null,"Beds":null,"Beds_Habit":null,"Gateway_T":null,"Type_Code":null,"layer":"UNH_PHCs","path":"C:/Users/guest1/Documents/WORKING_WEB_4/WORKING_WEB.gpkg|layername=UNH_PHCs"}},
{"type":"Feature","geometry":{"type":"Point","coordinates":[35.54486010909805,33.83421533689376]},"properties":{"fid":486,"OBJECTID":75,"ID":75,"Pcode":"21211_31_003","Governorat":"Mount Lebanon","District":"Baabda","Cadaster":"Baabda","HC_name":"Yadouna Association centre","MOPH":"Yes","Accessible":" ","Accreditat":" ","Update_Inf":" ","Thumb_url":" ","Guarantors":" ","Center_typ":"MOPH PHC","Malnu_Scre":"Yes","Malnu_Mng":" ","Malnu_fees":" ","Longitude":35.5448601091,"Latitude":33.8342153369,"HAB_Code":" ","Catch_Area":" ","Consul_fee":" ","Immuni_fee":" ","ACS_Code":"21211","Interview":"No","GlobalID":"15f6864f-eb65-4826-b958-d38c6e653cee","CreationDate":"2020-05-05T17:16:17.575","Creator":"alisaad@unhabitat","EditDate":"2020-06-16T13:46:16.457","Editor":"alisaad@unhabitat","Mohafaza":null,"Caza":null,"ACS_NAME":null,"HABITAT_Co":null,"Data_year":null,"Name_of_th":null,"Facility_t":null,"Physical_c":null,"Total_regi":null,"No__of_shi":null,"AM_shift":null,"PM_shift":null,"Over_capac":null,"Dropouts":null,"CERD":null,"School_Nam":null,"CAD_CODE":null,"secondshif":null,"Interviewe":null,"SDC_Name":null,"KADA_NA":null,"MOH_NA1":null,"OBJECTID_1":null,"Name":null,"Beds":null,"Beds_Habit":null,"Gateway_T":null,"Type_Code":null,"layer":"UNH_PHCs","path":"C:/Users/guest1/Documents/WORKING_WEB_4/WORKING_WEB.gpkg|layername=UNH_PHCs"}},
{"type":"Feature","geometry":{"type":"Point","coordinates":[35.53699610909807,33.841447345580676]},"properties":{"fid":487,"OBJECTID":76,"ID":76,"Pcode":"21211_31_004","Governorat":"Mount Lebanon","District":"Baabda","Cadaster":"Baabda","HC_name":"I.L.D.E.S_HADATH","MOPH":" ","Accessible":" ","Accreditat":" ","Update_Inf":" ","Thumb_url":" ","Guarantors":" ","Center_typ":"Other  PHC","Malnu_Scre":" ","Malnu_Mng":" ","Malnu_fees":" ","Longitude":35.5369961091,"Latitude":33.8414473456,"HAB_Code":" ","Catch_Area":" ","Consul_fee":" ","Immuni_fee":" ","ACS_Code":"21211","Interview":"No","GlobalID":"7e0536b8-de13-4b52-8c72-23f7c3d21adf","CreationDate":"2020-05-05T17:16:17.575","Creator":"alisaad@unhabitat","EditDate":"2020-05-05T17:16:17.575","Editor":"alisaad@unhabitat","Mohafaza":null,"Caza":null,"ACS_NAME":null,"HABITAT_Co":null,"Data_year":null,"Name_of_th":null,"Facility_t":null,"Physical_c":null,"Total_regi":null,"No__of_shi":null,"AM_shift":null,"PM_shift":null,"Over_capac":null,"Dropouts":null,"CERD":null,"School_Nam":null,"CAD_CODE":null,"secondshif":null,"Interviewe":null,"SDC_Name":null,"KADA_NA":null,"MOH_NA1":null,"OBJECTID_1":null,"Name":null,"Beds":null,"Beds_Habit":null,"Gateway_T":null,"Type_Code":null,"layer":"UNH_PHCs","path":"C:/Users/guest1/Documents/WORKING_WEB_4/WORKING_WEB.gpkg|layername=UNH_PHCs"}},
{"type":"Feature","geometry":{"type":"Point","coordinates":[35.55567610909804,33.84402734868013]},"properties":{"fid":488,"OBJECTID":77,"ID":77,"Pcode":"21211_31_005","Governorat":"Mount Lebanon","District":"Baabda","Cadaster":"Baabda","HC_name":"CHARITABLE CENTER SAINT THERESE_FAYADIEH","MOPH":" ","Accessible":" ","Accreditat":" ","Update_Inf":" ","Thumb_url":" ","Guarantors":" ","Center_typ":"Other  PHC","Malnu_Scre":" ","Malnu_Mng":" ","Malnu_fees":" ","Longitude":35.5556761091,"Latitude":33.8440273487,"HAB_Code":" ","Catch_Area":" ","Consul_fee":" ","Immuni_fee":" ","ACS_Code":"21211","Interview":"No","GlobalID":"d8ce0f0c-15e4-4c08-a50d-06e24d464eab","CreationDate":"2020-05-05T17:16:17.575","Creator":"alisaad@unhabitat","EditDate":"2020-05-05T17:16:17.575","Editor":"alisaad@unhabitat","Mohafaza":null,"Caza":null,"ACS_NAME":null,"HABITAT_Co":null,"Data_year":null,"Name_of_th":null,"Facility_t":null,"Physical_c":null,"Total_regi":null,"No__of_shi":null,"AM_shift":null,"PM_shift":null,"Over_capac":null,"Dropouts":null,"CERD":null,"School_Nam":null,"CAD_CODE":null,"secondshif":null,"Interviewe":null,"SDC_Name":null,"KADA_NA":null,"MOH_NA1":null,"OBJECTID_1":null,"Name":null,"Beds":null,"Beds_Habit":null,"Gateway_T":null,"Type_Code":null,"layer":"UNH_PHCs","path":"C:/Users/guest1/Documents/WORKING_WEB_4/WORKING_WEB.gpkg|layername=UNH_PHCs"}},
{"type":"Feature","geometry":{"type":"Point","coordinates":[35.54535610909806,33.83358733613949]},"properties":{"fid":489,"OBJECTID":78,"ID":78,"Pcode":"21211_31_006","Governorat":"Mount Lebanon","District":"Baabda","Cadaster":"Baabda","HC_name":"CHARITABLE YOUTH LEAGUE_BAABDA","MOPH":" ","Accessible":" ","Accreditat":" ","Update_Inf":" ","Thumb_url":" ","Guarantors":" ","Center_typ":"Other  PHC","Malnu_Scre":" ","Malnu_Mng":" ","Malnu_fees":" ","Longitude":35.5453561091,"Latitude":33.8335873361,"HAB_Code":" ","Catch_Area":" ","Consul_fee":" ","Immuni_fee":" ","ACS_Code":"21211","Interview":"No","GlobalID":"b401b94b-e4b0-49d0-bc86-0caa6b964c34","CreationDate":"2020-05-05T17:16:17.575","Creator":"alisaad@unhabitat","EditDate":"2020-05-05T17:16:17.575","Editor":"alisaad@unhabitat","Mohafaza":null,"Caza":null,"ACS_NAME":null,"HABITAT_Co":null,"Data_year":null,"Name_of_th":null,"Facility_t":null,"Physical_c":null,"Total_regi":null,"No__of_shi":null,"AM_shift":null,"PM_shift":null,"Over_capac":null,"Dropouts":null,"CERD":null,"School_Nam":null,"CAD_CODE":null,"secondshif":null,"Interviewe":null,"SDC_Name":null,"KADA_NA":null,"MOH_NA1":null,"OBJECTID_1":null,"Name":null,"Beds":null,"Beds_Habit":null,"Gateway_T":null,"Type_Code":null,"layer":"UNH_PHCs","path":"C:/Users/guest1/Documents/WORKING_WEB_4/WORKING_WEB.gpkg|layername=UNH_PHCs"}},
{"type":"Feature","geometry":{"type":"Point","coordinates":[35.53031910909805,33.83828934178715]},"properties":{"fid":490,"OBJECTID":79,"ID":79,"Pcode":"21219_31_001","Governorat":"Mount Lebanon","District":"Baabda","Cadaster":"Hadath Beyrouth","HC_name":"Lebanese University Health Centre - Hadath","MOPH":"Yes","Accessible":" ","Accreditat":" ","Update_Inf":" ","Thumb_url":" ","Guarantors":" ","Center_typ":"MOPH PHC","Malnu_Scre":"Yes","Malnu_Mng":" ","Malnu_fees":" ","Longitude":35.5303191091,"Latitude":33.8382893418,"HAB_Code":" ","Catch_Area":" ","Consul_fee":" ","Immuni_fee":" ","ACS_Code":"21219","Interview":"No","GlobalID":"0ae21c2e-fa52-403f-9929-6fae988f5a97","CreationDate":"2020-05-05T17:16:17.575","Creator":"alisaad@unhabitat","EditDate":"2020-06-16T14:01:28.754","Editor":"alisaad@unhabitat","Mohafaza":null,"Caza":null,"ACS_NAME":null,"HABITAT_Co":null,"Data_year":null,"Name_of_th":null,"Facility_t":null,"Physical_c":null,"Total_regi":null,"No__of_shi":null,"AM_shift":null,"PM_shift":null,"Over_capac":null,"Dropouts":null,"CERD":null,"School_Nam":null,"CAD_CODE":null,"secondshif":null,"Interviewe":null,"SDC_Name":null,"KADA_NA":null,"MOH_NA1":null,"OBJECTID_1":null,"Name":null,"Beds":null,"Beds_Habit":null,"Gateway_T":null,"Type_Code":null,"layer":"UNH_PHCs","path":"C:/Users/guest1/Documents/WORKING_WEB_4/WORKING_WEB.gpkg|layername=UNH_PHCs"}},
{"type":"Feature","geometry":{"type":"Point","coordinates":[35.53391388709803,33.83100844404221]},"properties":{"fid":491,"OBJECTID":80,"ID":80,"Pcode":"21219_31_002","Governorat":"Mount Lebanon","District":"Baabda","Cadaster":"Hadath Beyrouth","HC_name":"Sebnaye PHC","MOPH":" ","Accessible":" ","Accreditat":" ","Update_Inf":" ","Thumb_url":" ","Guarantors":" ","Center_typ":"Other  PHC","Malnu_Scre":" ","Malnu_Mng":" ","Malnu_fees":" ","Longitude":35.5339138871,"Latitude":33.831008444,"HAB_Code":" ","Catch_Area":" ","Consul_fee":" ","Immuni_fee":" ","ACS_Code":"21219","Interview":"No","GlobalID":"bbd5aad4-d596-4724-aa9a-ea331bf66e2f","CreationDate":"2020-05-05T17:16:17.575","Creator":"alisaad@unhabitat","EditDate":"2020-05-05T17:16:17.575","Editor":"alisaad@unhabitat","Mohafaza":null,"Caza":null,"ACS_NAME":null,"HABITAT_Co":null,"Data_year":null,"Name_of_th":null,"Facility_t":null,"Physical_c":null,"Total_regi":null,"No__of_shi":null,"AM_shift":null,"PM_shift":null,"Over_capac":null,"Dropouts":null,"CERD":null,"School_Nam":null,"CAD_CODE":null,"secondshif":null,"Interviewe":null,"SDC_Name":null,"KADA_NA":null,"MOH_NA1":null,"OBJECTID_1":null,"Name":null,"Beds":null,"Beds_Habit":null,"Gateway_T":null,"Type_Code":null,"layer":"UNH_PHCs","path":"C:/Users/guest1/Documents/WORKING_WEB_4/WORKING_WEB.gpkg|layername=UNH_PHCs"}},
{"type":"Feature","geometry":{"type":"Point","coordinates":[35.55869680209803,33.8202673201443]},"properties":{"fid":492,"OBJECTID":81,"ID":81,"Pcode":"21259-40-01","Governorat":"Mount Lebanon","District":"Baabda","Cadaster":"Ouadi Chahrour Es-Soufla","HC_name":"MoSA SDC Wadi Chahrour","MOPH":" ","Accessible":" ","Accreditat":" ","Update_Inf":" ","Thumb_url":" ","Guarantors":" ","Center_typ":"MOSA SDC","Malnu_Scre":" ","Malnu_Mng":" ","Malnu_fees":" ","Longitude":35.5586968021,"Latitude":33.8202673201,"HAB_Code":" ","Catch_Area":" ","Consul_fee":" ","Immuni_fee":" ","ACS_Code":"21259","Interview":"No","GlobalID":"7f2ae48b-b3ba-4ed8-ab29-3366f1c5cd0c","CreationDate":"2020-05-05T17:16:17.575","Creator":"alisaad@unhabitat","EditDate":"2020-05-05T17:16:17.575","Editor":"alisaad@unhabitat","Mohafaza":null,"Caza":null,"ACS_NAME":null,"HABITAT_Co":null,"Data_year":null,"Name_of_th":null,"Facility_t":null,"Physical_c":null,"Total_regi":null,"No__of_shi":null,"AM_shift":null,"PM_shift":null,"Over_capac":null,"Dropouts":null,"CERD":null,"School_Nam":null,"CAD_CODE":null,"secondshif":null,"Interviewe":null,"SDC_Name":null,"KADA_NA":null,"MOH_NA1":null,"OBJECTID_1":null,"Name":null,"Beds":null,"Beds_Habit":null,"Gateway_T":null,"Type_Code":null,"layer":"UNH_PHCs","path":"C:/Users/guest1/Documents/WORKING_WEB_4/WORKING_WEB.gpkg|layername=UNH_PHCs"}},
{"type":"Feature","geometry":{"type":"Point","coordinates":[35.64925810909806,33.8127543111249]},"properties":{"fid":493,"OBJECTID":82,"ID":82,"Pcode":"21311_31_001","Governorat":"Mount Lebanon","District":"Baabda","Cadaster":"Baalchmay","HC_name":"Medical clinic of metn el aala","MOPH":" ","Accessible":" ","Accreditat":" ","Update_Inf":" ","Thumb_url":" ","Guarantors":" ","Center_typ":"Other  PHC","Malnu_Scre":" ","Malnu_Mng":" ","Malnu_fees":" ","Longitude":35.6492581091,"Latitude":33.8127543111,"HAB_Code":" ","Catch_Area":" ","Consul_fee":" ","Immuni_fee":" ","ACS_Code":"21311","Interview":"No","GlobalID":"6580edbf-8597-4da8-9229-0153c4c7b5f8","CreationDate":"2020-05-05T17:16:17.575","Creator":"alisaad@unhabitat","EditDate":"2020-05-05T17:16:17.575","Editor":"alisaad@unhabitat","Mohafaza":null,"Caza":null,"ACS_NAME":null,"HABITAT_Co":null,"Data_year":null,"Name_of_th":null,"Facility_t":null,"Physical_c":null,"Total_regi":null,"No__of_shi":null,"AM_shift":null,"PM_shift":null,"Over_capac":null,"Dropouts":null,"CERD":null,"School_Nam":null,"CAD_CODE":null,"secondshif":null,"Interviewe":null,"SDC_Name":null,"KADA_NA":null,"MOH_NA1":null,"OBJECTID_1":null,"Name":null,"Beds":null,"Beds_Habit":null,"Gateway_T":null,"Type_Code":null,"layer":"UNH_PHCs","path":"C:/Users/guest1/Documents/WORKING_WEB_4/WORKING_WEB.gpkg|layername=UNH_PHCs"}},
{"type":"Feature","geometry":{"type":"Point","coordinates":[35.62300010909807,33.837023340266484]},"properties":{"fid":494,"OBJECTID":83,"ID":83,"Pcode":"21341_31_001","Governorat":"Mount Lebanon","District":"Baabda","Cadaster":"Aabadiye","HC_name":"El-Huda association centre","MOPH":"Yes","Accessible":" ","Accreditat":" ","Update_Inf":" ","Thumb_url":" ","Guarantors":" ","Center_typ":"MOPH PHC","Malnu_Scre":"Yes","Malnu_Mng":" ","Malnu_fees":" ","Longitude":35.6230001091,"Latitude":33.8370233403,"HAB_Code":" ","Catch_Area":" ","Consul_fee":" ","Immuni_fee":" ","ACS_Code":"21341","Interview":"No","GlobalID":"192ab23b-776e-455d-a463-613e10a98867","CreationDate":"2020-05-05T17:16:17.575","Creator":"alisaad@unhabitat","EditDate":"2020-06-16T13:53:24.307","Editor":"alisaad@unhabitat","Mohafaza":null,"Caza":null,"ACS_NAME":null,"HABITAT_Co":null,"Data_year":null,"Name_of_th":null,"Facility_t":null,"Physical_c":null,"Total_regi":null,"No__of_shi":null,"AM_shift":null,"PM_shift":null,"Over_capac":null,"Dropouts":null,"CERD":null,"School_Nam":null,"CAD_CODE":null,"secondshif":null,"Interviewe":null,"SDC_Name":null,"KADA_NA":null,"MOH_NA1":null,"OBJECTID_1":null,"Name":null,"Beds":null,"Beds_Habit":null,"Gateway_T":null,"Type_Code":null,"layer":"UNH_PHCs","path":"C:/Users/guest1/Documents/WORKING_WEB_4/WORKING_WEB.gpkg|layername=UNH_PHCs"}},
{"type":"Feature","geometry":{"type":"Point","coordinates":[35.65741410909804,33.84703735229635]},"properties":{"fid":496,"OBJECTID":85,"ID":85,"Pcode":"21351_31_001","Governorat":"Mount Lebanon","District":"Baabda","Cadaster":"Ras El Matn","HC_name":"Ras El-Matn Medical Centre","MOPH":"Yes","Accessible":" ","Accreditat":" ","Update_Inf":" ","Thumb_url":" ","Guarantors":" ","Center_typ":"MOPH PHC","Malnu_Scre":"Yes","Malnu_Mng":" ","Malnu_fees":" ","Longitude":35.6574141091,"Latitude":33.8470373523,"HAB_Code":" ","Catch_Area":" ","Consul_fee":" ","Immuni_fee":" ","ACS_Code":"21351","Interview":"No","GlobalID":"525b87f2-4b33-4e20-b503-e6a4bd18ce6d","CreationDate":"2020-05-05T17:16:17.575","Creator":"alisaad@unhabitat","EditDate":"2020-06-16T13:40:24.864","Editor":"alisaad@unhabitat","Mohafaza":null,"Caza":null,"ACS_NAME":null,"HABITAT_Co":null,"Data_year":null,"Name_of_th":null,"Facility_t":null,"Physical_c":null,"Total_regi":null,"No__of_shi":null,"AM_shift":null,"PM_shift":null,"Over_capac":null,"Dropouts":null,"CERD":null,"School_Nam":null,"CAD_CODE":null,"secondshif":null,"Interviewe":null,"SDC_Name":null,"KADA_NA":null,"MOH_NA1":null,"OBJECTID_1":null,"Name":null,"Beds":null,"Beds_Habit":null,"Gateway_T":null,"Type_Code":null,"layer":"UNH_PHCs","path":"C:/Users/guest1/Documents/WORKING_WEB_4/WORKING_WEB.gpkg|layername=UNH_PHCs"}},
{"type":"Feature","geometry":{"type":"Point","coordinates":[35.591695445098075,33.82585876285808]},"properties":{"fid":497,"OBJECTID":86,"ID":86,"Pcode":"21371-40-01","Governorat":"Mount Lebanon","District":"Baabda","Cadaster":"Aaraiya","HC_name":"MoSA SDC Kahale","MOPH":" ","Accessible":" ","Accreditat":" ","Update_Inf":" ","Thumb_url":" ","Guarantors":" ","Center_typ":"MOSA SDC","Malnu_Scre":" ","Malnu_Mng":" ","Malnu_fees":" ","Longitude":35.5916954451,"Latitude":33.8258587629,"HAB_Code":" ","Catch_Area":" ","Consul_fee":" ","Immuni_fee":" ","ACS_Code":"21371","Interview":"No","GlobalID":"af3aef6e-fd39-4a9d-83a3-7e94bdf48224","CreationDate":"2020-05-05T17:16:17.575","Creator":"alisaad@unhabitat","EditDate":"2020-05-05T17:16:17.575","Editor":"alisaad@unhabitat","Mohafaza":null,"Caza":null,"ACS_NAME":null,"HABITAT_Co":null,"Data_year":null,"Name_of_th":null,"Facility_t":null,"Physical_c":null,"Total_regi":null,"No__of_shi":null,"AM_shift":null,"PM_shift":null,"Over_capac":null,"Dropouts":null,"CERD":null,"School_Nam":null,"CAD_CODE":null,"secondshif":null,"Interviewe":null,"SDC_Name":null,"KADA_NA":null,"MOH_NA1":null,"OBJECTID_1":null,"Name":null,"Beds":null,"Beds_Habit":null,"Gateway_T":null,"Type_Code":null,"layer":"UNH_PHCs","path":"C:/Users/guest1/Documents/WORKING_WEB_4/WORKING_WEB.gpkg|layername=UNH_PHCs"}},
{"type":"Feature","geometry":{"type":"Point","coordinates":[35.69655779809806,33.87159860381531]},"properties":{"fid":498,"OBJECTID":87,"ID":87,"Pcode":"21394-40-01","Governorat":"Mount Lebanon","District":"Baabda","Cadaster":"Salima Baabda","HC_name":"MoSA SDC Salima","MOPH":" ","Accessible":" ","Accreditat":" ","Update_Inf":" ","Thumb_url":" ","Guarantors":" ","Center_typ":"MOSA SDC","Malnu_Scre":" ","Malnu_Mng":" ","Malnu_fees":" ","Longitude":35.6965577981,"Latitude":33.8715986038,"HAB_Code":" ","Catch_Area":" ","Consul_fee":" ","Immuni_fee":" ","ACS_Code":"21394","Interview":"No","GlobalID":"e0864d94-a925-42cc-a408-6059004fd37d","CreationDate":"2020-05-05T17:16:17.575","Creator":"alisaad@unhabitat","EditDate":"2020-05-05T17:16:17.575","Editor":"alisaad@unhabitat","Mohafaza":null,"Caza":null,"ACS_NAME":null,"HABITAT_Co":null,"Data_year":null,"Name_of_th":null,"Facility_t":null,"Physical_c":null,"Total_regi":null,"No__of_shi":null,"AM_shift":null,"PM_shift":null,"Over_capac":null,"Dropouts":null,"CERD":null,"School_Nam":null,"CAD_CODE":null,"secondshif":null,"Interviewe":null,"SDC_Name":null,"KADA_NA":null,"MOH_NA1":null,"OBJECTID_1":null,"Name":null,"Beds":null,"Beds_Habit":null,"Gateway_T":null,"Type_Code":null,"layer":"UNH_PHCs","path":"C:/Users/guest1/Documents/WORKING_WEB_4/WORKING_WEB.gpkg|layername=UNH_PHCs"}},
{"type":"Feature","geometry":{"type":"Point","coordinates":[35.54364400946113,33.88784835069437]},"properties":{"fid":505,"OBJECTID":94,"ID":94,"Pcode":"22111_31_001","Governorat":"Mount Lebanon","District":"El Meten","Cadaster":"Bourj Hammoud","HC_name":"Howard Karagheusian Commemorative Corporation Clinic","MOPH":"Yes","Accessible":"Leb, Syr, PRL, PRS, Others","Accreditat":"No","Update_Inf":"2017","Thumb_url":" ","Guarantors":"YMCA","Center_typ":"MOPH PHC","Malnu_Scre":"Yes","Malnu_Mng":"Yes","Malnu_fees":"7,000 to 15,000 LBP","Longitude":35.5434628961,"Latitude":33.8878562134,"HAB_Code":"NBA_C","Catch_Area":" ","Consul_fee":"above 15,000LBP","Immuni_fee":"7,000 to 15,000 LBP","ACS_Code":"22111","Interview":"Yes","GlobalID":"d36cdeab-1fbb-446b-9909-830e86e864a8","CreationDate":"2020-05-05T17:16:17.575","Creator":"alisaad@unhabitat","EditDate":"2020-06-16T12:10:26.212","Editor":"alisaad@unhabitat","Mohafaza":null,"Caza":null,"ACS_NAME":null,"HABITAT_Co":null,"Data_year":null,"Name_of_th":null,"Facility_t":null,"Physical_c":null,"Total_regi":null,"No__of_shi":null,"AM_shift":null,"PM_shift":null,"Over_capac":null,"Dropouts":null,"CERD":null,"School_Nam":null,"CAD_CODE":null,"secondshif":null,"Interviewe":null,"SDC_Name":null,"KADA_NA":null,"MOH_NA1":null,"OBJECTID_1":null,"Name":null,"Beds":null,"Beds_Habit":null,"Gateway_T":null,"Type_Code":null,"layer":"UNH_PHCs","path":"C:/Users/guest1/Documents/WORKING_WEB_4/WORKING_WEB.gpkg|layername=UNH_PHCs"}},
{"type":"Feature","geometry":{"type":"Point","coordinates":[35.53951150709803,33.88845847908922]},"properties":{"fid":506,"OBJECTID":95,"ID":95,"Pcode":"22111_31_002","Governorat":"Mount Lebanon","District":"El Meten","Cadaster":"Bourj Hammoud","HC_name":"Boulghourdjian PHCC","MOPH":"Yes","Accessible":"Leb, Syr, PRL, Others","Accreditat":"MoPH","Update_Inf":"2017","Thumb_url":" ","Guarantors":"Canada International, MoPH","Center_typ":"MOPH PHC","Malnu_Scre":"Yes","Malnu_Mng":"Yes","Malnu_fees":"Free","Longitude":35.5395115071,"Latitude":33.8884584791,"HAB_Code":"NBA_A","Catch_Area":"Nabaa, Beirut","Consul_fee":"7,000 to 15,000 LBP","Immuni_fee":"Free","ACS_Code":"22111","Interview":"Yes","GlobalID":"efb06af7-265e-457e-82be-fe79a1f4d285","CreationDate":"2020-05-05T17:16:17.575","Creator":"alisaad@unhabitat","EditDate":"2020-05-05T17:16:17.575","Editor":"alisaad@unhabitat","Mohafaza":null,"Caza":null,"ACS_NAME":null,"HABITAT_Co":null,"Data_year":null,"Name_of_th":null,"Facility_t":null,"Physical_c":null,"Total_regi":null,"No__of_shi":null,"AM_shift":null,"PM_shift":null,"Over_capac":null,"Dropouts":null,"CERD":null,"School_Nam":null,"CAD_CODE":null,"secondshif":null,"Interviewe":null,"SDC_Name":null,"KADA_NA":null,"MOH_NA1":null,"OBJECTID_1":null,"Name":null,"Beds":null,"Beds_Habit":null,"Gateway_T":null,"Type_Code":null,"layer":"UNH_PHCs","path":"C:/Users/guest1/Documents/WORKING_WEB_4/WORKING_WEB.gpkg|layername=UNH_PHCs"}},
{"type":"Feature","geometry":{"type":"Point","coordinates":[35.54603110909805,33.893757408463]},"properties":{"fid":507,"OBJECTID":96,"ID":96,"Pcode":"22111_31_003","Governorat":"Mount Lebanon","District":"El Meten","Cadaster":"Bourj Hammoud","HC_name":"CLMC & CC Bourj Hammoud","MOPH":" ","Accessible":" ","Accreditat":" ","Update_Inf":" ","Thumb_url":" ","Guarantors":" ","Center_typ":"Other  PHC","Malnu_Scre":" ","Malnu_Mng":" ","Malnu_fees":" ","Longitude":35.5460311091,"Latitude":33.8937574085,"HAB_Code":" ","Catch_Area":" ","Consul_fee":" ","Immuni_fee":" ","ACS_Code":"22111","Interview":"No","GlobalID":"d32c538b-7412-4045-a776-4fda0af4b9a0","CreationDate":"2020-05-05T17:16:17.575","Creator":"alisaad@unhabitat","EditDate":"2020-05-05T17:16:17.575","Editor":"alisaad@unhabitat","Mohafaza":null,"Caza":null,"ACS_NAME":null,"HABITAT_Co":null,"Data_year":null,"Name_of_th":null,"Facility_t":null,"Physical_c":null,"Total_regi":null,"No__of_shi":null,"AM_shift":null,"PM_shift":null,"Over_capac":null,"Dropouts":null,"CERD":null,"School_Nam":null,"CAD_CODE":null,"secondshif":null,"Interviewe":null,"SDC_Name":null,"KADA_NA":null,"MOH_NA1":null,"OBJECTID_1":null,"Name":null,"Beds":null,"Beds_Habit":null,"Gateway_T":null,"Type_Code":null,"layer":"UNH_PHCs","path":"C:/Users/guest1/Documents/WORKING_WEB_4/WORKING_WEB.gpkg|layername=UNH_PHCs"}},
{"type":"Feature","geometry":{"type":"Point","coordinates":[35.538076109098064,33.88849740213602]},"properties":{"fid":508,"OBJECTID":97,"ID":97,"Pcode":"22111_31_004","Governorat":"Mount Lebanon","District":"El Meten","Cadaster":"Bourj Hammoud","HC_name":"Inter-Communautaire Nabaa","MOPH":" ","Accessible":"Leb, Syr, PRL, PRS, Others","Accreditat":"MoPH","Update_Inf":"2018","Thumb_url":" ","Guarantors":"تجمع الرهبانيات النسائية في لبنان Women’s Monastic Order of Lebanon","Center_typ":"Other  PHC","Malnu_Scre":" ","Malnu_Mng":" ","Malnu_fees":"Free","Longitude":35.5380761091,"Latitude":33.8884974021,"HAB_Code":" ","Catch_Area":"Maraash, Nabaa, Bourj-Hammoud","Consul_fee":"7,000 to 15,000 LBP","Immuni_fee":"1,000 to 7,000 LBP","ACS_Code":"22111","Interview":"Yes","GlobalID":"d0c4cbf4-3206-4a85-99a1-6f8fd22ce483","CreationDate":"2020-05-05T17:16:17.575","Creator":"alisaad@unhabitat","EditDate":"2020-05-05T17:16:17.575","Editor":"alisaad@unhabitat","Mohafaza":null,"Caza":null,"ACS_NAME":null,"HABITAT_Co":null,"Data_year":null,"Name_of_th":null,"Facility_t":null,"Physical_c":null,"Total_regi":null,"No__of_shi":null,"AM_shift":null,"PM_shift":null,"Over_capac":null,"Dropouts":null,"CERD":null,"School_Nam":null,"CAD_CODE":null,"secondshif":null,"Interviewe":null,"SDC_Name":null,"KADA_NA":null,"MOH_NA1":null,"OBJECTID_1":null,"Name":null,"Beds":null,"Beds_Habit":null,"Gateway_T":null,"Type_Code":null,"layer":"UNH_PHCs","path":"C:/Users/guest1/Documents/WORKING_WEB_4/WORKING_WEB.gpkg|layername=UNH_PHCs"}},
{"type":"Feature","geometry":{"type":"Point","coordinates":[35.54062599609806,33.8843734021761]},"properties":{"fid":509,"OBJECTID":98,"ID":98,"Pcode":"22111_31_005","Governorat":"Mount Lebanon","District":"El Meten","Cadaster":"Bourj Hammoud","HC_name":"Greek Othodox Dispensary","MOPH":" ","Accessible":"Leb, Syr, PRL, PRS, Others","Accreditat":"MoPH","Update_Inf":"2017","Thumb_url":" ","Guarantors":"MoPH","Center_typ":"Other  PHC","Malnu_Scre":" ","Malnu_Mng":" ","Malnu_fees":"NA","Longitude":35.5406259961,"Latitude":33.8843734022,"HAB_Code":"NBA_E","Catch_Area":" ","Consul_fee":"1,000 to 7,000 LBP","Immuni_fee":"Free","ACS_Code":"22111","Interview":"Yes","GlobalID":"46188aa5-652e-4265-bba2-07dc3912f28d","CreationDate":"2020-05-05T17:16:17.575","Creator":"alisaad@unhabitat","EditDate":"2020-05-05T17:16:17.575","Editor":"alisaad@unhabitat","Mohafaza":null,"Caza":null,"ACS_NAME":null,"HABITAT_Co":null,"Data_year":null,"Name_of_th":null,"Facility_t":null,"Physical_c":null,"Total_regi":null,"No__of_shi":null,"AM_shift":null,"PM_shift":null,"Over_capac":null,"Dropouts":null,"CERD":null,"School_Nam":null,"CAD_CODE":null,"secondshif":null,"Interviewe":null,"SDC_Name":null,"KADA_NA":null,"MOH_NA1":null,"OBJECTID_1":null,"Name":null,"Beds":null,"Beds_Habit":null,"Gateway_T":null,"Type_Code":null,"layer":"UNH_PHCs","path":"C:/Users/guest1/Documents/WORKING_WEB_4/WORKING_WEB.gpkg|layername=UNH_PHCs"}},
{"type":"Feature","geometry":{"type":"Point","coordinates":[35.53895024159239,33.89011257062177]},"properties":{"fid":510,"OBJECTID":99,"ID":99,"Pcode":"22111_31_006","Governorat":"Mount Lebanon","District":"El Meten","Cadaster":"Bourj Hammoud","HC_name":"UNRWA-Bourj Hammoud HC","MOPH":" ","Accessible":" ","Accreditat":" ","Update_Inf":" ","Thumb_url":" ","Guarantors":" ","Center_typ":"Other  PHC","Malnu_Scre":" ","Malnu_Mng":" ","Malnu_fees":" ","Longitude":35.5391166651,"Latitude":33.8902224042,"HAB_Code":" ","Catch_Area":" ","Consul_fee":" ","Immuni_fee":" ","ACS_Code":"22111","Interview":"No","GlobalID":"43d5c43b-aa5d-4812-bae8-60cf2afaefe0","CreationDate":"2020-05-05T17:16:17.575","Creator":"alisaad@unhabitat","EditDate":"2020-05-05T17:16:17.575","Editor":"alisaad@unhabitat","Mohafaza":null,"Caza":null,"ACS_NAME":null,"HABITAT_Co":null,"Data_year":null,"Name_of_th":null,"Facility_t":null,"Physical_c":null,"Total_regi":null,"No__of_shi":null,"AM_shift":null,"PM_shift":null,"Over_capac":null,"Dropouts":null,"CERD":null,"School_Nam":null,"CAD_CODE":null,"secondshif":null,"Interviewe":null,"SDC_Name":null,"KADA_NA":null,"MOH_NA1":null,"OBJECTID_1":null,"Name":null,"Beds":null,"Beds_Habit":null,"Gateway_T":null,"Type_Code":null,"layer":"UNH_UNRWA","path":"C:/Users/guest1/Documents/WORKING_WEB_4/WORKING_WEB.gpkg|layername=UNH_PHCs"}},
{"type":"Feature","geometry":{"type":"Point","coordinates":[35.54662219509804,33.89569352579204]},"properties":{"fid":511,"OBJECTID":100,"ID":100,"Pcode":"22111-40-01","Governorat":"Mount Lebanon","District":"El Meten","Cadaster":"Bourj Hammoud","HC_name":"MoSA SDC Bourj Hammoud","MOPH":" ","Accessible":" ","Accreditat":" ","Update_Inf":" ","Thumb_url":" ","Guarantors":" ","Center_typ":"MOSA SDC","Malnu_Scre":" ","Malnu_Mng":" ","Malnu_fees":" ","Longitude":35.5466221951,"Latitude":33.8956935258,"HAB_Code":" ","Catch_Area":" ","Consul_fee":" ","Immuni_fee":" ","ACS_Code":"22111","Interview":"No","GlobalID":"5b7d96f5-2e63-42b4-9648-22c54772a86a","CreationDate":"2020-05-05T17:16:17.575","Creator":"alisaad@unhabitat","EditDate":"2020-05-05T17:16:17.575","Editor":"alisaad@unhabitat","Mohafaza":null,"Caza":null,"ACS_NAME":null,"HABITAT_Co":null,"Data_year":null,"Name_of_th":null,"Facility_t":null,"Physical_c":null,"Total_regi":null,"No__of_shi":null,"AM_shift":null,"PM_shift":null,"Over_capac":null,"Dropouts":null,"CERD":null,"School_Nam":null,"CAD_CODE":null,"secondshif":null,"Interviewe":null,"SDC_Name":null,"KADA_NA":null,"MOH_NA1":null,"OBJECTID_1":null,"Name":null,"Beds":null,"Beds_Habit":null,"Gateway_T":null,"Type_Code":null,"layer":"UNH_PHCs","path":"C:/Users/guest1/Documents/WORKING_WEB_4/WORKING_WEB.gpkg|layername=UNH_PHCs"}},
{"type":"Feature","geometry":{"type":"Point","coordinates":[35.53437499909806,33.88219461455591]},"properties":{"fid":512,"OBJECTID":101,"ID":101,"Pcode":"22155_31_001","Governorat":"Mount Lebanon","District":"El Meten","Cadaster":"Sinn El-Fil","HC_name":"arcenciel centre","MOPH":" ","Accessible":" ","Accreditat":" ","Update_Inf":" ","Thumb_url":" ","Guarantors":" ","Center_typ":"Other  PHC","Malnu_Scre":" ","Malnu_Mng":" ","Malnu_fees":" ","Longitude":35.5343749991,"Latitude":33.8821946146,"HAB_Code":" ","Catch_Area":" ","Consul_fee":" ","Immuni_fee":" ","ACS_Code":"22155","Interview":"No","GlobalID":"fce05c24-568c-4d1e-b525-9fa8f45c7031","CreationDate":"2020-05-05T17:16:17.575","Creator":"alisaad@unhabitat","EditDate":"2020-06-16T13:48:56.881","Editor":"alisaad@unhabitat","Mohafaza":null,"Caza":null,"ACS_NAME":null,"HABITAT_Co":null,"Data_year":null,"Name_of_th":null,"Facility_t":null,"Physical_c":null,"Total_regi":null,"No__of_shi":null,"AM_shift":null,"PM_shift":null,"Over_capac":null,"Dropouts":null,"CERD":null,"School_Nam":null,"CAD_CODE":null,"secondshif":null,"Interviewe":null,"SDC_Name":null,"KADA_NA":null,"MOH_NA1":null,"OBJECTID_1":null,"Name":null,"Beds":null,"Beds_Habit":null,"Gateway_T":null,"Type_Code":null,"layer":"UNH_PHCs","path":"C:/Users/guest1/Documents/WORKING_WEB_4/WORKING_WEB.gpkg|layername=UNH_PHCs"}},
{"type":"Feature","geometry":{"type":"Point","coordinates":[35.53744410909808,33.8674443768212]},"properties":{"fid":513,"OBJECTID":102,"ID":102,"Pcode":"22155_31_002","Governorat":"Mount Lebanon","District":"El Meten","Cadaster":"Sinn El-Fil","HC_name":"CLMC Sin El Fil","MOPH":" ","Accessible":" ","Accreditat":" ","Update_Inf":" ","Thumb_url":" ","Guarantors":" ","Center_typ":"Other  PHC","Malnu_Scre":" ","Malnu_Mng":" ","Malnu_fees":" ","Longitude":35.5374441091,"Latitude":33.8674443768,"HAB_Code":" ","Catch_Area":" ","Consul_fee":" ","Immuni_fee":" ","ACS_Code":"22155","Interview":"No","GlobalID":"d32f3751-46fe-4d3a-bf57-d9b51f7f2e69","CreationDate":"2020-05-05T17:16:17.575","Creator":"alisaad@unhabitat","EditDate":"2020-05-05T17:16:17.575","Editor":"alisaad@unhabitat","Mohafaza":null,"Caza":null,"ACS_NAME":null,"HABITAT_Co":null,"Data_year":null,"Name_of_th":null,"Facility_t":null,"Physical_c":null,"Total_regi":null,"No__of_shi":null,"AM_shift":null,"PM_shift":null,"Over_capac":null,"Dropouts":null,"CERD":null,"School_Nam":null,"CAD_CODE":null,"secondshif":null,"Interviewe":null,"SDC_Name":null,"KADA_NA":null,"MOH_NA1":null,"OBJECTID_1":null,"Name":null,"Beds":null,"Beds_Habit":null,"Gateway_T":null,"Type_Code":null,"layer":"UNH_PHCs","path":"C:/Users/guest1/Documents/WORKING_WEB_4/WORKING_WEB.gpkg|layername=UNH_PHCs"}},
{"type":"Feature","geometry":{"type":"Point","coordinates":[35.540206109098044,33.87511738604587]},"properties":{"fid":514,"OBJECTID":103,"ID":103,"Pcode":"22155_31_003","Governorat":"Mount Lebanon","District":"El Meten","Cadaster":"Sinn El-Fil","HC_name":"Young Men's Christian Association","MOPH":" ","Accessible":" ","Accreditat":" ","Update_Inf":" ","Thumb_url":" ","Guarantors":" ","Center_typ":"Other  PHC","Malnu_Scre":" ","Malnu_Mng":" ","Malnu_fees":" ","Longitude":35.5402061091,"Latitude":33.875117386,"HAB_Code":" ","Catch_Area":" ","Consul_fee":" ","Immuni_fee":" ","ACS_Code":"22155","Interview":"No","GlobalID":"c0eb82e7-23b3-4d57-b1f3-262d6e7de40c","CreationDate":"2020-05-05T17:16:17.575","Creator":"alisaad@unhabitat","EditDate":"2020-05-05T17:16:17.575","Editor":"alisaad@unhabitat","Mohafaza":null,"Caza":null,"ACS_NAME":null,"HABITAT_Co":null,"Data_year":null,"Name_of_th":null,"Facility_t":null,"Physical_c":null,"Total_regi":null,"No__of_shi":null,"AM_shift":null,"PM_shift":null,"Over_capac":null,"Dropouts":null,"CERD":null,"School_Nam":null,"CAD_CODE":null,"secondshif":null,"Interviewe":null,"SDC_Name":null,"KADA_NA":null,"MOH_NA1":null,"OBJECTID_1":null,"Name":null,"Beds":null,"Beds_Habit":null,"Gateway_T":null,"Type_Code":null,"layer":"UNH_PHCs","path":"C:/Users/guest1/Documents/WORKING_WEB_4/WORKING_WEB.gpkg|layername=UNH_PHCs"}},
{"type":"Feature","geometry":{"type":"Point","coordinates":[35.53837610909807,33.880447392454776]},"properties":{"fid":515,"OBJECTID":104,"ID":104,"Pcode":"22155_31_004","Governorat":"Mount Lebanon","District":"El Meten","Cadaster":"Sinn El-Fil","HC_name":"Saydeh Dispensary","MOPH":" ","Accessible":"Leb, Syr","Accreditat":"No","Update_Inf":"2018","Thumb_url":" ","Guarantors":"MoPH","Center_typ":"Other  PHC","Malnu_Scre":" ","Malnu_Mng":" ","Malnu_fees":"NA","Longitude":35.5383761091,"Latitude":33.8804473925,"HAB_Code":" ","Catch_Area":"Maraash, Bourj-Hammoud, Sin El-Fil","Consul_fee":"7,000 to 15,000 LBP","Immuni_fee":"Free","ACS_Code":"22155","Interview":"Yes","GlobalID":"561fafce-0a08-4205-92e5-3d85d5fc2995","CreationDate":"2020-05-05T17:16:17.575","Creator":"alisaad@unhabitat","EditDate":"2020-05-05T17:16:17.575","Editor":"alisaad@unhabitat","Mohafaza":null,"Caza":null,"ACS_NAME":null,"HABITAT_Co":null,"Data_year":null,"Name_of_th":null,"Facility_t":null,"Physical_c":null,"Total_regi":null,"No__of_shi":null,"AM_shift":null,"PM_shift":null,"Over_capac":null,"Dropouts":null,"CERD":null,"School_Nam":null,"CAD_CODE":null,"secondshif":null,"Interviewe":null,"SDC_Name":null,"KADA_NA":null,"MOH_NA1":null,"OBJECTID_1":null,"Name":null,"Beds":null,"Beds_Habit":null,"Gateway_T":null,"Type_Code":null,"layer":"UNH_PHCs","path":"C:/Users/guest1/Documents/WORKING_WEB_4/WORKING_WEB.gpkg|layername=UNH_PHCs"}},
{"type":"Feature","geometry":{"type":"Point","coordinates":[35.538217109098056,33.88263939509078]},"properties":{"fid":516,"OBJECTID":105,"ID":105,"Pcode":"22155_34_001","Governorat":"Mount Lebanon","District":"El Meten","Cadaster":"Sinn El-Fil","HC_name":"SIDC Sin El-Fil","MOPH":" ","Accessible":"Leb, Syr, PRL, PRS, Others","Accreditat":" ","Update_Inf":"2019","Thumb_url":" ","Guarantors":"MoPh and LANA","Center_typ":"VCT","Malnu_Scre":" ","Malnu_Mng":" ","Malnu_fees":" ","Longitude":35.5382171091,"Latitude":33.8826394,"HAB_Code":" ","Catch_Area":"The neighbourhood and area, as well as patients from all over Lebanon ","Consul_fee":"more than 15,000 LBP","Immuni_fee":" ","ACS_Code":"22155","Interview":"Yes","GlobalID":"bb8ac048-9cde-4ec4-bef3-0aed08c12c0f","CreationDate":"2020-05-05T17:16:17.575","Creator":"alisaad@unhabitat","EditDate":"2020-06-01T18:13:22.283","Editor":"alisaad@unhabitat","Mohafaza":null,"Caza":null,"ACS_NAME":null,"HABITAT_Co":null,"Data_year":null,"Name_of_th":null,"Facility_t":null,"Physical_c":null,"Total_regi":null,"No__of_shi":null,"AM_shift":null,"PM_shift":null,"Over_capac":null,"Dropouts":null,"CERD":null,"School_Nam":null,"CAD_CODE":null,"secondshif":null,"Interviewe":null,"SDC_Name":null,"KADA_NA":null,"MOH_NA1":null,"OBJECTID_1":null,"Name":null,"Beds":null,"Beds_Habit":null,"Gateway_T":null,"Type_Code":null,"layer":"UNH_PHCs","path":"C:/Users/guest1/Documents/WORKING_WEB_4/WORKING_WEB.gpkg|layername=UNH_PHCs"}},
{"type":"Feature","geometry":{"type":"Point","coordinates":[35.53724768409806,33.87297354846829]},"properties":{"fid":517,"OBJECTID":106,"ID":106,"Pcode":"22155-40-01","Governorat":"Mount Lebanon","District":"El Meten","Cadaster":"Sinn El-Fil","HC_name":"MoSA SDC Sin El Fil","MOPH":" ","Accessible":" ","Accreditat":" ","Update_Inf":" ","Thumb_url":" ","Guarantors":" ","Center_typ":"MOSA SDC","Malnu_Scre":" ","Malnu_Mng":" ","Malnu_fees":" ","Longitude":35.5372476841,"Latitude":33.8729735485,"HAB_Code":" ","Catch_Area":" ","Consul_fee":" ","Immuni_fee":" ","ACS_Code":"22155","Interview":"No","GlobalID":"16948de4-daaa-4f8a-95a6-15f793b69174","CreationDate":"2020-05-05T17:16:17.575","Creator":"alisaad@unhabitat","EditDate":"2020-05-05T17:16:17.575","Editor":"alisaad@unhabitat","Mohafaza":null,"Caza":null,"ACS_NAME":null,"HABITAT_Co":null,"Data_year":null,"Name_of_th":null,"Facility_t":null,"Physical_c":null,"Total_regi":null,"No__of_shi":null,"AM_shift":null,"PM_shift":null,"Over_capac":null,"Dropouts":null,"CERD":null,"School_Nam":null,"CAD_CODE":null,"secondshif":null,"Interviewe":null,"SDC_Name":null,"KADA_NA":null,"MOH_NA1":null,"OBJECTID_1":null,"Name":null,"Beds":null,"Beds_Habit":null,"Gateway_T":null,"Type_Code":null,"layer":"UNH_PHCs","path":"C:/Users/guest1/Documents/WORKING_WEB_4/WORKING_WEB.gpkg|layername=UNH_PHCs"}},
{"type":"Feature","geometry":{"type":"Point","coordinates":[35.56961810909807,33.89030040430465]},"properties":{"fid":518,"OBJECTID":107,"ID":107,"Pcode":"22211_31_001","Governorat":"Mount Lebanon","District":"El Meten","Cadaster":"Jdaidet El-Matn","HC_name":"Saint Antonios Dispensary - Jdaideh","MOPH":"Yes","Accessible":" ","Accreditat":" ","Update_Inf":" ","Thumb_url":" ","Guarantors":" ","Center_typ":"MOPH PHC","Malnu_Scre":"Yes","Malnu_Mng":" ","Malnu_fees":" ","Longitude":35.5696181091,"Latitude":33.8903004043,"HAB_Code":" ","Catch_Area":" ","Consul_fee":" ","Immuni_fee":" ","ACS_Code":"22211","Interview":"No","GlobalID":"85bad011-2c66-492b-8278-89225b193b75","CreationDate":"2020-05-05T17:16:17.575","Creator":"alisaad@unhabitat","EditDate":"2020-05-05T17:16:17.575","Editor":"alisaad@unhabitat","Mohafaza":null,"Caza":null,"ACS_NAME":null,"HABITAT_Co":null,"Data_year":null,"Name_of_th":null,"Facility_t":null,"Physical_c":null,"Total_regi":null,"No__of_shi":null,"AM_shift":null,"PM_shift":null,"Over_capac":null,"Dropouts":null,"CERD":null,"School_Nam":null,"CAD_CODE":null,"secondshif":null,"Interviewe":null,"SDC_Name":null,"KADA_NA":null,"MOH_NA1":null,"OBJECTID_1":null,"Name":null,"Beds":null,"Beds_Habit":null,"Gateway_T":null,"Type_Code":null,"layer":"UNH_PHCs","path":"C:/Users/guest1/Documents/WORKING_WEB_4/WORKING_WEB.gpkg|layername=UNH_PHCs"}},
{"type":"Feature","geometry":{"type":"Point","coordinates":[35.558601109098035,33.88412539687785]},"properties":{"fid":519,"OBJECTID":108,"ID":108,"Pcode":"22228_31_002","Governorat":"Mount Lebanon","District":"El Meten","Cadaster":"Baouchriye","HC_name":"Saint Charbel Dispensary - Sad El- Bouchrieh","MOPH":" ","Accessible":" ","Accreditat":" ","Update_Inf":" ","Thumb_url":" ","Guarantors":" ","Center_typ":"Other  PHC","Malnu_Scre":" ","Malnu_Mng":" ","Malnu_fees":" ","Longitude":35.5586011091,"Latitude":33.8841253969,"HAB_Code":" ","Catch_Area":" ","Consul_fee":" ","Immuni_fee":" ","ACS_Code":"22228","Interview":"No","GlobalID":"132a4cdf-4c7e-44b9-b178-ae2e7cb4be28","CreationDate":"2020-05-05T17:16:17.575","Creator":"alisaad@unhabitat","EditDate":"2020-05-05T17:16:17.575","Editor":"alisaad@unhabitat","Mohafaza":null,"Caza":null,"ACS_NAME":null,"HABITAT_Co":null,"Data_year":null,"Name_of_th":null,"Facility_t":null,"Physical_c":null,"Total_regi":null,"No__of_shi":null,"AM_shift":null,"PM_shift":null,"Over_capac":null,"Dropouts":null,"CERD":null,"School_Nam":null,"CAD_CODE":null,"secondshif":null,"Interviewe":null,"SDC_Name":null,"KADA_NA":null,"MOH_NA1":null,"OBJECTID_1":null,"Name":null,"Beds":null,"Beds_Habit":null,"Gateway_T":null,"Type_Code":null,"layer":"UNH_PHCs","path":"C:/Users/guest1/Documents/WORKING_WEB_4/WORKING_WEB.gpkg|layername=UNH_PHCs"}},
{"type":"Feature","geometry":{"type":"Point","coordinates":[35.55893885909807,33.89415016893542]},"properties":{"fid":520,"OBJECTID":109,"ID":109,"Pcode":"22228_31_003","Governorat":"Mount Lebanon","District":"El Meten","Cadaster":"Baouchriye","HC_name":"HIV/AIDS NAP Centre","MOPH":" ","Accessible":" ","Accreditat":" ","Update_Inf":" ","Thumb_url":" ","Guarantors":" ","Center_typ":"Other  PHC","Malnu_Scre":" ","Malnu_Mng":" ","Malnu_fees":" ","Longitude":35.5589388591,"Latitude":33.8941501689,"HAB_Code":" ","Catch_Area":" ","Consul_fee":" ","Immuni_fee":" ","ACS_Code":"22228","Interview":"No","GlobalID":"0a77d826-4363-4442-8dda-2698b5137b2b","CreationDate":"2020-05-05T17:16:17.575","Creator":"alisaad@unhabitat","EditDate":"2020-06-16T13:55:25.038","Editor":"alisaad@unhabitat","Mohafaza":null,"Caza":null,"ACS_NAME":null,"HABITAT_Co":null,"Data_year":null,"Name_of_th":null,"Facility_t":null,"Physical_c":null,"Total_regi":null,"No__of_shi":null,"AM_shift":null,"PM_shift":null,"Over_capac":null,"Dropouts":null,"CERD":null,"School_Nam":null,"CAD_CODE":null,"secondshif":null,"Interviewe":null,"SDC_Name":null,"KADA_NA":null,"MOH_NA1":null,"OBJECTID_1":null,"Name":null,"Beds":null,"Beds_Habit":null,"Gateway_T":null,"Type_Code":null,"layer":"UNH_PHCs","path":"C:/Users/guest1/Documents/WORKING_WEB_4/WORKING_WEB.gpkg|layername=UNH_PHCs"}},
{"type":"Feature","geometry":{"type":"Point","coordinates":[35.56135610909807,33.89002740397629]},"properties":{"fid":521,"OBJECTID":110,"ID":110,"Pcode":"22228_31_004","Governorat":"Mount Lebanon","District":"El Meten","Cadaster":"Baouchriye","HC_name":"Jdeydeh Municipality Health Center","MOPH":"Yes","Accessible":" ","Accreditat":" ","Update_Inf":" ","Thumb_url":" ","Guarantors":" ","Center_typ":"MOPH PHC","Malnu_Scre":"Yes","Malnu_Mng":"Yes","Malnu_fees":" ","Longitude":35.5613561091,"Latitude":33.890027404,"HAB_Code":" ","Catch_Area":" ","Consul_fee":" ","Immuni_fee":" ","ACS_Code":"22228","Interview":"No","GlobalID":"c3b3cf70-69b3-4461-a83e-791c3d8ba6b2","CreationDate":"2020-05-05T17:16:17.575","Creator":"alisaad@unhabitat","EditDate":"2020-05-05T17:16:17.575","Editor":"alisaad@unhabitat","Mohafaza":null,"Caza":null,"ACS_NAME":null,"HABITAT_Co":null,"Data_year":null,"Name_of_th":null,"Facility_t":null,"Physical_c":null,"Total_regi":null,"No__of_shi":null,"AM_shift":null,"PM_shift":null,"Over_capac":null,"Dropouts":null,"CERD":null,"School_Nam":null,"CAD_CODE":null,"secondshif":null,"Interviewe":null,"SDC_Name":null,"KADA_NA":null,"MOH_NA1":null,"OBJECTID_1":null,"Name":null,"Beds":null,"Beds_Habit":null,"Gateway_T":null,"Type_Code":null,"layer":"UNH_PHCs","path":"C:/Users/guest1/Documents/WORKING_WEB_4/WORKING_WEB.gpkg|layername=UNH_PHCs"}},
{"type":"Feature","geometry":{"type":"Point","coordinates":[35.55769610909805,33.884577397421445]},"properties":{"fid":522,"OBJECTID":111,"ID":111,"Pcode":"22228_31_005","Governorat":"Mount Lebanon","District":"El Meten","Cadaster":"Baouchriye","HC_name":"CMS Saint Michel","MOPH":" ","Accessible":" ","Accreditat":" ","Update_Inf":" ","Thumb_url":" ","Guarantors":" ","Center_typ":"Other  PHC","Malnu_Scre":" ","Malnu_Mng":" ","Malnu_fees":" ","Longitude":35.5576961091,"Latitude":33.8845773974,"HAB_Code":" ","Catch_Area":" ","Consul_fee":" ","Immuni_fee":" ","ACS_Code":"22228","Interview":"No","GlobalID":"b4470292-5591-468f-a15e-526497fe85f9","CreationDate":"2020-05-05T17:16:17.575","Creator":"alisaad@unhabitat","EditDate":"2020-05-05T17:16:17.575","Editor":"alisaad@unhabitat","Mohafaza":null,"Caza":null,"ACS_NAME":null,"HABITAT_Co":null,"Data_year":null,"Name_of_th":null,"Facility_t":null,"Physical_c":null,"Total_regi":null,"No__of_shi":null,"AM_shift":null,"PM_shift":null,"Over_capac":null,"Dropouts":null,"CERD":null,"School_Nam":null,"CAD_CODE":null,"secondshif":null,"Interviewe":null,"SDC_Name":null,"KADA_NA":null,"MOH_NA1":null,"OBJECTID_1":null,"Name":null,"Beds":null,"Beds_Habit":null,"Gateway_T":null,"Type_Code":null,"layer":"UNH_PHCs","path":"C:/Users/guest1/Documents/WORKING_WEB_4/WORKING_WEB.gpkg|layername=UNH_PHCs"}},
{"type":"Feature","geometry":{"type":"Point","coordinates":[35.56041610909806,33.88675740004329]},"properties":{"fid":523,"OBJECTID":112,"ID":112,"Pcode":"22228_31_006","Governorat":"Mount Lebanon","District":"El Meten","Cadaster":"Baouchriye","HC_name":"CLMC & CC Baouchrieh","MOPH":" ","Accessible":" ","Accreditat":" ","Update_Inf":" ","Thumb_url":" ","Guarantors":" ","Center_typ":"Other  PHC","Malnu_Scre":" ","Malnu_Mng":" ","Malnu_fees":" ","Longitude":35.5604161091,"Latitude":33.8867574,"HAB_Code":" ","Catch_Area":" ","Consul_fee":" ","Immuni_fee":" ","ACS_Code":"22228","Interview":"No","GlobalID":"e4c2b6d4-c298-4ad0-9bc2-89c8061794bb","CreationDate":"2020-05-05T17:16:17.575","Creator":"alisaad@unhabitat","EditDate":"2020-05-05T17:16:17.575","Editor":"alisaad@unhabitat","Mohafaza":null,"Caza":null,"ACS_NAME":null,"HABITAT_Co":null,"Data_year":null,"Name_of_th":null,"Facility_t":null,"Physical_c":null,"Total_regi":null,"No__of_shi":null,"AM_shift":null,"PM_shift":null,"Over_capac":null,"Dropouts":null,"CERD":null,"School_Nam":null,"CAD_CODE":null,"secondshif":null,"Interviewe":null,"SDC_Name":null,"KADA_NA":null,"MOH_NA1":null,"OBJECTID_1":null,"Name":null,"Beds":null,"Beds_Habit":null,"Gateway_T":null,"Type_Code":null,"layer":"UNH_PHCs","path":"C:/Users/guest1/Documents/WORKING_WEB_4/WORKING_WEB.gpkg|layername=UNH_PHCs"}},
{"type":"Feature","geometry":{"type":"Point","coordinates":[35.56078610909804,33.88804740159477]},"properties":{"fid":524,"OBJECTID":113,"ID":113,"Pcode":"22228_31_007","Governorat":"Mount Lebanon","District":"El Meten","Cadaster":"Baouchriye","HC_name":"SYRIAN CATH.ASS.ST.FAMILLE DISPENSARY","MOPH":" ","Accessible":" ","Accreditat":" ","Update_Inf":" ","Thumb_url":" ","Guarantors":" ","Center_typ":"Other  PHC","Malnu_Scre":" ","Malnu_Mng":" ","Malnu_fees":" ","Longitude":35.5607861091,"Latitude":33.8880474016,"HAB_Code":" ","Catch_Area":" ","Consul_fee":" ","Immuni_fee":" ","ACS_Code":"22228","Interview":"No","GlobalID":"0f67716f-762d-41cb-a088-96ad89bb20bb","CreationDate":"2020-05-05T17:16:17.575","Creator":"alisaad@unhabitat","EditDate":"2020-05-05T17:16:17.575","Editor":"alisaad@unhabitat","Mohafaza":null,"Caza":null,"ACS_NAME":null,"HABITAT_Co":null,"Data_year":null,"Name_of_th":null,"Facility_t":null,"Physical_c":null,"Total_regi":null,"No__of_shi":null,"AM_shift":null,"PM_shift":null,"Over_capac":null,"Dropouts":null,"CERD":null,"School_Nam":null,"CAD_CODE":null,"secondshif":null,"Interviewe":null,"SDC_Name":null,"KADA_NA":null,"MOH_NA1":null,"OBJECTID_1":null,"Name":null,"Beds":null,"Beds_Habit":null,"Gateway_T":null,"Type_Code":null,"layer":"UNH_PHCs","path":"C:/Users/guest1/Documents/WORKING_WEB_4/WORKING_WEB.gpkg|layername=UNH_PHCs"}},
{"type":"Feature","geometry":{"type":"Point","coordinates":[35.55562610909805,33.8798573917453]},"properties":{"fid":525,"OBJECTID":114,"ID":114,"Pcode":"22228_31_008","Governorat":"Mount Lebanon","District":"El Meten","Cadaster":"Baouchriye","HC_name":"LA LIGUE DE BEINFAIS. DES DAMES DE RAWDA","MOPH":" ","Accessible":" ","Accreditat":" ","Update_Inf":" ","Thumb_url":" ","Guarantors":" ","Center_typ":"Other  PHC","Malnu_Scre":" ","Malnu_Mng":" ","Malnu_fees":" ","Longitude":35.5556261091,"Latitude":33.8798573917,"HAB_Code":" ","Catch_Area":" ","Consul_fee":" ","Immuni_fee":" ","ACS_Code":"22228","Interview":"No","GlobalID":"738f6ffe-e627-47f3-af19-1c64d9c2996a","CreationDate":"2020-05-05T17:16:17.575","Creator":"alisaad@unhabitat","EditDate":"2020-05-05T17:16:17.575","Editor":"alisaad@unhabitat","Mohafaza":null,"Caza":null,"ACS_NAME":null,"HABITAT_Co":null,"Data_year":null,"Name_of_th":null,"Facility_t":null,"Physical_c":null,"Total_regi":null,"No__of_shi":null,"AM_shift":null,"PM_shift":null,"Over_capac":null,"Dropouts":null,"CERD":null,"School_Nam":null,"CAD_CODE":null,"secondshif":null,"Interviewe":null,"SDC_Name":null,"KADA_NA":null,"MOH_NA1":null,"OBJECTID_1":null,"Name":null,"Beds":null,"Beds_Habit":null,"Gateway_T":null,"Type_Code":null,"layer":"UNH_PHCs","path":"C:/Users/guest1/Documents/WORKING_WEB_4/WORKING_WEB.gpkg|layername=UNH_PHCs"}},
{"type":"Feature","geometry":{"type":"Point","coordinates":[35.55786410909808,33.887097400452184]},"properties":{"fid":526,"OBJECTID":115,"ID":115,"Pcode":"22228_31_009","Governorat":"Mount Lebanon","District":"El Meten","Cadaster":"Baouchriye","HC_name":"LRC-Baouchrieh","MOPH":" ","Accessible":" ","Accreditat":" ","Update_Inf":" ","Thumb_url":" ","Guarantors":" ","Center_typ":"Other  PHC","Malnu_Scre":" ","Malnu_Mng":" ","Malnu_fees":" ","Longitude":35.5578641091,"Latitude":33.8870974005,"HAB_Code":" ","Catch_Area":" ","Consul_fee":" ","Immuni_fee":" ","ACS_Code":"22228","Interview":"No","GlobalID":"219e11d4-4fe5-4676-8434-3addcb50552f","CreationDate":"2020-05-05T17:16:17.575","Creator":"alisaad@unhabitat","EditDate":"2020-05-05T17:16:17.575","Editor":"alisaad@unhabitat","Mohafaza":null,"Caza":null,"ACS_NAME":null,"HABITAT_Co":null,"Data_year":null,"Name_of_th":null,"Facility_t":null,"Physical_c":null,"Total_regi":null,"No__of_shi":null,"AM_shift":null,"PM_shift":null,"Over_capac":null,"Dropouts":null,"CERD":null,"School_Nam":null,"CAD_CODE":null,"secondshif":null,"Interviewe":null,"SDC_Name":null,"KADA_NA":null,"MOH_NA1":null,"OBJECTID_1":null,"Name":null,"Beds":null,"Beds_Habit":null,"Gateway_T":null,"Type_Code":null,"layer":"UNH_PHCs","path":"C:/Users/guest1/Documents/WORKING_WEB_4/WORKING_WEB.gpkg|layername=UNH_PHCs"}},
{"type":"Feature","geometry":{"type":"Point","coordinates":[35.56085833109806,33.893230740829445]},"properties":{"fid":527,"OBJECTID":116,"ID":116,"Pcode":"22228_31_010","Governorat":"Mount Lebanon","District":"El Meten","Cadaster":"Baouchriye","HC_name":"Mar Ephrem PHC","MOPH":" ","Accessible":" ","Accreditat":" ","Update_Inf":" ","Thumb_url":" ","Guarantors":" ","Center_typ":"Other  PHC","Malnu_Scre":" ","Malnu_Mng":" ","Malnu_fees":" ","Longitude":35.5608583311,"Latitude":33.8932307408,"HAB_Code":" ","Catch_Area":" ","Consul_fee":" ","Immuni_fee":" ","ACS_Code":"22228","Interview":"No","GlobalID":"24b7f90a-0310-4f43-b2a4-8727f46f5eab","CreationDate":"2020-05-05T17:16:17.575","Creator":"alisaad@unhabitat","EditDate":"2020-05-05T17:16:17.575","Editor":"alisaad@unhabitat","Mohafaza":null,"Caza":null,"ACS_NAME":null,"HABITAT_Co":null,"Data_year":null,"Name_of_th":null,"Facility_t":null,"Physical_c":null,"Total_regi":null,"No__of_shi":null,"AM_shift":null,"PM_shift":null,"Over_capac":null,"Dropouts":null,"CERD":null,"School_Nam":null,"CAD_CODE":null,"secondshif":null,"Interviewe":null,"SDC_Name":null,"KADA_NA":null,"MOH_NA1":null,"OBJECTID_1":null,"Name":null,"Beds":null,"Beds_Habit":null,"Gateway_T":null,"Type_Code":null,"layer":"UNH_PHCs","path":"C:/Users/guest1/Documents/WORKING_WEB_4/WORKING_WEB.gpkg|layername=UNH_PHCs"}},
{"type":"Feature","geometry":{"type":"Point","coordinates":[35.558055161098075,33.883606457253755]},"properties":{"fid":528,"OBJECTID":117,"ID":117,"Pcode":"22228-40-01","Governorat":"Mount Lebanon","District":"El Meten","Cadaster":"Baouchriye","HC_name":"MoSA SDC Bauchrieh","MOPH":" ","Accessible":" ","Accreditat":" ","Update_Inf":" ","Thumb_url":" ","Guarantors":" ","Center_typ":"MOSA SDC","Malnu_Scre":" ","Malnu_Mng":" ","Malnu_fees":" ","Longitude":35.5580551611,"Latitude":33.8836064573,"HAB_Code":" ","Catch_Area":" ","Consul_fee":" ","Immuni_fee":" ","ACS_Code":"22228","Interview":"No","GlobalID":"2dffed88-94eb-4c12-8563-82e9ffe92036","CreationDate":"2020-05-05T17:16:17.575","Creator":"alisaad@unhabitat","EditDate":"2020-05-05T17:16:17.575","Editor":"alisaad@unhabitat","Mohafaza":null,"Caza":null,"ACS_NAME":null,"HABITAT_Co":null,"Data_year":null,"Name_of_th":null,"Facility_t":null,"Physical_c":null,"Total_regi":null,"No__of_shi":null,"AM_shift":null,"PM_shift":null,"Over_capac":null,"Dropouts":null,"CERD":null,"School_Nam":null,"CAD_CODE":null,"secondshif":null,"Interviewe":null,"SDC_Name":null,"KADA_NA":null,"MOH_NA1":null,"OBJECTID_1":null,"Name":null,"Beds":null,"Beds_Habit":null,"Gateway_T":null,"Type_Code":null,"layer":"UNH_PHCs","path":"C:/Users/guest1/Documents/WORKING_WEB_4/WORKING_WEB.gpkg|layername=UNH_PHCs"}},
{"type":"Feature","geometry":{"type":"Point","coordinates":[35.55246610909806,33.87111738123673]},"properties":{"fid":529,"OBJECTID":118,"ID":118,"Pcode":"22245_31_001","Governorat":"Mount Lebanon","District":"El Meten","Cadaster":"Deir mar Roukoz","HC_name":"SAYDET EL NAJAT / DEKWANEH","MOPH":" ","Accessible":" ","Accreditat":" ","Update_Inf":" ","Thumb_url":" ","Guarantors":" ","Center_typ":"Other  PHC","Malnu_Scre":" ","Malnu_Mng":" ","Malnu_fees":" ","Longitude":35.5524661091,"Latitude":33.8711173812,"HAB_Code":" ","Catch_Area":" ","Consul_fee":" ","Immuni_fee":" ","ACS_Code":"22245","Interview":"No","GlobalID":"0d6f80cd-91f0-46eb-b9c5-a5ae1e3a49a5","CreationDate":"2020-05-05T17:16:17.575","Creator":"alisaad@unhabitat","EditDate":"2020-05-05T17:16:17.575","Editor":"alisaad@unhabitat","Mohafaza":null,"Caza":null,"ACS_NAME":null,"HABITAT_Co":null,"Data_year":null,"Name_of_th":null,"Facility_t":null,"Physical_c":null,"Total_regi":null,"No__of_shi":null,"AM_shift":null,"PM_shift":null,"Over_capac":null,"Dropouts":null,"CERD":null,"School_Nam":null,"CAD_CODE":null,"secondshif":null,"Interviewe":null,"SDC_Name":null,"KADA_NA":null,"MOH_NA1":null,"OBJECTID_1":null,"Name":null,"Beds":null,"Beds_Habit":null,"Gateway_T":null,"Type_Code":null,"layer":"UNH_PHCs","path":"C:/Users/guest1/Documents/WORKING_WEB_4/WORKING_WEB.gpkg|layername=UNH_PHCs"}},
{"type":"Feature","geometry":{"type":"Point","coordinates":[35.54757679322009,33.8769532223794]},"properties":{"fid":530,"OBJECTID":119,"ID":119,"Pcode":"22262_31_001","Governorat":"Mount Lebanon","District":"El Meten","Cadaster":"Dekouane","HC_name":"Jamiat Ittihad El-Kouloub Dispensary","MOPH":" ","Accessible":"Leb, Syr","Accreditat":"No","Update_Inf":"2018","Thumb_url":" ","Guarantors":"MoPH","Center_typ":"Other  PHC","Malnu_Scre":" ","Malnu_Mng":" ","Malnu_fees":"NA","Longitude":35.5486861091,"Latitude":33.8764273876,"HAB_Code":" ","Catch_Area":"Dekwaneh, Hazmieh, Ain El-Remeneh","Consul_fee":"7,500 LBP","Immuni_fee":"NA","ACS_Code":"22262","Interview":"Yes","GlobalID":"4c5eaa50-34ce-4860-8ba0-4dfa309be855","CreationDate":"2020-05-05T17:16:17.575","Creator":"alisaad@unhabitat","EditDate":"2020-05-05T17:16:17.575","Editor":"alisaad@unhabitat","Mohafaza":null,"Caza":null,"ACS_NAME":null,"HABITAT_Co":null,"Data_year":null,"Name_of_th":null,"Facility_t":null,"Physical_c":null,"Total_regi":null,"No__of_shi":null,"AM_shift":null,"PM_shift":null,"Over_capac":null,"Dropouts":null,"CERD":null,"School_Nam":null,"CAD_CODE":null,"secondshif":null,"Interviewe":null,"SDC_Name":null,"KADA_NA":null,"MOH_NA1":null,"OBJECTID_1":null,"Name":null,"Beds":null,"Beds_Habit":null,"Gateway_T":null,"Type_Code":null,"layer":"UNH_PHCs","path":"C:/Users/guest1/Documents/WORKING_WEB_4/WORKING_WEB.gpkg|layername=UNH_PHCs"}},
{"type":"Feature","geometry":{"type":"Point","coordinates":[35.551576109098036,33.87720738855886]},"properties":{"fid":531,"OBJECTID":120,"ID":120,"Pcode":"22262_31_002","Governorat":"Mount Lebanon","District":"El Meten","Cadaster":"Dekouane","HC_name":"Dekwaneh Municipal Dispensary","MOPH":" ","Accessible":"Leb, Syr, PRL, PRS, Others","Accreditat":"MoPH","Update_Inf":"2019","Thumb_url":" ","Guarantors":"MoPH","Center_typ":"Other  PHC","Malnu_Scre":" ","Malnu_Mng":" ","Malnu_fees":"Free","Longitude":35.5515761091,"Latitude":33.8772073886,"HAB_Code":" ","Catch_Area":"Bourj Hammoud,Sin El Fil, Dekwaneh, Jdeideh","Consul_fee":"Free","Immuni_fee":"Free","ACS_Code":"22262","Interview":"Yes","GlobalID":"af5ec422-f311-4463-9590-682c0b552dc2","CreationDate":"2020-05-05T17:16:17.575","Creator":"alisaad@unhabitat","EditDate":"2020-06-01T18:05:49.554","Editor":"alisaad@unhabitat","Mohafaza":null,"Caza":null,"ACS_NAME":null,"HABITAT_Co":null,"Data_year":null,"Name_of_th":null,"Facility_t":null,"Physical_c":null,"Total_regi":null,"No__of_shi":null,"AM_shift":null,"PM_shift":null,"Over_capac":null,"Dropouts":null,"CERD":null,"School_Nam":null,"CAD_CODE":null,"secondshif":null,"Interviewe":null,"SDC_Name":null,"KADA_NA":null,"MOH_NA1":null,"OBJECTID_1":null,"Name":null,"Beds":null,"Beds_Habit":null,"Gateway_T":null,"Type_Code":null,"layer":"UNH_PHCs","path":"C:/Users/guest1/Documents/WORKING_WEB_4/WORKING_WEB.gpkg|layername=UNH_PHCs"}},
{"type":"Feature","geometry":{"type":"Point","coordinates":[35.59322410909805,33.914738433708415]},"properties":{"fid":532,"OBJECTID":121,"ID":121,"Pcode":"22311_31_001","Governorat":"Mount Lebanon","District":"El Meten","Cadaster":"Antelias","HC_name":"LRC-Antelias","MOPH":" ","Accessible":" ","Accreditat":" ","Update_Inf":" ","Thumb_url":" ","Guarantors":" ","Center_typ":"Other  PHC","Malnu_Scre":" ","Malnu_Mng":" ","Malnu_fees":" ","Longitude":35.5932241091,"Latitude":33.9147384337,"HAB_Code":" ","Catch_Area":" ","Consul_fee":" ","Immuni_fee":" ","ACS_Code":"22311","Interview":"No","GlobalID":"f769c77d-2345-40fb-8af1-2031c0c10528","CreationDate":"2020-05-05T17:16:17.575","Creator":"alisaad@unhabitat","EditDate":"2020-05-05T17:16:17.575","Editor":"alisaad@unhabitat","Mohafaza":null,"Caza":null,"ACS_NAME":null,"HABITAT_Co":null,"Data_year":null,"Name_of_th":null,"Facility_t":null,"Physical_c":null,"Total_regi":null,"No__of_shi":null,"AM_shift":null,"PM_shift":null,"Over_capac":null,"Dropouts":null,"CERD":null,"School_Nam":null,"CAD_CODE":null,"secondshif":null,"Interviewe":null,"SDC_Name":null,"KADA_NA":null,"MOH_NA1":null,"OBJECTID_1":null,"Name":null,"Beds":null,"Beds_Habit":null,"Gateway_T":null,"Type_Code":null,"layer":"UNH_PHCs","path":"C:/Users/guest1/Documents/WORKING_WEB_4/WORKING_WEB.gpkg|layername=UNH_PHCs"}},
{"type":"Feature","geometry":{"type":"Point","coordinates":[35.59171270109805,33.91500030402366]},"properties":{"fid":533,"OBJECTID":122,"ID":122,"Pcode":"22311-40-01","Governorat":"Mount Lebanon","District":"El Meten","Cadaster":"Antelias","HC_name":"MoSA SDC Antelias","MOPH":" ","Accessible":" ","Accreditat":" ","Update_Inf":" ","Thumb_url":" ","Guarantors":" ","Center_typ":"MOSA SDC","Malnu_Scre":" ","Malnu_Mng":" ","Malnu_fees":" ","Longitude":35.5917127011,"Latitude":33.915000304,"HAB_Code":" ","Catch_Area":" ","Consul_fee":" ","Immuni_fee":" ","ACS_Code":"22311","Interview":"No","GlobalID":"016345e3-1c22-424c-8faa-ca38a1415059","CreationDate":"2020-05-05T17:16:17.575","Creator":"alisaad@unhabitat","EditDate":"2020-05-05T17:16:17.575","Editor":"alisaad@unhabitat","Mohafaza":null,"Caza":null,"ACS_NAME":null,"HABITAT_Co":null,"Data_year":null,"Name_of_th":null,"Facility_t":null,"Physical_c":null,"Total_regi":null,"No__of_shi":null,"AM_shift":null,"PM_shift":null,"Over_capac":null,"Dropouts":null,"CERD":null,"School_Nam":null,"CAD_CODE":null,"secondshif":null,"Interviewe":null,"SDC_Name":null,"KADA_NA":null,"MOH_NA1":null,"OBJECTID_1":null,"Name":null,"Beds":null,"Beds_Habit":null,"Gateway_T":null,"Type_Code":null,"layer":"UNH_PHCs","path":"C:/Users/guest1/Documents/WORKING_WEB_4/WORKING_WEB.gpkg|layername=UNH_PHCs"}},
{"type":"Feature","geometry":{"type":"Point","coordinates":[35.580917109098024,33.90613342335277]},"properties":{"fid":534,"OBJECTID":123,"ID":123,"Pcode":"22327_31_001","Governorat":"Mount Lebanon","District":"El Meten","Cadaster":"Jall Ed-Did","HC_name":"LRC-Jal El Dib","MOPH":" ","Accessible":" ","Accreditat":" ","Update_Inf":" ","Thumb_url":" ","Guarantors":" ","Center_typ":"Other  PHC","Malnu_Scre":" ","Malnu_Mng":" ","Malnu_fees":" ","Longitude":35.5809171091,"Latitude":33.9061334234,"HAB_Code":" ","Catch_Area":" ","Consul_fee":" ","Immuni_fee":" ","ACS_Code":"22327","Interview":"No","GlobalID":"c3f7eb93-6327-4e87-a88d-69844c9832ea","CreationDate":"2020-05-05T17:16:17.575","Creator":"alisaad@unhabitat","EditDate":"2020-05-05T17:16:17.575","Editor":"alisaad@unhabitat","Mohafaza":null,"Caza":null,"ACS_NAME":null,"HABITAT_Co":null,"Data_year":null,"Name_of_th":null,"Facility_t":null,"Physical_c":null,"Total_regi":null,"No__of_shi":null,"AM_shift":null,"PM_shift":null,"Over_capac":null,"Dropouts":null,"CERD":null,"School_Nam":null,"CAD_CODE":null,"secondshif":null,"Interviewe":null,"SDC_Name":null,"KADA_NA":null,"MOH_NA1":null,"OBJECTID_1":null,"Name":null,"Beds":null,"Beds_Habit":null,"Gateway_T":null,"Type_Code":null,"layer":"UNH_PHCs","path":"C:/Users/guest1/Documents/WORKING_WEB_4/WORKING_WEB.gpkg|layername=UNH_PHCs"}},
{"type":"Feature","geometry":{"type":"Point","coordinates":[35.59908610909803,33.92708744857388]},"properties":{"fid":535,"OBJECTID":124,"ID":124,"Pcode":"22335_31_001","Governorat":"Mount Lebanon","District":"El Meten","Cadaster":"Naqqach","HC_name":"FAYEZ MOUAWAD FOUNDATION / NACCACH","MOPH":" ","Accessible":" ","Accreditat":" ","Update_Inf":" ","Thumb_url":" ","Guarantors":" ","Center_typ":"Other  PHC","Malnu_Scre":" ","Malnu_Mng":" ","Malnu_fees":" ","Longitude":35.5990861091,"Latitude":33.9270874486,"HAB_Code":" ","Catch_Area":" ","Consul_fee":" ","Immuni_fee":" ","ACS_Code":"22335","Interview":"No","GlobalID":"ff6ac6f5-8b49-46f8-ac69-0d9d29d1d4ac","CreationDate":"2020-05-05T17:16:17.575","Creator":"alisaad@unhabitat","EditDate":"2020-05-05T17:16:17.575","Editor":"alisaad@unhabitat","Mohafaza":null,"Caza":null,"ACS_NAME":null,"HABITAT_Co":null,"Data_year":null,"Name_of_th":null,"Facility_t":null,"Physical_c":null,"Total_regi":null,"No__of_shi":null,"AM_shift":null,"PM_shift":null,"Over_capac":null,"Dropouts":null,"CERD":null,"School_Nam":null,"CAD_CODE":null,"secondshif":null,"Interviewe":null,"SDC_Name":null,"KADA_NA":null,"MOH_NA1":null,"OBJECTID_1":null,"Name":null,"Beds":null,"Beds_Habit":null,"Gateway_T":null,"Type_Code":null,"layer":"UNH_PHCs","path":"C:/Users/guest1/Documents/WORKING_WEB_4/WORKING_WEB.gpkg|layername=UNH_PHCs"}},
{"type":"Feature","geometry":{"type":"Point","coordinates":[35.57940610909803,33.898287413912584]},"properties":{"fid":536,"OBJECTID":125,"ID":125,"Pcode":"22351_31_001","Governorat":"Mount Lebanon","District":"El Meten","Cadaster":"Zalqa","HC_name":"SAINT VINCENT DE PAUL / ZALKA","MOPH":" ","Accessible":" ","Accreditat":" ","Update_Inf":" ","Thumb_url":" ","Guarantors":" ","Center_typ":"Other  PHC","Malnu_Scre":" ","Malnu_Mng":" ","Malnu_fees":" ","Longitude":35.5794061091,"Latitude":33.8982874139,"HAB_Code":" ","Catch_Area":" ","Consul_fee":" ","Immuni_fee":" ","ACS_Code":"22351","Interview":"No","GlobalID":"ee34cbfe-5149-4eca-ad44-4eff92da1676","CreationDate":"2020-05-05T17:16:17.575","Creator":"alisaad@unhabitat","EditDate":"2020-05-05T17:16:17.575","Editor":"alisaad@unhabitat","Mohafaza":null,"Caza":null,"ACS_NAME":null,"HABITAT_Co":null,"Data_year":null,"Name_of_th":null,"Facility_t":null,"Physical_c":null,"Total_regi":null,"No__of_shi":null,"AM_shift":null,"PM_shift":null,"Over_capac":null,"Dropouts":null,"CERD":null,"School_Nam":null,"CAD_CODE":null,"secondshif":null,"Interviewe":null,"SDC_Name":null,"KADA_NA":null,"MOH_NA1":null,"OBJECTID_1":null,"Name":null,"Beds":null,"Beds_Habit":null,"Gateway_T":null,"Type_Code":null,"layer":"UNH_PHCs","path":"C:/Users/guest1/Documents/WORKING_WEB_4/WORKING_WEB.gpkg|layername=UNH_PHCs"}},
{"type":"Feature","geometry":{"type":"Point","coordinates":[35.592976109098046,33.93911746305986]},"properties":{"fid":537,"OBJECTID":126,"ID":126,"Pcode":"22375_31_002","Governorat":"Mount Lebanon","District":"El Meten","Cadaster":"Dbaye","HC_name":"DBAYEH MUNICIPAL DISPENSARY","MOPH":" ","Accessible":" ","Accreditat":" ","Update_Inf":" ","Thumb_url":" ","Guarantors":" ","Center_typ":"Other  PHC","Malnu_Scre":" ","Malnu_Mng":" ","Malnu_fees":" ","Longitude":35.5929761091,"Latitude":33.9391174631,"HAB_Code":" ","Catch_Area":" ","Consul_fee":" ","Immuni_fee":" ","ACS_Code":"22375","Interview":"No","GlobalID":"ef2017f1-23c0-4d91-b176-3873060a5cdb","CreationDate":"2020-05-05T17:16:17.575","Creator":"alisaad@unhabitat","EditDate":"2020-05-05T17:16:17.575","Editor":"alisaad@unhabitat","Mohafaza":null,"Caza":null,"ACS_NAME":null,"HABITAT_Co":null,"Data_year":null,"Name_of_th":null,"Facility_t":null,"Physical_c":null,"Total_regi":null,"No__of_shi":null,"AM_shift":null,"PM_shift":null,"Over_capac":null,"Dropouts":null,"CERD":null,"School_Nam":null,"CAD_CODE":null,"secondshif":null,"Interviewe":null,"SDC_Name":null,"KADA_NA":null,"MOH_NA1":null,"OBJECTID_1":null,"Name":null,"Beds":null,"Beds_Habit":null,"Gateway_T":null,"Type_Code":null,"layer":"UNH_PHCs","path":"C:/Users/guest1/Documents/WORKING_WEB_4/WORKING_WEB.gpkg|layername=UNH_PHCs"}},
{"type":"Feature","geometry":{"type":"Point","coordinates":[35.56977610909808,33.8583373658749]},"properties":{"fid":538,"OBJECTID":127,"ID":127,"Pcode":"22411_31_001","Governorat":"Mount Lebanon","District":"El Meten","Cadaster":"Mansouriyet El-Matn","HC_name":"MANSOURYEH DISP FOR SOCIAL WELFARE","MOPH":" ","Accessible":" ","Accreditat":" ","Update_Inf":" ","Thumb_url":" ","Guarantors":" ","Center_typ":"Other  PHC","Malnu_Scre":" ","Malnu_Mng":" ","Malnu_fees":" ","Longitude":35.5697761091,"Latitude":33.8583373659,"HAB_Code":" ","Catch_Area":" ","Consul_fee":" ","Immuni_fee":" ","ACS_Code":"22411","Interview":"No","GlobalID":"db6114a7-2096-49e8-9a2b-21a13c6c632f","CreationDate":"2020-05-05T17:16:17.575","Creator":"alisaad@unhabitat","EditDate":"2020-05-05T17:16:17.575","Editor":"alisaad@unhabitat","Mohafaza":null,"Caza":null,"ACS_NAME":null,"HABITAT_Co":null,"Data_year":null,"Name_of_th":null,"Facility_t":null,"Physical_c":null,"Total_regi":null,"No__of_shi":null,"AM_shift":null,"PM_shift":null,"Over_capac":null,"Dropouts":null,"CERD":null,"School_Nam":null,"CAD_CODE":null,"secondshif":null,"Interviewe":null,"SDC_Name":null,"KADA_NA":null,"MOH_NA1":null,"OBJECTID_1":null,"Name":null,"Beds":null,"Beds_Habit":null,"Gateway_T":null,"Type_Code":null,"layer":"UNH_PHCs","path":"C:/Users/guest1/Documents/WORKING_WEB_4/WORKING_WEB.gpkg|layername=UNH_PHCs"}},
{"type":"Feature","geometry":{"type":"Point","coordinates":[35.57514310909805,33.87894939065347]},"properties":{"fid":539,"OBJECTID":128,"ID":128,"Pcode":"22419_31_001","Governorat":"Mount Lebanon","District":"El Meten","Cadaster":"Fanar","HC_name":"Socio-Medical Centre - El Fanar","MOPH":"Yes","Accessible":" ","Accreditat":" ","Update_Inf":" ","Thumb_url":" ","Guarantors":" ","Center_typ":"MOPH PHC","Malnu_Scre":"Yes","Malnu_Mng":" ","Malnu_fees":" ","Longitude":35.5751431091,"Latitude":33.8789493907,"HAB_Code":" ","Catch_Area":" ","Consul_fee":" ","Immuni_fee":" ","ACS_Code":"22419","Interview":"No","GlobalID":"83b57fda-78ab-42dd-841b-0bb8551fbbc7","CreationDate":"2020-05-05T17:16:17.575","Creator":"alisaad@unhabitat","EditDate":"2020-06-16T13:42:09.591","Editor":"alisaad@unhabitat","Mohafaza":null,"Caza":null,"ACS_NAME":null,"HABITAT_Co":null,"Data_year":null,"Name_of_th":null,"Facility_t":null,"Physical_c":null,"Total_regi":null,"No__of_shi":null,"AM_shift":null,"PM_shift":null,"Over_capac":null,"Dropouts":null,"CERD":null,"School_Nam":null,"CAD_CODE":null,"secondshif":null,"Interviewe":null,"SDC_Name":null,"KADA_NA":null,"MOH_NA1":null,"OBJECTID_1":null,"Name":null,"Beds":null,"Beds_Habit":null,"Gateway_T":null,"Type_Code":null,"layer":"UNH_PHCs","path":"C:/Users/guest1/Documents/WORKING_WEB_4/WORKING_WEB.gpkg|layername=UNH_PHCs"}},
{"type":"Feature","geometry":{"type":"Point","coordinates":[35.56979610909808,33.880277392250385]},"properties":{"fid":540,"OBJECTID":129,"ID":129,"Pcode":"22419_31_002","Governorat":"Mount Lebanon","District":"El Meten","Cadaster":"Fanar","HC_name":"EVANGELICAL CHURCH DISP. FANAR","MOPH":" ","Accessible":" ","Accreditat":" ","Update_Inf":" ","Thumb_url":" ","Guarantors":" ","Center_typ":"Other  PHC","Malnu_Scre":" ","Malnu_Mng":" ","Malnu_fees":" ","Longitude":35.5697961091,"Latitude":33.8802773923,"HAB_Code":" ","Catch_Area":" ","Consul_fee":" ","Immuni_fee":" ","ACS_Code":"22419","Interview":"No","GlobalID":"6ecdc5ef-fdeb-4ab1-9654-3d77fb8b9e15","CreationDate":"2020-05-05T17:16:17.575","Creator":"alisaad@unhabitat","EditDate":"2020-05-05T17:16:17.575","Editor":"alisaad@unhabitat","Mohafaza":null,"Caza":null,"ACS_NAME":null,"HABITAT_Co":null,"Data_year":null,"Name_of_th":null,"Facility_t":null,"Physical_c":null,"Total_regi":null,"No__of_shi":null,"AM_shift":null,"PM_shift":null,"Over_capac":null,"Dropouts":null,"CERD":null,"School_Nam":null,"CAD_CODE":null,"secondshif":null,"Interviewe":null,"SDC_Name":null,"KADA_NA":null,"MOH_NA1":null,"OBJECTID_1":null,"Name":null,"Beds":null,"Beds_Habit":null,"Gateway_T":null,"Type_Code":null,"layer":"UNH_PHCs","path":"C:/Users/guest1/Documents/WORKING_WEB_4/WORKING_WEB.gpkg|layername=UNH_PHCs"}},
{"type":"Feature","geometry":{"type":"Point","coordinates":[35.593253714098054,33.88241483782073]},"properties":{"fid":541,"OBJECTID":130,"ID":130,"Pcode":"22427-40-01","Governorat":"Mount Lebanon","District":"El Meten","Cadaster":"Roumie","HC_name":"MoSA SDC Roumieh","MOPH":" ","Accessible":" ","Accreditat":" ","Update_Inf":" ","Thumb_url":" ","Guarantors":" ","Center_typ":"MOSA SDC","Malnu_Scre":" ","Malnu_Mng":" ","Malnu_fees":" ","Longitude":35.5932537141,"Latitude":33.8824148378,"HAB_Code":" ","Catch_Area":" ","Consul_fee":" ","Immuni_fee":" ","ACS_Code":"22427","Interview":"No","GlobalID":"e0f16bcd-a4fa-4f41-bdca-776f36187aff","CreationDate":"2020-05-05T17:16:17.575","Creator":"alisaad@unhabitat","EditDate":"2020-05-05T17:16:17.575","Editor":"alisaad@unhabitat","Mohafaza":null,"Caza":null,"ACS_NAME":null,"HABITAT_Co":null,"Data_year":null,"Name_of_th":null,"Facility_t":null,"Physical_c":null,"Total_regi":null,"No__of_shi":null,"AM_shift":null,"PM_shift":null,"Over_capac":null,"Dropouts":null,"CERD":null,"School_Nam":null,"CAD_CODE":null,"secondshif":null,"Interviewe":null,"SDC_Name":null,"KADA_NA":null,"MOH_NA1":null,"OBJECTID_1":null,"Name":null,"Beds":null,"Beds_Habit":null,"Gateway_T":null,"Type_Code":null,"layer":"UNH_PHCs","path":"C:/Users/guest1/Documents/WORKING_WEB_4/WORKING_WEB.gpkg|layername=UNH_PHCs"}},
{"type":"Feature","geometry":{"type":"Point","coordinates":[35.623956109098046,33.89987741582545]},"properties":{"fid":542,"OBJECTID":131,"ID":131,"Pcode":"22443_31_001","Governorat":"Mount Lebanon","District":"El Meten","Cadaster":"Nabay","HC_name":"IM EL MAOUNAT DISPENSARY / NABAY","MOPH":" ","Accessible":" ","Accreditat":" ","Update_Inf":" ","Thumb_url":" ","Guarantors":" ","Center_typ":"Other  PHC","Malnu_Scre":" ","Malnu_Mng":" ","Malnu_fees":" ","Longitude":35.6239561091,"Latitude":33.8998774158,"HAB_Code":" ","Catch_Area":" ","Consul_fee":" ","Immuni_fee":" ","ACS_Code":"22443","Interview":"No","GlobalID":"a5d0ae14-dbfa-4139-8841-f8a42522dd36","CreationDate":"2020-05-05T17:16:17.575","Creator":"alisaad@unhabitat","EditDate":"2020-05-05T17:16:17.575","Editor":"alisaad@unhabitat","Mohafaza":null,"Caza":null,"ACS_NAME":null,"HABITAT_Co":null,"Data_year":null,"Name_of_th":null,"Facility_t":null,"Physical_c":null,"Total_regi":null,"No__of_shi":null,"AM_shift":null,"PM_shift":null,"Over_capac":null,"Dropouts":null,"CERD":null,"School_Nam":null,"CAD_CODE":null,"secondshif":null,"Interviewe":null,"SDC_Name":null,"KADA_NA":null,"MOH_NA1":null,"OBJECTID_1":null,"Name":null,"Beds":null,"Beds_Habit":null,"Gateway_T":null,"Type_Code":null,"layer":"UNH_PHCs","path":"C:/Users/guest1/Documents/WORKING_WEB_4/WORKING_WEB.gpkg|layername=UNH_PHCs"}},
{"type":"Feature","geometry":{"type":"Point","coordinates":[35.64563610909805,33.919637439605175]},"properties":{"fid":543,"OBJECTID":132,"ID":132,"Pcode":"22455_31_001","Governorat":"Mount Lebanon","District":"El Meten","Cadaster":"Qornet Chehouane","HC_name":"SAINT VINCENT DE PAUL / KORNET SHEHWAN","MOPH":" ","Accessible":" ","Accreditat":" ","Update_Inf":" ","Thumb_url":" ","Guarantors":" ","Center_typ":"Other  PHC","Malnu_Scre":" ","Malnu_Mng":" ","Malnu_fees":" ","Longitude":35.6456361091,"Latitude":33.9196374396,"HAB_Code":" ","Catch_Area":" ","Consul_fee":" ","Immuni_fee":" ","ACS_Code":"22455","Interview":"No","GlobalID":"ee9cbf9d-489e-4ac8-93b2-7cec9ce8420e","CreationDate":"2020-05-05T17:16:17.575","Creator":"alisaad@unhabitat","EditDate":"2020-05-05T17:16:17.575","Editor":"alisaad@unhabitat","Mohafaza":null,"Caza":null,"ACS_NAME":null,"HABITAT_Co":null,"Data_year":null,"Name_of_th":null,"Facility_t":null,"Physical_c":null,"Total_regi":null,"No__of_shi":null,"AM_shift":null,"PM_shift":null,"Over_capac":null,"Dropouts":null,"CERD":null,"School_Nam":null,"CAD_CODE":null,"secondshif":null,"Interviewe":null,"SDC_Name":null,"KADA_NA":null,"MOH_NA1":null,"OBJECTID_1":null,"Name":null,"Beds":null,"Beds_Habit":null,"Gateway_T":null,"Type_Code":null,"layer":"UNH_PHCs","path":"C:/Users/guest1/Documents/WORKING_WEB_4/WORKING_WEB.gpkg|layername=UNH_PHCs"}},
{"type":"Feature","geometry":{"type":"Point","coordinates":[35.596266109098046,33.944127469094035]},"properties":{"fid":544,"OBJECTID":133,"ID":133,"Pcode":"22467_31_001","Governorat":"Mount Lebanon","District":"El Meten","Cadaster":"Zouk El-Kharab","HC_name":"WOMEN CHARITABLE ASS. DBAYEH","MOPH":" ","Accessible":" ","Accreditat":" ","Update_Inf":" ","Thumb_url":" ","Guarantors":" ","Center_typ":"Other  PHC","Malnu_Scre":" ","Malnu_Mng":" ","Malnu_fees":" ","Longitude":35.5962661091,"Latitude":33.9441274691,"HAB_Code":" ","Catch_Area":" ","Consul_fee":" ","Immuni_fee":" ","ACS_Code":"22467","Interview":"No","GlobalID":"8dba982f-be4b-47de-92ef-b42f7ba71f8e","CreationDate":"2020-05-05T17:16:17.575","Creator":"alisaad@unhabitat","EditDate":"2020-05-05T17:16:17.575","Editor":"alisaad@unhabitat","Mohafaza":null,"Caza":null,"ACS_NAME":null,"HABITAT_Co":null,"Data_year":null,"Name_of_th":null,"Facility_t":null,"Physical_c":null,"Total_regi":null,"No__of_shi":null,"AM_shift":null,"PM_shift":null,"Over_capac":null,"Dropouts":null,"CERD":null,"School_Nam":null,"CAD_CODE":null,"secondshif":null,"Interviewe":null,"SDC_Name":null,"KADA_NA":null,"MOH_NA1":null,"OBJECTID_1":null,"Name":null,"Beds":null,"Beds_Habit":null,"Gateway_T":null,"Type_Code":null,"layer":"UNH_PHCs","path":"C:/Users/guest1/Documents/WORKING_WEB_4/WORKING_WEB.gpkg|layername=UNH_PHCs"}},
{"type":"Feature","geometry":null,"properties":{"fid":545,"OBJECTID":134,"ID":134,"Pcode":"22467_31_002","Governorat":"Mount Lebanon","District":"El Meten","Cadaster":"Zouk El-Kharab","HC_name":"CLMC Education Center- Zouk el Khrab","MOPH":" ","Accessible":" ","Accreditat":" ","Update_Inf":" ","Thumb_url":" ","Guarantors":" ","Center_typ":"Other  PHC","Malnu_Scre":" ","Malnu_Mng":" ","Malnu_fees":" ","Longitude":null,"Latitude":null,"HAB_Code":" ","Catch_Area":" ","Consul_fee":" ","Immuni_fee":" ","ACS_Code":"22467","Interview":"No","GlobalID":"ce281da0-7b99-4a05-8154-7962215573a7","CreationDate":"2020-05-05T17:16:17.575","Creator":"alisaad@unhabitat","EditDate":"2020-05-05T17:16:17.575","Editor":"alisaad@unhabitat","Mohafaza":null,"Caza":null,"ACS_NAME":null,"HABITAT_Co":null,"Data_year":null,"Name_of_th":null,"Facility_t":null,"Physical_c":null,"Total_regi":null,"No__of_shi":null,"AM_shift":null,"PM_shift":null,"Over_capac":null,"Dropouts":null,"CERD":null,"School_Nam":null,"CAD_CODE":null,"secondshif":null,"Interviewe":null,"SDC_Name":null,"KADA_NA":null,"MOH_NA1":null,"OBJECTID_1":null,"Name":null,"Beds":null,"Beds_Habit":null,"Gateway_T":null,"Type_Code":null,"layer":"UNH_PHCs","path":"C:/Users/guest1/Documents/WORKING_WEB_4/WORKING_WEB.gpkg|layername=UNH_PHCs"}},
{"type":"Feature","geometry":{"type":"Point","coordinates":[35.599477776098055,33.94969747580357]},"properties":{"fid":546,"OBJECTID":135,"ID":135,"Pcode":"22467_31_003","Governorat":"Mount Lebanon","District":"El Meten","Cadaster":"Zouk El-Kharab","HC_name":"UNRWA-Dbayeh HC","MOPH":" ","Accessible":" ","Accreditat":" ","Update_Inf":" ","Thumb_url":" ","Guarantors":" ","Center_typ":"Other  PHC","Malnu_Scre":" ","Malnu_Mng":" ","Malnu_fees":" ","Longitude":35.5994777761,"Latitude":33.9496974758,"HAB_Code":" ","Catch_Area":" ","Consul_fee":" ","Immuni_fee":" ","ACS_Code":"22467","Interview":"No","GlobalID":"35b9f14f-8a6b-4664-b120-f4944d693484","CreationDate":"2020-05-05T17:16:17.575","Creator":"alisaad@unhabitat","EditDate":"2020-05-05T17:16:17.575","Editor":"alisaad@unhabitat","Mohafaza":null,"Caza":null,"ACS_NAME":null,"HABITAT_Co":null,"Data_year":null,"Name_of_th":null,"Facility_t":null,"Physical_c":null,"Total_regi":null,"No__of_shi":null,"AM_shift":null,"PM_shift":null,"Over_capac":null,"Dropouts":null,"CERD":null,"School_Nam":null,"CAD_CODE":null,"secondshif":null,"Interviewe":null,"SDC_Name":null,"KADA_NA":null,"MOH_NA1":null,"OBJECTID_1":null,"Name":null,"Beds":null,"Beds_Habit":null,"Gateway_T":null,"Type_Code":null,"layer":"UNH_PHCs","path":"C:/Users/guest1/Documents/WORKING_WEB_4/WORKING_WEB.gpkg|layername=UNH_PHCs"}},
{"type":"Feature","geometry":{"type":"Point","coordinates":[35.63622610909805,33.92915745106615]},"properties":{"fid":547,"OBJECTID":136,"ID":136,"Pcode":"22475_31_001","Governorat":"Mount Lebanon","District":"El Meten","Cadaster":"Mazraat Yachouaa","HC_name":"MAZRAET YACHOUH MUNICIPAL DISPENSARY","MOPH":" ","Accessible":" ","Accreditat":" ","Update_Inf":" ","Thumb_url":" ","Guarantors":" ","Center_typ":"Other  PHC","Malnu_Scre":" ","Malnu_Mng":" ","Malnu_fees":" ","Longitude":35.6362261091,"Latitude":33.9291574511,"HAB_Code":" ","Catch_Area":" ","Consul_fee":" ","Immuni_fee":" ","ACS_Code":"22475","Interview":"No","GlobalID":"8bdda826-120c-40cd-b2cd-cac0092b538c","CreationDate":"2020-05-05T17:16:17.575","Creator":"alisaad@unhabitat","EditDate":"2020-05-05T17:16:17.575","Editor":"alisaad@unhabitat","Mohafaza":null,"Caza":null,"ACS_NAME":null,"HABITAT_Co":null,"Data_year":null,"Name_of_th":null,"Facility_t":null,"Physical_c":null,"Total_regi":null,"No__of_shi":null,"AM_shift":null,"PM_shift":null,"Over_capac":null,"Dropouts":null,"CERD":null,"School_Nam":null,"CAD_CODE":null,"secondshif":null,"Interviewe":null,"SDC_Name":null,"KADA_NA":null,"MOH_NA1":null,"OBJECTID_1":null,"Name":null,"Beds":null,"Beds_Habit":null,"Gateway_T":null,"Type_Code":null,"layer":"UNH_PHCs","path":"C:/Users/guest1/Documents/WORKING_WEB_4/WORKING_WEB.gpkg|layername=UNH_PHCs"}},
{"type":"Feature","geometry":{"type":"Point","coordinates":[35.68524701909807,33.92033704044734]},"properties":{"fid":548,"OBJECTID":137,"ID":137,"Pcode":"22511_31_001","Governorat":"Mount Lebanon","District":"El Meten","Cadaster":"Bikfaya","HC_name":"Public Aid Center / Bikfaya","MOPH":" ","Accessible":" ","Accreditat":" ","Update_Inf":" ","Thumb_url":" ","Guarantors":" ","Center_typ":"Other  PHC","Malnu_Scre":" ","Malnu_Mng":" ","Malnu_fees":" ","Longitude":35.6852470191,"Latitude":33.9203370404,"HAB_Code":" ","Catch_Area":" ","Consul_fee":" ","Immuni_fee":" ","ACS_Code":"22511","Interview":"No","GlobalID":"44fc5fb1-377b-45af-bedc-24e9a503b757","CreationDate":"2020-05-05T17:16:17.575","Creator":"alisaad@unhabitat","EditDate":"2020-05-05T17:16:17.575","Editor":"alisaad@unhabitat","Mohafaza":null,"Caza":null,"ACS_NAME":null,"HABITAT_Co":null,"Data_year":null,"Name_of_th":null,"Facility_t":null,"Physical_c":null,"Total_regi":null,"No__of_shi":null,"AM_shift":null,"PM_shift":null,"Over_capac":null,"Dropouts":null,"CERD":null,"School_Nam":null,"CAD_CODE":null,"secondshif":null,"Interviewe":null,"SDC_Name":null,"KADA_NA":null,"MOH_NA1":null,"OBJECTID_1":null,"Name":null,"Beds":null,"Beds_Habit":null,"Gateway_T":null,"Type_Code":null,"layer":"UNH_PHCs","path":"C:/Users/guest1/Documents/WORKING_WEB_4/WORKING_WEB.gpkg|layername=UNH_PHCs"}},
{"type":"Feature","geometry":{"type":"Point","coordinates":[35.68833685209806,33.914948743961574]},"properties":{"fid":549,"OBJECTID":138,"ID":138,"Pcode":"22511-40-01","Governorat":"Mount Lebanon","District":"El Meten","Cadaster":"Bikfaya","HC_name":"MoSA SDC Bekfaya","MOPH":" ","Accessible":" ","Accreditat":" ","Update_Inf":" ","Thumb_url":" ","Guarantors":" ","Center_typ":"MOSA SDC","Malnu_Scre":" ","Malnu_Mng":" ","Malnu_fees":" ","Longitude":35.6883368521,"Latitude":33.914948744,"HAB_Code":" ","Catch_Area":" ","Consul_fee":" ","Immuni_fee":" ","ACS_Code":"22511","Interview":"No","GlobalID":"1fd7faa4-a36e-4031-ada2-6fe77396d442","CreationDate":"2020-05-05T17:16:17.575","Creator":"alisaad@unhabitat","EditDate":"2020-05-05T17:16:17.575","Editor":"alisaad@unhabitat","Mohafaza":null,"Caza":null,"ACS_NAME":null,"HABITAT_Co":null,"Data_year":null,"Name_of_th":null,"Facility_t":null,"Physical_c":null,"Total_regi":null,"No__of_shi":null,"AM_shift":null,"PM_shift":null,"Over_capac":null,"Dropouts":null,"CERD":null,"School_Nam":null,"CAD_CODE":null,"secondshif":null,"Interviewe":null,"SDC_Name":null,"KADA_NA":null,"MOH_NA1":null,"OBJECTID_1":null,"Name":null,"Beds":null,"Beds_Habit":null,"Gateway_T":null,"Type_Code":null,"layer":"UNH_PHCs","path":"C:/Users/guest1/Documents/WORKING_WEB_4/WORKING_WEB.gpkg|layername=UNH_PHCs"}},
{"type":"Feature","geometry":{"type":"Point","coordinates":[35.66440510909807,33.90798942558621]},"properties":{"fid":550,"OBJECTID":139,"ID":139,"Pcode":"22535_31_001","Governorat":"Mount Lebanon","District":"El Meten","Cadaster":"Bhersaf","HC_name":"CLMC Bhersaf shelter","MOPH":" ","Accessible":" ","Accreditat":" ","Update_Inf":" ","Thumb_url":" ","Guarantors":" ","Center_typ":"Other  PHC","Malnu_Scre":" ","Malnu_Mng":" ","Malnu_fees":" ","Longitude":35.6644051091,"Latitude":33.9079894256,"HAB_Code":" ","Catch_Area":" ","Consul_fee":" ","Immuni_fee":" ","ACS_Code":"22535","Interview":"No","GlobalID":"6653e302-15eb-4426-9417-4ab83e1664ef","CreationDate":"2020-05-05T17:16:17.575","Creator":"alisaad@unhabitat","EditDate":"2020-05-05T17:16:17.575","Editor":"alisaad@unhabitat","Mohafaza":null,"Caza":null,"ACS_NAME":null,"HABITAT_Co":null,"Data_year":null,"Name_of_th":null,"Facility_t":null,"Physical_c":null,"Total_regi":null,"No__of_shi":null,"AM_shift":null,"PM_shift":null,"Over_capac":null,"Dropouts":null,"CERD":null,"School_Nam":null,"CAD_CODE":null,"secondshif":null,"Interviewe":null,"SDC_Name":null,"KADA_NA":null,"MOH_NA1":null,"OBJECTID_1":null,"Name":null,"Beds":null,"Beds_Habit":null,"Gateway_T":null,"Type_Code":null,"layer":"UNH_PHCs","path":"C:/Users/guest1/Documents/WORKING_WEB_4/WORKING_WEB.gpkg|layername=UNH_PHCs"}},
{"type":"Feature","geometry":{"type":"Point","coordinates":[35.70076290409803,33.933304261059305]},"properties":{"fid":551,"OBJECTID":140,"ID":140,"Pcode":"22543-40-01","Governorat":"Mount Lebanon","District":"El Meten","Cadaster":"Aain El-Kharroube","HC_name":"MoSA SDC Ain EL kharoube","MOPH":" ","Accessible":" ","Accreditat":" ","Update_Inf":" ","Thumb_url":" ","Guarantors":" ","Center_typ":"MOSA SDC","Malnu_Scre":" ","Malnu_Mng":" ","Malnu_fees":" ","Longitude":35.7007629041,"Latitude":33.9333042611,"HAB_Code":" ","Catch_Area":" ","Consul_fee":" ","Immuni_fee":" ","ACS_Code":"22543","Interview":"No","GlobalID":"c1106689-dd63-4bdf-8063-b866e4683b61","CreationDate":"2020-05-05T17:16:17.575","Creator":"alisaad@unhabitat","EditDate":"2020-05-05T17:16:17.575","Editor":"alisaad@unhabitat","Mohafaza":null,"Caza":null,"ACS_NAME":null,"HABITAT_Co":null,"Data_year":null,"Name_of_th":null,"Facility_t":null,"Physical_c":null,"Total_regi":null,"No__of_shi":null,"AM_shift":null,"PM_shift":null,"Over_capac":null,"Dropouts":null,"CERD":null,"School_Nam":null,"CAD_CODE":null,"secondshif":null,"Interviewe":null,"SDC_Name":null,"KADA_NA":null,"MOH_NA1":null,"OBJECTID_1":null,"Name":null,"Beds":null,"Beds_Habit":null,"Gateway_T":null,"Type_Code":null,"layer":"UNH_PHCs","path":"C:/Users/guest1/Documents/WORKING_WEB_4/WORKING_WEB.gpkg|layername=UNH_PHCs"}},
{"type":"Feature","geometry":{"type":"Point","coordinates":[35.62829610909806,33.88268739514852]},"properties":{"fid":553,"OBJECTID":142,"ID":142,"Pcode":"22611_31_001","Governorat":"Mount Lebanon","District":"El Meten","Cadaster":"Broummana El-Matn","HC_name":"BROUMANA CHARITABLE DISPENSARY","MOPH":" ","Accessible":" ","Accreditat":" ","Update_Inf":" ","Thumb_url":" ","Guarantors":" ","Center_typ":"Other  PHC","Malnu_Scre":" ","Malnu_Mng":" ","Malnu_fees":" ","Longitude":35.6282961091,"Latitude":33.8826873951,"HAB_Code":" ","Catch_Area":" ","Consul_fee":" ","Immuni_fee":" ","ACS_Code":"22611","Interview":"No","GlobalID":"2806090e-9083-4761-be93-c27b88318479","CreationDate":"2020-05-05T17:16:17.575","Creator":"alisaad@unhabitat","EditDate":"2020-05-05T17:16:17.575","Editor":"alisaad@unhabitat","Mohafaza":null,"Caza":null,"ACS_NAME":null,"HABITAT_Co":null,"Data_year":null,"Name_of_th":null,"Facility_t":null,"Physical_c":null,"Total_regi":null,"No__of_shi":null,"AM_shift":null,"PM_shift":null,"Over_capac":null,"Dropouts":null,"CERD":null,"School_Nam":null,"CAD_CODE":null,"secondshif":null,"Interviewe":null,"SDC_Name":null,"KADA_NA":null,"MOH_NA1":null,"OBJECTID_1":null,"Name":null,"Beds":null,"Beds_Habit":null,"Gateway_T":null,"Type_Code":null,"layer":"UNH_PHCs","path":"C:/Users/guest1/Documents/WORKING_WEB_4/WORKING_WEB.gpkg|layername=UNH_PHCs"}},
{"type":"Feature","geometry":{"type":"Point","coordinates":[35.62056925709804,33.89249776894775]},"properties":{"fid":554,"OBJECTID":143,"ID":143,"Pcode":"22643-40-01","Governorat":"Mount Lebanon","District":"El Meten","Cadaster":"Qennabet Broummana","HC_name":"MoSA SDC Broumana","MOPH":" ","Accessible":" ","Accreditat":" ","Update_Inf":" ","Thumb_url":" ","Guarantors":" ","Center_typ":"MOSA SDC","Malnu_Scre":" ","Malnu_Mng":" ","Malnu_fees":" ","Longitude":35.6205692571,"Latitude":33.8924977689,"HAB_Code":" ","Catch_Area":" ","Consul_fee":" ","Immuni_fee":" ","ACS_Code":"22643","Interview":"No","GlobalID":"e65fc8d0-ebe2-4c2c-be84-247e086eeab8","CreationDate":"2020-05-05T17:16:17.575","Creator":"alisaad@unhabitat","EditDate":"2020-05-05T17:16:17.575","Editor":"alisaad@unhabitat","Mohafaza":null,"Caza":null,"ACS_NAME":null,"HABITAT_Co":null,"Data_year":null,"Name_of_th":null,"Facility_t":null,"Physical_c":null,"Total_regi":null,"No__of_shi":null,"AM_shift":null,"PM_shift":null,"Over_capac":null,"Dropouts":null,"CERD":null,"School_Nam":null,"CAD_CODE":null,"secondshif":null,"Interviewe":null,"SDC_Name":null,"KADA_NA":null,"MOH_NA1":null,"OBJECTID_1":null,"Name":null,"Beds":null,"Beds_Habit":null,"Gateway_T":null,"Type_Code":null,"layer":"UNH_PHCs","path":"C:/Users/guest1/Documents/WORKING_WEB_4/WORKING_WEB.gpkg|layername=UNH_PHCs"}},
{"type":"Feature","geometry":{"type":"Point","coordinates":[35.67465036609808,33.885806369899456]},"properties":{"fid":555,"OBJECTID":144,"ID":144,"Pcode":"22659-40-01","Governorat":"Mount Lebanon","District":"El Meten","Cadaster":"Baabdat","HC_name":"MoSA SDC Baabdat","MOPH":" ","Accessible":" ","Accreditat":" ","Update_Inf":" ","Thumb_url":" ","Guarantors":" ","Center_typ":"MOSA SDC","Malnu_Scre":" ","Malnu_Mng":" ","Malnu_fees":" ","Longitude":35.6746503661,"Latitude":33.8858063699,"HAB_Code":" ","Catch_Area":" ","Consul_fee":" ","Immuni_fee":" ","ACS_Code":"22659","Interview":"No","GlobalID":"e8936093-3f5c-4e7b-95e0-4421df848e21","CreationDate":"2020-05-05T17:16:17.575","Creator":"alisaad@unhabitat","EditDate":"2020-05-05T17:16:17.575","Editor":"alisaad@unhabitat","Mohafaza":null,"Caza":null,"ACS_NAME":null,"HABITAT_Co":null,"Data_year":null,"Name_of_th":null,"Facility_t":null,"Physical_c":null,"Total_regi":null,"No__of_shi":null,"AM_shift":null,"PM_shift":null,"Over_capac":null,"Dropouts":null,"CERD":null,"School_Nam":null,"CAD_CODE":null,"secondshif":null,"Interviewe":null,"SDC_Name":null,"KADA_NA":null,"MOH_NA1":null,"OBJECTID_1":null,"Name":null,"Beds":null,"Beds_Habit":null,"Gateway_T":null,"Type_Code":null,"layer":"UNH_PHCs","path":"C:/Users/guest1/Documents/WORKING_WEB_4/WORKING_WEB.gpkg|layername=UNH_PHCs"}},
{"type":"Feature","geometry":{"type":"Point","coordinates":[35.60184410909806,33.86393137259841]},"properties":{"fid":556,"OBJECTID":145,"ID":145,"Pcode":"22667_31_001","Governorat":"Mount Lebanon","District":"El Meten","Cadaster":"Beit Meri","HC_name":"Saint Antoine Health Centre - Beit Meri","MOPH":"Yes","Accessible":" ","Accreditat":" ","Update_Inf":" ","Thumb_url":" ","Guarantors":" ","Center_typ":"MOPH PHC","Malnu_Scre":"Yes","Malnu_Mng":" ","Malnu_fees":" ","Longitude":35.6018441091,"Latitude":33.8639313726,"HAB_Code":" ","Catch_Area":" ","Consul_fee":" ","Immuni_fee":" ","ACS_Code":"22667","Interview":"No","GlobalID":"547ed599-8d14-47bc-b91d-f2e36b9291c7","CreationDate":"2020-05-05T17:16:17.575","Creator":"alisaad@unhabitat","EditDate":"2020-06-16T13:40:50.444","Editor":"alisaad@unhabitat","Mohafaza":null,"Caza":null,"ACS_NAME":null,"HABITAT_Co":null,"Data_year":null,"Name_of_th":null,"Facility_t":null,"Physical_c":null,"Total_regi":null,"No__of_shi":null,"AM_shift":null,"PM_shift":null,"Over_capac":null,"Dropouts":null,"CERD":null,"School_Nam":null,"CAD_CODE":null,"secondshif":null,"Interviewe":null,"SDC_Name":null,"KADA_NA":null,"MOH_NA1":null,"OBJECTID_1":null,"Name":null,"Beds":null,"Beds_Habit":null,"Gateway_T":null,"Type_Code":null,"layer":"UNH_PHCs","path":"C:/Users/guest1/Documents/WORKING_WEB_4/WORKING_WEB.gpkg|layername=UNH_PHCs"}},
{"type":"Feature","geometry":{"type":"Point","coordinates":[35.521051109098025,33.80971630747825]},"properties":{"fid":607,"OBJECTID":196,"ID":196,"Pcode":"24111_31_001","Governorat":"Mount Lebanon","District":"Aley","Cadaster":"Choueifat El-Aamrousiye","HC_name":"HIS- El Imam Zein El-Abiddine Centre","MOPH":" ","Accessible":" ","Accreditat":" ","Update_Inf":" ","Thumb_url":" ","Guarantors":" ","Center_typ":"Other  PHC","Malnu_Scre":" ","Malnu_Mng":" ","Malnu_fees":" ","Longitude":35.5210511091,"Latitude":33.8097163075,"HAB_Code":" ","Catch_Area":" ","Consul_fee":" ","Immuni_fee":" ","ACS_Code":"24111","Interview":"No","GlobalID":"e5092818-3064-46be-a817-7645198f8ef8","CreationDate":"2020-05-05T17:16:17.575","Creator":"alisaad@unhabitat","EditDate":"2020-06-16T13:55:21.695","Editor":"alisaad@unhabitat","Mohafaza":null,"Caza":null,"ACS_NAME":null,"HABITAT_Co":null,"Data_year":null,"Name_of_th":null,"Facility_t":null,"Physical_c":null,"Total_regi":null,"No__of_shi":null,"AM_shift":null,"PM_shift":null,"Over_capac":null,"Dropouts":null,"CERD":null,"School_Nam":null,"CAD_CODE":null,"secondshif":null,"Interviewe":null,"SDC_Name":null,"KADA_NA":null,"MOH_NA1":null,"OBJECTID_1":null,"Name":null,"Beds":null,"Beds_Habit":null,"Gateway_T":null,"Type_Code":null,"layer":"UNH_PHCs","path":"C:/Users/guest1/Documents/WORKING_WEB_4/WORKING_WEB.gpkg|layername=UNH_PHCs"}},
{"type":"Feature","geometry":{"type":"Point","coordinates":[35.518608109098054,33.81200831022942]},"properties":{"fid":608,"OBJECTID":197,"ID":197,"Pcode":"24111_31_002","Governorat":"Mount Lebanon","District":"Aley","Cadaster":"Choueifat El-Aamrousiye","HC_name":"Imam Al Reda Health Centre","MOPH":"Yes","Accessible":" ","Accreditat":" ","Update_Inf":" ","Thumb_url":" ","Guarantors":" ","Center_typ":"MOPH PHC","Malnu_Scre":"Yes","Malnu_Mng":" ","Malnu_fees":" ","Longitude":35.5186081091,"Latitude":33.8120083102,"HAB_Code":" ","Catch_Area":" ","Consul_fee":" ","Immuni_fee":" ","ACS_Code":"24111","Interview":"No","GlobalID":"8b81e478-4449-4a09-91ee-70a177eb5a23","CreationDate":"2020-05-05T17:16:17.575","Creator":"alisaad@unhabitat","EditDate":"2020-06-16T13:55:48.995","Editor":"alisaad@unhabitat","Mohafaza":null,"Caza":null,"ACS_NAME":null,"HABITAT_Co":null,"Data_year":null,"Name_of_th":null,"Facility_t":null,"Physical_c":null,"Total_regi":null,"No__of_shi":null,"AM_shift":null,"PM_shift":null,"Over_capac":null,"Dropouts":null,"CERD":null,"School_Nam":null,"CAD_CODE":null,"secondshif":null,"Interviewe":null,"SDC_Name":null,"KADA_NA":null,"MOH_NA1":null,"OBJECTID_1":null,"Name":null,"Beds":null,"Beds_Habit":null,"Gateway_T":null,"Type_Code":null,"layer":"UNH_PHCs","path":"C:/Users/guest1/Documents/WORKING_WEB_4/WORKING_WEB.gpkg|layername=UNH_PHCs"}},
{"type":"Feature","geometry":{"type":"Point","coordinates":[35.50821903909802,33.822686803049315]},"properties":{"fid":609,"OBJECTID":198,"ID":198,"Pcode":"24111_31_003","Governorat":"Mount Lebanon","District":"Aley","Cadaster":"Choueifat El-Aamrousiye","HC_name":"Maternal healthcare","MOPH":" ","Accessible":" ","Accreditat":" ","Update_Inf":" ","Thumb_url":" ","Guarantors":" ","Center_typ":"Other  PHC","Malnu_Scre":" ","Malnu_Mng":" ","Malnu_fees":" ","Longitude":35.5082190391,"Latitude":33.822686803,"HAB_Code":" ","Catch_Area":" ","Consul_fee":" ","Immuni_fee":" ","ACS_Code":"24111","Interview":"No","GlobalID":"475a8f1a-ca08-4fa0-9d4d-3d59c3812539","CreationDate":"2020-05-05T17:16:17.575","Creator":"alisaad@unhabitat","EditDate":"2020-05-05T17:16:17.575","Editor":"alisaad@unhabitat","Mohafaza":null,"Caza":null,"ACS_NAME":null,"HABITAT_Co":null,"Data_year":null,"Name_of_th":null,"Facility_t":null,"Physical_c":null,"Total_regi":null,"No__of_shi":null,"AM_shift":null,"PM_shift":null,"Over_capac":null,"Dropouts":null,"CERD":null,"School_Nam":null,"CAD_CODE":null,"secondshif":null,"Interviewe":null,"SDC_Name":null,"KADA_NA":null,"MOH_NA1":null,"OBJECTID_1":null,"Name":null,"Beds":null,"Beds_Habit":null,"Gateway_T":null,"Type_Code":null,"layer":"UNH_PHCs","path":"C:/Users/guest1/Documents/WORKING_WEB_4/WORKING_WEB.gpkg|layername=UNH_PHCs"}},
{"type":"Feature","geometry":{"type":"Point","coordinates":[35.51987410909804,33.81112130916469]},"properties":{"fid":610,"OBJECTID":199,"ID":199,"Pcode":"24111_31_004","Governorat":"Mount Lebanon","District":"Aley","Cadaster":"Choueifat El-Aamrousiye","HC_name":"Imam Al Sadek Health Centre","MOPH":"Yes","Accessible":" ","Accreditat":" ","Update_Inf":" ","Thumb_url":" ","Guarantors":" ","Center_typ":"MOPH PHC","Malnu_Scre":"Yes","Malnu_Mng":" ","Malnu_fees":" ","Longitude":35.5198741091,"Latitude":33.8111213092,"HAB_Code":" ","Catch_Area":" ","Consul_fee":" ","Immuni_fee":" ","ACS_Code":"24111","Interview":"No","GlobalID":"bbb433cc-24f5-4698-8c20-1dcc98efb3ad","CreationDate":"2020-05-05T17:16:17.575","Creator":"alisaad@unhabitat","EditDate":"2020-06-16T13:55:52.872","Editor":"alisaad@unhabitat","Mohafaza":null,"Caza":null,"ACS_NAME":null,"HABITAT_Co":null,"Data_year":null,"Name_of_th":null,"Facility_t":null,"Physical_c":null,"Total_regi":null,"No__of_shi":null,"AM_shift":null,"PM_shift":null,"Over_capac":null,"Dropouts":null,"CERD":null,"School_Nam":null,"CAD_CODE":null,"secondshif":null,"Interviewe":null,"SDC_Name":null,"KADA_NA":null,"MOH_NA1":null,"OBJECTID_1":null,"Name":null,"Beds":null,"Beds_Habit":null,"Gateway_T":null,"Type_Code":null,"layer":"UNH_PHCs","path":"C:/Users/guest1/Documents/WORKING_WEB_4/WORKING_WEB.gpkg|layername=UNH_PHCs"}},
{"type":"Feature","geometry":{"type":"Point","coordinates":[35.51066810909804,33.82695032816883]},"properties":{"fid":611,"OBJECTID":200,"ID":200,"Pcode":"24111_31_005","Governorat":"Mount Lebanon","District":"Aley","Cadaster":"Choueifat El-Aamrousiye","HC_name":"Lebanese Association for early childhood development","MOPH":" ","Accessible":" ","Accreditat":" ","Update_Inf":" ","Thumb_url":" ","Guarantors":" ","Center_typ":"Other  PHC","Malnu_Scre":" ","Malnu_Mng":" ","Malnu_fees":" ","Longitude":35.5106681091,"Latitude":33.8269503282,"HAB_Code":" ","Catch_Area":" ","Consul_fee":" ","Immuni_fee":" ","ACS_Code":"24111","Interview":"No","GlobalID":"76f093b4-32aa-4833-ad35-a511b81aa71e","CreationDate":"2020-05-05T17:16:17.575","Creator":"alisaad@unhabitat","EditDate":"2020-05-05T17:16:17.575","Editor":"alisaad@unhabitat","Mohafaza":null,"Caza":null,"ACS_NAME":null,"HABITAT_Co":null,"Data_year":null,"Name_of_th":null,"Facility_t":null,"Physical_c":null,"Total_regi":null,"No__of_shi":null,"AM_shift":null,"PM_shift":null,"Over_capac":null,"Dropouts":null,"CERD":null,"School_Nam":null,"CAD_CODE":null,"secondshif":null,"Interviewe":null,"SDC_Name":null,"KADA_NA":null,"MOH_NA1":null,"OBJECTID_1":null,"Name":null,"Beds":null,"Beds_Habit":null,"Gateway_T":null,"Type_Code":null,"layer":"UNH_PHCs","path":"C:/Users/guest1/Documents/WORKING_WEB_4/WORKING_WEB.gpkg|layername=UNH_PHCs"}},
{"type":"Feature","geometry":{"type":"Point","coordinates":[35.51735683509803,33.81843405894333]},"properties":{"fid":612,"OBJECTID":201,"ID":201,"Pcode":"24111-40-02","Governorat":"Mount Lebanon","District":"Aley","Cadaster":"Choueifat El-Aamrousiye","HC_name":"MoSA SDC Hay EL Selloum","MOPH":"Yes","Accessible":" ","Accreditat":" ","Update_Inf":" ","Thumb_url":" ","Guarantors":" ","Center_typ":"MOPH PHC *","Malnu_Scre":"Yes","Malnu_Mng":" ","Malnu_fees":" ","Longitude":35.5173568351,"Latitude":33.8184340589,"HAB_Code":" ","Catch_Area":" ","Consul_fee":" ","Immuni_fee":" ","ACS_Code":"24111","Interview":"No","GlobalID":"362b555e-b7c1-4982-8c2f-89bb4d0b2695","CreationDate":"2020-05-05T17:16:17.575","Creator":"alisaad@unhabitat","EditDate":"2020-05-05T17:16:17.575","Editor":"alisaad@unhabitat","Mohafaza":null,"Caza":null,"ACS_NAME":null,"HABITAT_Co":null,"Data_year":null,"Name_of_th":null,"Facility_t":null,"Physical_c":null,"Total_regi":null,"No__of_shi":null,"AM_shift":null,"PM_shift":null,"Over_capac":null,"Dropouts":null,"CERD":null,"School_Nam":null,"CAD_CODE":null,"secondshif":null,"Interviewe":null,"SDC_Name":null,"KADA_NA":null,"MOH_NA1":null,"OBJECTID_1":null,"Name":null,"Beds":null,"Beds_Habit":null,"Gateway_T":null,"Type_Code":null,"layer":"UNH_PHCs","path":"C:/Users/guest1/Documents/WORKING_WEB_4/WORKING_WEB.gpkg|layername=UNH_PHCs"}},
{"type":"Feature","geometry":{"type":"Point","coordinates":[35.48591646209808,33.80770948806954]},"properties":{"fid":613,"OBJECTID":202,"ID":202,"Pcode":"24133-40-01","Governorat":"Mount Lebanon","District":"Aley","Cadaster":"Choueifat El-Quoubbe","HC_name":"MoSA SDC Choueifat","MOPH":" ","Accessible":" ","Accreditat":" ","Update_Inf":" ","Thumb_url":" ","Guarantors":" ","Center_typ":"MOSA SDC","Malnu_Scre":" ","Malnu_Mng":" ","Malnu_fees":" ","Longitude":35.4859164621,"Latitude":33.8077094881,"HAB_Code":" ","Catch_Area":" ","Consul_fee":" ","Immuni_fee":" ","ACS_Code":"24133","Interview":"No","GlobalID":"b4eeb725-1c8d-447a-9bcd-e13408fe1afe","CreationDate":"2020-05-05T17:16:17.575","Creator":"alisaad@unhabitat","EditDate":"2020-05-05T17:16:17.575","Editor":"alisaad@unhabitat","Mohafaza":null,"Caza":null,"ACS_NAME":null,"HABITAT_Co":null,"Data_year":null,"Name_of_th":null,"Facility_t":null,"Physical_c":null,"Total_regi":null,"No__of_shi":null,"AM_shift":null,"PM_shift":null,"Over_capac":null,"Dropouts":null,"CERD":null,"School_Nam":null,"CAD_CODE":null,"secondshif":null,"Interviewe":null,"SDC_Name":null,"KADA_NA":null,"MOH_NA1":null,"OBJECTID_1":null,"Name":null,"Beds":null,"Beds_Habit":null,"Gateway_T":null,"Type_Code":null,"layer":"UNH_PHCs","path":"C:/Users/guest1/Documents/WORKING_WEB_4/WORKING_WEB.gpkg|layername=UNH_PHCs"}},
{"type":"Feature","geometry":{"type":"Point","coordinates":[35.51523610909804,33.80577130274334]},"properties":{"fid":614,"OBJECTID":203,"ID":203,"Pcode":"24155_31_001","Governorat":"Mount Lebanon","District":"Aley","Cadaster":"Choueifat El-Oumara","HC_name":"Chweifat Gov. - Emir majid arslan","MOPH":"Yes","Accessible":" ","Accreditat":" ","Update_Inf":" ","Thumb_url":" ","Guarantors":" ","Center_typ":"MOPH PHC","Malnu_Scre":"Yes","Malnu_Mng":" ","Malnu_fees":" ","Longitude":35.5152361091,"Latitude":33.8057713027,"HAB_Code":" ","Catch_Area":" ","Consul_fee":" ","Immuni_fee":" ","ACS_Code":"24155","Interview":"No","GlobalID":"ff7b3d35-63ec-4bad-9c94-f54a4d133020","CreationDate":"2020-05-05T17:16:17.575","Creator":"alisaad@unhabitat","EditDate":"2020-05-05T17:16:17.575","Editor":"alisaad@unhabitat","Mohafaza":null,"Caza":null,"ACS_NAME":null,"HABITAT_Co":null,"Data_year":null,"Name_of_th":null,"Facility_t":null,"Physical_c":null,"Total_regi":null,"No__of_shi":null,"AM_shift":null,"PM_shift":null,"Over_capac":null,"Dropouts":null,"CERD":null,"School_Nam":null,"CAD_CODE":null,"secondshif":null,"Interviewe":null,"SDC_Name":null,"KADA_NA":null,"MOH_NA1":null,"OBJECTID_1":null,"Name":null,"Beds":null,"Beds_Habit":null,"Gateway_T":null,"Type_Code":null,"layer":"UNH_PHCs","path":"C:/Users/guest1/Documents/WORKING_WEB_4/WORKING_WEB.gpkg|layername=UNH_PHCs"}},
{"type":"Feature","geometry":{"type":"Point","coordinates":[35.51574610909806,33.79438728908254]},"properties":{"fid":615,"OBJECTID":204,"ID":204,"Pcode":"24177_31_001","Governorat":"Mount Lebanon","District":"Aley","Cadaster":"Deir Qoubel","HC_name":"NASSEREDDINE WOMEN CHARITABLE LEAGUE DEIR KOUBEL","MOPH":" ","Accessible":" ","Accreditat":" ","Update_Inf":" ","Thumb_url":" ","Guarantors":" ","Center_typ":"Other  PHC","Malnu_Scre":" ","Malnu_Mng":" ","Malnu_fees":" ","Longitude":35.5157461091,"Latitude":33.7943872891,"HAB_Code":" ","Catch_Area":" ","Consul_fee":" ","Immuni_fee":" ","ACS_Code":"24177","Interview":"No","GlobalID":"df4909a9-ed81-42e7-a364-0e52fbf629e0","CreationDate":"2020-05-05T17:16:17.575","Creator":"alisaad@unhabitat","EditDate":"2020-05-05T17:16:17.575","Editor":"alisaad@unhabitat","Mohafaza":null,"Caza":null,"ACS_NAME":null,"HABITAT_Co":null,"Data_year":null,"Name_of_th":null,"Facility_t":null,"Physical_c":null,"Total_regi":null,"No__of_shi":null,"AM_shift":null,"PM_shift":null,"Over_capac":null,"Dropouts":null,"CERD":null,"School_Nam":null,"CAD_CODE":null,"secondshif":null,"Interviewe":null,"SDC_Name":null,"KADA_NA":null,"MOH_NA1":null,"OBJECTID_1":null,"Name":null,"Beds":null,"Beds_Habit":null,"Gateway_T":null,"Type_Code":null,"layer":"UNH_PHCs","path":"C:/Users/guest1/Documents/WORKING_WEB_4/WORKING_WEB.gpkg|layername=UNH_PHCs"}},
{"type":"Feature","geometry":{"type":"Point","coordinates":[35.49976610909805,33.78990728370766]},"properties":{"fid":622,"OBJECTID":211,"ID":211,"Pcode":"24243_31_002","Governorat":"Mount Lebanon","District":"Aley","Cadaster":"Bchamoun","HC_name":"WELFARE LEBANESE CENTRE / BCHAMOUN","MOPH":" ","Accessible":" ","Accreditat":" ","Update_Inf":" ","Thumb_url":" ","Guarantors":" ","Center_typ":"Other  PHC","Malnu_Scre":" ","Malnu_Mng":" ","Malnu_fees":" ","Longitude":35.4997661091,"Latitude":33.7899072837,"HAB_Code":" ","Catch_Area":" ","Consul_fee":" ","Immuni_fee":" ","ACS_Code":"24243","Interview":"No","GlobalID":"8badf15a-3926-439a-b094-186c23ae3484","CreationDate":"2020-05-05T17:16:17.575","Creator":"alisaad@unhabitat","EditDate":"2020-06-16T13:46:04.338","Editor":"alisaad@unhabitat","Mohafaza":null,"Caza":null,"ACS_NAME":null,"HABITAT_Co":null,"Data_year":null,"Name_of_th":null,"Facility_t":null,"Physical_c":null,"Total_regi":null,"No__of_shi":null,"AM_shift":null,"PM_shift":null,"Over_capac":null,"Dropouts":null,"CERD":null,"School_Nam":null,"CAD_CODE":null,"secondshif":null,"Interviewe":null,"SDC_Name":null,"KADA_NA":null,"MOH_NA1":null,"OBJECTID_1":null,"Name":null,"Beds":null,"Beds_Habit":null,"Gateway_T":null,"Type_Code":null,"layer":"UNH_PHCs","path":"C:/Users/guest1/Documents/WORKING_WEB_4/WORKING_WEB.gpkg|layername=UNH_PHCs"}},
{"type":"Feature","geometry":{"type":"Point","coordinates":[35.56896304609807,33.8094510851599]},"properties":{"fid":623,"OBJECTID":212,"ID":212,"Pcode":"24283-40-01","Governorat":"Mount Lebanon","District":"Aley","Cadaster":"Bdadoun","HC_name":"MoSA SDC Bdadoune","MOPH":" ","Accessible":" ","Accreditat":" ","Update_Inf":" ","Thumb_url":" ","Guarantors":" ","Center_typ":"MOSA SDC","Malnu_Scre":" ","Malnu_Mng":" ","Malnu_fees":" ","Longitude":35.5689630461,"Latitude":33.8094510852,"HAB_Code":" ","Catch_Area":" ","Consul_fee":" ","Immuni_fee":" ","ACS_Code":"24283","Interview":"No","GlobalID":"9d02b4bf-6c94-48fd-a3da-359fb1a4a951","CreationDate":"2020-05-05T17:16:17.575","Creator":"alisaad@unhabitat","EditDate":"2020-05-05T17:16:17.575","Editor":"alisaad@unhabitat","Mohafaza":null,"Caza":null,"ACS_NAME":null,"HABITAT_Co":null,"Data_year":null,"Name_of_th":null,"Facility_t":null,"Physical_c":null,"Total_regi":null,"No__of_shi":null,"AM_shift":null,"PM_shift":null,"Over_capac":null,"Dropouts":null,"CERD":null,"School_Nam":null,"CAD_CODE":null,"secondshif":null,"Interviewe":null,"SDC_Name":null,"KADA_NA":null,"MOH_NA1":null,"OBJECTID_1":null,"Name":null,"Beds":null,"Beds_Habit":null,"Gateway_T":null,"Type_Code":null,"layer":"UNH_PHCs","path":"C:/Users/guest1/Documents/WORKING_WEB_4/WORKING_WEB.gpkg|layername=UNH_PHCs"}},
{"type":"Feature","geometry":{"type":"Point","coordinates":[35.59743610909805,33.809977307791485]},"properties":{"fid":624,"OBJECTID":213,"ID":213,"Pcode":"24311_31_001","Governorat":"Mount Lebanon","District":"Aley","Cadaster":"Aaley","HC_name":"URDA-Al Mraa aldrzya","MOPH":" ","Accessible":" ","Accreditat":" ","Update_Inf":" ","Thumb_url":" ","Guarantors":" ","Center_typ":"Other  PHC","Malnu_Scre":" ","Malnu_Mng":" ","Malnu_fees":" ","Longitude":35.5974361091,"Latitude":33.8099773078,"HAB_Code":" ","Catch_Area":" ","Consul_fee":" ","Immuni_fee":" ","ACS_Code":"24311","Interview":"No","GlobalID":"b7fe35a8-4548-412b-addb-fd15ce9f3075","CreationDate":"2020-05-05T17:16:17.575","Creator":"alisaad@unhabitat","EditDate":"2020-05-05T17:16:17.575","Editor":"alisaad@unhabitat","Mohafaza":null,"Caza":null,"ACS_NAME":null,"HABITAT_Co":null,"Data_year":null,"Name_of_th":null,"Facility_t":null,"Physical_c":null,"Total_regi":null,"No__of_shi":null,"AM_shift":null,"PM_shift":null,"Over_capac":null,"Dropouts":null,"CERD":null,"School_Nam":null,"CAD_CODE":null,"secondshif":null,"Interviewe":null,"SDC_Name":null,"KADA_NA":null,"MOH_NA1":null,"OBJECTID_1":null,"Name":null,"Beds":null,"Beds_Habit":null,"Gateway_T":null,"Type_Code":null,"layer":"UNH_PHCs","path":"C:/Users/guest1/Documents/WORKING_WEB_4/WORKING_WEB.gpkg|layername=UNH_PHCs"}},
{"type":"Feature","geometry":{"type":"Point","coordinates":[35.59752810909804,33.80998030779516]},"properties":{"fid":625,"OBJECTID":214,"ID":214,"Pcode":"24311_31_002","Governorat":"Mount Lebanon","District":"Aley","Cadaster":"Aaley","HC_name":"LRC-Aley","MOPH":" ","Accessible":" ","Accreditat":" ","Update_Inf":" ","Thumb_url":" ","Guarantors":" ","Center_typ":"Other  PHC","Malnu_Scre":" ","Malnu_Mng":" ","Malnu_fees":" ","Longitude":35.5975281091,"Latitude":33.8099803078,"HAB_Code":" ","Catch_Area":" ","Consul_fee":" ","Immuni_fee":" ","ACS_Code":"24311","Interview":"No","GlobalID":"e3eb973b-7a58-4434-9db6-f41424a89b13","CreationDate":"2020-05-05T17:16:17.575","Creator":"alisaad@unhabitat","EditDate":"2020-05-05T17:16:17.575","Editor":"alisaad@unhabitat","Mohafaza":null,"Caza":null,"ACS_NAME":null,"HABITAT_Co":null,"Data_year":null,"Name_of_th":null,"Facility_t":null,"Physical_c":null,"Total_regi":null,"No__of_shi":null,"AM_shift":null,"PM_shift":null,"Over_capac":null,"Dropouts":null,"CERD":null,"School_Nam":null,"CAD_CODE":null,"secondshif":null,"Interviewe":null,"SDC_Name":null,"KADA_NA":null,"MOH_NA1":null,"OBJECTID_1":null,"Name":null,"Beds":null,"Beds_Habit":null,"Gateway_T":null,"Type_Code":null,"layer":"UNH_PHCs","path":"C:/Users/guest1/Documents/WORKING_WEB_4/WORKING_WEB.gpkg|layername=UNH_PHCs"}},
{"type":"Feature","geometry":{"type":"Point","coordinates":[35.589495535098074,33.79551830743957]},"properties":{"fid":626,"OBJECTID":215,"ID":215,"Pcode":"24311-40-01","Governorat":"Mount Lebanon","District":"Aley","Cadaster":"Aaley","HC_name":"MoSA SDC Aley","MOPH":" ","Accessible":" ","Accreditat":" ","Update_Inf":" ","Thumb_url":" ","Guarantors":" ","Center_typ":"MOSA SDC","Malnu_Scre":" ","Malnu_Mng":" ","Malnu_fees":" ","Longitude":35.5894955351,"Latitude":33.7955183074,"HAB_Code":" ","Catch_Area":" ","Consul_fee":" ","Immuni_fee":" ","ACS_Code":"24311","Interview":"No","GlobalID":"cf0c7ed6-30b5-4756-b306-1a817ba438b8","CreationDate":"2020-05-05T17:16:17.575","Creator":"alisaad@unhabitat","EditDate":"2020-05-05T17:16:17.575","Editor":"alisaad@unhabitat","Mohafaza":null,"Caza":null,"ACS_NAME":null,"HABITAT_Co":null,"Data_year":null,"Name_of_th":null,"Facility_t":null,"Physical_c":null,"Total_regi":null,"No__of_shi":null,"AM_shift":null,"PM_shift":null,"Over_capac":null,"Dropouts":null,"CERD":null,"School_Nam":null,"CAD_CODE":null,"secondshif":null,"Interviewe":null,"SDC_Name":null,"KADA_NA":null,"MOH_NA1":null,"OBJECTID_1":null,"Name":null,"Beds":null,"Beds_Habit":null,"Gateway_T":null,"Type_Code":null,"layer":"UNH_PHCs","path":"C:/Users/guest1/Documents/WORKING_WEB_4/WORKING_WEB.gpkg|layername=UNH_PHCs"}},
{"type":"Feature","geometry":{"type":"Point","coordinates":[35.57804710909805,33.8023742986665]},"properties":{"fid":627,"OBJECTID":216,"ID":216,"Pcode":"24315_31_001","Governorat":"Mount Lebanon","District":"Aley","Cadaster":"Qmatiye","HC_name":"SOCIAL & CULTURAL COUNCIL / KMATYEH","MOPH":" ","Accessible":" ","Accreditat":" ","Update_Inf":" ","Thumb_url":" ","Guarantors":" ","Center_typ":"Other  PHC","Malnu_Scre":" ","Malnu_Mng":" ","Malnu_fees":" ","Longitude":35.5780471091,"Latitude":33.8023742987,"HAB_Code":" ","Catch_Area":" ","Consul_fee":" ","Immuni_fee":" ","ACS_Code":"24315","Interview":"No","GlobalID":"3923ebff-839d-4c68-9ec7-91a9f9604546","CreationDate":"2020-05-05T17:16:17.575","Creator":"alisaad@unhabitat","EditDate":"2020-05-05T17:16:17.575","Editor":"alisaad@unhabitat","Mohafaza":null,"Caza":null,"ACS_NAME":null,"HABITAT_Co":null,"Data_year":null,"Name_of_th":null,"Facility_t":null,"Physical_c":null,"Total_regi":null,"No__of_shi":null,"AM_shift":null,"PM_shift":null,"Over_capac":null,"Dropouts":null,"CERD":null,"School_Nam":null,"CAD_CODE":null,"secondshif":null,"Interviewe":null,"SDC_Name":null,"KADA_NA":null,"MOH_NA1":null,"OBJECTID_1":null,"Name":null,"Beds":null,"Beds_Habit":null,"Gateway_T":null,"Type_Code":null,"layer":"UNH_PHCs","path":"C:/Users/guest1/Documents/WORKING_WEB_4/WORKING_WEB.gpkg|layername=UNH_PHCs"}},
{"type":"Feature","geometry":{"type":"Point","coordinates":[35.59588610909804,33.779467271184714]},"properties":{"fid":628,"OBJECTID":217,"ID":217,"Pcode":"24323_31_001","Governorat":"Mount Lebanon","District":"Aley","Cadaster":"Ghaboune","HC_name":"GHABOUN WOMEN ASSOCIATION","MOPH":" ","Accessible":" ","Accreditat":" ","Update_Inf":" ","Thumb_url":" ","Guarantors":" ","Center_typ":"Other  PHC","Malnu_Scre":" ","Malnu_Mng":" ","Malnu_fees":" ","Longitude":35.5958861091,"Latitude":33.7794672712,"HAB_Code":" ","Catch_Area":" ","Consul_fee":" ","Immuni_fee":" ","ACS_Code":"24323","Interview":"No","GlobalID":"389c4b33-4a7f-4df6-ba4f-0f6bbe931cae","CreationDate":"2020-05-05T17:16:17.575","Creator":"alisaad@unhabitat","EditDate":"2020-05-05T17:16:17.575","Editor":"alisaad@unhabitat","Mohafaza":null,"Caza":null,"ACS_NAME":null,"HABITAT_Co":null,"Data_year":null,"Name_of_th":null,"Facility_t":null,"Physical_c":null,"Total_regi":null,"No__of_shi":null,"AM_shift":null,"PM_shift":null,"Over_capac":null,"Dropouts":null,"CERD":null,"School_Nam":null,"CAD_CODE":null,"secondshif":null,"Interviewe":null,"SDC_Name":null,"KADA_NA":null,"MOH_NA1":null,"OBJECTID_1":null,"Name":null,"Beds":null,"Beds_Habit":null,"Gateway_T":null,"Type_Code":null,"layer":"UNH_PHCs","path":"C:/Users/guest1/Documents/WORKING_WEB_4/WORKING_WEB.gpkg|layername=UNH_PHCs"}},
{"type":"Feature","geometry":{"type":"Point","coordinates":[35.56716610909807,33.794247288914576]},"properties":{"fid":629,"OBJECTID":218,"ID":218,"Pcode":"24331_31_001","Governorat":"Mount Lebanon","District":"Aley","Cadaster":"Souq El-Gharb","HC_name":"ST.GEORGE DISPENSARY / SOUK EL GHARB","MOPH":" ","Accessible":" ","Accreditat":" ","Update_Inf":" ","Thumb_url":" ","Guarantors":" ","Center_typ":"Other  PHC","Malnu_Scre":" ","Malnu_Mng":" ","Malnu_fees":" ","Longitude":35.5671661091,"Latitude":33.7942472889,"HAB_Code":" ","Catch_Area":" ","Consul_fee":" ","Immuni_fee":" ","ACS_Code":"24331","Interview":"No","GlobalID":"d7a0be44-7be0-4bff-b404-d9a45a2a8d5c","CreationDate":"2020-05-05T17:16:17.575","Creator":"alisaad@unhabitat","EditDate":"2020-05-05T17:16:17.575","Editor":"alisaad@unhabitat","Mohafaza":null,"Caza":null,"ACS_NAME":null,"HABITAT_Co":null,"Data_year":null,"Name_of_th":null,"Facility_t":null,"Physical_c":null,"Total_regi":null,"No__of_shi":null,"AM_shift":null,"PM_shift":null,"Over_capac":null,"Dropouts":null,"CERD":null,"School_Nam":null,"CAD_CODE":null,"secondshif":null,"Interviewe":null,"SDC_Name":null,"KADA_NA":null,"MOH_NA1":null,"OBJECTID_1":null,"Name":null,"Beds":null,"Beds_Habit":null,"Gateway_T":null,"Type_Code":null,"layer":"UNH_PHCs","path":"C:/Users/guest1/Documents/WORKING_WEB_4/WORKING_WEB.gpkg|layername=UNH_PHCs"}},
{"type":"Feature","geometry":{"type":"Point","coordinates":[35.575160109098064,33.75894524657823]},"properties":{"fid":632,"OBJECTID":221,"ID":221,"Pcode":"24349_31_001","Governorat":"Mount Lebanon","District":"Aley","Cadaster":"Mejdlaiya","HC_name":"Mejdlaya Governmental Health Centre","MOPH":"Yes","Accessible":" ","Accreditat":" ","Update_Inf":" ","Thumb_url":" ","Guarantors":" ","Center_typ":"MOPH PHC","Malnu_Scre":"Yes","Malnu_Mng":" ","Malnu_fees":" ","Longitude":35.5751601091,"Latitude":33.7589452466,"HAB_Code":" ","Catch_Area":" ","Consul_fee":" ","Immuni_fee":" ","ACS_Code":"24349","Interview":"No","GlobalID":"22ac54e5-a7eb-4c1e-aab7-c4f97e028af3","CreationDate":"2020-05-05T17:16:17.575","Creator":"alisaad@unhabitat","EditDate":"2020-06-16T14:02:31.364","Editor":"alisaad@unhabitat","Mohafaza":null,"Caza":null,"ACS_NAME":null,"HABITAT_Co":null,"Data_year":null,"Name_of_th":null,"Facility_t":null,"Physical_c":null,"Total_regi":null,"No__of_shi":null,"AM_shift":null,"PM_shift":null,"Over_capac":null,"Dropouts":null,"CERD":null,"School_Nam":null,"CAD_CODE":null,"secondshif":null,"Interviewe":null,"SDC_Name":null,"KADA_NA":null,"MOH_NA1":null,"OBJECTID_1":null,"Name":null,"Beds":null,"Beds_Habit":null,"Gateway_T":null,"Type_Code":null,"layer":"UNH_PHCs","path":"C:/Users/guest1/Documents/WORKING_WEB_4/WORKING_WEB.gpkg|layername=UNH_PHCs"}},
{"type":"Feature","geometry":{"type":"Point","coordinates":[35.65346874009804,33.80007861291162]},"properties":{"fid":637,"OBJECTID":226,"ID":226,"Pcode":"24414-40-01","Governorat":"Mount Lebanon","District":"Aley","Cadaster":"Bhamdoun Ed-Dayaa","HC_name":"MoSA SDC Bhamdoune","MOPH":" ","Accessible":" ","Accreditat":" ","Update_Inf":" ","Thumb_url":" ","Guarantors":" ","Center_typ":"MOSA SDC","Malnu_Scre":" ","Malnu_Mng":" ","Malnu_fees":" ","Longitude":35.6534687401,"Latitude":33.8000786129,"HAB_Code":" ","Catch_Area":" ","Consul_fee":" ","Immuni_fee":" ","ACS_Code":"24414","Interview":"No","GlobalID":"00fc4259-e88b-4210-b36b-f1b6168a6f40","CreationDate":"2020-05-05T17:16:17.575","Creator":"alisaad@unhabitat","EditDate":"2020-05-05T17:16:17.575","Editor":"alisaad@unhabitat","Mohafaza":null,"Caza":null,"ACS_NAME":null,"HABITAT_Co":null,"Data_year":null,"Name_of_th":null,"Facility_t":null,"Physical_c":null,"Total_regi":null,"No__of_shi":null,"AM_shift":null,"PM_shift":null,"Over_capac":null,"Dropouts":null,"CERD":null,"School_Nam":null,"CAD_CODE":null,"secondshif":null,"Interviewe":null,"SDC_Name":null,"KADA_NA":null,"MOH_NA1":null,"OBJECTID_1":null,"Name":null,"Beds":null,"Beds_Habit":null,"Gateway_T":null,"Type_Code":null,"layer":"UNH_PHCs","path":"C:/Users/guest1/Documents/WORKING_WEB_4/WORKING_WEB.gpkg|layername=UNH_PHCs"}},
{"type":"Feature","geometry":{"type":"Point","coordinates":[35.675117109098025,33.9520864786816]},"properties":{"fid":659,"OBJECTID":248,"ID":248,"Pcode":"25221_31_001","Governorat":"Mount Lebanon","District":"Kesrwane","Cadaster":"Balloune","HC_name":"The Socio medical Centre - Balooneh","MOPH":"Yes","Accessible":" ","Accreditat":" ","Update_Inf":" ","Thumb_url":" ","Guarantors":" ","Center_typ":"MOPH PHC","Malnu_Scre":"Yes","Malnu_Mng":"Yes","Malnu_fees":" ","Longitude":35.6751171091,"Latitude":33.9520864787,"HAB_Code":" ","Catch_Area":" ","Consul_fee":" ","Immuni_fee":" ","ACS_Code":"25221","Interview":"No","GlobalID":"f69c9e18-e580-4c17-89d3-4a11637cd105","CreationDate":"2020-05-05T17:16:17.575","Creator":"alisaad@unhabitat","EditDate":"2020-06-16T13:44:16.223","Editor":"alisaad@unhabitat","Mohafaza":null,"Caza":null,"ACS_NAME":null,"HABITAT_Co":null,"Data_year":null,"Name_of_th":null,"Facility_t":null,"Physical_c":null,"Total_regi":null,"No__of_shi":null,"AM_shift":null,"PM_shift":null,"Over_capac":null,"Dropouts":null,"CERD":null,"School_Nam":null,"CAD_CODE":null,"secondshif":null,"Interviewe":null,"SDC_Name":null,"KADA_NA":null,"MOH_NA1":null,"OBJECTID_1":null,"Name":null,"Beds":null,"Beds_Habit":null,"Gateway_T":null,"Type_Code":null,"layer":"UNH_PHCs","path":"C:/Users/guest1/Documents/WORKING_WEB_4/WORKING_WEB.gpkg|layername=UNH_PHCs"}},
{"type":"Feature","geometry":{"type":"Point","coordinates":[35.63999786562972,33.955210805458826]},"properties":{"fid":661,"OBJECTID":250,"ID":250,"Pcode":"25261_31_001","Governorat":"Mount Lebanon","District":"Kesrwane","Cadaster":"Jaaita","HC_name":"Jeita El-Khairi Dispensary","MOPH":" ","Accessible":"Leb, Syr, Others","Accreditat":"MoPH","Update_Inf":"2020","Thumb_url":" ","Guarantors":"MoPH only for vaccination. Private Donor: Committee, Jamiat Al Nahda El Khayria","Center_typ":"Other  PHC","Malnu_Scre":" ","Malnu_Mng":" ","Malnu_fees":"{7000-15000}","Longitude":35.64,"Latitude":33.955216,"HAB_Code":" ","Catch_Area":"Jeita, Shaile, Ain El Rihani, Jounieh, Zouk Mikael","Consul_fee":"{7000-15000}","Immuni_fee":"Free","ACS_Code":"25261","Interview":"Yes","GlobalID":"f0dffc7c-af96-4abf-af02-5fb4a5e47a06","CreationDate":"2020-05-05T17:16:17.575","Creator":"alisaad@unhabitat","EditDate":"2021-04-20T15:11:20.572","Editor":"alisaad@unhabitat","Mohafaza":null,"Caza":null,"ACS_NAME":null,"HABITAT_Co":null,"Data_year":null,"Name_of_th":null,"Facility_t":null,"Physical_c":null,"Total_regi":null,"No__of_shi":null,"AM_shift":null,"PM_shift":null,"Over_capac":null,"Dropouts":null,"CERD":null,"School_Nam":null,"CAD_CODE":null,"secondshif":null,"Interviewe":null,"SDC_Name":null,"KADA_NA":null,"MOH_NA1":null,"OBJECTID_1":null,"Name":null,"Beds":null,"Beds_Habit":null,"Gateway_T":null,"Type_Code":null,"layer":"UNH_PHCs","path":"C:/Users/guest1/Documents/WORKING_WEB_4/WORKING_WEB.gpkg|layername=UNH_PHCs"}},
{"type":"Feature","geometry":{"type":"Point","coordinates":[35.539151551159,33.88713392358244]},"properties":{"fid":812,"OBJECTID":null,"ID":null,"Pcode":null,"Governorat":"Mount Lebanon","District":"El Meten","Cadaster":"Bourj Hammoud","HC_name":"El-Hayat Centre","MOPH":null,"Accessible":null,"Accreditat":null,"Update_Inf":null,"Thumb_url":null,"Guarantors":null,"Center_typ":null,"Malnu_Scre":null,"Malnu_Mng":null,"Malnu_fees":null,"Longitude":null,"Latitude":null,"HAB_Code":null,"Catch_Area":null,"Consul_fee":null,"Immuni_fee":null,"ACS_Code":"22111","Interview":"No","GlobalID":"df1ecf41-251e-4a4e-bd08-7662aa507081","CreationDate":"2020-05-26T17:17:01.453","Creator":"alisaad@unhabitat","EditDate":"2020-05-26T17:19:38.981","Editor":"alisaad@unhabitat","Mohafaza":null,"Caza":null,"ACS_NAME":null,"HABITAT_Co":null,"Data_year":null,"Name_of_th":null,"Facility_t":null,"Physical_c":null,"Total_regi":null,"No__of_shi":null,"AM_shift":null,"PM_shift":null,"Over_capac":null,"Dropouts":null,"CERD":null,"School_Nam":null,"CAD_CODE":null,"secondshif":null,"Interviewe":null,"SDC_Name":null,"KADA_NA":null,"MOH_NA1":null,"OBJECTID_1":null,"Name":null,"Beds":null,"Beds_Habit":null,"Gateway_T":null,"Type_Code":null,"layer":"UNH_PHCs","path":"C:/Users/guest1/Documents/WORKING_WEB_4/WORKING_WEB.gpkg|layername=UNH_PHCs"}},
{"type":"Feature","geometry":{"type":"Point","coordinates":[35.647553075463094,33.95081203032739]},"properties":{"fid":820,"OBJECTID":null,"ID":null,"Pcode":null,"Governorat":"Mount Lebanon","District":"Kasrouane","Cadaster":"Jaaita","HC_name":"Mar Maroun Dispensary","MOPH":null,"Accessible":"Leb, Syr, PRL, PRS","Accreditat":"In the process with MoPH","Update_Inf":"2020","Thumb_url":null,"Guarantors":null,"Center_typ":null,"Malnu_Scre":null,"Malnu_Mng":null,"Malnu_fees":"{7000-15000}","Longitude":35.6475343,"Latitude":33.950792,"HAB_Code":null,"Catch_Area":"Zouk Mikael – Zouk Mosbeh - Achkout – Rayfoun","Consul_fee":"{7000-15000}","Immuni_fee":"Free","ACS_Code":null,"Interview":null,"GlobalID":"b9de9c55-5f29-440c-90ce-6495a62d8ed8","CreationDate":"2021-04-16T17:39:39.335","Creator":"alisaad@unhabitat","EditDate":"2021-04-20T15:14:08.962","Editor":"alisaad@unhabitat","Mohafaza":null,"Caza":null,"ACS_NAME":null,"HABITAT_Co":null,"Data_year":null,"Name_of_th":null,"Facility_t":null,"Physical_c":null,"Total_regi":null,"No__of_shi":null,"AM_shift":null,"PM_shift":null,"Over_capac":null,"Dropouts":null,"CERD":null,"School_Nam":null,"CAD_CODE":null,"secondshif":null,"Interviewe":null,"SDC_Name":null,"KADA_NA":null,"MOH_NA1":null,"OBJECTID_1":null,"Name":null,"Beds":null,"Beds_Habit":null,"Gateway_T":null,"Type_Code":null,"layer":"UNH_PHCs","path":"C:/Users/guest1/Documents/WORKING_WEB_4/WORKING_WEB.gpkg|layername=UNH_PHCs"}},
{"type":"Feature","geometry":{"type":"Point","coordinates":[35.540166968078985,33.88658953800748]},"properties":{"fid":835,"OBJECTID":null,"ID":null,"Pcode":null,"Governorat":null,"District":null,"Cadaster":null,"HC_name":null,"MOPH":null,"Accessible":null,"Accreditat":null,"Update_Inf":null,"Thumb_url":null,"Guarantors":null,"Center_typ":null,"Malnu_Scre":null,"Malnu_Mng":null,"Malnu_fees":null,"Longitude":null,"Latitude":null,"HAB_Code":null,"Catch_Area":null,"Consul_fee":null,"Immuni_fee":null,"ACS_Code":"22111","Interview":"Yes","GlobalID":"6d66906b-5a2e-4d23-a1b0-7ffe124b46fa","CreationDate":"2020-05-19T20:12:54.616","Creator":"alisaad@unhabitat","EditDate":"2020-05-19T20:12:54.616","Editor":"alisaad@unhabitat","Mohafaza":"Mount Lebanon","Caza":"El Metn","ACS_NAME":"Bourj Hammoud","HABITAT_Co":"H","Data_year":"2017","Name_of_th":"Bourj Hammoud El-Aliah School","Facility_t":"Kindergarten, Primary and Intermediate","Physical_c":"120","Total_regi":"240","No__of_shi":"2","AM_shift":"120 Leb","PM_shift":"120 Leb","Over_capac":"No","Dropouts":"5%","CERD":null,"School_Nam":null,"CAD_CODE":null,"secondshif":null,"Interviewe":null,"SDC_Name":null,"KADA_NA":null,"MOH_NA1":null,"OBJECTID_1":null,"Name":null,"Beds":null,"Beds_Habit":null,"Gateway_T":null,"Type_Code":null,"layer":"UNH_PrS","path":"C:/Users/guest1/Documents/WORKING_WEB_4/WORKING_WEB.gpkg|layername=UNH_PrS"}},
{"type":"Feature","geometry":{"type":"Point","coordinates":[35.53813006526899,33.883011763072815]},"properties":{"fid":836,"OBJECTID":null,"ID":null,"Pcode":null,"Governorat":null,"District":null,"Cadaster":null,"HC_name":null,"MOPH":null,"Accessible":null,"Accreditat":null,"Update_Inf":null,"Thumb_url":null,"Guarantors":null,"Center_typ":null,"Malnu_Scre":null,"Malnu_Mng":null,"Malnu_fees":null,"Longitude":null,"Latitude":null,"HAB_Code":null,"Catch_Area":null,"Consul_fee":null,"Immuni_fee":null,"ACS_Code":"22111","Interview":"Yes","GlobalID":"5f169025-b7f4-41eb-9f03-6866709027fb","CreationDate":"2020-05-19T20:12:54.616","Creator":"alisaad@unhabitat","EditDate":"2020-05-26T17:13:49.866","Editor":"alisaad@unhabitat","Mohafaza":"Mount Lebanon","Caza":"El Metn","ACS_NAME":"Bourj Hammoud","HABITAT_Co":"K","Data_year":"2017","Name_of_th":"El-Nazarene School","Facility_t":"Kindergarten, Primary and Intermediate","Physical_c":"205","Total_regi":"205","No__of_shi":"1","AM_shift":"NA","PM_shift":"NA","Over_capac":"No","Dropouts":"NA","CERD":null,"School_Nam":null,"CAD_CODE":null,"secondshif":null,"Interviewe":null,"SDC_Name":null,"KADA_NA":null,"MOH_NA1":null,"OBJECTID_1":null,"Name":null,"Beds":null,"Beds_Habit":null,"Gateway_T":null,"Type_Code":null,"layer":"UNH_PrS","path":"C:/Users/guest1/Documents/WORKING_WEB_4/WORKING_WEB.gpkg|layername=UNH_PrS"}},
{"type":"Feature","geometry":{"type":"Point","coordinates":[35.54257328826318,33.891682834685724]},"properties":{"fid":837,"OBJECTID":null,"ID":null,"Pcode":null,"Governorat":null,"District":null,"Cadaster":null,"HC_name":null,"MOPH":null,"Accessible":null,"Accreditat":null,"Update_Inf":null,"Thumb_url":null,"Guarantors":null,"Center_typ":null,"Malnu_Scre":null,"Malnu_Mng":null,"Malnu_fees":null,"Longitude":null,"Latitude":null,"HAB_Code":null,"Catch_Area":null,"Consul_fee":null,"Immuni_fee":null,"ACS_Code":"22111","Interview":"Yes","GlobalID":"2080ec30-1dea-4162-88eb-743701a14c9a","CreationDate":"2020-05-19T20:12:54.616","Creator":"alisaad@unhabitat","EditDate":"2020-05-19T20:12:54.616","Editor":"alisaad@unhabitat","Mohafaza":"Mount Lebanon","Caza":"El Metn","ACS_NAME":"Bourj Hammoud","HABITAT_Co":"E","Data_year":"2017","Name_of_th":"National Lebanese High School","Facility_t":"Secondary","Physical_c":"550","Total_regi":"550","No__of_shi":"1","AM_shift":"NA","PM_shift":"NA","Over_capac":"No","Dropouts":"Low rate","CERD":null,"School_Nam":null,"CAD_CODE":null,"secondshif":null,"Interviewe":null,"SDC_Name":null,"KADA_NA":null,"MOH_NA1":null,"OBJECTID_1":null,"Name":null,"Beds":null,"Beds_Habit":null,"Gateway_T":null,"Type_Code":null,"layer":"UNH_PrS","path":"C:/Users/guest1/Documents/WORKING_WEB_4/WORKING_WEB.gpkg|layername=UNH_PrS"}},
{"type":"Feature","geometry":{"type":"Point","coordinates":[35.501332421384305,33.86950281036418]},"properties":{"fid":841,"OBJECTID":null,"ID":null,"Pcode":null,"Governorat":null,"District":null,"Cadaster":null,"HC_name":null,"MOPH":null,"Accessible":null,"Accreditat":null,"Update_Inf":null,"Thumb_url":null,"Guarantors":null,"Center_typ":null,"Malnu_Scre":null,"Malnu_Mng":null,"Malnu_fees":null,"Longitude":null,"Latitude":null,"HAB_Code":null,"Catch_Area":null,"Consul_fee":null,"Immuni_fee":null,"ACS_Code":"10310","Interview":"Yes","GlobalID":"45b6e182-20c5-43b8-ac1e-207f818bc544","CreationDate":"2020-05-19T20:12:54.616","Creator":"alisaad@unhabitat","EditDate":"2020-05-19T20:12:54.616","Editor":"alisaad@unhabitat","Mohafaza":"Beirut","Caza":"Beirut","ACS_NAME":"Mazraa foncière","HABITAT_Co":"F","Data_year":"2019","Name_of_th":"Education Progress School","Facility_t":"Kindergarten, Primary and intermediate","Physical_c":"230","Total_regi":"230","No__of_shi":"1","AM_shift":"100 Leb, 100 Syr, 30 Other","PM_shift":"NA","Over_capac":"No","Dropouts":"20%","CERD":null,"School_Nam":null,"CAD_CODE":null,"secondshif":null,"Interviewe":null,"SDC_Name":null,"KADA_NA":null,"MOH_NA1":null,"OBJECTID_1":null,"Name":null,"Beds":null,"Beds_Habit":null,"Gateway_T":null,"Type_Code":null,"layer":"UNH_PrS","path":"C:/Users/guest1/Documents/WORKING_WEB_4/WORKING_WEB.gpkg|layername=UNH_PrS"}},
{"type":"Feature","geometry":{"type":"Point","coordinates":[35.502054084597546,33.865522490789836]},"properties":{"fid":842,"OBJECTID":null,"ID":null,"Pcode":null,"Governorat":null,"District":null,"Cadaster":null,"HC_name":null,"MOPH":null,"Accessible":null,"Accreditat":null,"Update_Inf":null,"Thumb_url":null,"Guarantors":null,"Center_typ":null,"Malnu_Scre":null,"Malnu_Mng":null,"Malnu_fees":null,"Longitude":null,"Latitude":null,"HAB_Code":null,"Catch_Area":null,"Consul_fee":null,"Immuni_fee":null,"ACS_Code":"21111","Interview":"Yes","GlobalID":"a5073e5d-e15f-413d-9d63-de612c5cab9b","CreationDate":"2020-05-19T20:12:54.616","Creator":"alisaad@unhabitat","EditDate":"2020-05-19T20:12:54.616","Editor":"alisaad@unhabitat","Mohafaza":"Mount Lebanon","Caza":"Baabda","ACS_NAME":"Chiyah","HABITAT_Co":"G","Data_year":"2019","Name_of_th":"Hariri 3 School","Facility_t":"Kindergarten, Primary and intermediate","Physical_c":"200","Total_regi":"200","No__of_shi":"1","AM_shift":"200 Leb","PM_shift":"NA","Over_capac":"No","Dropouts":"Rare","CERD":null,"School_Nam":null,"CAD_CODE":null,"secondshif":null,"Interviewe":null,"SDC_Name":null,"KADA_NA":null,"MOH_NA1":null,"OBJECTID_1":null,"Name":null,"Beds":null,"Beds_Habit":null,"Gateway_T":null,"Type_Code":null,"layer":"UNH_PrS","path":"C:/Users/guest1/Documents/WORKING_WEB_4/WORKING_WEB.gpkg|layername=UNH_PrS"}},
{"type":"Feature","geometry":{"type":"Point","coordinates":[35.50048525296366,33.876828722724426]},"properties":{"fid":844,"OBJECTID":null,"ID":null,"Pcode":null,"Governorat":null,"District":null,"Cadaster":null,"HC_name":null,"MOPH":null,"Accessible":null,"Accreditat":null,"Update_Inf":null,"Thumb_url":null,"Guarantors":null,"Center_typ":null,"Malnu_Scre":null,"Malnu_Mng":null,"Malnu_fees":null,"Longitude":null,"Latitude":null,"HAB_Code":null,"Catch_Area":null,"Consul_fee":null,"Immuni_fee":null,"ACS_Code":"10310","Interview":"No","GlobalID":"146ee350-6ac8-4857-ac6f-70e5f1d795c0","CreationDate":"2020-05-19T20:12:54.616","Creator":"alisaad@unhabitat","EditDate":"2020-06-05T15:44:58.799","Editor":"alisaad@unhabitat","Mohafaza":"Beirut","Caza":"Beirut","ACS_NAME":"Mazraa foncière","HABITAT_Co":" ","Data_year":" ","Name_of_th":"École Scientifique Moderne","Facility_t":" ","Physical_c":" ","Total_regi":" ","No__of_shi":" ","AM_shift":" ","PM_shift":" ","Over_capac":" ","Dropouts":" ","CERD":null,"School_Nam":null,"CAD_CODE":null,"secondshif":null,"Interviewe":null,"SDC_Name":null,"KADA_NA":null,"MOH_NA1":null,"OBJECTID_1":null,"Name":null,"Beds":null,"Beds_Habit":null,"Gateway_T":null,"Type_Code":null,"layer":"UNH_PrS","path":"C:/Users/guest1/Documents/WORKING_WEB_4/WORKING_WEB.gpkg|layername=UNH_PrS"}},
{"type":"Feature","geometry":{"type":"Point","coordinates":[35.49863887612593,33.86905526651008]},"properties":{"fid":850,"OBJECTID":null,"ID":null,"Pcode":null,"Governorat":null,"District":null,"Cadaster":null,"HC_name":null,"MOPH":null,"Accessible":null,"Accreditat":null,"Update_Inf":null,"Thumb_url":null,"Guarantors":null,"Center_typ":null,"Malnu_Scre":null,"Malnu_Mng":null,"Malnu_fees":null,"Longitude":null,"Latitude":null,"HAB_Code":null,"Catch_Area":null,"Consul_fee":null,"Immuni_fee":null,"ACS_Code":"10310","Interview":"Yes","GlobalID":"32f6201f-b843-473b-8568-d88a89e9a29c","CreationDate":"2020-05-19T20:12:54.616","Creator":"alisaad@unhabitat","EditDate":"2020-05-19T20:12:54.616","Editor":"alisaad@unhabitat","Mohafaza":"Beirut","Caza":"Beirut","ACS_NAME":"Mazraa foncière","HABITAT_Co":" ","Data_year":"2019","Name_of_th":"Ali El-Halak Private school","Facility_t":"Kindergarten,Primary School,Intermediate School","Physical_c":"200","Total_regi":"200","No__of_shi":"1","AM_shift":"100 Leb, 100 Syr","PM_shift":"NA","Over_capac":"No","Dropouts":"20%","CERD":null,"School_Nam":null,"CAD_CODE":null,"secondshif":null,"Interviewe":null,"SDC_Name":null,"KADA_NA":null,"MOH_NA1":null,"OBJECTID_1":null,"Name":null,"Beds":null,"Beds_Habit":null,"Gateway_T":null,"Type_Code":null,"layer":"UNH_PrS","path":"C:/Users/guest1/Documents/WORKING_WEB_4/WORKING_WEB.gpkg|layername=UNH_PrS"}},
{"type":"Feature","geometry":{"type":"Point","coordinates":[35.53820412946989,33.88456653276436]},"properties":{"fid":851,"OBJECTID":null,"ID":null,"Pcode":null,"Governorat":null,"District":null,"Cadaster":null,"HC_name":null,"MOPH":null,"Accessible":null,"Accreditat":null,"Update_Inf":null,"Thumb_url":null,"Guarantors":null,"Center_typ":null,"Malnu_Scre":null,"Malnu_Mng":null,"Malnu_fees":null,"Longitude":null,"Latitude":null,"HAB_Code":null,"Catch_Area":null,"Consul_fee":null,"Immuni_fee":null,"ACS_Code":"22111","Interview":"No","GlobalID":"567a7990-c9b5-4ce6-bb70-696c7e29ba9a","CreationDate":"2020-05-26T20:31:49.196","Creator":"alisaad@unhabitat","EditDate":"2020-05-26T20:53:50.849","Editor":"alisaad@unhabitat","Mohafaza":"Mount Lebanon","Caza":"El Metn","ACS_NAME":"Bourj Hammoud","HABITAT_Co":null,"Data_year":null,"Name_of_th":"Soeurs du Rosaire School","Facility_t":null,"Physical_c":null,"Total_regi":null,"No__of_shi":null,"AM_shift":null,"PM_shift":null,"Over_capac":null,"Dropouts":null,"CERD":null,"School_Nam":null,"CAD_CODE":null,"secondshif":null,"Interviewe":null,"SDC_Name":null,"KADA_NA":null,"MOH_NA1":null,"OBJECTID_1":null,"Name":null,"Beds":null,"Beds_Habit":null,"Gateway_T":null,"Type_Code":null,"layer":"UNH_PrS","path":"C:/Users/guest1/Documents/WORKING_WEB_4/WORKING_WEB.gpkg|layername=UNH_PrS"}},
{"type":"Feature","geometry":{"type":"Point","coordinates":[35.52308301646439,33.89375929085793]},"properties":{"fid":858,"OBJECTID":null,"ID":null,"Pcode":null,"Governorat":null,"District":null,"Cadaster":null,"HC_name":null,"MOPH":null,"Accessible":null,"Accreditat":null,"Update_Inf":null,"Thumb_url":null,"Guarantors":null,"Center_typ":null,"Malnu_Scre":null,"Malnu_Mng":null,"Malnu_fees":null,"Longitude":null,"Latitude":null,"HAB_Code":null,"Catch_Area":null,"Consul_fee":null,"Immuni_fee":null,"ACS_Code":"10550","Interview":"Yes","GlobalID":"cef46995-f540-45d8-9b54-165c68f6abd2","CreationDate":"2020-06-01T17:06:10.333","Creator":"alisaad@unhabitat","EditDate":"2020-06-01T17:14:35.095","Editor":"alisaad@unhabitat","Mohafaza":"Beirut","Caza":"Beirut","ACS_NAME":"Rmeil foncière","HABITAT_Co":null,"Data_year":"2019","Name_of_th":"Mouvement Sociale","Facility_t":"Primary School","Physical_c":"225","Total_regi":"125","No__of_shi":null,"AM_shift":null,"PM_shift":null,"Over_capac":null,"Dropouts":"20%","CERD":null,"School_Nam":null,"CAD_CODE":null,"secondshif":null,"Interviewe":null,"SDC_Name":null,"KADA_NA":null,"MOH_NA1":null,"OBJECTID_1":null,"Name":null,"Beds":null,"Beds_Habit":null,"Gateway_T":null,"Type_Code":null,"layer":"UNH_PrS","path":"C:/Users/guest1/Documents/WORKING_WEB_4/WORKING_WEB.gpkg|layername=UNH_PrS"}},
{"type":"Feature","geometry":{"type":"Point","coordinates":[35.539898692557216,33.881603121741946]},"properties":{"fid":859,"OBJECTID":null,"ID":null,"Pcode":null,"Governorat":null,"District":null,"Cadaster":null,"HC_name":null,"MOPH":null,"Accessible":null,"Accreditat":null,"Update_Inf":null,"Thumb_url":null,"Guarantors":null,"Center_typ":null,"Malnu_Scre":null,"Malnu_Mng":null,"Malnu_fees":null,"Longitude":null,"Latitude":null,"HAB_Code":null,"Catch_Area":null,"Consul_fee":null,"Immuni_fee":null,"ACS_Code":"22111","Interview":"Yes","GlobalID":"67b2343e-e35c-49ba-98b7-a490676c1a53","CreationDate":"2020-06-01T17:20:36.121","Creator":"alisaad@unhabitat","EditDate":"2020-06-01T17:29:03.366","Editor":"alisaad@unhabitat","Mohafaza":"Mount Lebanon","Caza":"El Metn","ACS_NAME":"Bourj Hammoud","HABITAT_Co":null,"Data_year":"2019","Name_of_th":"Larissa Nursery","Facility_t":"Kindergarten","Physical_c":null,"Total_regi":"30","No__of_shi":"2","AM_shift":null,"PM_shift":null,"Over_capac":null,"Dropouts":"None","CERD":null,"School_Nam":null,"CAD_CODE":null,"secondshif":null,"Interviewe":null,"SDC_Name":null,"KADA_NA":null,"MOH_NA1":null,"OBJECTID_1":null,"Name":null,"Beds":null,"Beds_Habit":null,"Gateway_T":null,"Type_Code":null,"layer":"UNH_PrS","path":"C:/Users/guest1/Documents/WORKING_WEB_4/WORKING_WEB.gpkg|layername=UNH_PrS"}},
{"type":"Feature","geometry":{"type":"Point","coordinates":[35.49372652932352,33.89263171366343]},"properties":{"fid":860,"OBJECTID":null,"ID":null,"Pcode":null,"Governorat":null,"District":null,"Cadaster":null,"HC_name":null,"MOPH":null,"Accessible":null,"Accreditat":null,"Update_Inf":null,"Thumb_url":null,"Guarantors":null,"Center_typ":null,"Malnu_Scre":null,"Malnu_Mng":null,"Malnu_fees":null,"Longitude":null,"Latitude":null,"HAB_Code":null,"Catch_Area":null,"Consul_fee":null,"Immuni_fee":null,"ACS_Code":"10210","Interview":"Yes","GlobalID":"5eb64066-72a7-4c52-80cb-4ee8e0fad248","CreationDate":"2020-06-01T17:30:09.442","Creator":"alisaad@unhabitat","EditDate":"2020-06-01T17:32:13.240","Editor":"alisaad@unhabitat","Mohafaza":"Beirut","Caza":"Beirut","ACS_NAME":"Msaitbé foncière","HABITAT_Co":null,"Data_year":"2019","Name_of_th":"Société de Saint Vincent de Paul","Facility_t":"Religious School","Physical_c":"550","Total_regi":"535 AM, 180 PM","No__of_shi":"2","AM_shift":null,"PM_shift":null,"Over_capac":null,"Dropouts":"Low rate","CERD":null,"School_Nam":null,"CAD_CODE":null,"secondshif":null,"Interviewe":null,"SDC_Name":null,"KADA_NA":null,"MOH_NA1":null,"OBJECTID_1":null,"Name":null,"Beds":null,"Beds_Habit":null,"Gateway_T":null,"Type_Code":null,"layer":"UNH_PrS","path":"C:/Users/guest1/Documents/WORKING_WEB_4/WORKING_WEB.gpkg|layername=UNH_PrS"}},
{"type":"Feature","geometry":{"type":"Point","coordinates":[35.53451320759092,33.887946329785294]},"properties":{"fid":861,"OBJECTID":null,"ID":null,"Pcode":null,"Governorat":null,"District":null,"Cadaster":null,"HC_name":null,"MOPH":null,"Accessible":null,"Accreditat":null,"Update_Inf":null,"Thumb_url":null,"Guarantors":null,"Center_typ":null,"Malnu_Scre":null,"Malnu_Mng":null,"Malnu_fees":null,"Longitude":null,"Latitude":null,"HAB_Code":null,"Catch_Area":null,"Consul_fee":null,"Immuni_fee":null,"ACS_Code":null,"Interview":"No","GlobalID":"800123c5-f515-48ae-9fa4-c9622d388438","CreationDate":"2021-03-15T19:18:14.277","Creator":"alisaad@unhabitat","EditDate":"2021-03-15T19:21:25.411","Editor":"alisaad@unhabitat","Mohafaza":"Mount Lebanon","Caza":"El Meten","ACS_NAME":"Sinn El-Fil","HABITAT_Co":null,"Data_year":null,"Name_of_th":"St. Jean School","Facility_t":null,"Physical_c":null,"Total_regi":null,"No__of_shi":null,"AM_shift":null,"PM_shift":null,"Over_capac":null,"Dropouts":null,"CERD":null,"School_Nam":null,"CAD_CODE":null,"secondshif":null,"Interviewe":null,"SDC_Name":null,"KADA_NA":null,"MOH_NA1":null,"OBJECTID_1":null,"Name":null,"Beds":null,"Beds_Habit":null,"Gateway_T":null,"Type_Code":null,"layer":"UNH_PrS","path":"C:/Users/guest1/Documents/WORKING_WEB_4/WORKING_WEB.gpkg|layername=UNH_PrS"}},
{"type":"Feature","geometry":{"type":"Point","coordinates":[35.69398519569154,33.87198020749046]},"properties":{"fid":1245,"OBJECTID":383,"ID":null,"Pcode":null,"Governorat":null,"District":null,"Cadaster":null,"HC_name":null,"MOPH":null,"Accessible":null,"Accreditat":null,"Update_Inf":" ","Thumb_url":null,"Guarantors":null,"Center_typ":null,"Malnu_Scre":null,"Malnu_Mng":null,"Malnu_fees":null,"Longitude":35.6939851957,"Latitude":33.8719802075,"HAB_Code":null,"Catch_Area":null,"Consul_fee":null,"Immuni_fee":null,"ACS_Code":"21394","Interview":null,"GlobalID":"01c2ff06-c1f6-44bc-9cb9-2ca75840287e","CreationDate":"2020-05-19T18:28:57.421","Creator":"alisaad@unhabitat","EditDate":"2020-05-19T18:28:57.421","Editor":"alisaad@unhabitat","Mohafaza":"Mount Lebanon","Caza":"Baabda","ACS_NAME":"Salima Baabda","HABITAT_Co":null,"Data_year":null,"Name_of_th":" ","Facility_t":" ","Physical_c":" ","Total_regi":" ","No__of_shi":" ","AM_shift":" ","PM_shift":" ","Over_capac":" ","Dropouts":" ","CERD":254,"School_Nam":"Salima Mixed Intermediate Public School","CAD_CODE":"21037","secondshif":"FALSE","Interviewe":"No","SDC_Name":null,"KADA_NA":null,"MOH_NA1":null,"OBJECTID_1":null,"Name":null,"Beds":null,"Beds_Habit":null,"Gateway_T":null,"Type_Code":null,"layer":"UNH_PS","path":"C:/Users/guest1/Documents/WORKING_WEB_4/WORKING_WEB.gpkg|layername=UNH_PS"}},
{"type":"Feature","geometry":{"type":"Point","coordinates":[35.55181014169159,33.872120137685556]},"properties":{"fid":1247,"OBJECTID":385,"ID":null,"Pcode":null,"Governorat":null,"District":null,"Cadaster":null,"HC_name":null,"MOPH":null,"Accessible":null,"Accreditat":null,"Update_Inf":" ","Thumb_url":null,"Guarantors":null,"Center_typ":null,"Malnu_Scre":null,"Malnu_Mng":null,"Malnu_fees":null,"Longitude":35.5518101417,"Latitude":33.8721201377,"HAB_Code":null,"Catch_Area":null,"Consul_fee":null,"Immuni_fee":null,"ACS_Code":"22245","Interview":null,"GlobalID":"7e44f596-50aa-424c-a54e-6f82b38f573c","CreationDate":"2020-05-19T18:28:57.421","Creator":"alisaad@unhabitat","EditDate":"2020-05-19T18:28:57.421","Editor":"alisaad@unhabitat","Mohafaza":"Mount Lebanon","Caza":"El Meten","ACS_NAME":"Deir mar Roukoz","HABITAT_Co":null,"Data_year":null,"Name_of_th":" ","Facility_t":" ","Physical_c":" ","Total_regi":" ","No__of_shi":" ","AM_shift":" ","PM_shift":" ","Over_capac":" ","Dropouts":" ","CERD":98,"School_Nam":"Dekwaneh Mixed Intermediate Public School","CAD_CODE":"22016","secondshif":"FALSE","Interviewe":"No","SDC_Name":null,"KADA_NA":null,"MOH_NA1":null,"OBJECTID_1":null,"Name":null,"Beds":null,"Beds_Habit":null,"Gateway_T":null,"Type_Code":null,"layer":"UNH_PS","path":"C:/Users/guest1/Documents/WORKING_WEB_4/WORKING_WEB.gpkg|layername=UNH_PS"}},
{"type":"Feature","geometry":{"type":"Point","coordinates":[35.53122809569158,33.835659236871635]},"properties":{"fid":1248,"OBJECTID":386,"ID":null,"Pcode":null,"Governorat":null,"District":null,"Cadaster":null,"HC_name":null,"MOPH":null,"Accessible":null,"Accreditat":null,"Update_Inf":" ","Thumb_url":null,"Guarantors":null,"Center_typ":null,"Malnu_Scre":null,"Malnu_Mng":null,"Malnu_fees":null,"Longitude":35.5312280957,"Latitude":33.8356592369,"HAB_Code":null,"Catch_Area":null,"Consul_fee":null,"Immuni_fee":null,"ACS_Code":"21219","Interview":null,"GlobalID":"07289f98-bba4-4fad-8bc2-de837c6c4ae6","CreationDate":"2020-05-19T18:28:57.421","Creator":"alisaad@unhabitat","EditDate":"2020-05-19T18:28:57.421","Editor":"alisaad@unhabitat","Mohafaza":"Mount Lebanon","Caza":"Baabda","ACS_NAME":"Hadath Beyrouth","HABITAT_Co":null,"Data_year":null,"Name_of_th":" ","Facility_t":" ","Physical_c":" ","Total_regi":" ","No__of_shi":" ","AM_shift":" ","PM_shift":" ","Over_capac":" ","Dropouts":" ","CERD":107,"School_Nam":"Al Hadath Mixed Intermediate Public School","CAD_CODE":"21002","secondshif":"FALSE","Interviewe":"No","SDC_Name":null,"KADA_NA":null,"MOH_NA1":null,"OBJECTID_1":null,"Name":null,"Beds":null,"Beds_Habit":null,"Gateway_T":null,"Type_Code":null,"layer":"UNH_PS","path":"C:/Users/guest1/Documents/WORKING_WEB_4/WORKING_WEB.gpkg|layername=UNH_PS"}},
{"type":"Feature","geometry":{"type":"Point","coordinates":[35.531414134691545,33.83525416030738]},"properties":{"fid":1249,"OBJECTID":387,"ID":null,"Pcode":null,"Governorat":null,"District":null,"Cadaster":null,"HC_name":null,"MOPH":null,"Accessible":null,"Accreditat":null,"Update_Inf":" ","Thumb_url":null,"Guarantors":null,"Center_typ":null,"Malnu_Scre":null,"Malnu_Mng":null,"Malnu_fees":null,"Longitude":35.5314141347,"Latitude":33.8352541603,"HAB_Code":null,"Catch_Area":null,"Consul_fee":null,"Immuni_fee":null,"ACS_Code":"21219","Interview":null,"GlobalID":"e48ddfac-cc92-4da8-9d51-5f6d1ad5fa9a","CreationDate":"2020-05-19T18:28:57.421","Creator":"alisaad@unhabitat","EditDate":"2020-05-19T18:28:57.421","Editor":"alisaad@unhabitat","Mohafaza":"Mount Lebanon","Caza":"Baabda","ACS_NAME":"Hadath Beyrouth","HABITAT_Co":null,"Data_year":null,"Name_of_th":" ","Facility_t":" ","Physical_c":" ","Total_regi":" ","No__of_shi":" ","AM_shift":" ","PM_shift":" ","Over_capac":" ","Dropouts":" ","CERD":108,"School_Nam":"Al Hadath Mixed Elementary Public School","CAD_CODE":"21002","secondshif":"FALSE","Interviewe":"No","SDC_Name":null,"KADA_NA":null,"MOH_NA1":null,"OBJECTID_1":null,"Name":null,"Beds":null,"Beds_Habit":null,"Gateway_T":null,"Type_Code":null,"layer":"UNH_PS","path":"C:/Users/guest1/Documents/WORKING_WEB_4/WORKING_WEB.gpkg|layername=UNH_PS"}},
{"type":"Feature","geometry":{"type":"Point","coordinates":[35.503885092691576,33.838480087801216]},"properties":{"fid":1254,"OBJECTID":392,"ID":null,"Pcode":null,"Governorat":null,"District":null,"Cadaster":null,"HC_name":null,"MOPH":null,"Accessible":null,"Accreditat":null,"Update_Inf":" ","Thumb_url":null,"Guarantors":null,"Center_typ":null,"Malnu_Scre":null,"Malnu_Mng":null,"Malnu_fees":null,"Longitude":35.5038850927,"Latitude":33.8384800878,"HAB_Code":null,"Catch_Area":null,"Consul_fee":null,"Immuni_fee":null,"ACS_Code":"21177","Interview":null,"GlobalID":"9d1011f8-b17b-4ecd-870f-2a80d6aa90d7","CreationDate":"2020-05-19T18:28:57.421","Creator":"alisaad@unhabitat","EditDate":"2020-05-19T18:28:57.421","Editor":"alisaad@unhabitat","Mohafaza":"Mount Lebanon","Caza":"Baabda","ACS_NAME":"Bourj El-Brajneh","HABITAT_Co":null,"Data_year":null,"Name_of_th":" ","Facility_t":" ","Physical_c":" ","Total_regi":" ","No__of_shi":" ","AM_shift":" ","PM_shift":" ","Over_capac":" ","Dropouts":" ","CERD":112,"School_Nam":"Bourj El Barajneh Secondary Public School for Girls","CAD_CODE":"21004","secondshif":"FALSE","Interviewe":"No","SDC_Name":null,"KADA_NA":null,"MOH_NA1":null,"OBJECTID_1":null,"Name":null,"Beds":null,"Beds_Habit":null,"Gateway_T":null,"Type_Code":null,"layer":"UNH_PS","path":"C:/Users/guest1/Documents/WORKING_WEB_4/WORKING_WEB.gpkg|layername=UNH_PS"}},
{"type":"Feature","geometry":{"type":"Point","coordinates":[35.507985179691566,33.84228014109531]},"properties":{"fid":1255,"OBJECTID":393,"ID":null,"Pcode":null,"Governorat":null,"District":null,"Cadaster":null,"HC_name":null,"MOPH":null,"Accessible":null,"Accreditat":null,"Update_Inf":" ","Thumb_url":null,"Guarantors":null,"Center_typ":null,"Malnu_Scre":null,"Malnu_Mng":null,"Malnu_fees":null,"Longitude":35.5079851797,"Latitude":33.8422801411,"HAB_Code":null,"Catch_Area":null,"Consul_fee":null,"Immuni_fee":null,"ACS_Code":"21177","Interview":null,"GlobalID":"3fcfdf78-5ee5-4313-a941-5455907e9728","CreationDate":"2020-05-19T18:28:57.421","Creator":"alisaad@unhabitat","EditDate":"2020-05-19T18:28:57.421","Editor":"alisaad@unhabitat","Mohafaza":"Mount Lebanon","Caza":"Baabda","ACS_NAME":"Bourj El-Brajneh","HABITAT_Co":null,"Data_year":null,"Name_of_th":" ","Facility_t":" ","Physical_c":" ","Total_regi":" ","No__of_shi":" ","AM_shift":" ","PM_shift":" ","Over_capac":" ","Dropouts":" ","CERD":113,"School_Nam":"Bourj El Barajneh First Mixed Public School","CAD_CODE":"21004","secondshif":"FALSE","Interviewe":"No","SDC_Name":null,"KADA_NA":null,"MOH_NA1":null,"OBJECTID_1":null,"Name":null,"Beds":null,"Beds_Habit":null,"Gateway_T":null,"Type_Code":null,"layer":"UNH_PS","path":"C:/Users/guest1/Documents/WORKING_WEB_4/WORKING_WEB.gpkg|layername=UNH_PS"}},
{"type":"Feature","geometry":{"type":"Point","coordinates":[35.505752174691565,33.834780090646994]},"properties":{"fid":1256,"OBJECTID":394,"ID":null,"Pcode":null,"Governorat":null,"District":null,"Cadaster":null,"HC_name":null,"MOPH":null,"Accessible":null,"Accreditat":null,"Update_Inf":" ","Thumb_url":null,"Guarantors":null,"Center_typ":null,"Malnu_Scre":null,"Malnu_Mng":null,"Malnu_fees":null,"Longitude":35.5057521747,"Latitude":33.8347800906,"HAB_Code":null,"Catch_Area":null,"Consul_fee":null,"Immuni_fee":null,"ACS_Code":"21177","Interview":null,"GlobalID":"ec0ac296-e17e-4c37-9881-2a09e3dcd01f","CreationDate":"2020-05-19T18:28:57.421","Creator":"alisaad@unhabitat","EditDate":"2020-05-19T18:28:57.421","Editor":"alisaad@unhabitat","Mohafaza":"Mount Lebanon","Caza":"Baabda","ACS_NAME":"Bourj El-Brajneh","HABITAT_Co":null,"Data_year":null,"Name_of_th":" ","Facility_t":" ","Physical_c":" ","Total_regi":" ","No__of_shi":" ","AM_shift":" ","PM_shift":" ","Over_capac":" ","Dropouts":" ","CERD":115,"School_Nam":"Bourj El Barajneh Third Mixed Public School","CAD_CODE":"21004","secondshif":"FALSE","Interviewe":"No","SDC_Name":null,"KADA_NA":null,"MOH_NA1":null,"OBJECTID_1":null,"Name":null,"Beds":null,"Beds_Habit":null,"Gateway_T":null,"Type_Code":null,"layer":"UNH_PS","path":"C:/Users/guest1/Documents/WORKING_WEB_4/WORKING_WEB.gpkg|layername=UNH_PS"}},
{"type":"Feature","geometry":{"type":"Point","coordinates":[35.50528512269159,33.83868009507984]},"properties":{"fid":1257,"OBJECTID":395,"ID":null,"Pcode":null,"Governorat":null,"District":null,"Cadaster":null,"HC_name":null,"MOPH":null,"Accessible":null,"Accreditat":null,"Update_Inf":" ","Thumb_url":null,"Guarantors":null,"Center_typ":null,"Malnu_Scre":null,"Malnu_Mng":null,"Malnu_fees":null,"Longitude":35.5052851227,"Latitude":33.8386800951,"HAB_Code":null,"Catch_Area":null,"Consul_fee":null,"Immuni_fee":null,"ACS_Code":"21177","Interview":null,"GlobalID":"fefa694b-e23b-4f1f-9773-db754ed16358","CreationDate":"2020-05-19T18:28:57.421","Creator":"alisaad@unhabitat","EditDate":"2020-05-19T18:28:57.421","Editor":"alisaad@unhabitat","Mohafaza":"Mount Lebanon","Caza":"Baabda","ACS_NAME":"Bourj El-Brajneh","HABITAT_Co":null,"Data_year":null,"Name_of_th":" ","Facility_t":" ","Physical_c":" ","Total_regi":" ","No__of_shi":" ","AM_shift":" ","PM_shift":" ","Over_capac":" ","Dropouts":" ","CERD":117,"School_Nam":"Bourj El Barajneh First Public School for Boys- a.m","CAD_CODE":"21004","secondshif":"FALSE","Interviewe":"No","SDC_Name":null,"KADA_NA":null,"MOH_NA1":null,"OBJECTID_1":null,"Name":null,"Beds":null,"Beds_Habit":null,"Gateway_T":null,"Type_Code":null,"layer":"UNH_PS","path":"C:/Users/guest1/Documents/WORKING_WEB_4/WORKING_WEB.gpkg|layername=UNH_PS"}},
{"type":"Feature","geometry":{"type":"Point","coordinates":[35.50528512269159,33.83868009507984]},"properties":{"fid":1258,"OBJECTID":396,"ID":null,"Pcode":null,"Governorat":null,"District":null,"Cadaster":null,"HC_name":null,"MOPH":null,"Accessible":null,"Accreditat":null,"Update_Inf":" ","Thumb_url":null,"Guarantors":null,"Center_typ":null,"Malnu_Scre":null,"Malnu_Mng":null,"Malnu_fees":null,"Longitude":35.5052851227,"Latitude":33.8386800951,"HAB_Code":null,"Catch_Area":null,"Consul_fee":null,"Immuni_fee":null,"ACS_Code":"21177","Interview":null,"GlobalID":"9d5069ca-2590-4f30-bb3d-e3fe9974d383","CreationDate":"2020-05-19T18:28:57.421","Creator":"alisaad@unhabitat","EditDate":"2020-05-19T18:28:57.421","Editor":"alisaad@unhabitat","Mohafaza":"Mount Lebanon","Caza":"Baabda","ACS_NAME":"Bourj El-Brajneh","HABITAT_Co":null,"Data_year":null,"Name_of_th":" ","Facility_t":" ","Physical_c":" ","Total_regi":" ","No__of_shi":" ","AM_shift":" ","PM_shift":" ","Over_capac":" ","Dropouts":" ","CERD":119,"School_Nam":"Burj El Barajina second mixed public school -before noon","CAD_CODE":"21004","secondshif":"FALSE","Interviewe":"No","SDC_Name":null,"KADA_NA":null,"MOH_NA1":null,"OBJECTID_1":null,"Name":null,"Beds":null,"Beds_Habit":null,"Gateway_T":null,"Type_Code":null,"layer":"UNH_PS","path":"C:/Users/guest1/Documents/WORKING_WEB_4/WORKING_WEB.gpkg|layername=UNH_PS"}},
{"type":"Feature","geometry":{"type":"Point","coordinates":[35.50528518969156,33.83878011821919]},"properties":{"fid":1259,"OBJECTID":397,"ID":null,"Pcode":null,"Governorat":null,"District":null,"Cadaster":null,"HC_name":null,"MOPH":null,"Accessible":null,"Accreditat":null,"Update_Inf":" ","Thumb_url":null,"Guarantors":null,"Center_typ":null,"Malnu_Scre":null,"Malnu_Mng":null,"Malnu_fees":null,"Longitude":35.5052851897,"Latitude":33.8387801182,"HAB_Code":null,"Catch_Area":null,"Consul_fee":null,"Immuni_fee":null,"ACS_Code":"21177","Interview":null,"GlobalID":"3d793d0e-c9a8-46a6-9f8c-8dfe4265ef26","CreationDate":"2020-05-19T18:28:57.421","Creator":"alisaad@unhabitat","EditDate":"2020-05-19T18:28:57.421","Editor":"alisaad@unhabitat","Mohafaza":"Mount Lebanon","Caza":"Baabda","ACS_NAME":"Bourj El-Brajneh","HABITAT_Co":null,"Data_year":null,"Name_of_th":" ","Facility_t":" ","Physical_c":" ","Total_regi":" ","No__of_shi":" ","AM_shift":" ","PM_shift":" ","Over_capac":" ","Dropouts":" ","CERD":120,"School_Nam":"Burj El Barajina second mixed public school -afternoon","CAD_CODE":"21004","secondshif":"FALSE","Interviewe":"No","SDC_Name":null,"KADA_NA":null,"MOH_NA1":null,"OBJECTID_1":null,"Name":null,"Beds":null,"Beds_Habit":null,"Gateway_T":null,"Type_Code":null,"layer":"UNH_PS","path":"C:/Users/guest1/Documents/WORKING_WEB_4/WORKING_WEB.gpkg|layername=UNH_PS"}},
{"type":"Feature","geometry":{"type":"Point","coordinates":[35.513885092691574,33.84078009200547]},"properties":{"fid":1260,"OBJECTID":398,"ID":null,"Pcode":null,"Governorat":null,"District":null,"Cadaster":null,"HC_name":null,"MOPH":null,"Accessible":null,"Accreditat":null,"Update_Inf":" ","Thumb_url":null,"Guarantors":null,"Center_typ":null,"Malnu_Scre":null,"Malnu_Mng":null,"Malnu_fees":null,"Longitude":35.5138850927,"Latitude":33.840780092,"HAB_Code":null,"Catch_Area":null,"Consul_fee":null,"Immuni_fee":null,"ACS_Code":"21177","Interview":null,"GlobalID":"7d88772d-6307-49d6-8864-cab6fe5ba823","CreationDate":"2020-05-19T18:28:57.421","Creator":"alisaad@unhabitat","EditDate":"2020-05-19T18:28:57.421","Editor":"alisaad@unhabitat","Mohafaza":"Mount Lebanon","Caza":"Baabda","ACS_NAME":"Bourj El-Brajneh","HABITAT_Co":null,"Data_year":null,"Name_of_th":" ","Facility_t":" ","Physical_c":" ","Total_regi":" ","No__of_shi":" ","AM_shift":" ","PM_shift":" ","Over_capac":" ","Dropouts":" ","CERD":122,"School_Nam":"Hussein Ali Nasser secondary public school for boys","CAD_CODE":"21004","secondshif":"FALSE","Interviewe":"No","SDC_Name":null,"KADA_NA":null,"MOH_NA1":null,"OBJECTID_1":null,"Name":null,"Beds":null,"Beds_Habit":null,"Gateway_T":null,"Type_Code":null,"layer":"UNH_PS","path":"C:/Users/guest1/Documents/WORKING_WEB_4/WORKING_WEB.gpkg|layername=UNH_PS"}},
{"type":"Feature","geometry":{"type":"Point","coordinates":[35.61843514569154,33.954225266288084]},"properties":{"fid":1337,"OBJECTID":477,"ID":null,"Pcode":null,"Governorat":null,"District":null,"Cadaster":null,"HC_name":null,"MOPH":null,"Accessible":null,"Accreditat":null,"Update_Inf":" ","Thumb_url":null,"Guarantors":null,"Center_typ":null,"Malnu_Scre":null,"Malnu_Mng":null,"Malnu_fees":null,"Longitude":35.6184351457,"Latitude":33.9542252663,"HAB_Code":null,"Catch_Area":null,"Consul_fee":null,"Immuni_fee":null,"ACS_Code":"25126","Interview":null,"GlobalID":"0c5f4712-97f1-4729-be55-b27e7c292afa","CreationDate":"2020-05-19T18:28:57.421","Creator":"alisaad@unhabitat","EditDate":"2020-05-19T18:28:57.421","Editor":"alisaad@unhabitat","Mohafaza":"Mount Lebanon","Caza":"Kesrwane","ACS_NAME":"Zouk Mousbeh","HABITAT_Co":null,"Data_year":null,"Name_of_th":" ","Facility_t":" ","Physical_c":" ","Total_regi":" ","No__of_shi":" ","AM_shift":" ","PM_shift":" ","Over_capac":" ","Dropouts":" ","CERD":138,"School_Nam":"Zouk Mikael Intermediate Public School","CAD_CODE":"25001","secondshif":"TRUE","Interviewe":"No","SDC_Name":null,"KADA_NA":null,"MOH_NA1":null,"OBJECTID_1":null,"Name":null,"Beds":null,"Beds_Habit":null,"Gateway_T":null,"Type_Code":null,"layer":"UNH_PS","path":"C:/Users/guest1/Documents/WORKING_WEB_4/WORKING_WEB.gpkg|layername=UNH_PS"}},
{"type":"Feature","geometry":{"type":"Point","coordinates":[35.675085108691576,33.92673026988331]},"properties":{"fid":1342,"OBJECTID":482,"ID":null,"Pcode":null,"Governorat":null,"District":null,"Cadaster":null,"HC_name":null,"MOPH":null,"Accessible":null,"Accreditat":null,"Update_Inf":" ","Thumb_url":null,"Guarantors":null,"Center_typ":null,"Malnu_Scre":null,"Malnu_Mng":null,"Malnu_fees":null,"Longitude":35.6750851087,"Latitude":33.9267302699,"HAB_Code":null,"Catch_Area":null,"Consul_fee":null,"Immuni_fee":null,"ACS_Code":"22531","Interview":null,"GlobalID":"f620ca71-6a42-4218-8c25-e50594e1ef42","CreationDate":"2020-05-19T18:28:57.421","Creator":"alisaad@unhabitat","EditDate":"2020-05-19T18:28:57.421","Editor":"alisaad@unhabitat","Mohafaza":"Mount Lebanon","Caza":"El Meten","ACS_NAME":"Beit Chabab","HABITAT_Co":null,"Data_year":null,"Name_of_th":" ","Facility_t":" ","Physical_c":" ","Total_regi":" ","No__of_shi":" ","AM_shift":" ","PM_shift":" ","Over_capac":" ","Dropouts":" ","CERD":217,"School_Nam":"Beit Chebab Mixed Intermediate Public School","CAD_CODE":"22053","secondshif":"FALSE","Interviewe":"No","SDC_Name":null,"KADA_NA":null,"MOH_NA1":null,"OBJECTID_1":null,"Name":null,"Beds":null,"Beds_Habit":null,"Gateway_T":null,"Type_Code":null,"layer":"UNH_PS","path":"C:/Users/guest1/Documents/WORKING_WEB_4/WORKING_WEB.gpkg|layername=UNH_PS"}},
{"type":"Feature","geometry":{"type":"Point","coordinates":[35.670168168691596,33.928613262512606]},"properties":{"fid":1343,"OBJECTID":483,"ID":null,"Pcode":null,"Governorat":null,"District":null,"Cadaster":null,"HC_name":null,"MOPH":null,"Accessible":null,"Accreditat":null,"Update_Inf":" ","Thumb_url":null,"Guarantors":null,"Center_typ":null,"Malnu_Scre":null,"Malnu_Mng":null,"Malnu_fees":null,"Longitude":35.6701681687,"Latitude":33.9286132625,"HAB_Code":null,"Catch_Area":null,"Consul_fee":null,"Immuni_fee":null,"ACS_Code":"22531","Interview":null,"GlobalID":"256dbb2c-c842-4d62-98f3-70bc7b8401ce","CreationDate":"2020-05-19T18:28:57.421","Creator":"alisaad@unhabitat","EditDate":"2020-05-19T18:28:57.421","Editor":"alisaad@unhabitat","Mohafaza":"Mount Lebanon","Caza":"El Meten","ACS_NAME":"Beit Chabab","HABITAT_Co":null,"Data_year":null,"Name_of_th":" ","Facility_t":" ","Physical_c":" ","Total_regi":" ","No__of_shi":" ","AM_shift":" ","PM_shift":" ","Over_capac":" ","Dropouts":" ","CERD":218,"School_Nam":"Ain Aar Mixed Intermediate Public School","CAD_CODE":"22053","secondshif":"FALSE","Interviewe":"No","SDC_Name":null,"KADA_NA":null,"MOH_NA1":null,"OBJECTID_1":null,"Name":null,"Beds":null,"Beds_Habit":null,"Gateway_T":null,"Type_Code":null,"layer":"UNH_PS","path":"C:/Users/guest1/Documents/WORKING_WEB_4/WORKING_WEB.gpkg|layername=UNH_PS"}},
{"type":"Feature","geometry":{"type":"Point","coordinates":[35.63628510569157,33.93338023816946]},"properties":{"fid":1344,"OBJECTID":484,"ID":null,"Pcode":null,"Governorat":null,"District":null,"Cadaster":null,"HC_name":null,"MOPH":null,"Accessible":null,"Accreditat":null,"Update_Inf":" ","Thumb_url":null,"Guarantors":null,"Center_typ":null,"Malnu_Scre":null,"Malnu_Mng":null,"Malnu_fees":null,"Longitude":35.6362851057,"Latitude":33.9333802382,"HAB_Code":null,"Catch_Area":null,"Consul_fee":null,"Immuni_fee":null,"ACS_Code":"22475","Interview":null,"GlobalID":"071e54b3-bede-4812-be01-ed3565698b60","CreationDate":"2020-05-19T18:28:57.421","Creator":"alisaad@unhabitat","EditDate":"2020-05-19T18:28:57.421","Editor":"alisaad@unhabitat","Mohafaza":"Mount Lebanon","Caza":"El Meten","ACS_NAME":"Mazraat Yachouaa","HABITAT_Co":null,"Data_year":null,"Name_of_th":" ","Facility_t":" ","Physical_c":" ","Total_regi":" ","No__of_shi":" ","AM_shift":" ","PM_shift":" ","Over_capac":" ","Dropouts":" ","CERD":143,"School_Nam":"Mazraat Yashouh Mixed Intermediate Public School","CAD_CODE":"22033","secondshif":"TRUE","Interviewe":"No","SDC_Name":null,"KADA_NA":null,"MOH_NA1":null,"OBJECTID_1":null,"Name":null,"Beds":null,"Beds_Habit":null,"Gateway_T":null,"Type_Code":null,"layer":"UNH_PS","path":"C:/Users/guest1/Documents/WORKING_WEB_4/WORKING_WEB.gpkg|layername=UNH_PS"}},
{"type":"Feature","geometry":{"type":"Point","coordinates":[35.63628509269154,33.93358022344873]},"properties":{"fid":1345,"OBJECTID":485,"ID":null,"Pcode":null,"Governorat":null,"District":null,"Cadaster":null,"HC_name":null,"MOPH":null,"Accessible":null,"Accreditat":null,"Update_Inf":" ","Thumb_url":null,"Guarantors":null,"Center_typ":null,"Malnu_Scre":null,"Malnu_Mng":null,"Malnu_fees":null,"Longitude":35.6362850927,"Latitude":33.9335802234,"HAB_Code":null,"Catch_Area":null,"Consul_fee":null,"Immuni_fee":null,"ACS_Code":"22475","Interview":null,"GlobalID":"0c2b586d-6bb8-4e05-9a16-ba8a31882e1c","CreationDate":"2020-05-19T18:28:57.421","Creator":"alisaad@unhabitat","EditDate":"2020-05-19T18:28:57.421","Editor":"alisaad@unhabitat","Mohafaza":"Mount Lebanon","Caza":"El Meten","ACS_NAME":"Mazraat Yachouaa","HABITAT_Co":null,"Data_year":null,"Name_of_th":" ","Facility_t":" ","Physical_c":" ","Total_regi":" ","No__of_shi":" ","AM_shift":" ","PM_shift":" ","Over_capac":" ","Dropouts":" ","CERD":144,"School_Nam":"Mazraat Yashouh Secondary Public School","CAD_CODE":"22033","secondshif":"FALSE","Interviewe":"No","SDC_Name":null,"KADA_NA":null,"MOH_NA1":null,"OBJECTID_1":null,"Name":null,"Beds":null,"Beds_Habit":null,"Gateway_T":null,"Type_Code":null,"layer":"UNH_PS","path":"C:/Users/guest1/Documents/WORKING_WEB_4/WORKING_WEB.gpkg|layername=UNH_PS"}},
{"type":"Feature","geometry":{"type":"Point","coordinates":[35.59418518569157,33.933780290728116]},"properties":{"fid":1346,"OBJECTID":486,"ID":null,"Pcode":null,"Governorat":null,"District":null,"Cadaster":null,"HC_name":null,"MOPH":null,"Accessible":null,"Accreditat":null,"Update_Inf":" ","Thumb_url":null,"Guarantors":null,"Center_typ":null,"Malnu_Scre":null,"Malnu_Mng":null,"Malnu_fees":null,"Longitude":35.5941851857,"Latitude":33.9337802907,"HAB_Code":null,"Catch_Area":null,"Consul_fee":null,"Immuni_fee":null,"ACS_Code":"22391","Interview":null,"GlobalID":"5f9db500-32a2-4b4d-9a22-a78a13e30e3f","CreationDate":"2020-05-19T18:28:57.421","Creator":"alisaad@unhabitat","EditDate":"2020-05-19T18:28:57.421","Editor":"alisaad@unhabitat","Mohafaza":"Mount Lebanon","Caza":"El Meten","ACS_NAME":"Mazraat Deir Aaoukar","HABITAT_Co":null,"Data_year":null,"Name_of_th":" ","Facility_t":" ","Physical_c":" ","Total_regi":" ","No__of_shi":" ","AM_shift":" ","PM_shift":" ","Over_capac":" ","Dropouts":" ","CERD":139,"School_Nam":"Dbayeh Mixed Elementary Public School","CAD_CODE":"22025","secondshif":"FALSE","Interviewe":"No","SDC_Name":null,"KADA_NA":null,"MOH_NA1":null,"OBJECTID_1":null,"Name":null,"Beds":null,"Beds_Habit":null,"Gateway_T":null,"Type_Code":null,"layer":"UNH_PS","path":"C:/Users/guest1/Documents/WORKING_WEB_4/WORKING_WEB.gpkg|layername=UNH_PS"}},
{"type":"Feature","geometry":{"type":"Point","coordinates":[35.594285091691575,33.933380223169415]},"properties":{"fid":1347,"OBJECTID":487,"ID":null,"Pcode":null,"Governorat":null,"District":null,"Cadaster":null,"HC_name":null,"MOPH":null,"Accessible":null,"Accreditat":null,"Update_Inf":" ","Thumb_url":null,"Guarantors":null,"Center_typ":null,"Malnu_Scre":null,"Malnu_Mng":null,"Malnu_fees":null,"Longitude":35.5942850917,"Latitude":33.9333802232,"HAB_Code":null,"Catch_Area":null,"Consul_fee":null,"Immuni_fee":null,"ACS_Code":"22391","Interview":null,"GlobalID":"369c6eb0-b777-430f-bf80-eaf5ba68493f","CreationDate":"2020-05-19T18:28:57.421","Creator":"alisaad@unhabitat","EditDate":"2020-05-19T18:28:57.421","Editor":"alisaad@unhabitat","Mohafaza":"Mount Lebanon","Caza":"El Meten","ACS_NAME":"Mazraat Deir Aaoukar","HABITAT_Co":null,"Data_year":null,"Name_of_th":" ","Facility_t":" ","Physical_c":" ","Total_regi":" ","No__of_shi":" ","AM_shift":" ","PM_shift":" ","Over_capac":" ","Dropouts":" ","CERD":140,"School_Nam":"Dbayeh Secondary Public School","CAD_CODE":"22025","secondshif":"FALSE","Interviewe":"No","SDC_Name":null,"KADA_NA":null,"MOH_NA1":null,"OBJECTID_1":null,"Name":null,"Beds":null,"Beds_Habit":null,"Gateway_T":null,"Type_Code":null,"layer":"UNH_PS","path":"C:/Users/guest1/Documents/WORKING_WEB_4/WORKING_WEB.gpkg|layername=UNH_PS"}},
{"type":"Feature","geometry":{"type":"Point","coordinates":[35.68433509369157,33.92033020494767]},"properties":{"fid":1350,"OBJECTID":490,"ID":null,"Pcode":null,"Governorat":null,"District":null,"Cadaster":null,"HC_name":null,"MOPH":null,"Accessible":null,"Accreditat":null,"Update_Inf":" ","Thumb_url":null,"Guarantors":null,"Center_typ":null,"Malnu_Scre":null,"Malnu_Mng":null,"Malnu_fees":null,"Longitude":35.6843350937,"Latitude":33.9203302049,"HAB_Code":null,"Catch_Area":null,"Consul_fee":null,"Immuni_fee":null,"ACS_Code":"22511","Interview":null,"GlobalID":"1335a9ad-9a44-407e-8443-d6e8bb021cb9","CreationDate":"2020-05-19T18:28:57.421","Creator":"alisaad@unhabitat","EditDate":"2020-05-19T18:28:57.421","Editor":"alisaad@unhabitat","Mohafaza":"Mount Lebanon","Caza":"El Meten","ACS_NAME":"Bikfaya","HABITAT_Co":null,"Data_year":null,"Name_of_th":" ","Facility_t":" ","Physical_c":" ","Total_regi":" ","No__of_shi":" ","AM_shift":" ","PM_shift":" ","Over_capac":" ","Dropouts":" ","CERD":219,"School_Nam":"Bekfaya SecondaryPublic School","CAD_CODE":"22057","secondshif":"FALSE","Interviewe":"No","SDC_Name":null,"KADA_NA":null,"MOH_NA1":null,"OBJECTID_1":null,"Name":null,"Beds":null,"Beds_Habit":null,"Gateway_T":null,"Type_Code":null,"layer":"UNH_PS","path":"C:/Users/guest1/Documents/WORKING_WEB_4/WORKING_WEB.gpkg|layername=UNH_PS"}},
{"type":"Feature","geometry":{"type":"Point","coordinates":[35.6884850956916,33.9196302469705]},"properties":{"fid":1351,"OBJECTID":491,"ID":null,"Pcode":null,"Governorat":null,"District":null,"Cadaster":null,"HC_name":null,"MOPH":null,"Accessible":null,"Accreditat":null,"Update_Inf":" ","Thumb_url":null,"Guarantors":null,"Center_typ":null,"Malnu_Scre":null,"Malnu_Mng":null,"Malnu_fees":null,"Longitude":35.6884850957,"Latitude":33.919630247,"HAB_Code":null,"Catch_Area":null,"Consul_fee":null,"Immuni_fee":null,"ACS_Code":"22511","Interview":null,"GlobalID":"edefa2e1-c7da-47e4-99b7-04d9f92900f9","CreationDate":"2020-05-19T18:28:57.421","Creator":"alisaad@unhabitat","EditDate":"2020-05-19T18:28:57.421","Editor":"alisaad@unhabitat","Mohafaza":"Mount Lebanon","Caza":"El Meten","ACS_NAME":"Bikfaya","HABITAT_Co":null,"Data_year":null,"Name_of_th":" ","Facility_t":" ","Physical_c":" ","Total_regi":" ","No__of_shi":" ","AM_shift":" ","PM_shift":" ","Over_capac":" ","Dropouts":" ","CERD":220,"School_Nam":"Al Mhaidtheh Mixed Intermediate Public School","CAD_CODE":"22057","secondshif":"FALSE","Interviewe":"No","SDC_Name":null,"KADA_NA":null,"MOH_NA1":null,"OBJECTID_1":null,"Name":null,"Beds":null,"Beds_Habit":null,"Gateway_T":null,"Type_Code":null,"layer":"UNH_PS","path":"C:/Users/guest1/Documents/WORKING_WEB_4/WORKING_WEB.gpkg|layername=UNH_PS"}},
{"type":"Feature","geometry":{"type":"Point","coordinates":[35.59368510269155,33.918180256946314]},"properties":{"fid":1352,"OBJECTID":492,"ID":null,"Pcode":null,"Governorat":null,"District":null,"Cadaster":null,"HC_name":null,"MOPH":null,"Accessible":null,"Accreditat":null,"Update_Inf":" ","Thumb_url":null,"Guarantors":null,"Center_typ":null,"Malnu_Scre":null,"Malnu_Mng":null,"Malnu_fees":null,"Longitude":35.5936851027,"Latitude":33.9181802569,"HAB_Code":null,"Catch_Area":null,"Consul_fee":null,"Immuni_fee":null,"ACS_Code":"22335","Interview":null,"GlobalID":"f45ce117-8add-48fb-9000-1c70de74adc6","CreationDate":"2020-05-19T18:28:57.421","Creator":"alisaad@unhabitat","EditDate":"2020-05-19T18:28:57.421","Editor":"alisaad@unhabitat","Mohafaza":"Mount Lebanon","Caza":"El Meten","ACS_NAME":"Naqqach","HABITAT_Co":null,"Data_year":null,"Name_of_th":" ","Facility_t":" ","Physical_c":" ","Total_regi":" ","No__of_shi":" ","AM_shift":" ","PM_shift":" ","Over_capac":" ","Dropouts":" ","CERD":141,"School_Nam":"Antelias Mixed Intermediate Public School","CAD_CODE":"22010","secondshif":"TRUE","Interviewe":"No","SDC_Name":null,"KADA_NA":null,"MOH_NA1":null,"OBJECTID_1":null,"Name":null,"Beds":null,"Beds_Habit":null,"Gateway_T":null,"Type_Code":null,"layer":"UNH_PS","path":"C:/Users/guest1/Documents/WORKING_WEB_4/WORKING_WEB.gpkg|layername=UNH_PS"}},
{"type":"Feature","geometry":{"type":"Point","coordinates":[35.631397141691544,33.77265406717791]},"properties":{"fid":1358,"OBJECTID":498,"ID":null,"Pcode":null,"Governorat":null,"District":null,"Cadaster":null,"HC_name":null,"MOPH":null,"Accessible":null,"Accreditat":null,"Update_Inf":" ","Thumb_url":null,"Guarantors":null,"Center_typ":null,"Malnu_Scre":null,"Malnu_Mng":null,"Malnu_fees":null,"Longitude":35.6313971417,"Latitude":33.7726540672,"HAB_Code":null,"Catch_Area":null,"Consul_fee":null,"Immuni_fee":null,"ACS_Code":"24447","Interview":null,"GlobalID":"d0ad5e1d-d140-45ab-8246-d2e1758bbe08","CreationDate":"2020-05-19T18:28:57.421","Creator":"alisaad@unhabitat","EditDate":"2020-05-19T18:28:57.421","Editor":"alisaad@unhabitat","Mohafaza":"Mount Lebanon","Caza":"Aley","ACS_NAME":"Btater","HABITAT_Co":null,"Data_year":null,"Name_of_th":" ","Facility_t":" ","Physical_c":" ","Total_regi":" ","No__of_shi":" ","AM_shift":" ","PM_shift":" ","Over_capac":" ","Dropouts":" ","CERD":269,"School_Nam":"Btater Mixed Public School","CAD_CODE":"24027","secondshif":"FALSE","Interviewe":"No","SDC_Name":null,"KADA_NA":null,"MOH_NA1":null,"OBJECTID_1":null,"Name":null,"Beds":null,"Beds_Habit":null,"Gateway_T":null,"Type_Code":null,"layer":"UNH_PS","path":"C:/Users/guest1/Documents/WORKING_WEB_4/WORKING_WEB.gpkg|layername=UNH_PS"}},
{"type":"Feature","geometry":{"type":"Point","coordinates":[35.53831407069157,33.82992110487911]},"properties":{"fid":1416,"OBJECTID":556,"ID":null,"Pcode":null,"Governorat":null,"District":null,"Cadaster":null,"HC_name":null,"MOPH":null,"Accessible":null,"Accreditat":null,"Update_Inf":" ","Thumb_url":null,"Guarantors":null,"Center_typ":null,"Malnu_Scre":null,"Malnu_Mng":null,"Malnu_fees":null,"Longitude":35.5383140707,"Latitude":33.8299211049,"HAB_Code":null,"Catch_Area":null,"Consul_fee":null,"Immuni_fee":null,"ACS_Code":"21219","Interview":null,"GlobalID":"4a75fb84-d194-4bd5-822c-64d41742ba2e","CreationDate":"2020-05-19T18:28:57.421","Creator":"alisaad@unhabitat","EditDate":"2020-05-19T18:28:57.421","Editor":"alisaad@unhabitat","Mohafaza":"Mount Lebanon","Caza":"Baabda","ACS_NAME":"Hadath Beyrouth","HABITAT_Co":null,"Data_year":null,"Name_of_th":" ","Facility_t":" ","Physical_c":" ","Total_regi":" ","No__of_shi":" ","AM_shift":" ","PM_shift":" ","Over_capac":" ","Dropouts":" ","CERD":1534,"School_Nam":"Sabnieh Mixed Public School","CAD_CODE":"21002","secondshif":"FALSE","Interviewe":"No","SDC_Name":null,"KADA_NA":null,"MOH_NA1":null,"OBJECTID_1":null,"Name":null,"Beds":null,"Beds_Habit":null,"Gateway_T":null,"Type_Code":null,"layer":"UNH_PS","path":"C:/Users/guest1/Documents/WORKING_WEB_4/WORKING_WEB.gpkg|layername=UNH_PS"}},
{"type":"Feature","geometry":{"type":"Point","coordinates":[35.512685144691545,33.84418010874249]},"properties":{"fid":1417,"OBJECTID":557,"ID":null,"Pcode":null,"Governorat":null,"District":null,"Cadaster":null,"HC_name":null,"MOPH":null,"Accessible":null,"Accreditat":null,"Update_Inf":" ","Thumb_url":null,"Guarantors":null,"Center_typ":null,"Malnu_Scre":null,"Malnu_Mng":null,"Malnu_fees":null,"Longitude":35.5126851447,"Latitude":33.8441801087,"HAB_Code":null,"Catch_Area":null,"Consul_fee":null,"Immuni_fee":null,"ACS_Code":"21177","Interview":null,"GlobalID":"3f4ade0d-86e3-48c4-bd4a-f06766604c41","CreationDate":"2020-05-19T18:28:57.421","Creator":"alisaad@unhabitat","EditDate":"2020-05-19T18:28:57.421","Editor":"alisaad@unhabitat","Mohafaza":"Mount Lebanon","Caza":"Baabda","ACS_NAME":"Bourj El-Brajneh","HABITAT_Co":null,"Data_year":null,"Name_of_th":" ","Facility_t":" ","Physical_c":" ","Total_regi":" ","No__of_shi":" ","AM_shift":" ","PM_shift":" ","Over_capac":" ","Dropouts":" ","CERD":1400,"School_Nam":"Borj El Barajneh Fifth Mixed Intermediate Public School- p.m.","CAD_CODE":"21004","secondshif":"FALSE","Interviewe":"No","SDC_Name":null,"KADA_NA":null,"MOH_NA1":null,"OBJECTID_1":null,"Name":null,"Beds":null,"Beds_Habit":null,"Gateway_T":null,"Type_Code":null,"layer":"UNH_PS","path":"C:/Users/guest1/Documents/WORKING_WEB_4/WORKING_WEB.gpkg|layername=UNH_PS"}},
{"type":"Feature","geometry":{"type":"Point","coordinates":[35.512685144691545,33.84418010874249]},"properties":{"fid":1418,"OBJECTID":558,"ID":null,"Pcode":null,"Governorat":null,"District":null,"Cadaster":null,"HC_name":null,"MOPH":null,"Accessible":null,"Accreditat":null,"Update_Inf":" ","Thumb_url":null,"Guarantors":null,"Center_typ":null,"Malnu_Scre":null,"Malnu_Mng":null,"Malnu_fees":null,"Longitude":35.5126851447,"Latitude":33.8441801087,"HAB_Code":null,"Catch_Area":null,"Consul_fee":null,"Immuni_fee":null,"ACS_Code":"21177","Interview":null,"GlobalID":"9557d04b-948a-41cf-9bd7-a39d423bff1d","CreationDate":"2020-05-19T18:28:57.421","Creator":"alisaad@unhabitat","EditDate":"2020-05-19T18:28:57.421","Editor":"alisaad@unhabitat","Mohafaza":"Mount Lebanon","Caza":"Baabda","ACS_NAME":"Bourj El-Brajneh","HABITAT_Co":null,"Data_year":null,"Name_of_th":" ","Facility_t":" ","Physical_c":" ","Total_regi":" ","No__of_shi":" ","AM_shift":" ","PM_shift":" ","Over_capac":" ","Dropouts":" ","CERD":1401,"School_Nam":"Borj El Barajneh Fifth Mixed Elementary Public School- a.m.","CAD_CODE":"21004","secondshif":"TRUE","Interviewe":"No","SDC_Name":null,"KADA_NA":null,"MOH_NA1":null,"OBJECTID_1":null,"Name":null,"Beds":null,"Beds_Habit":null,"Gateway_T":null,"Type_Code":null,"layer":"UNH_PS","path":"C:/Users/guest1/Documents/WORKING_WEB_4/WORKING_WEB.gpkg|layername=UNH_PS"}},
{"type":"Feature","geometry":{"type":"Point","coordinates":[35.50078517669158,33.844980176857234]},"properties":{"fid":1419,"OBJECTID":559,"ID":null,"Pcode":null,"Governorat":null,"District":null,"Cadaster":null,"HC_name":null,"MOPH":null,"Accessible":null,"Accreditat":null,"Update_Inf":" ","Thumb_url":null,"Guarantors":null,"Center_typ":null,"Malnu_Scre":null,"Malnu_Mng":null,"Malnu_fees":null,"Longitude":35.5007851767,"Latitude":33.8449801769,"HAB_Code":null,"Catch_Area":null,"Consul_fee":null,"Immuni_fee":null,"ACS_Code":"21177","Interview":null,"GlobalID":"1d8f14d5-8cd1-4225-ba83-b036b45abe31","CreationDate":"2020-05-19T18:28:57.421","Creator":"alisaad@unhabitat","EditDate":"2020-05-19T18:28:57.421","Editor":"alisaad@unhabitat","Mohafaza":"Mount Lebanon","Caza":"Baabda","ACS_NAME":"Bourj El-Brajneh","HABITAT_Co":null,"Data_year":null,"Name_of_th":" ","Facility_t":" ","Physical_c":" ","Total_regi":" ","No__of_shi":" ","AM_shift":" ","PM_shift":" ","Over_capac":" ","Dropouts":" ","CERD":1447,"School_Nam":"Borj El Barajneh fourth public school","CAD_CODE":"21004","secondshif":"TRUE","Interviewe":"No","SDC_Name":null,"KADA_NA":null,"MOH_NA1":null,"OBJECTID_1":null,"Name":null,"Beds":null,"Beds_Habit":null,"Gateway_T":null,"Type_Code":null,"layer":"UNH_PS","path":"C:/Users/guest1/Documents/WORKING_WEB_4/WORKING_WEB.gpkg|layername=UNH_PS"}},
{"type":"Feature","geometry":{"type":"Point","coordinates":[35.675615092691544,33.93218222249641]},"properties":{"fid":1465,"OBJECTID":604,"ID":null,"Pcode":null,"Governorat":null,"District":null,"Cadaster":null,"HC_name":null,"MOPH":null,"Accessible":null,"Accreditat":null,"Update_Inf":" ","Thumb_url":null,"Guarantors":null,"Center_typ":null,"Malnu_Scre":null,"Malnu_Mng":null,"Malnu_fees":null,"Longitude":35.6756150927,"Latitude":33.9321822225,"HAB_Code":null,"Catch_Area":null,"Consul_fee":null,"Immuni_fee":null,"ACS_Code":"22531","Interview":null,"GlobalID":"47e0e352-c338-4bfd-a7e4-c0fa702bb374","CreationDate":"2020-05-19T18:28:57.421","Creator":"alisaad@unhabitat","EditDate":"2020-05-19T18:28:57.421","Editor":"alisaad@unhabitat","Mohafaza":"Mount Lebanon","Caza":"El Meten","ACS_NAME":"Beit Chabab","HABITAT_Co":null,"Data_year":null,"Name_of_th":" ","Facility_t":" ","Physical_c":" ","Total_regi":" ","No__of_shi":" ","AM_shift":" ","PM_shift":" ","Over_capac":" ","Dropouts":" ","CERD":1504,"School_Nam":"Bikfaya Secondary Public School- Beit Chebab branch","CAD_CODE":"22053","secondshif":"FALSE","Interviewe":"No","SDC_Name":null,"KADA_NA":null,"MOH_NA1":null,"OBJECTID_1":null,"Name":null,"Beds":null,"Beds_Habit":null,"Gateway_T":null,"Type_Code":null,"layer":"UNH_PS","path":"C:/Users/guest1/Documents/WORKING_WEB_4/WORKING_WEB.gpkg|layername=UNH_PS"}},
{"type":"Feature","geometry":{"type":"Point","coordinates":[35.674705581691576,33.89034881410808]},"properties":{"fid":1467,"OBJECTID":606,"ID":null,"Pcode":null,"Governorat":null,"District":null,"Cadaster":null,"HC_name":null,"MOPH":null,"Accessible":null,"Accreditat":null,"Update_Inf":" ","Thumb_url":null,"Guarantors":null,"Center_typ":null,"Malnu_Scre":null,"Malnu_Mng":null,"Malnu_fees":null,"Longitude":35.6747055817,"Latitude":33.8903488141,"HAB_Code":null,"Catch_Area":null,"Consul_fee":null,"Immuni_fee":null,"ACS_Code":"22659","Interview":null,"GlobalID":"f9ebd93e-4537-4e75-85ed-1f63a70ee0d4","CreationDate":"2020-05-19T18:28:57.421","Creator":"alisaad@unhabitat","EditDate":"2020-05-19T18:28:57.421","Editor":"alisaad@unhabitat","Mohafaza":"Mount Lebanon","Caza":"El Meten","ACS_NAME":"Baabdat","HABITAT_Co":null,"Data_year":null,"Name_of_th":" ","Facility_t":" ","Physical_c":" ","Total_regi":" ","No__of_shi":" ","AM_shift":" ","PM_shift":" ","Over_capac":" ","Dropouts":" ","CERD":1576,"School_Nam":"Al Sfaile Intermediate Public School","CAD_CODE":"22048","secondshif":"FALSE","Interviewe":"No","SDC_Name":null,"KADA_NA":null,"MOH_NA1":null,"OBJECTID_1":null,"Name":null,"Beds":null,"Beds_Habit":null,"Gateway_T":null,"Type_Code":null,"layer":"UNH_PS","path":"C:/Users/guest1/Documents/WORKING_WEB_4/WORKING_WEB.gpkg|layername=UNH_PS"}},
{"type":"Feature","geometry":{"type":"Point","coordinates":[35.545643106691564,33.88496720060139]},"properties":{"fid":1468,"OBJECTID":607,"ID":null,"Pcode":null,"Governorat":null,"District":null,"Cadaster":null,"HC_name":null,"MOPH":null,"Accessible":null,"Accreditat":null,"Update_Inf":"2017","Thumb_url":null,"Guarantors":null,"Center_typ":null,"Malnu_Scre":null,"Malnu_Mng":null,"Malnu_fees":null,"Longitude":35.5456431067,"Latitude":33.8849672006,"HAB_Code":null,"Catch_Area":null,"Consul_fee":null,"Immuni_fee":null,"ACS_Code":"22111","Interview":null,"GlobalID":"bd68f313-b72e-4788-a887-033c0bf86a2d","CreationDate":"2020-05-19T18:28:57.421","Creator":"alisaad@unhabitat","EditDate":"2020-05-28T16:26:29.205","Editor":"alisaad@unhabitat","Mohafaza":"Mount Lebanon","Caza":"El Meten","ACS_NAME":"Bourj Hammoud","HABITAT_Co":null,"Data_year":null,"Name_of_th":"Bourj Hammoud Second Mixed Public School","Facility_t":"Primary, Intermediate","Physical_c":"66","Total_regi":"66","No__of_shi":"1","AM_shift":"41 Leb, 25 Syr","PM_shift":" ","Over_capac":"No","Dropouts":"Low rate","CERD":1405,"School_Nam":"Bourj Hammoud Second Mixed Public School","CAD_CODE":"22001","secondshif":"TRUE","Interviewe":"Yes","SDC_Name":null,"KADA_NA":null,"MOH_NA1":null,"OBJECTID_1":null,"Name":null,"Beds":null,"Beds_Habit":null,"Gateway_T":null,"Type_Code":null,"layer":"UNH_PS","path":"C:/Users/guest1/Documents/WORKING_WEB_4/WORKING_WEB.gpkg|layername=UNH_PS"}},
{"type":"Feature","geometry":{"type":"Point","coordinates":[35.48068517769156,33.887480209106634]},"properties":{"fid":1469,"OBJECTID":608,"ID":null,"Pcode":null,"Governorat":null,"District":null,"Cadaster":null,"HC_name":null,"MOPH":null,"Accessible":null,"Accreditat":null,"Update_Inf":" ","Thumb_url":null,"Guarantors":null,"Center_typ":null,"Malnu_Scre":null,"Malnu_Mng":null,"Malnu_fees":null,"Longitude":35.4806851777,"Latitude":33.8874802091,"HAB_Code":null,"Catch_Area":null,"Consul_fee":null,"Immuni_fee":null,"ACS_Code":"10150","Interview":null,"GlobalID":"94b31403-add4-4ae1-b5bc-885587dffb8b","CreationDate":"2020-05-19T18:28:57.421","Creator":"alisaad@unhabitat","EditDate":"2020-05-19T18:28:57.421","Editor":"alisaad@unhabitat","Mohafaza":"Beirut","Caza":"Beirut","ACS_NAME":"Ras Beyrouth fonci?re","HABITAT_Co":null,"Data_year":null,"Name_of_th":" ","Facility_t":" ","Physical_c":" ","Total_regi":" ","No__of_shi":" ","AM_shift":" ","PM_shift":" ","Over_capac":" ","Dropouts":" ","CERD":1525,"School_Nam":"El Amir Shakib Irslan Mixed Intermediate ( Verdan )","CAD_CODE":"10007","secondshif":"FALSE","Interviewe":"No","SDC_Name":null,"KADA_NA":null,"MOH_NA1":null,"OBJECTID_1":null,"Name":null,"Beds":null,"Beds_Habit":null,"Gateway_T":null,"Type_Code":null,"layer":"UNH_PS","path":"C:/Users/guest1/Documents/WORKING_WEB_4/WORKING_WEB.gpkg|layername=UNH_PS"}},
{"type":"Feature","geometry":{"type":"Point","coordinates":[35.643802165691575,33.92589722672015]},"properties":{"fid":1480,"OBJECTID":619,"ID":null,"Pcode":null,"Governorat":null,"District":null,"Cadaster":null,"HC_name":null,"MOPH":null,"Accessible":null,"Accreditat":null,"Update_Inf":" ","Thumb_url":null,"Guarantors":null,"Center_typ":null,"Malnu_Scre":null,"Malnu_Mng":null,"Malnu_fees":null,"Longitude":35.6438021657,"Latitude":33.9258972267,"HAB_Code":null,"Catch_Area":null,"Consul_fee":null,"Immuni_fee":null,"ACS_Code":"22471","Interview":null,"GlobalID":"28826b8b-9f7d-4f15-a3fc-21fca9b5b1d5","CreationDate":"2020-05-19T18:28:57.421","Creator":"alisaad@unhabitat","EditDate":"2020-05-19T18:28:57.421","Editor":"alisaad@unhabitat","Mohafaza":"Mount Lebanon","Caza":"El Meten","ACS_NAME":"Aain Aar","HABITAT_Co":null,"Data_year":null,"Name_of_th":" ","Facility_t":" ","Physical_c":" ","Total_regi":" ","No__of_shi":" ","AM_shift":" ","PM_shift":" ","Over_capac":" ","Dropouts":" ","CERD":222,"School_Nam":"Bteghreen Mixed Intermediate","CAD_CODE":"22036","secondshif":"FALSE","Interviewe":"No","SDC_Name":null,"KADA_NA":null,"MOH_NA1":null,"OBJECTID_1":null,"Name":null,"Beds":null,"Beds_Habit":null,"Gateway_T":null,"Type_Code":null,"layer":"UNH_PS","path":"C:/Users/guest1/Documents/WORKING_WEB_4/WORKING_WEB.gpkg|layername=UNH_PS"}},
{"type":"Feature","geometry":{"type":"Point","coordinates":[35.59178509269157,33.91518019775846]},"properties":{"fid":1482,"OBJECTID":621,"ID":null,"Pcode":null,"Governorat":null,"District":null,"Cadaster":null,"HC_name":null,"MOPH":null,"Accessible":null,"Accreditat":null,"Update_Inf":" ","Thumb_url":null,"Guarantors":null,"Center_typ":null,"Malnu_Scre":null,"Malnu_Mng":null,"Malnu_fees":null,"Longitude":35.5917850927,"Latitude":33.9151801978,"HAB_Code":null,"Catch_Area":null,"Consul_fee":null,"Immuni_fee":null,"ACS_Code":"22311","Interview":null,"GlobalID":"310edbf3-00bc-4e0e-9d78-117cbd3a5dee","CreationDate":"2020-05-19T18:28:57.421","Creator":"alisaad@unhabitat","EditDate":"2020-05-19T18:28:57.421","Editor":"alisaad@unhabitat","Mohafaza":"Mount Lebanon","Caza":"El Meten","ACS_NAME":"Antelias","HABITAT_Co":null,"Data_year":null,"Name_of_th":" ","Facility_t":" ","Physical_c":" ","Total_regi":" ","No__of_shi":" ","AM_shift":" ","PM_shift":" ","Over_capac":" ","Dropouts":" ","CERD":142,"School_Nam":"Antelias Secondary Public School","CAD_CODE":"22009","secondshif":"FALSE","Interviewe":"No","SDC_Name":null,"KADA_NA":null,"MOH_NA1":null,"OBJECTID_1":null,"Name":null,"Beds":null,"Beds_Habit":null,"Gateway_T":null,"Type_Code":null,"layer":"UNH_PS","path":"C:/Users/guest1/Documents/WORKING_WEB_4/WORKING_WEB.gpkg|layername=UNH_PS"}},
{"type":"Feature","geometry":{"type":"Point","coordinates":[35.58548518269157,33.90458023596429]},"properties":{"fid":1488,"OBJECTID":627,"ID":null,"Pcode":null,"Governorat":null,"District":null,"Cadaster":null,"HC_name":null,"MOPH":null,"Accessible":null,"Accreditat":null,"Update_Inf":" ","Thumb_url":null,"Guarantors":null,"Center_typ":null,"Malnu_Scre":null,"Malnu_Mng":null,"Malnu_fees":null,"Longitude":35.5854851827,"Latitude":33.904580236,"HAB_Code":null,"Catch_Area":null,"Consul_fee":null,"Immuni_fee":null,"ACS_Code":"22431","Interview":null,"GlobalID":"98c54c0a-2254-4752-941c-2ae43605366e","CreationDate":"2020-05-19T18:28:57.421","Creator":"alisaad@unhabitat","EditDate":"2020-05-19T18:28:57.421","Editor":"alisaad@unhabitat","Mohafaza":"Mount Lebanon","Caza":"El Meten","ACS_NAME":"Bqennaya","HABITAT_Co":null,"Data_year":null,"Name_of_th":" ","Facility_t":" ","Physical_c":" ","Total_regi":" ","No__of_shi":" ","AM_shift":" ","PM_shift":" ","Over_capac":" ","Dropouts":" ","CERD":145,"School_Nam":"Jal El Dib Intermediate Public School for Boys","CAD_CODE":"22019","secondshif":"FALSE","Interviewe":"No","SDC_Name":null,"KADA_NA":null,"MOH_NA1":null,"OBJECTID_1":null,"Name":null,"Beds":null,"Beds_Habit":null,"Gateway_T":null,"Type_Code":null,"layer":"UNH_PS","path":"C:/Users/guest1/Documents/WORKING_WEB_4/WORKING_WEB.gpkg|layername=UNH_PS"}},
{"type":"Feature","geometry":{"type":"Point","coordinates":[35.58558509269159,33.90488018238283]},"properties":{"fid":1489,"OBJECTID":628,"ID":null,"Pcode":null,"Governorat":null,"District":null,"Cadaster":null,"HC_name":null,"MOPH":null,"Accessible":null,"Accreditat":null,"Update_Inf":" ","Thumb_url":null,"Guarantors":null,"Center_typ":null,"Malnu_Scre":null,"Malnu_Mng":null,"Malnu_fees":null,"Longitude":35.5855850927,"Latitude":33.9048801824,"HAB_Code":null,"Catch_Area":null,"Consul_fee":null,"Immuni_fee":null,"ACS_Code":"22431","Interview":null,"GlobalID":"761cb5a4-e01b-4eb4-8518-a5f96b2cd351","CreationDate":"2020-05-19T18:28:57.421","Creator":"alisaad@unhabitat","EditDate":"2020-05-19T18:28:57.421","Editor":"alisaad@unhabitat","Mohafaza":"Mount Lebanon","Caza":"El Meten","ACS_NAME":"Bqennaya","HABITAT_Co":null,"Data_year":null,"Name_of_th":" ","Facility_t":" ","Physical_c":" ","Total_regi":" ","No__of_shi":" ","AM_shift":" ","PM_shift":" ","Over_capac":" ","Dropouts":" ","CERD":146,"School_Nam":"Jal El Dib Secondary Public School","CAD_CODE":"22019","secondshif":"FALSE","Interviewe":"No","SDC_Name":null,"KADA_NA":null,"MOH_NA1":null,"OBJECTID_1":null,"Name":null,"Beds":null,"Beds_Habit":null,"Gateway_T":null,"Type_Code":null,"layer":"UNH_PS","path":"C:/Users/guest1/Documents/WORKING_WEB_4/WORKING_WEB.gpkg|layername=UNH_PS"}},
{"type":"Feature","geometry":{"type":"Point","coordinates":[35.667752093691554,33.88901316224494]},"properties":{"fid":1490,"OBJECTID":629,"ID":null,"Pcode":null,"Governorat":null,"District":null,"Cadaster":null,"HC_name":null,"MOPH":null,"Accessible":null,"Accreditat":null,"Update_Inf":" ","Thumb_url":null,"Guarantors":null,"Center_typ":null,"Malnu_Scre":null,"Malnu_Mng":null,"Malnu_fees":null,"Longitude":35.6677520937,"Latitude":33.8890131622,"HAB_Code":null,"Catch_Area":null,"Consul_fee":null,"Immuni_fee":null,"ACS_Code":"22659","Interview":null,"GlobalID":"a9ef5442-8224-45bc-bec3-3c4341ddc433","CreationDate":"2020-05-19T18:28:57.421","Creator":"alisaad@unhabitat","EditDate":"2020-05-19T18:28:57.421","Editor":"alisaad@unhabitat","Mohafaza":"Mount Lebanon","Caza":"El Meten","ACS_NAME":"Baabdat","HABITAT_Co":null,"Data_year":null,"Name_of_th":" ","Facility_t":" ","Physical_c":" ","Total_regi":" ","No__of_shi":" ","AM_shift":" ","PM_shift":" ","Over_capac":" ","Dropouts":" ","CERD":235,"School_Nam":"Liwa Jamil Lahoud Secondary","CAD_CODE":"22048","secondshif":"FALSE","Interviewe":"No","SDC_Name":null,"KADA_NA":null,"MOH_NA1":null,"OBJECTID_1":null,"Name":null,"Beds":null,"Beds_Habit":null,"Gateway_T":null,"Type_Code":null,"layer":"UNH_PS","path":"C:/Users/guest1/Documents/WORKING_WEB_4/WORKING_WEB.gpkg|layername=UNH_PS"}},
{"type":"Feature","geometry":{"type":"Point","coordinates":[35.57798513769155,33.89848023245244]},"properties":{"fid":1491,"OBJECTID":630,"ID":null,"Pcode":null,"Governorat":null,"District":null,"Cadaster":null,"HC_name":null,"MOPH":null,"Accessible":null,"Accreditat":null,"Update_Inf":" ","Thumb_url":null,"Guarantors":null,"Center_typ":null,"Malnu_Scre":null,"Malnu_Mng":null,"Malnu_fees":null,"Longitude":35.5779851377,"Latitude":33.8984802325,"HAB_Code":null,"Catch_Area":null,"Consul_fee":null,"Immuni_fee":null,"ACS_Code":"22351","Interview":null,"GlobalID":"4c330107-054c-42f4-af73-8a17432dd2de","CreationDate":"2020-05-19T18:28:57.421","Creator":"alisaad@unhabitat","EditDate":"2020-05-19T18:28:57.421","Editor":"alisaad@unhabitat","Mohafaza":"Mount Lebanon","Caza":"El Meten","ACS_NAME":"Zalqa","HABITAT_Co":null,"Data_year":null,"Name_of_th":" ","Facility_t":" ","Physical_c":" ","Total_regi":" ","No__of_shi":" ","AM_shift":" ","PM_shift":" ","Over_capac":" ","Dropouts":" ","CERD":147,"School_Nam":"Zalka Mixed Intermediate Public School-a.m.","CAD_CODE":"22007","secondshif":"FALSE","Interviewe":"No","SDC_Name":null,"KADA_NA":null,"MOH_NA1":null,"OBJECTID_1":null,"Name":null,"Beds":null,"Beds_Habit":null,"Gateway_T":null,"Type_Code":null,"layer":"UNH_PS","path":"C:/Users/guest1/Documents/WORKING_WEB_4/WORKING_WEB.gpkg|layername=UNH_PS"}},
{"type":"Feature","geometry":{"type":"Point","coordinates":[35.57838509269158,33.89808017289425]},"properties":{"fid":1492,"OBJECTID":631,"ID":null,"Pcode":null,"Governorat":null,"District":null,"Cadaster":null,"HC_name":null,"MOPH":null,"Accessible":null,"Accreditat":null,"Update_Inf":" ","Thumb_url":null,"Guarantors":null,"Center_typ":null,"Malnu_Scre":null,"Malnu_Mng":null,"Malnu_fees":null,"Longitude":35.5783850927,"Latitude":33.8980801729,"HAB_Code":null,"Catch_Area":null,"Consul_fee":null,"Immuni_fee":null,"ACS_Code":"22351","Interview":null,"GlobalID":"3a72bab5-db42-4f7d-9d88-f4e2959facd5","CreationDate":"2020-05-19T18:28:57.421","Creator":"alisaad@unhabitat","EditDate":"2020-05-19T18:28:57.421","Editor":"alisaad@unhabitat","Mohafaza":"Mount Lebanon","Caza":"El Meten","ACS_NAME":"Zalqa","HABITAT_Co":null,"Data_year":null,"Name_of_th":" ","Facility_t":" ","Physical_c":" ","Total_regi":" ","No__of_shi":" ","AM_shift":" ","PM_shift":" ","Over_capac":" ","Dropouts":" ","CERD":148,"School_Nam":"Zalka Secondary Public School- p.m.","CAD_CODE":"22007","secondshif":"FALSE","Interviewe":"No","SDC_Name":null,"KADA_NA":null,"MOH_NA1":null,"OBJECTID_1":null,"Name":null,"Beds":null,"Beds_Habit":null,"Gateway_T":null,"Type_Code":null,"layer":"UNH_PS","path":"C:/Users/guest1/Documents/WORKING_WEB_4/WORKING_WEB.gpkg|layername=UNH_PS"}},
{"type":"Feature","geometry":{"type":"Point","coordinates":[35.48968515769156,33.89968024512678]},"properties":{"fid":1493,"OBJECTID":632,"ID":null,"Pcode":null,"Governorat":null,"District":null,"Cadaster":null,"HC_name":null,"MOPH":null,"Accessible":null,"Accreditat":null,"Update_Inf":" ","Thumb_url":null,"Guarantors":null,"Center_typ":null,"Malnu_Scre":null,"Malnu_Mng":null,"Malnu_fees":null,"Longitude":35.4896851577,"Latitude":33.8996802451,"HAB_Code":null,"Catch_Area":null,"Consul_fee":null,"Immuni_fee":null,"ACS_Code":"10110","Interview":null,"GlobalID":"43d5dbb5-451c-4335-bf4c-d92b624d8e06","CreationDate":"2020-05-19T18:28:57.421","Creator":"alisaad@unhabitat","EditDate":"2020-05-19T18:28:57.421","Editor":"alisaad@unhabitat","Mohafaza":"Beirut","Caza":"Beirut","ACS_NAME":"Aain el-Mraisse foncière","HABITAT_Co":null,"Data_year":null,"Name_of_th":" ","Facility_t":" ","Physical_c":" ","Total_regi":" ","No__of_shi":" ","AM_shift":" ","PM_shift":" ","Over_capac":" ","Dropouts":" ","CERD":49,"School_Nam":"Ain El Mraiseh Mixed Intermediate Public School","CAD_CODE":"10012","secondshif":"TRUE","Interviewe":"No","SDC_Name":null,"KADA_NA":null,"MOH_NA1":null,"OBJECTID_1":null,"Name":null,"Beds":null,"Beds_Habit":null,"Gateway_T":null,"Type_Code":null,"layer":"UNH_PS","path":"C:/Users/guest1/Documents/WORKING_WEB_4/WORKING_WEB.gpkg|layername=UNH_PS"}},
{"type":"Feature","geometry":{"type":"Point","coordinates":[35.54337670912622,33.89083072005177]},"properties":{"fid":1495,"OBJECTID":634,"ID":null,"Pcode":null,"Governorat":null,"District":null,"Cadaster":null,"HC_name":null,"MOPH":null,"Accessible":null,"Accreditat":null,"Update_Inf":" ","Thumb_url":null,"Guarantors":null,"Center_typ":null,"Malnu_Scre":null,"Malnu_Mng":null,"Malnu_fees":null,"Longitude":35.5432851867,"Latitude":33.8907802357,"HAB_Code":null,"Catch_Area":null,"Consul_fee":null,"Immuni_fee":null,"ACS_Code":"22111","Interview":null,"GlobalID":"19c691f9-658c-4162-a08a-637bf7d2707b","CreationDate":"2020-05-19T18:28:57.421","Creator":"alisaad@unhabitat","EditDate":"2020-05-19T18:28:57.421","Editor":"alisaad@unhabitat","Mohafaza":"Mount Lebanon","Caza":"El Meten","ACS_NAME":"Bourj Hammoud","HABITAT_Co":null,"Data_year":null,"Name_of_th":" ","Facility_t":" ","Physical_c":" ","Total_regi":" ","No__of_shi":" ","AM_shift":" ","PM_shift":" ","Over_capac":" ","Dropouts":" ","CERD":63,"School_Nam":"Bourj Hammoud First Intermediate Public School- p.m.","CAD_CODE":"22001","secondshif":"FALSE","Interviewe":"No","SDC_Name":null,"KADA_NA":null,"MOH_NA1":null,"OBJECTID_1":null,"Name":null,"Beds":null,"Beds_Habit":null,"Gateway_T":null,"Type_Code":null,"layer":"UNH_PS","path":"C:/Users/guest1/Documents/WORKING_WEB_4/WORKING_WEB.gpkg|layername=UNH_PS"}},
{"type":"Feature","geometry":{"type":"Point","coordinates":[35.5406925659754,33.88198512949197]},"properties":{"fid":1496,"OBJECTID":635,"ID":null,"Pcode":null,"Governorat":null,"District":null,"Cadaster":null,"HC_name":null,"MOPH":null,"Accessible":null,"Accreditat":null,"Update_Inf":"2019","Thumb_url":null,"Guarantors":null,"Center_typ":null,"Malnu_Scre":null,"Malnu_Mng":null,"Malnu_fees":null,"Longitude":35.5409941117,"Latitude":33.8819582084,"HAB_Code":null,"Catch_Area":null,"Consul_fee":null,"Immuni_fee":null,"ACS_Code":"22111","Interview":null,"GlobalID":"cbd5aa35-61ae-4de7-a063-51a3aa3cc2f3","CreationDate":"2020-05-19T18:28:57.421","Creator":"alisaad@unhabitat","EditDate":"2020-05-19T18:28:57.421","Editor":"alisaad@unhabitat","Mohafaza":"Mount Lebanon","Caza":"El Meten","ACS_NAME":"Bourj Hammoud","HABITAT_Co":null,"Data_year":null,"Name_of_th":"Bourj Hammoud Third Mixed Intermediate Public School","Facility_t":"Kindergarten, Primary and Intermediate","Physical_c":"420","Total_regi":"97 (AM Shift) 420 (PM shift)","No__of_shi":"2","AM_shift":"64 Leb, 26 Syr, 1 Egyptian, 6 PRL","PM_shift":"310 Syr and 10 Iraqis","Over_capac":"No","Dropouts":"NA","CERD":66,"School_Nam":"Bourj Hammoud Third Mixed Intermediate Public School","CAD_CODE":"22001","secondshif":"TRUE","Interviewe":"Yes","SDC_Name":null,"KADA_NA":null,"MOH_NA1":null,"OBJECTID_1":null,"Name":null,"Beds":null,"Beds_Habit":null,"Gateway_T":null,"Type_Code":null,"layer":"UNH_PS","path":"C:/Users/guest1/Documents/WORKING_WEB_4/WORKING_WEB.gpkg|layername=UNH_PS"}},
{"type":"Feature","geometry":{"type":"Point","coordinates":[35.56028509269158,33.890780162709824]},"properties":{"fid":1497,"OBJECTID":636,"ID":null,"Pcode":null,"Governorat":null,"District":null,"Cadaster":null,"HC_name":null,"MOPH":null,"Accessible":null,"Accreditat":null,"Update_Inf":" ","Thumb_url":null,"Guarantors":null,"Center_typ":null,"Malnu_Scre":null,"Malnu_Mng":null,"Malnu_fees":null,"Longitude":35.5602850927,"Latitude":33.8907801627,"HAB_Code":null,"Catch_Area":null,"Consul_fee":null,"Immuni_fee":null,"ACS_Code":"22228","Interview":null,"GlobalID":"fdca1fba-1880-4a3b-bb00-ce49636cb0d4","CreationDate":"2020-05-19T18:28:57.421","Creator":"alisaad@unhabitat","EditDate":"2020-05-19T18:28:57.421","Editor":"alisaad@unhabitat","Mohafaza":"Mount Lebanon","Caza":"El Meten","ACS_NAME":"Baouchriye","HABITAT_Co":null,"Data_year":null,"Name_of_th":" ","Facility_t":" ","Physical_c":" ","Total_regi":" ","No__of_shi":" ","AM_shift":" ","PM_shift":" ","Over_capac":" ","Dropouts":" ","CERD":93,"School_Nam":"Al Akhtal Assaghir Secondary Public School for Boys","CAD_CODE":"22002","secondshif":"FALSE","Interviewe":"No","SDC_Name":null,"KADA_NA":null,"MOH_NA1":null,"OBJECTID_1":null,"Name":null,"Beds":null,"Beds_Habit":null,"Gateway_T":null,"Type_Code":null,"layer":"UNH_PS","path":"C:/Users/guest1/Documents/WORKING_WEB_4/WORKING_WEB.gpkg|layername=UNH_PS"}},
{"type":"Feature","geometry":{"type":"Point","coordinates":[35.55847593905949,33.88612933102834]},"properties":{"fid":1498,"OBJECTID":637,"ID":null,"Pcode":null,"Governorat":null,"District":null,"Cadaster":null,"HC_name":null,"MOPH":null,"Accessible":null,"Accreditat":null,"Update_Inf":" ","Thumb_url":null,"Guarantors":null,"Center_typ":null,"Malnu_Scre":null,"Malnu_Mng":null,"Malnu_fees":null,"Longitude":35.5595851087,"Latitude":33.8858802159,"HAB_Code":null,"Catch_Area":null,"Consul_fee":null,"Immuni_fee":null,"ACS_Code":"22228","Interview":null,"GlobalID":"6e96fab4-0615-4e23-b8c8-5f90b9c992c9","CreationDate":"2020-05-19T18:28:57.421","Creator":"alisaad@unhabitat","EditDate":"2020-05-19T18:28:57.421","Editor":"alisaad@unhabitat","Mohafaza":"Mount Lebanon","Caza":"El Meten","ACS_NAME":"Baouchriye","HABITAT_Co":null,"Data_year":null,"Name_of_th":" ","Facility_t":" ","Physical_c":" ","Total_regi":" ","No__of_shi":" ","AM_shift":" ","PM_shift":" ","Over_capac":" ","Dropouts":" ","CERD":94,"School_Nam":"Sed El Boushrieh for Girls Intermediate Public School","CAD_CODE":"22002","secondshif":"TRUE","Interviewe":"No","SDC_Name":null,"KADA_NA":null,"MOH_NA1":null,"OBJECTID_1":null,"Name":null,"Beds":null,"Beds_Habit":null,"Gateway_T":null,"Type_Code":null,"layer":"UNH_PS","path":"C:/Users/guest1/Documents/WORKING_WEB_4/WORKING_WEB.gpkg|layername=UNH_PS"}},
{"type":"Feature","geometry":{"type":"Point","coordinates":[35.55826452782099,33.88650118907768]},"properties":{"fid":1499,"OBJECTID":638,"ID":null,"Pcode":null,"Governorat":null,"District":null,"Cadaster":null,"HC_name":null,"MOPH":null,"Accessible":null,"Accreditat":null,"Update_Inf":"2019","Thumb_url":null,"Guarantors":null,"Center_typ":null,"Malnu_Scre":null,"Malnu_Mng":null,"Malnu_fees":null,"Longitude":35.5591851957,"Latitude":33.8863801946,"HAB_Code":null,"Catch_Area":null,"Consul_fee":null,"Immuni_fee":null,"ACS_Code":"22228","Interview":null,"GlobalID":"0b13c62d-e031-4c1c-afb5-c99cacc77dd4","CreationDate":"2020-05-19T18:28:57.421","Creator":"alisaad@unhabitat","EditDate":"2020-05-28T14:58:34.350","Editor":"alisaad@unhabitat","Mohafaza":"Mount Lebanon","Caza":"El Meten","ACS_NAME":"Baouchriye","HABITAT_Co":null,"Data_year":null,"Name_of_th":"Sed El-Boushrieh Public School for Boys","Facility_t":"Kindergarten, Primary and Intermediate","Physical_c":"832","Total_regi":"184 (AM Shift) 619 (PM Shift)","No__of_shi":"2","AM_shift":"135 Leb, 45 Syr, 4 Others","PM_shift":"619 Syr","Over_capac":"No","Dropouts":"10%","CERD":95,"School_Nam":"Sed El-Boushrieh Public School for Boys","CAD_CODE":"22002","secondshif":"TRUE","Interviewe":"Yes","SDC_Name":null,"KADA_NA":null,"MOH_NA1":null,"OBJECTID_1":null,"Name":null,"Beds":null,"Beds_Habit":null,"Gateway_T":null,"Type_Code":null,"layer":"UNH_PS","path":"C:/Users/guest1/Documents/WORKING_WEB_4/WORKING_WEB.gpkg|layername=UNH_PS"}},
{"type":"Feature","geometry":{"type":"Point","coordinates":[35.55808518869157,33.881980221435406]},"properties":{"fid":1500,"OBJECTID":639,"ID":null,"Pcode":null,"Governorat":null,"District":null,"Cadaster":null,"HC_name":null,"MOPH":null,"Accessible":null,"Accreditat":null,"Update_Inf":"2019","Thumb_url":null,"Guarantors":null,"Center_typ":null,"Malnu_Scre":null,"Malnu_Mng":null,"Malnu_fees":null,"Longitude":35.5580851887,"Latitude":33.8819802214,"HAB_Code":null,"Catch_Area":null,"Consul_fee":null,"Immuni_fee":null,"ACS_Code":"22228","Interview":null,"GlobalID":"33041a4b-3584-485d-9bf6-3045f17fed2c","CreationDate":"2020-05-19T18:28:57.421","Creator":"alisaad@unhabitat","EditDate":"2020-05-28T14:58:27.291","Editor":"alisaad@unhabitat","Mohafaza":"Mount Lebanon","Caza":"El Meten","ACS_NAME":"Baouchriye","HABITAT_Co":null,"Data_year":null,"Name_of_th":"Sed El-Boushrieh First Mixed Primary and Intermediate Public School","Facility_t":"Primary and Intermediate","Physical_c":"180","Total_regi":"180","No__of_shi":"1","AM_shift":"138 Leb, 37 Syr, 3 Egyptians, 2 Iraqi","PM_shift":"NA","Over_capac":"No","Dropouts":"Rare","CERD":97,"School_Nam":"Sed El-Boushrieh First Mixed Primary and Intermediate Public School","CAD_CODE":"22002","secondshif":"FALSE","Interviewe":"Yes","SDC_Name":null,"KADA_NA":null,"MOH_NA1":null,"OBJECTID_1":null,"Name":null,"Beds":null,"Beds_Habit":null,"Gateway_T":null,"Type_Code":null,"layer":"UNH_PS","path":"C:/Users/guest1/Documents/WORKING_WEB_4/WORKING_WEB.gpkg|layername=UNH_PS"}},
{"type":"Feature","geometry":{"type":"Point","coordinates":[35.55278509169159,33.877980144856835]},"properties":{"fid":1501,"OBJECTID":640,"ID":null,"Pcode":null,"Governorat":null,"District":null,"Cadaster":null,"HC_name":null,"MOPH":null,"Accessible":null,"Accreditat":null,"Update_Inf":" ","Thumb_url":null,"Guarantors":null,"Center_typ":null,"Malnu_Scre":null,"Malnu_Mng":null,"Malnu_fees":null,"Longitude":35.5527850917,"Latitude":33.8779801449,"HAB_Code":null,"Catch_Area":null,"Consul_fee":null,"Immuni_fee":null,"ACS_Code":"22228","Interview":null,"GlobalID":"57e89b6f-b5f5-4254-a323-cd711a6a2b59","CreationDate":"2020-05-19T18:28:57.421","Creator":"alisaad@unhabitat","EditDate":"2020-05-19T18:28:57.421","Editor":"alisaad@unhabitat","Mohafaza":"Mount Lebanon","Caza":"El Meten","ACS_NAME":"Baouchriye","HABITAT_Co":null,"Data_year":null,"Name_of_th":" ","Facility_t":" ","Physical_c":" ","Total_regi":" ","No__of_shi":" ","AM_shift":" ","PM_shift":" ","Over_capac":" ","Dropouts":" ","CERD":99,"School_Nam":"Dekwaneh Secondary Public School","CAD_CODE":"22002","secondshif":"FALSE","Interviewe":"No","SDC_Name":null,"KADA_NA":null,"MOH_NA1":null,"OBJECTID_1":null,"Name":null,"Beds":null,"Beds_Habit":null,"Gateway_T":null,"Type_Code":null,"layer":"UNH_PS","path":"C:/Users/guest1/Documents/WORKING_WEB_4/WORKING_WEB.gpkg|layername=UNH_PS"}},
{"type":"Feature","geometry":{"type":"Point","coordinates":[35.48598509169159,33.893180165057885]},"properties":{"fid":1502,"OBJECTID":641,"ID":null,"Pcode":null,"Governorat":null,"District":null,"Cadaster":null,"HC_name":null,"MOPH":null,"Accessible":null,"Accreditat":null,"Update_Inf":" ","Thumb_url":null,"Guarantors":null,"Center_typ":null,"Malnu_Scre":null,"Malnu_Mng":null,"Malnu_fees":null,"Longitude":35.4859850917,"Latitude":33.8931801651,"HAB_Code":null,"Catch_Area":null,"Consul_fee":null,"Immuni_fee":null,"ACS_Code":"10150","Interview":null,"GlobalID":"2fc2626a-1a8a-42f3-b497-5d03f911d60d","CreationDate":"2020-05-19T18:28:57.421","Creator":"alisaad@unhabitat","EditDate":"2020-05-19T18:28:57.421","Editor":"alisaad@unhabitat","Mohafaza":"Beirut","Caza":"Beirut","ACS_NAME":"Ras Beyrouth fonci?re","HABITAT_Co":null,"Data_year":null,"Name_of_th":" ","Facility_t":" ","Physical_c":" ","Total_regi":" ","No__of_shi":" ","AM_shift":" ","PM_shift":" ","Over_capac":" ","Dropouts":" ","CERD":1528,"School_Nam":"El Amir Shakib Irslan Mixed Secondary Public school","CAD_CODE":"10007","secondshif":"FALSE","Interviewe":"No","SDC_Name":null,"KADA_NA":null,"MOH_NA1":null,"OBJECTID_1":null,"Name":null,"Beds":null,"Beds_Habit":null,"Gateway_T":null,"Type_Code":null,"layer":"UNH_PS","path":"C:/Users/guest1/Documents/WORKING_WEB_4/WORKING_WEB.gpkg|layername=UNH_PS"}},
{"type":"Feature","geometry":{"type":"Point","coordinates":[35.48045014669157,33.898459220423064]},"properties":{"fid":1503,"OBJECTID":642,"ID":null,"Pcode":null,"Governorat":null,"District":null,"Cadaster":null,"HC_name":null,"MOPH":null,"Accessible":null,"Accreditat":null,"Update_Inf":" ","Thumb_url":null,"Guarantors":null,"Center_typ":null,"Malnu_Scre":null,"Malnu_Mng":null,"Malnu_fees":null,"Longitude":35.4804501467,"Latitude":33.8984592204,"HAB_Code":null,"Catch_Area":null,"Consul_fee":null,"Immuni_fee":null,"ACS_Code":"10150","Interview":null,"GlobalID":"4bf6ec2c-0e8a-419b-931f-8f4172a55f41","CreationDate":"2020-05-19T18:28:57.421","Creator":"alisaad@unhabitat","EditDate":"2020-05-19T18:28:57.421","Editor":"alisaad@unhabitat","Mohafaza":"Beirut","Caza":"Beirut","ACS_NAME":"Ras Beyrouth fonci?re","HABITAT_Co":null,"Data_year":null,"Name_of_th":" ","Facility_t":" ","Physical_c":" ","Total_regi":" ","No__of_shi":" ","AM_shift":" ","PM_shift":" ","Over_capac":" ","Dropouts":" ","CERD":50,"School_Nam":"Ras Beirut First Mixed Public School","CAD_CODE":"10007","secondshif":"TRUE","Interviewe":"No","SDC_Name":null,"KADA_NA":null,"MOH_NA1":null,"OBJECTID_1":null,"Name":null,"Beds":null,"Beds_Habit":null,"Gateway_T":null,"Type_Code":null,"layer":"UNH_PS","path":"C:/Users/guest1/Documents/WORKING_WEB_4/WORKING_WEB.gpkg|layername=UNH_PS"}},
{"type":"Feature","geometry":{"type":"Point","coordinates":[35.47606710169157,33.89417319744327]},"properties":{"fid":1504,"OBJECTID":643,"ID":null,"Pcode":null,"Governorat":null,"District":null,"Cadaster":null,"HC_name":null,"MOPH":null,"Accessible":null,"Accreditat":null,"Update_Inf":" ","Thumb_url":null,"Guarantors":null,"Center_typ":null,"Malnu_Scre":null,"Malnu_Mng":null,"Malnu_fees":null,"Longitude":35.4760671017,"Latitude":33.8941731974,"HAB_Code":null,"Catch_Area":null,"Consul_fee":null,"Immuni_fee":null,"ACS_Code":"10150","Interview":null,"GlobalID":"768d10c5-e200-47cb-9d8c-5a49fdde4065","CreationDate":"2020-05-19T18:28:57.421","Creator":"alisaad@unhabitat","EditDate":"2020-05-19T18:28:57.421","Editor":"alisaad@unhabitat","Mohafaza":"Beirut","Caza":"Beirut","ACS_NAME":"Ras Beyrouth fonci?re","HABITAT_Co":null,"Data_year":null,"Name_of_th":" ","Facility_t":" ","Physical_c":" ","Total_regi":" ","No__of_shi":" ","AM_shift":" ","PM_shift":" ","Over_capac":" ","Dropouts":" ","CERD":51,"School_Nam":"Al Manara Intermediate Public School for Girls","CAD_CODE":"10007","secondshif":"FALSE","Interviewe":"No","SDC_Name":null,"KADA_NA":null,"MOH_NA1":null,"OBJECTID_1":null,"Name":null,"Beds":null,"Beds_Habit":null,"Gateway_T":null,"Type_Code":null,"layer":"UNH_PS","path":"C:/Users/guest1/Documents/WORKING_WEB_4/WORKING_WEB.gpkg|layername=UNH_PS"}},
{"type":"Feature","geometry":{"type":"Point","coordinates":[35.47577109069159,33.89426516657156]},"properties":{"fid":1505,"OBJECTID":644,"ID":null,"Pcode":null,"Governorat":null,"District":null,"Cadaster":null,"HC_name":null,"MOPH":null,"Accessible":null,"Accreditat":null,"Update_Inf":" ","Thumb_url":null,"Guarantors":null,"Center_typ":null,"Malnu_Scre":null,"Malnu_Mng":null,"Malnu_fees":null,"Longitude":35.4757710907,"Latitude":33.8942651666,"HAB_Code":null,"Catch_Area":null,"Consul_fee":null,"Immuni_fee":null,"ACS_Code":"10150","Interview":null,"GlobalID":"52033f3d-a0a5-4ddc-9fd1-90cb387acdbd","CreationDate":"2020-05-19T18:28:57.421","Creator":"alisaad@unhabitat","EditDate":"2020-05-19T18:28:57.421","Editor":"alisaad@unhabitat","Mohafaza":"Beirut","Caza":"Beirut","ACS_NAME":"Ras Beyrouth fonci?re","HABITAT_Co":null,"Data_year":null,"Name_of_th":" ","Facility_t":" ","Physical_c":" ","Total_regi":" ","No__of_shi":" ","AM_shift":" ","PM_shift":" ","Over_capac":" ","Dropouts":" ","CERD":52,"School_Nam":"Zahya Kaddoura for Girls Secondary Public School ( Ras Byrout)","CAD_CODE":"10007","secondshif":"FALSE","Interviewe":"No","SDC_Name":null,"KADA_NA":null,"MOH_NA1":null,"OBJECTID_1":null,"Name":null,"Beds":null,"Beds_Habit":null,"Gateway_T":null,"Type_Code":null,"layer":"UNH_PS","path":"C:/Users/guest1/Documents/WORKING_WEB_4/WORKING_WEB.gpkg|layername=UNH_PS"}},
{"type":"Feature","geometry":{"type":"Point","coordinates":[35.48068510369155,33.88668021599071]},"properties":{"fid":1506,"OBJECTID":645,"ID":null,"Pcode":null,"Governorat":null,"District":null,"Cadaster":null,"HC_name":null,"MOPH":null,"Accessible":null,"Accreditat":null,"Update_Inf":" ","Thumb_url":null,"Guarantors":null,"Center_typ":null,"Malnu_Scre":null,"Malnu_Mng":null,"Malnu_fees":null,"Longitude":35.4806851037,"Latitude":33.886680216,"HAB_Code":null,"Catch_Area":null,"Consul_fee":null,"Immuni_fee":null,"ACS_Code":"10150","Interview":null,"GlobalID":"aadf8f39-a149-4b9b-930f-d296de54ae0a","CreationDate":"2020-05-19T18:28:57.421","Creator":"alisaad@unhabitat","EditDate":"2020-05-19T18:28:57.421","Editor":"alisaad@unhabitat","Mohafaza":"Beirut","Caza":"Beirut","ACS_NAME":"Ras Beyrouth fonci?re","HABITAT_Co":null,"Data_year":null,"Name_of_th":" ","Facility_t":" ","Physical_c":" ","Total_regi":" ","No__of_shi":" ","AM_shift":" ","PM_shift":" ","Over_capac":" ","Dropouts":" ","CERD":58,"School_Nam":"Ras Beirut Second Mixed Public School French section","CAD_CODE":"10007","secondshif":"FALSE","Interviewe":"No","SDC_Name":null,"KADA_NA":null,"MOH_NA1":null,"OBJECTID_1":null,"Name":null,"Beds":null,"Beds_Habit":null,"Gateway_T":null,"Type_Code":null,"layer":"UNH_PS","path":"C:/Users/guest1/Documents/WORKING_WEB_4/WORKING_WEB.gpkg|layername=UNH_PS"}},
{"type":"Feature","geometry":{"type":"Point","coordinates":[35.49965743369154,33.89277490949257]},"properties":{"fid":1507,"OBJECTID":646,"ID":null,"Pcode":null,"Governorat":null,"District":null,"Cadaster":null,"HC_name":null,"MOPH":null,"Accessible":null,"Accreditat":null,"Update_Inf":" ","Thumb_url":null,"Guarantors":null,"Center_typ":null,"Malnu_Scre":null,"Malnu_Mng":null,"Malnu_fees":null,"Longitude":35.4996574337,"Latitude":33.8927749095,"HAB_Code":null,"Catch_Area":null,"Consul_fee":null,"Immuni_fee":null,"ACS_Code":"10410","Interview":null,"GlobalID":"20ea5544-7b41-41df-b502-40f7d01f2655","CreationDate":"2020-05-19T18:28:57.421","Creator":"alisaad@unhabitat","EditDate":"2020-05-19T18:28:57.421","Editor":"alisaad@unhabitat","Mohafaza":"Beirut","Caza":"Beirut","ACS_NAME":"Zqaq el-Blat fonci?re","HABITAT_Co":null,"Data_year":null,"Name_of_th":" ","Facility_t":" ","Physical_c":" ","Total_regi":" ","No__of_shi":" ","AM_shift":" ","PM_shift":" ","Over_capac":" ","Dropouts":" ","CERD":16,"School_Nam":"Zoqaq AlBlat Mixed","CAD_CODE":"10010","secondshif":"FALSE","Interviewe":"No","SDC_Name":null,"KADA_NA":null,"MOH_NA1":null,"OBJECTID_1":null,"Name":null,"Beds":null,"Beds_Habit":null,"Gateway_T":null,"Type_Code":null,"layer":"UNH_PS","path":"C:/Users/guest1/Documents/WORKING_WEB_4/WORKING_WEB.gpkg|layername=UNH_PS"}},
{"type":"Feature","geometry":{"type":"Point","coordinates":[35.58888514369159,33.892080225523436]},"properties":{"fid":1508,"OBJECTID":647,"ID":null,"Pcode":null,"Governorat":null,"District":null,"Cadaster":null,"HC_name":null,"MOPH":null,"Accessible":null,"Accreditat":null,"Update_Inf":" ","Thumb_url":null,"Guarantors":null,"Center_typ":null,"Malnu_Scre":null,"Malnu_Mng":null,"Malnu_fees":null,"Longitude":35.5888851437,"Latitude":33.8920802255,"HAB_Code":null,"Catch_Area":null,"Consul_fee":null,"Immuni_fee":null,"ACS_Code":"22359","Interview":null,"GlobalID":"be72674e-1a54-4c4c-9c58-50453678ef1c","CreationDate":"2020-05-19T18:28:57.421","Creator":"alisaad@unhabitat","EditDate":"2020-05-19T18:28:57.421","Editor":"alisaad@unhabitat","Mohafaza":"Mount Lebanon","Caza":"El Meten","ACS_NAME":"Byaqout","HABITAT_Co":null,"Data_year":null,"Name_of_th":" ","Facility_t":" ","Physical_c":" ","Total_regi":" ","No__of_shi":" ","AM_shift":" ","PM_shift":" ","Over_capac":" ","Dropouts":" ","CERD":149,"School_Nam":"Ein Byaqout Mixed","CAD_CODE":"22018","secondshif":"FALSE","Interviewe":"No","SDC_Name":null,"KADA_NA":null,"MOH_NA1":null,"OBJECTID_1":null,"Name":null,"Beds":null,"Beds_Habit":null,"Gateway_T":null,"Type_Code":null,"layer":"UNH_PS","path":"C:/Users/guest1/Documents/WORKING_WEB_4/WORKING_WEB.gpkg|layername=UNH_PS"}},
{"type":"Feature","geometry":{"type":"Point","coordinates":[35.57988510869154,33.893980214174036]},"properties":{"fid":1509,"OBJECTID":648,"ID":null,"Pcode":null,"Governorat":null,"District":null,"Cadaster":null,"HC_name":null,"MOPH":null,"Accessible":null,"Accreditat":null,"Update_Inf":" ","Thumb_url":null,"Guarantors":null,"Center_typ":null,"Malnu_Scre":null,"Malnu_Mng":null,"Malnu_fees":null,"Longitude":35.5798851087,"Latitude":33.8939802142,"HAB_Code":null,"Catch_Area":null,"Consul_fee":null,"Immuni_fee":null,"ACS_Code":"22359","Interview":null,"GlobalID":"9bb934b5-6efb-4363-98c7-462e9baddd16","CreationDate":"2020-05-19T18:28:57.421","Creator":"alisaad@unhabitat","EditDate":"2020-05-19T18:28:57.421","Editor":"alisaad@unhabitat","Mohafaza":"Mount Lebanon","Caza":"El Meten","ACS_NAME":"Byaqout","HABITAT_Co":null,"Data_year":null,"Name_of_th":" ","Facility_t":" ","Physical_c":" ","Total_regi":" ","No__of_shi":" ","AM_shift":" ","PM_shift":" ","Over_capac":" ","Dropouts":" ","CERD":150,"School_Nam":"Aqbet Byaqout Mixed","CAD_CODE":"22018","secondshif":"FALSE","Interviewe":"No","SDC_Name":null,"KADA_NA":null,"MOH_NA1":null,"OBJECTID_1":null,"Name":null,"Beds":null,"Beds_Habit":null,"Gateway_T":null,"Type_Code":null,"layer":"UNH_PS","path":"C:/Users/guest1/Documents/WORKING_WEB_4/WORKING_WEB.gpkg|layername=UNH_PS"}},
{"type":"Feature","geometry":{"type":"Point","coordinates":[35.52774116469158,33.895975243957416]},"properties":{"fid":1511,"OBJECTID":650,"ID":null,"Pcode":null,"Governorat":null,"District":null,"Cadaster":null,"HC_name":null,"MOPH":null,"Accessible":null,"Accreditat":null,"Update_Inf":" ","Thumb_url":null,"Guarantors":null,"Center_typ":null,"Malnu_Scre":null,"Malnu_Mng":null,"Malnu_fees":null,"Longitude":35.5277411647,"Latitude":33.895975244,"HAB_Code":null,"Catch_Area":null,"Consul_fee":null,"Immuni_fee":null,"ACS_Code":"10550","Interview":null,"GlobalID":"e090033c-ae62-4653-b562-389fb9cb6fe4","CreationDate":"2020-05-19T18:28:57.421","Creator":"alisaad@unhabitat","EditDate":"2020-05-19T18:28:57.421","Editor":"alisaad@unhabitat","Mohafaza":"Beirut","Caza":"Beirut","ACS_NAME":"Rmeil foncière","HABITAT_Co":null,"Data_year":null,"Name_of_th":" ","Facility_t":" ","Physical_c":" ","Total_regi":" ","No__of_shi":" ","AM_shift":" ","PM_shift":" ","Over_capac":" ","Dropouts":" ","CERD":4,"School_Nam":"Achrafieh Third Mixed Intermediate Public School","CAD_CODE":"10002","secondshif":"FALSE","Interviewe":"No","SDC_Name":null,"KADA_NA":null,"MOH_NA1":null,"OBJECTID_1":null,"Name":null,"Beds":null,"Beds_Habit":null,"Gateway_T":null,"Type_Code":null,"layer":"UNH_PS","path":"C:/Users/guest1/Documents/WORKING_WEB_4/WORKING_WEB.gpkg|layername=UNH_PS"}},
{"type":"Feature","geometry":{"type":"Point","coordinates":[35.565585092691556,33.889980161593826]},"properties":{"fid":1512,"OBJECTID":651,"ID":null,"Pcode":null,"Governorat":null,"District":null,"Cadaster":null,"HC_name":null,"MOPH":null,"Accessible":null,"Accreditat":null,"Update_Inf":" ","Thumb_url":null,"Guarantors":null,"Center_typ":null,"Malnu_Scre":null,"Malnu_Mng":null,"Malnu_fees":null,"Longitude":35.5655850927,"Latitude":33.8899801616,"HAB_Code":null,"Catch_Area":null,"Consul_fee":null,"Immuni_fee":null,"ACS_Code":"22211","Interview":null,"GlobalID":"c6884c3f-6efa-4d8a-bb5a-7f29c7ed9cf0","CreationDate":"2020-05-19T18:28:57.421","Creator":"alisaad@unhabitat","EditDate":"2020-05-19T18:28:57.421","Editor":"alisaad@unhabitat","Mohafaza":"Mount Lebanon","Caza":"El Meten","ACS_NAME":"Jdaidet El-Matn","HABITAT_Co":null,"Data_year":null,"Name_of_th":" ","Facility_t":" ","Physical_c":" ","Total_regi":" ","No__of_shi":" ","AM_shift":" ","PM_shift":" ","Over_capac":" ","Dropouts":" ","CERD":92,"School_Nam":"Jdaidet El Matn Secondary Public School for Girls","CAD_CODE":"22005","secondshif":"FALSE","Interviewe":"No","SDC_Name":null,"KADA_NA":null,"MOH_NA1":null,"OBJECTID_1":null,"Name":null,"Beds":null,"Beds_Habit":null,"Gateway_T":null,"Type_Code":null,"layer":"UNH_PS","path":"C:/Users/guest1/Documents/WORKING_WEB_4/WORKING_WEB.gpkg|layername=UNH_PS"}},
{"type":"Feature","geometry":{"type":"Point","coordinates":[35.49368510569156,33.86938016086528]},"properties":{"fid":1513,"OBJECTID":652,"ID":null,"Pcode":null,"Governorat":null,"District":null,"Cadaster":null,"HC_name":null,"MOPH":null,"Accessible":null,"Accreditat":null,"Update_Inf":" ","Thumb_url":null,"Guarantors":null,"Center_typ":null,"Malnu_Scre":null,"Malnu_Mng":null,"Malnu_fees":null,"Longitude":35.4936851057,"Latitude":33.8693801609,"HAB_Code":null,"Catch_Area":null,"Consul_fee":null,"Immuni_fee":null,"ACS_Code":"10210","Interview":null,"GlobalID":"702d6b55-3083-4ebe-89cb-b6439f2d96f3","CreationDate":"2020-05-19T18:28:57.421","Creator":"alisaad@unhabitat","EditDate":"2020-05-19T18:28:57.421","Editor":"alisaad@unhabitat","Mohafaza":"Beirut","Caza":"Beirut","ACS_NAME":"Msaitbe fonci?re","HABITAT_Co":null,"Data_year":null,"Name_of_th":" ","Facility_t":" ","Physical_c":" ","Total_regi":" ","No__of_shi":" ","AM_shift":" ","PM_shift":" ","Over_capac":" ","Dropouts":" ","CERD":1526,"School_Nam":"Amr Al Ansi Mixed Public Kindergarten","CAD_CODE":"10008","secondshif":"FALSE","Interviewe":"No","SDC_Name":null,"KADA_NA":null,"MOH_NA1":null,"OBJECTID_1":null,"Name":null,"Beds":null,"Beds_Habit":null,"Gateway_T":null,"Type_Code":null,"layer":"UNH_PS","path":"C:/Users/guest1/Documents/WORKING_WEB_4/WORKING_WEB.gpkg|layername=UNH_PS"}},
{"type":"Feature","geometry":{"type":"Point","coordinates":[35.50179306389674,33.87010240693143]},"properties":{"fid":1514,"OBJECTID":653,"ID":null,"Pcode":null,"Governorat":null,"District":null,"Cadaster":null,"HC_name":null,"MOPH":null,"Accessible":null,"Accreditat":null,"Update_Inf":"2019","Thumb_url":null,"Guarantors":null,"Center_typ":null,"Malnu_Scre":null,"Malnu_Mng":null,"Malnu_fees":null,"Longitude":35.4929180917,"Latitude":33.8685961308,"HAB_Code":null,"Catch_Area":null,"Consul_fee":null,"Immuni_fee":null,"ACS_Code":"10310","Interview":null,"GlobalID":"dbc84e2c-661c-4ff9-8124-ce677ad6d179","CreationDate":"2020-05-19T18:28:57.421","Creator":"alisaad@unhabitat","EditDate":"2020-05-28T14:59:49.831","Editor":"alisaad@unhabitat","Mohafaza":"Beirut","Caza":"Beirut","ACS_NAME":"Mazraa foncière","HABITAT_Co":null,"Data_year":null,"Name_of_th":"Omar Hamad Mixed Elementary Public School","Facility_t":"Primary","Physical_c":"601","Total_regi":"1204","No__of_shi":"1","AM_shift":"600","PM_shift":"604","Over_capac":"Yes","Dropouts":"20%","CERD":1530,"School_Nam":"Omar Hamad Mixed Elementary Public School","CAD_CODE":"10009","secondshif":"FALSE","Interviewe":"Yes","SDC_Name":null,"KADA_NA":null,"MOH_NA1":null,"OBJECTID_1":null,"Name":null,"Beds":null,"Beds_Habit":null,"Gateway_T":null,"Type_Code":null,"layer":"UNH_PS","path":"C:/Users/guest1/Documents/WORKING_WEB_4/WORKING_WEB.gpkg|layername=UNH_PS"}},
{"type":"Feature","geometry":{"type":"Point","coordinates":[35.49368510569156,33.86938016086528]},"properties":{"fid":1515,"OBJECTID":654,"ID":null,"Pcode":null,"Governorat":null,"District":null,"Cadaster":null,"HC_name":null,"MOPH":null,"Accessible":null,"Accreditat":null,"Update_Inf":" ","Thumb_url":null,"Guarantors":null,"Center_typ":null,"Malnu_Scre":null,"Malnu_Mng":null,"Malnu_fees":null,"Longitude":35.4936851057,"Latitude":33.8693801609,"HAB_Code":null,"Catch_Area":null,"Consul_fee":null,"Immuni_fee":null,"ACS_Code":"10210","Interview":null,"GlobalID":"6cce76ba-9122-41fc-9550-d1ca6f208065","CreationDate":"2020-05-19T18:28:57.421","Creator":"alisaad@unhabitat","EditDate":"2020-05-19T18:28:57.421","Editor":"alisaad@unhabitat","Mohafaza":"Beirut","Caza":"Beirut","ACS_NAME":"Msaitbe fonci?re","HABITAT_Co":null,"Data_year":null,"Name_of_th":" ","Facility_t":" ","Physical_c":" ","Total_regi":" ","No__of_shi":" ","AM_shift":" ","PM_shift":" ","Over_capac":" ","Dropouts":" ","CERD":1533,"School_Nam":"Amr Fakhoury Mixed Elementary Public School","CAD_CODE":"10008","secondshif":"TRUE","Interviewe":"No","SDC_Name":null,"KADA_NA":null,"MOH_NA1":null,"OBJECTID_1":null,"Name":null,"Beds":null,"Beds_Habit":null,"Gateway_T":null,"Type_Code":null,"layer":"UNH_PS","path":"C:/Users/guest1/Documents/WORKING_WEB_4/WORKING_WEB.gpkg|layername=UNH_PS"}},
{"type":"Feature","geometry":{"type":"Point","coordinates":[35.49368279669159,33.86943420694062]},"properties":{"fid":1516,"OBJECTID":655,"ID":null,"Pcode":null,"Governorat":null,"District":null,"Cadaster":null,"HC_name":null,"MOPH":null,"Accessible":null,"Accreditat":null,"Update_Inf":" ","Thumb_url":null,"Guarantors":null,"Center_typ":null,"Malnu_Scre":null,"Malnu_Mng":null,"Malnu_fees":null,"Longitude":35.4936827967,"Latitude":33.8694342069,"HAB_Code":null,"Catch_Area":null,"Consul_fee":null,"Immuni_fee":null,"ACS_Code":"10210","Interview":null,"GlobalID":"0b967a7c-22be-4a08-8504-8476a2a66baf","CreationDate":"2020-05-19T18:28:57.421","Creator":"alisaad@unhabitat","EditDate":"2020-05-19T18:28:57.421","Editor":"alisaad@unhabitat","Mohafaza":"Beirut","Caza":"Beirut","ACS_NAME":"Msaitbe fonci?re","HABITAT_Co":null,"Data_year":null,"Name_of_th":" ","Facility_t":" ","Physical_c":" ","Total_regi":" ","No__of_shi":" ","AM_shift":" ","PM_shift":" ","Over_capac":" ","Dropouts":" ","CERD":41,"School_Nam":"Ibtihaj Qaddoura Mixed Intermediate","CAD_CODE":"10008","secondshif":"TRUE","Interviewe":"No","SDC_Name":null,"KADA_NA":null,"MOH_NA1":null,"OBJECTID_1":null,"Name":null,"Beds":null,"Beds_Habit":null,"Gateway_T":null,"Type_Code":null,"layer":"UNH_PS","path":"C:/Users/guest1/Documents/WORKING_WEB_4/WORKING_WEB.gpkg|layername=UNH_PS"}},
{"type":"Feature","geometry":{"type":"Point","coordinates":[35.493185134691544,33.89208018952337]},"properties":{"fid":1517,"OBJECTID":656,"ID":null,"Pcode":null,"Governorat":null,"District":null,"Cadaster":null,"HC_name":null,"MOPH":null,"Accessible":null,"Accreditat":null,"Update_Inf":" ","Thumb_url":null,"Guarantors":null,"Center_typ":null,"Malnu_Scre":null,"Malnu_Mng":null,"Malnu_fees":null,"Longitude":35.4931851347,"Latitude":33.8920801895,"HAB_Code":null,"Catch_Area":null,"Consul_fee":null,"Immuni_fee":null,"ACS_Code":"10210","Interview":null,"GlobalID":"edd86237-f7a9-4b40-97bb-873a48eb06ef","CreationDate":"2020-05-19T18:28:57.421","Creator":"alisaad@unhabitat","EditDate":"2020-05-19T18:28:57.421","Editor":"alisaad@unhabitat","Mohafaza":"Beirut","Caza":"Beirut","ACS_NAME":"Msaitbe fonci?re","HABITAT_Co":null,"Data_year":null,"Name_of_th":" ","Facility_t":" ","Physical_c":" ","Total_regi":" ","No__of_shi":" ","AM_shift":" ","PM_shift":" ","Over_capac":" ","Dropouts":" ","CERD":54,"School_Nam":"Raml El Zarif Mixed Public School","CAD_CODE":"10008","secondshif":"FALSE","Interviewe":"No","SDC_Name":null,"KADA_NA":null,"MOH_NA1":null,"OBJECTID_1":null,"Name":null,"Beds":null,"Beds_Habit":null,"Gateway_T":null,"Type_Code":null,"layer":"UNH_PS","path":"C:/Users/guest1/Documents/WORKING_WEB_4/WORKING_WEB.gpkg|layername=UNH_PS"}},
{"type":"Feature","geometry":{"type":"Point","coordinates":[35.488785091691575,33.89198016338383]},"properties":{"fid":1518,"OBJECTID":657,"ID":null,"Pcode":null,"Governorat":null,"District":null,"Cadaster":null,"HC_name":null,"MOPH":null,"Accessible":null,"Accreditat":null,"Update_Inf":" ","Thumb_url":null,"Guarantors":null,"Center_typ":null,"Malnu_Scre":null,"Malnu_Mng":null,"Malnu_fees":null,"Longitude":35.4887850917,"Latitude":33.8919801634,"HAB_Code":null,"Catch_Area":null,"Consul_fee":null,"Immuni_fee":null,"ACS_Code":"10210","Interview":null,"GlobalID":"2471f46a-2750-46d8-9f69-ff34d785aa54","CreationDate":"2020-05-19T18:28:57.421","Creator":"alisaad@unhabitat","EditDate":"2020-05-19T18:28:57.421","Editor":"alisaad@unhabitat","Mohafaza":"Beirut","Caza":"Beirut","ACS_NAME":"Msaitbe fonci?re","HABITAT_Co":null,"Data_year":null,"Name_of_th":" ","Facility_t":" ","Physical_c":" ","Total_regi":" ","No__of_shi":" ","AM_shift":" ","PM_shift":" ","Over_capac":" ","Dropouts":" ","CERD":56,"School_Nam":"Rene Mouawad Secondary Public School","CAD_CODE":"10008","secondshif":"FALSE","Interviewe":"No","SDC_Name":null,"KADA_NA":null,"MOH_NA1":null,"OBJECTID_1":null,"Name":null,"Beds":null,"Beds_Habit":null,"Gateway_T":null,"Type_Code":null,"layer":"UNH_PS","path":"C:/Users/guest1/Documents/WORKING_WEB_4/WORKING_WEB.gpkg|layername=UNH_PS"}},
{"type":"Feature","geometry":{"type":"Point","coordinates":[35.488785091691575,33.89208016452331]},"properties":{"fid":1519,"OBJECTID":658,"ID":null,"Pcode":null,"Governorat":null,"District":null,"Cadaster":null,"HC_name":null,"MOPH":null,"Accessible":null,"Accreditat":null,"Update_Inf":" ","Thumb_url":null,"Guarantors":null,"Center_typ":null,"Malnu_Scre":null,"Malnu_Mng":null,"Malnu_fees":null,"Longitude":35.4887850917,"Latitude":33.8920801645,"HAB_Code":null,"Catch_Area":null,"Consul_fee":null,"Immuni_fee":null,"ACS_Code":"10210","Interview":null,"GlobalID":"9ae60335-a29f-41b8-8f4f-811bf830062b","CreationDate":"2020-05-19T18:28:57.421","Creator":"alisaad@unhabitat","EditDate":"2020-05-19T18:28:57.421","Editor":"alisaad@unhabitat","Mohafaza":"Beirut","Caza":"Beirut","ACS_NAME":"Msaitbe fonci?re","HABITAT_Co":null,"Data_year":null,"Name_of_th":" ","Facility_t":" ","Physical_c":" ","Total_regi":" ","No__of_shi":" ","AM_shift":" ","PM_shift":" ","Over_capac":" ","Dropouts":" ","CERD":57,"School_Nam":"Hasan Saab Mixed Secondary Public School","CAD_CODE":"10008","secondshif":"FALSE","Interviewe":"No","SDC_Name":null,"KADA_NA":null,"MOH_NA1":null,"OBJECTID_1":null,"Name":null,"Beds":null,"Beds_Habit":null,"Gateway_T":null,"Type_Code":null,"layer":"UNH_PS","path":"C:/Users/guest1/Documents/WORKING_WEB_4/WORKING_WEB.gpkg|layername=UNH_PS"}},
{"type":"Feature","geometry":{"type":"Point","coordinates":[35.491285091691566,33.88808015894348]},"properties":{"fid":1520,"OBJECTID":659,"ID":null,"Pcode":null,"Governorat":null,"District":null,"Cadaster":null,"HC_name":null,"MOPH":null,"Accessible":null,"Accreditat":null,"Update_Inf":" ","Thumb_url":null,"Guarantors":null,"Center_typ":null,"Malnu_Scre":null,"Malnu_Mng":null,"Malnu_fees":null,"Longitude":35.4912850917,"Latitude":33.8880801589,"HAB_Code":null,"Catch_Area":null,"Consul_fee":null,"Immuni_fee":null,"ACS_Code":"10210","Interview":null,"GlobalID":"49f617fc-7435-44a7-9c48-7a3a982a25c4","CreationDate":"2020-05-19T18:28:57.421","Creator":"alisaad@unhabitat","EditDate":"2020-05-19T18:28:57.421","Editor":"alisaad@unhabitat","Mohafaza":"Beirut","Caza":"Beirut","ACS_NAME":"Msaitbe fonci?re","HABITAT_Co":null,"Data_year":null,"Name_of_th":" ","Facility_t":" ","Physical_c":" ","Total_regi":" ","No__of_shi":" ","AM_shift":" ","PM_shift":" ","Over_capac":" ","Dropouts":" ","CERD":60,"School_Nam":"Raml El Zaydanieh for Girls Secondary School","CAD_CODE":"10008","secondshif":"FALSE","Interviewe":"No","SDC_Name":null,"KADA_NA":null,"MOH_NA1":null,"OBJECTID_1":null,"Name":null,"Beds":null,"Beds_Habit":null,"Gateway_T":null,"Type_Code":null,"layer":"UNH_PS","path":"C:/Users/guest1/Documents/WORKING_WEB_4/WORKING_WEB.gpkg|layername=UNH_PS"}},
{"type":"Feature","geometry":{"type":"Point","coordinates":[35.49398211069155,33.886199191319804]},"properties":{"fid":1521,"OBJECTID":660,"ID":null,"Pcode":null,"Governorat":null,"District":null,"Cadaster":null,"HC_name":null,"MOPH":null,"Accessible":null,"Accreditat":null,"Update_Inf":" ","Thumb_url":null,"Guarantors":null,"Center_typ":null,"Malnu_Scre":null,"Malnu_Mng":null,"Malnu_fees":null,"Longitude":35.4939821107,"Latitude":33.8861991913,"HAB_Code":null,"Catch_Area":null,"Consul_fee":null,"Immuni_fee":null,"ACS_Code":"10210","Interview":null,"GlobalID":"474b5a29-2ea8-48de-b2b8-babffa44a6cb","CreationDate":"2020-05-19T18:28:57.421","Creator":"alisaad@unhabitat","EditDate":"2020-05-19T18:28:57.421","Editor":"alisaad@unhabitat","Mohafaza":"Beirut","Caza":"Beirut","ACS_NAME":"Msaitbe fonci?re","HABITAT_Co":null,"Data_year":null,"Name_of_th":" ","Facility_t":" ","Physical_c":" ","Total_regi":" ","No__of_shi":" ","AM_shift":" ","PM_shift":" ","Over_capac":" ","Dropouts":" ","CERD":61,"School_Nam":"Raml El Zaydanieh Kindergarten","CAD_CODE":"10008","secondshif":"FALSE","Interviewe":"No","SDC_Name":null,"KADA_NA":null,"MOH_NA1":null,"OBJECTID_1":null,"Name":null,"Beds":null,"Beds_Habit":null,"Gateway_T":null,"Type_Code":null,"layer":"UNH_PS","path":"C:/Users/guest1/Documents/WORKING_WEB_4/WORKING_WEB.gpkg|layername=UNH_PS"}},
{"type":"Feature","geometry":{"type":"Point","coordinates":[35.492114881691585,33.894495414892816]},"properties":{"fid":1522,"OBJECTID":661,"ID":null,"Pcode":null,"Governorat":null,"District":null,"Cadaster":null,"HC_name":null,"MOPH":null,"Accessible":null,"Accreditat":null,"Update_Inf":" ","Thumb_url":null,"Guarantors":null,"Center_typ":null,"Malnu_Scre":null,"Malnu_Mng":null,"Malnu_fees":null,"Longitude":35.4921148817,"Latitude":33.8944954149,"HAB_Code":null,"Catch_Area":null,"Consul_fee":null,"Immuni_fee":null,"ACS_Code":"10210","Interview":null,"GlobalID":"933ed10f-9d31-48ce-bf4d-d442c99dc70f","CreationDate":"2020-05-19T18:28:57.421","Creator":"alisaad@unhabitat","EditDate":"2020-05-19T18:28:57.421","Editor":"alisaad@unhabitat","Mohafaza":"Beirut","Caza":"Beirut","ACS_NAME":"Msaitbe fonci?re","HABITAT_Co":null,"Data_year":null,"Name_of_th":" ","Facility_t":" ","Physical_c":" ","Total_regi":" ","No__of_shi":" ","AM_shift":" ","PM_shift":" ","Over_capac":" ","Dropouts":" ","CERD":21,"School_Nam":"Wata Al Mousaitbeh Mixed Public School","CAD_CODE":"10008","secondshif":"FALSE","Interviewe":"No","SDC_Name":null,"KADA_NA":null,"MOH_NA1":null,"OBJECTID_1":null,"Name":null,"Beds":null,"Beds_Habit":null,"Gateway_T":null,"Type_Code":null,"layer":"UNH_PS","path":"C:/Users/guest1/Documents/WORKING_WEB_4/WORKING_WEB.gpkg|layername=UNH_PS"}},
{"type":"Feature","geometry":{"type":"Point","coordinates":[35.49288509169156,33.87648014176509]},"properties":{"fid":1523,"OBJECTID":662,"ID":null,"Pcode":null,"Governorat":null,"District":null,"Cadaster":null,"HC_name":null,"MOPH":null,"Accessible":null,"Accreditat":null,"Update_Inf":" ","Thumb_url":null,"Guarantors":null,"Center_typ":null,"Malnu_Scre":null,"Malnu_Mng":null,"Malnu_fees":null,"Longitude":35.4928850917,"Latitude":33.8764801418,"HAB_Code":null,"Catch_Area":null,"Consul_fee":null,"Immuni_fee":null,"ACS_Code":"10210","Interview":null,"GlobalID":"d42cdec6-59b2-478c-a1d9-054be180084b","CreationDate":"2020-05-19T18:28:57.421","Creator":"alisaad@unhabitat","EditDate":"2020-05-19T18:28:57.421","Editor":"alisaad@unhabitat","Mohafaza":"Beirut","Caza":"Beirut","ACS_NAME":"Msaitbe fonci?re","HABITAT_Co":null,"Data_year":null,"Name_of_th":" ","Facility_t":" ","Physical_c":" ","Total_regi":" ","No__of_shi":" ","AM_shift":" ","PM_shift":" ","Over_capac":" ","Dropouts":" ","CERD":22,"School_Nam":"Zahia Salman Secondary Public School (formerly Wata El Msaytbeh)","CAD_CODE":"10008","secondshif":"FALSE","Interviewe":"No","SDC_Name":null,"KADA_NA":null,"MOH_NA1":null,"OBJECTID_1":null,"Name":null,"Beds":null,"Beds_Habit":null,"Gateway_T":null,"Type_Code":null,"layer":"UNH_PS","path":"C:/Users/guest1/Documents/WORKING_WEB_4/WORKING_WEB.gpkg|layername=UNH_PS"}},
{"type":"Feature","geometry":{"type":"Point","coordinates":[35.494285128691565,33.86828017233168]},"properties":{"fid":1524,"OBJECTID":663,"ID":null,"Pcode":null,"Governorat":null,"District":null,"Cadaster":null,"HC_name":null,"MOPH":null,"Accessible":null,"Accreditat":null,"Update_Inf":" ","Thumb_url":null,"Guarantors":null,"Center_typ":null,"Malnu_Scre":null,"Malnu_Mng":null,"Malnu_fees":null,"Longitude":35.4942851287,"Latitude":33.8682801723,"HAB_Code":null,"Catch_Area":null,"Consul_fee":null,"Immuni_fee":null,"ACS_Code":"10210","Interview":null,"GlobalID":"3b53a348-cd87-402a-aa6c-0b395d00a7a2","CreationDate":"2020-05-19T18:28:57.421","Creator":"alisaad@unhabitat","EditDate":"2020-05-19T18:28:57.421","Editor":"alisaad@unhabitat","Mohafaza":"Beirut","Caza":"Beirut","ACS_NAME":"Msaitbe fonci?re","HABITAT_Co":null,"Data_year":null,"Name_of_th":" ","Facility_t":" ","Physical_c":" ","Total_regi":" ","No__of_shi":" ","AM_shift":" ","PM_shift":" ","Over_capac":" ","Dropouts":" ","CERD":23,"School_Nam":"Namouzajiya Mixed Public School","CAD_CODE":"10008","secondshif":"FALSE","Interviewe":"No","SDC_Name":null,"KADA_NA":null,"MOH_NA1":null,"OBJECTID_1":null,"Name":null,"Beds":null,"Beds_Habit":null,"Gateway_T":null,"Type_Code":null,"layer":"UNH_PS","path":"C:/Users/guest1/Documents/WORKING_WEB_4/WORKING_WEB.gpkg|layername=UNH_PS"}},
{"type":"Feature","geometry":{"type":"Point","coordinates":[35.50268517369159,33.88638922558481]},"properties":{"fid":1526,"OBJECTID":665,"ID":null,"Pcode":null,"Governorat":null,"District":null,"Cadaster":null,"HC_name":null,"MOPH":null,"Accessible":null,"Accreditat":null,"Update_Inf":" ","Thumb_url":null,"Guarantors":null,"Center_typ":null,"Malnu_Scre":null,"Malnu_Mng":null,"Malnu_fees":null,"Longitude":35.5026851737,"Latitude":33.8863892256,"HAB_Code":null,"Catch_Area":null,"Consul_fee":null,"Immuni_fee":null,"ACS_Code":"10350","Interview":null,"GlobalID":"6b5cf7c1-b3cc-41a1-aa6d-bf749671f4f4","CreationDate":"2020-05-19T18:28:57.421","Creator":"alisaad@unhabitat","EditDate":"2020-05-19T18:28:57.421","Editor":"alisaad@unhabitat","Mohafaza":"Beirut","Caza":"Beirut","ACS_NAME":"Bachoura fonci?re","HABITAT_Co":null,"Data_year":null,"Name_of_th":" ","Facility_t":" ","Physical_c":" ","Total_regi":" ","No__of_shi":" ","AM_shift":" ","PM_shift":" ","Over_capac":" ","Dropouts":" ","CERD":13,"School_Nam":"Al Mousaitbeh Public School for Boys","CAD_CODE":"10005","secondshif":"FALSE","Interviewe":"No","SDC_Name":null,"KADA_NA":null,"MOH_NA1":null,"OBJECTID_1":null,"Name":null,"Beds":null,"Beds_Habit":null,"Gateway_T":null,"Type_Code":null,"layer":"UNH_PS","path":"C:/Users/guest1/Documents/WORKING_WEB_4/WORKING_WEB.gpkg|layername=UNH_PS"}},
{"type":"Feature","geometry":{"type":"Point","coordinates":[35.50228510269159,33.88918021647793]},"properties":{"fid":1527,"OBJECTID":666,"ID":null,"Pcode":null,"Governorat":null,"District":null,"Cadaster":null,"HC_name":null,"MOPH":null,"Accessible":null,"Accreditat":null,"Update_Inf":" ","Thumb_url":null,"Guarantors":null,"Center_typ":null,"Malnu_Scre":null,"Malnu_Mng":null,"Malnu_fees":null,"Longitude":35.5022851027,"Latitude":33.8891802165,"HAB_Code":null,"Catch_Area":null,"Consul_fee":null,"Immuni_fee":null,"ACS_Code":"10350","Interview":null,"GlobalID":"a22973b4-dafb-48cf-b358-fd8b8f5c4d96","CreationDate":"2020-05-19T18:28:57.421","Creator":"alisaad@unhabitat","EditDate":"2020-05-19T18:28:57.421","Editor":"alisaad@unhabitat","Mohafaza":"Beirut","Caza":"Beirut","ACS_NAME":"Bachoura fonci?re","HABITAT_Co":null,"Data_year":null,"Name_of_th":" ","Facility_t":" ","Physical_c":" ","Total_regi":" ","No__of_shi":" ","AM_shift":" ","PM_shift":" ","Over_capac":" ","Dropouts":" ","CERD":14,"School_Nam":"Houd Alwilaya First Mixed","CAD_CODE":"10005","secondshif":"FALSE","Interviewe":"No","SDC_Name":null,"KADA_NA":null,"MOH_NA1":null,"OBJECTID_1":null,"Name":null,"Beds":null,"Beds_Habit":null,"Gateway_T":null,"Type_Code":null,"layer":"UNH_PS","path":"C:/Users/guest1/Documents/WORKING_WEB_4/WORKING_WEB.gpkg|layername=UNH_PS"}},
{"type":"Feature","geometry":{"type":"Point","coordinates":[35.50188715369154,33.88922523354072]},"properties":{"fid":1528,"OBJECTID":667,"ID":null,"Pcode":null,"Governorat":null,"District":null,"Cadaster":null,"HC_name":null,"MOPH":null,"Accessible":null,"Accreditat":null,"Update_Inf":" ","Thumb_url":null,"Guarantors":null,"Center_typ":null,"Malnu_Scre":null,"Malnu_Mng":null,"Malnu_fees":null,"Longitude":35.5018871537,"Latitude":33.8892252335,"HAB_Code":null,"Catch_Area":null,"Consul_fee":null,"Immuni_fee":null,"ACS_Code":"10350","Interview":null,"GlobalID":"005bf216-d945-4a7f-a204-6d818ecd311d","CreationDate":"2020-05-19T18:28:57.421","Creator":"alisaad@unhabitat","EditDate":"2020-05-19T18:28:57.421","Editor":"alisaad@unhabitat","Mohafaza":"Beirut","Caza":"Beirut","ACS_NAME":"Bachoura fonci?re","HABITAT_Co":null,"Data_year":null,"Name_of_th":" ","Facility_t":" ","Physical_c":" ","Total_regi":" ","No__of_shi":" ","AM_shift":" ","PM_shift":" ","Over_capac":" ","Dropouts":" ","CERD":15,"School_Nam":"El Mostakbal Mixed Public School","CAD_CODE":"10005","secondshif":"FALSE","Interviewe":"No","SDC_Name":null,"KADA_NA":null,"MOH_NA1":null,"OBJECTID_1":null,"Name":null,"Beds":null,"Beds_Habit":null,"Gateway_T":null,"Type_Code":null,"layer":"UNH_PS","path":"C:/Users/guest1/Documents/WORKING_WEB_4/WORKING_WEB.gpkg|layername=UNH_PS"}},
{"type":"Feature","geometry":{"type":"Point","coordinates":[35.50118511569156,33.88858019764096]},"properties":{"fid":1529,"OBJECTID":668,"ID":null,"Pcode":null,"Governorat":null,"District":null,"Cadaster":null,"HC_name":null,"MOPH":null,"Accessible":null,"Accreditat":null,"Update_Inf":" ","Thumb_url":null,"Guarantors":null,"Center_typ":null,"Malnu_Scre":null,"Malnu_Mng":null,"Malnu_fees":null,"Longitude":35.5011851157,"Latitude":33.8885801976,"HAB_Code":null,"Catch_Area":null,"Consul_fee":null,"Immuni_fee":null,"ACS_Code":"10350","Interview":null,"GlobalID":"75b09d53-ef9e-498d-8e7a-f4d5bd7e4660","CreationDate":"2020-05-19T18:28:57.421","Creator":"alisaad@unhabitat","EditDate":"2020-05-19T18:28:57.421","Editor":"alisaad@unhabitat","Mohafaza":"Beirut","Caza":"Beirut","ACS_NAME":"Bachoura fonci?re","HABITAT_Co":null,"Data_year":null,"Name_of_th":" ","Facility_t":" ","Physical_c":" ","Total_regi":" ","No__of_shi":" ","AM_shift":" ","PM_shift":" ","Over_capac":" ","Dropouts":" ","CERD":19,"School_Nam":"Mufti Shaheed Hasan Khaled Secondary","CAD_CODE":"10005","secondshif":"FALSE","Interviewe":"No","SDC_Name":null,"KADA_NA":null,"MOH_NA1":null,"OBJECTID_1":null,"Name":null,"Beds":null,"Beds_Habit":null,"Gateway_T":null,"Type_Code":null,"layer":"UNH_PS","path":"C:/Users/guest1/Documents/WORKING_WEB_4/WORKING_WEB.gpkg|layername=UNH_PS"}},
{"type":"Feature","geometry":{"type":"Point","coordinates":[35.511589143691545,33.88241822304626]},"properties":{"fid":1530,"OBJECTID":669,"ID":null,"Pcode":null,"Governorat":null,"District":null,"Cadaster":null,"HC_name":null,"MOPH":null,"Accessible":null,"Accreditat":null,"Update_Inf":" ","Thumb_url":null,"Guarantors":null,"Center_typ":null,"Malnu_Scre":null,"Malnu_Mng":null,"Malnu_fees":null,"Longitude":35.5115891437,"Latitude":33.882418223,"HAB_Code":null,"Catch_Area":null,"Consul_fee":null,"Immuni_fee":null,"ACS_Code":"10650","Interview":null,"GlobalID":"c61ba77c-d0a0-4c86-857f-186f6fd2a9d4","CreationDate":"2020-05-19T18:28:57.421","Creator":"alisaad@unhabitat","EditDate":"2020-05-19T18:28:57.421","Editor":"alisaad@unhabitat","Mohafaza":"Beirut","Caza":"Beirut","ACS_NAME":"Achrafieh fonci?re","HABITAT_Co":null,"Data_year":null,"Name_of_th":" ","Facility_t":" ","Physical_c":" ","Total_regi":" ","No__of_shi":" ","AM_shift":" ","PM_shift":" ","Over_capac":" ","Dropouts":" ","CERD":45,"School_Nam":"Ras El Nabeh First for Girls Public School","CAD_CODE":"10001","secondshif":"FALSE","Interviewe":"No","SDC_Name":null,"KADA_NA":null,"MOH_NA1":null,"OBJECTID_1":null,"Name":null,"Beds":null,"Beds_Habit":null,"Gateway_T":null,"Type_Code":null,"layer":"UNH_PS","path":"C:/Users/guest1/Documents/WORKING_WEB_4/WORKING_WEB.gpkg|layername=UNH_PS"}},
{"type":"Feature","geometry":{"type":"Point","coordinates":[35.53091009569158,33.87891007415369]},"properties":{"fid":1531,"OBJECTID":670,"ID":null,"Pcode":null,"Governorat":null,"District":null,"Cadaster":null,"HC_name":null,"MOPH":null,"Accessible":null,"Accreditat":null,"Update_Inf":" ","Thumb_url":null,"Guarantors":null,"Center_typ":null,"Malnu_Scre":null,"Malnu_Mng":null,"Malnu_fees":null,"Longitude":35.5309100957,"Latitude":33.8789100742,"HAB_Code":null,"Catch_Area":null,"Consul_fee":null,"Immuni_fee":null,"ACS_Code":"10650","Interview":null,"GlobalID":"5c78e808-e902-48b4-943e-8e4ba223a404","CreationDate":"2020-05-19T18:28:57.421","Creator":"alisaad@unhabitat","EditDate":"2020-05-19T18:28:57.421","Editor":"alisaad@unhabitat","Mohafaza":"Beirut","Caza":"Beirut","ACS_NAME":"Achrafieh fonci?re","HABITAT_Co":null,"Data_year":null,"Name_of_th":" ","Facility_t":" ","Physical_c":" ","Total_regi":" ","No__of_shi":" ","AM_shift":" ","PM_shift":" ","Over_capac":" ","Dropouts":" ","CERD":1,"School_Nam":"Uruguay First Achrafieh Public School for Boys","CAD_CODE":"10001","secondshif":"TRUE","Interviewe":"No","SDC_Name":null,"KADA_NA":null,"MOH_NA1":null,"OBJECTID_1":null,"Name":null,"Beds":null,"Beds_Habit":null,"Gateway_T":null,"Type_Code":null,"layer":"UNH_PS","path":"C:/Users/guest1/Documents/WORKING_WEB_4/WORKING_WEB.gpkg|layername=UNH_PS"}},
{"type":"Feature","geometry":{"type":"Point","coordinates":[35.526668156691585,33.88703423748452]},"properties":{"fid":1532,"OBJECTID":671,"ID":null,"Pcode":null,"Governorat":null,"District":null,"Cadaster":null,"HC_name":null,"MOPH":null,"Accessible":null,"Accreditat":null,"Update_Inf":" ","Thumb_url":null,"Guarantors":null,"Center_typ":null,"Malnu_Scre":null,"Malnu_Mng":null,"Malnu_fees":null,"Longitude":35.5266681567,"Latitude":33.8870342375,"HAB_Code":null,"Catch_Area":null,"Consul_fee":null,"Immuni_fee":null,"ACS_Code":"10650","Interview":null,"GlobalID":"779e7b88-f8ed-4d19-8799-0e93dddc50c3","CreationDate":"2020-05-19T18:28:57.421","Creator":"alisaad@unhabitat","EditDate":"2020-05-19T18:28:57.421","Editor":"alisaad@unhabitat","Mohafaza":"Beirut","Caza":"Beirut","ACS_NAME":"Achrafieh foncière","HABITAT_Co":null,"Data_year":null,"Name_of_th":" ","Facility_t":" ","Physical_c":" ","Total_regi":" ","No__of_shi":" ","AM_shift":" ","PM_shift":" ","Over_capac":" ","Dropouts":" ","CERD":2,"School_Nam":"El Tabaris El Namozajia for Girls Public School","CAD_CODE":"10001","secondshif":"FALSE","Interviewe":"No","SDC_Name":null,"KADA_NA":null,"MOH_NA1":null,"OBJECTID_1":null,"Name":null,"Beds":null,"Beds_Habit":null,"Gateway_T":null,"Type_Code":null,"layer":"UNH_PS","path":"C:/Users/guest1/Documents/WORKING_WEB_4/WORKING_WEB.gpkg|layername=UNH_PS"}},
{"type":"Feature","geometry":{"type":"Point","coordinates":[35.517431800895686,33.883771003596706]},"properties":{"fid":1533,"OBJECTID":672,"ID":null,"Pcode":null,"Governorat":null,"District":null,"Cadaster":null,"HC_name":null,"MOPH":null,"Accessible":null,"Accreditat":null,"Update_Inf":"2019","Thumb_url":null,"Guarantors":null,"Center_typ":null,"Malnu_Scre":null,"Malnu_Mng":null,"Malnu_fees":null,"Longitude":35.5187690477,"Latitude":33.8836101517,"HAB_Code":null,"Catch_Area":null,"Consul_fee":null,"Immuni_fee":null,"ACS_Code":"10650","Interview":null,"GlobalID":"dc0e2fd8-f202-4485-b5a9-6bc95a7f0f5e","CreationDate":"2020-05-19T18:28:57.421","Creator":"alisaad@unhabitat","EditDate":"2020-05-28T16:29:15.019","Editor":"alisaad@unhabitat","Mohafaza":"Beirut","Caza":"Beirut","ACS_NAME":"Achrafieh foncière","HABITAT_Co":null,"Data_year":null,"Name_of_th":"Achrafieh First Intermediate and Secondary Public School for Boys","Facility_t":"Intermediate & Secondary","Physical_c":"230","Total_regi":"230","No__of_shi":"1","AM_shift":"210 Leb, 10 Syr, 10 Others","PM_shift":"NA","Over_capac":"No","Dropouts":"10%","CERD":5,"School_Nam":"Achrafieh First Intermediate and Secondary Public School for Boys","CAD_CODE":"10001","secondshif":"FALSE","Interviewe":"Yes","SDC_Name":null,"KADA_NA":null,"MOH_NA1":null,"OBJECTID_1":null,"Name":null,"Beds":null,"Beds_Habit":null,"Gateway_T":null,"Type_Code":null,"layer":"UNH_PS","path":"C:/Users/guest1/Documents/WORKING_WEB_4/WORKING_WEB.gpkg|layername=UNH_PS"}},
{"type":"Feature","geometry":{"type":"Point","coordinates":[35.51736546834984,33.88394596229515]},"properties":{"fid":1534,"OBJECTID":673,"ID":null,"Pcode":null,"Governorat":null,"District":null,"Cadaster":null,"HC_name":null,"MOPH":null,"Accessible":null,"Accreditat":null,"Update_Inf":"2019","Thumb_url":null,"Guarantors":null,"Center_typ":null,"Malnu_Scre":null,"Malnu_Mng":null,"Malnu_fees":null,"Longitude":35.5184890917,"Latitude":33.8840651523,"HAB_Code":null,"Catch_Area":null,"Consul_fee":null,"Immuni_fee":null,"ACS_Code":"10650","Interview":null,"GlobalID":"4a78955a-1cab-4c80-818c-f25257e2e90b","CreationDate":"2020-05-19T18:28:57.421","Creator":"alisaad@unhabitat","EditDate":"2020-05-28T16:29:01.995","Editor":"alisaad@unhabitat","Mohafaza":"Beirut","Caza":"Beirut","ACS_NAME":"Achrafieh foncière","HABITAT_Co":null,"Data_year":null,"Name_of_th":"Achrafieh Second Secondary Public School","Facility_t":"Secondary","Physical_c":"189","Total_regi":"189","No__of_shi":"1","AM_shift":"160 Leb, 19 Syr, 10 Others","PM_shift":"NA","Over_capac":"No","Dropouts":"Rare","CERD":6,"School_Nam":"Achrafieh Second Secondary Public School","CAD_CODE":"10001","secondshif":"FALSE","Interviewe":"Yes","SDC_Name":null,"KADA_NA":null,"MOH_NA1":null,"OBJECTID_1":null,"Name":null,"Beds":null,"Beds_Habit":null,"Gateway_T":null,"Type_Code":null,"layer":"UNH_PS","path":"C:/Users/guest1/Documents/WORKING_WEB_4/WORKING_WEB.gpkg|layername=UNH_PS"}},
{"type":"Feature","geometry":{"type":"Point","coordinates":[35.51805809669156,33.88517020388455]},"properties":{"fid":1535,"OBJECTID":674,"ID":null,"Pcode":null,"Governorat":null,"District":null,"Cadaster":null,"HC_name":null,"MOPH":null,"Accessible":null,"Accreditat":null,"Update_Inf":" ","Thumb_url":null,"Guarantors":null,"Center_typ":null,"Malnu_Scre":null,"Malnu_Mng":null,"Malnu_fees":null,"Longitude":35.5180580967,"Latitude":33.8851702039,"HAB_Code":null,"Catch_Area":null,"Consul_fee":null,"Immuni_fee":null,"ACS_Code":"10650","Interview":null,"GlobalID":"42b61e61-7b06-45ab-9171-04a03e3aa02c","CreationDate":"2020-05-19T18:28:57.421","Creator":"alisaad@unhabitat","EditDate":"2020-05-19T18:28:57.421","Editor":"alisaad@unhabitat","Mohafaza":"Beirut","Caza":"Beirut","ACS_NAME":"Achrafieh foncière","HABITAT_Co":null,"Data_year":null,"Name_of_th":" ","Facility_t":" ","Physical_c":" ","Total_regi":" ","No__of_shi":" ","AM_shift":" ","PM_shift":" ","Over_capac":" ","Dropouts":" ","CERD":7,"School_Nam":"Salma El Sayegh Public School for Girls","CAD_CODE":"10001","secondshif":"FALSE","Interviewe":"No","SDC_Name":null,"KADA_NA":null,"MOH_NA1":null,"OBJECTID_1":null,"Name":null,"Beds":null,"Beds_Habit":null,"Gateway_T":null,"Type_Code":null,"layer":"UNH_PS","path":"C:/Users/guest1/Documents/WORKING_WEB_4/WORKING_WEB.gpkg|layername=UNH_PS"}},
{"type":"Feature","geometry":{"type":"Point","coordinates":[35.529488091691576,33.8897631612911]},"properties":{"fid":1536,"OBJECTID":675,"ID":null,"Pcode":null,"Governorat":null,"District":null,"Cadaster":null,"HC_name":null,"MOPH":null,"Accessible":null,"Accreditat":null,"Update_Inf":" ","Thumb_url":null,"Guarantors":null,"Center_typ":null,"Malnu_Scre":null,"Malnu_Mng":null,"Malnu_fees":null,"Longitude":35.5294880917,"Latitude":33.8897631613,"HAB_Code":null,"Catch_Area":null,"Consul_fee":null,"Immuni_fee":null,"ACS_Code":"10650","Interview":null,"GlobalID":"a7a89bf2-2fa9-44b9-8c76-ba5df5c2879d","CreationDate":"2020-05-19T18:28:57.421","Creator":"alisaad@unhabitat","EditDate":"2020-05-19T18:28:57.421","Editor":"alisaad@unhabitat","Mohafaza":"Beirut","Caza":"Beirut","ACS_NAME":"Achrafieh foncière","HABITAT_Co":null,"Data_year":null,"Name_of_th":" ","Facility_t":" ","Physical_c":" ","Total_regi":" ","No__of_shi":" ","AM_shift":" ","PM_shift":" ","Over_capac":" ","Dropouts":" ","CERD":8,"School_Nam":"Lor Mghayzil for Girls Secondary Public School","CAD_CODE":"10001","secondshif":"FALSE","Interviewe":"No","SDC_Name":null,"KADA_NA":null,"MOH_NA1":null,"OBJECTID_1":null,"Name":null,"Beds":null,"Beds_Habit":null,"Gateway_T":null,"Type_Code":null,"layer":"UNH_PS","path":"C:/Users/guest1/Documents/WORKING_WEB_4/WORKING_WEB.gpkg|layername=UNH_PS"}},
{"type":"Feature","geometry":{"type":"Point","coordinates":[35.52983609269154,33.891335371484324]},"properties":{"fid":1537,"OBJECTID":676,"ID":null,"Pcode":null,"Governorat":null,"District":null,"Cadaster":null,"HC_name":null,"MOPH":null,"Accessible":null,"Accreditat":null,"Update_Inf":" ","Thumb_url":null,"Guarantors":null,"Center_typ":null,"Malnu_Scre":null,"Malnu_Mng":null,"Malnu_fees":null,"Longitude":35.5298360927,"Latitude":33.8913353715,"HAB_Code":null,"Catch_Area":null,"Consul_fee":null,"Immuni_fee":null,"ACS_Code":"10650","Interview":null,"GlobalID":"2a9f36cc-2b3d-4542-92d0-7c76dde9107d","CreationDate":"2020-05-19T18:28:57.421","Creator":"alisaad@unhabitat","EditDate":"2020-05-19T18:28:57.421","Editor":"alisaad@unhabitat","Mohafaza":"Beirut","Caza":"Beirut","ACS_NAME":"Achrafieh foncière","HABITAT_Co":null,"Data_year":null,"Name_of_th":" ","Facility_t":" ","Physical_c":" ","Total_regi":" ","No__of_shi":" ","AM_shift":" ","PM_shift":" ","Over_capac":" ","Dropouts":" ","CERD":9,"School_Nam":"El Achrafieh Mixed Intermediate Public school","CAD_CODE":"10001","secondshif":"FALSE","Interviewe":"No","SDC_Name":null,"KADA_NA":null,"MOH_NA1":null,"OBJECTID_1":null,"Name":null,"Beds":null,"Beds_Habit":null,"Gateway_T":null,"Type_Code":null,"layer":"UNH_PS","path":"C:/Users/guest1/Documents/WORKING_WEB_4/WORKING_WEB.gpkg|layername=UNH_PS"}},
{"type":"Feature","geometry":{"type":"Point","coordinates":[35.52756718769155,33.88884920201622]},"properties":{"fid":1538,"OBJECTID":677,"ID":null,"Pcode":null,"Governorat":null,"District":null,"Cadaster":null,"HC_name":null,"MOPH":null,"Accessible":null,"Accreditat":null,"Update_Inf":" ","Thumb_url":null,"Guarantors":null,"Center_typ":null,"Malnu_Scre":null,"Malnu_Mng":null,"Malnu_fees":null,"Longitude":35.5275671877,"Latitude":33.888849202,"HAB_Code":null,"Catch_Area":null,"Consul_fee":null,"Immuni_fee":null,"ACS_Code":"10650","Interview":null,"GlobalID":"e49e52df-0462-4ecf-9dc5-8f80b59d3957","CreationDate":"2020-05-19T18:28:57.421","Creator":"alisaad@unhabitat","EditDate":"2020-05-19T18:28:57.421","Editor":"alisaad@unhabitat","Mohafaza":"Beirut","Caza":"Beirut","ACS_NAME":"Achrafieh foncière","HABITAT_Co":null,"Data_year":null,"Name_of_th":" ","Facility_t":" ","Physical_c":" ","Total_regi":" ","No__of_shi":" ","AM_shift":" ","PM_shift":" ","Over_capac":" ","Dropouts":" ","CERD":10,"School_Nam":"Karm El Zeitoun Mixed Intermediate Public School","CAD_CODE":"10001","secondshif":"FALSE","Interviewe":"No","SDC_Name":null,"KADA_NA":null,"MOH_NA1":null,"OBJECTID_1":null,"Name":null,"Beds":null,"Beds_Habit":null,"Gateway_T":null,"Type_Code":null,"layer":"UNH_PS","path":"C:/Users/guest1/Documents/WORKING_WEB_4/WORKING_WEB.gpkg|layername=UNH_PS"}},
{"type":"Feature","geometry":{"type":"Point","coordinates":[35.53810709069155,33.88118422532524]},"properties":{"fid":1539,"OBJECTID":678,"ID":null,"Pcode":null,"Governorat":null,"District":null,"Cadaster":null,"HC_name":null,"MOPH":null,"Accessible":null,"Accreditat":null,"Update_Inf":"2019","Thumb_url":null,"Guarantors":null,"Center_typ":null,"Malnu_Scre":null,"Malnu_Mng":null,"Malnu_fees":null,"Longitude":35.5381070907,"Latitude":33.8811842253,"HAB_Code":null,"Catch_Area":null,"Consul_fee":null,"Immuni_fee":null,"ACS_Code":"22155","Interview":null,"GlobalID":"b15a0097-e7f8-48a0-9c43-361f90e31223","CreationDate":"2020-05-19T18:28:57.421","Creator":"alisaad@unhabitat","EditDate":"2020-06-01T17:01:42.921","Editor":"alisaad@unhabitat","Mohafaza":"Mount Lebanon","Caza":"El Meten","ACS_NAME":"Sinn El-Fil","HABITAT_Co":null,"Data_year":null,"Name_of_th":"Sin El-Fil First Mixed Public School","Facility_t":"Kindergarten, Primary School","Physical_c":"250","Total_regi":" ","No__of_shi":"1 ","AM_shift":" ","PM_shift":" ","Over_capac":" ","Dropouts":"No","CERD":64,"School_Nam":"Sin El-Fil First Mixed Public School","CAD_CODE":"22004","secondshif":"FALSE","Interviewe":"Yes","SDC_Name":null,"KADA_NA":null,"MOH_NA1":null,"OBJECTID_1":null,"Name":null,"Beds":null,"Beds_Habit":null,"Gateway_T":null,"Type_Code":null,"layer":"UNH_PS","path":"C:/Users/guest1/Documents/WORKING_WEB_4/WORKING_WEB.gpkg|layername=UNH_PS"}},
{"type":"Feature","geometry":{"type":"Point","coordinates":[35.538164091691556,33.881337149538496]},"properties":{"fid":1540,"OBJECTID":679,"ID":null,"Pcode":null,"Governorat":null,"District":null,"Cadaster":null,"HC_name":null,"MOPH":null,"Accessible":null,"Accreditat":null,"Update_Inf":" ","Thumb_url":null,"Guarantors":null,"Center_typ":null,"Malnu_Scre":null,"Malnu_Mng":null,"Malnu_fees":null,"Longitude":35.5381640917,"Latitude":33.8813371495,"HAB_Code":null,"Catch_Area":null,"Consul_fee":null,"Immuni_fee":null,"ACS_Code":"22155","Interview":null,"GlobalID":"810e1a5a-afd1-430e-a39c-9ee38ffac1a6","CreationDate":"2020-05-19T18:28:57.421","Creator":"alisaad@unhabitat","EditDate":"2020-05-19T18:28:57.421","Editor":"alisaad@unhabitat","Mohafaza":"Mount Lebanon","Caza":"El Meten","ACS_NAME":"Sinn El-Fil","HABITAT_Co":null,"Data_year":null,"Name_of_th":" ","Facility_t":" ","Physical_c":" ","Total_regi":" ","No__of_shi":" ","AM_shift":" ","PM_shift":" ","Over_capac":" ","Dropouts":" ","CERD":65,"School_Nam":"Sin El Fil Secondary Public School","CAD_CODE":"22004","secondshif":"FALSE","Interviewe":"No","SDC_Name":null,"KADA_NA":null,"MOH_NA1":null,"OBJECTID_1":null,"Name":null,"Beds":null,"Beds_Habit":null,"Gateway_T":null,"Type_Code":null,"layer":"UNH_PS","path":"C:/Users/guest1/Documents/WORKING_WEB_4/WORKING_WEB.gpkg|layername=UNH_PS"}},
{"type":"Feature","geometry":{"type":"Point","coordinates":[35.535345416955586,33.887684259074305]},"properties":{"fid":1541,"OBJECTID":680,"ID":null,"Pcode":null,"Governorat":null,"District":null,"Cadaster":null,"HC_name":null,"MOPH":null,"Accessible":null,"Accreditat":null,"Update_Inf":"2019","Thumb_url":null,"Guarantors":null,"Center_typ":null,"Malnu_Scre":null,"Malnu_Mng":null,"Malnu_fees":null,"Longitude":35.5364851417,"Latitude":33.8877802215,"HAB_Code":null,"Catch_Area":null,"Consul_fee":null,"Immuni_fee":null,"ACS_Code":"22155","Interview":null,"GlobalID":"05ce2922-8333-47be-9a4b-e54e0c52da11","CreationDate":"2020-05-19T18:28:57.421","Creator":"alisaad@unhabitat","EditDate":"2021-03-15T18:26:18.499","Editor":"alisaad@unhabitat","Mohafaza":"Mount Lebanon","Caza":"El Meten","ACS_NAME":"Sinn El-Fil","HABITAT_Co":null,"Data_year":null,"Name_of_th":"Sin El-Fil Third Elementary Public School","Facility_t":"Intermediate School","Physical_c":" ","Total_regi":"560","No__of_shi":"2","AM_shift":" ","PM_shift":" ","Over_capac":" ","Dropouts":"No in AM, Yes in PM","CERD":67,"School_Nam":"Sin El-Fil Third Elementary Public School","CAD_CODE":"22004","secondshif":"TRUE","Interviewe":"Yes","SDC_Name":null,"KADA_NA":null,"MOH_NA1":null,"OBJECTID_1":null,"Name":null,"Beds":null,"Beds_Habit":null,"Gateway_T":null,"Type_Code":null,"layer":"UNH_PS","path":"C:/Users/guest1/Documents/WORKING_WEB_4/WORKING_WEB.gpkg|layername=UNH_PS"}},
{"type":"Feature","geometry":{"type":"Point","coordinates":[35.53503677398701,33.887721636607075]},"properties":{"fid":1542,"OBJECTID":681,"ID":null,"Pcode":null,"Governorat":null,"District":null,"Cadaster":null,"HC_name":null,"MOPH":null,"Accessible":null,"Accreditat":null,"Update_Inf":" ","Thumb_url":null,"Guarantors":null,"Center_typ":null,"Malnu_Scre":null,"Malnu_Mng":null,"Malnu_fees":null,"Longitude":35.5364851667,"Latitude":33.887380226,"HAB_Code":null,"Catch_Area":null,"Consul_fee":null,"Immuni_fee":null,"ACS_Code":"22155","Interview":null,"GlobalID":"d45dc4e7-a7d0-4a06-84c8-f2e696f0b020","CreationDate":"2020-05-19T18:28:57.421","Creator":"alisaad@unhabitat","EditDate":"2021-03-15T19:20:13.210","Editor":"alisaad@unhabitat","Mohafaza":"Mount Lebanon","Caza":"El Meten","ACS_NAME":"Sinn El-Fil","HABITAT_Co":null,"Data_year":null,"Name_of_th":" ","Facility_t":" ","Physical_c":" ","Total_regi":" ","No__of_shi":" ","AM_shift":" ","PM_shift":" ","Over_capac":" ","Dropouts":" ","CERD":68,"School_Nam":"Sin El Fil Second Intermediate Public School","CAD_CODE":"22004","secondshif":"TRUE","Interviewe":"No","SDC_Name":null,"KADA_NA":null,"MOH_NA1":null,"OBJECTID_1":null,"Name":null,"Beds":null,"Beds_Habit":null,"Gateway_T":null,"Type_Code":null,"layer":"UNH_PS","path":"C:/Users/guest1/Documents/WORKING_WEB_4/WORKING_WEB.gpkg|layername=UNH_PS"}},
{"type":"Feature","geometry":{"type":"Point","coordinates":[35.62536016869155,33.879055215356104]},"properties":{"fid":1543,"OBJECTID":682,"ID":null,"Pcode":null,"Governorat":null,"District":null,"Cadaster":null,"HC_name":null,"MOPH":null,"Accessible":null,"Accreditat":null,"Update_Inf":" ","Thumb_url":null,"Guarantors":null,"Center_typ":null,"Malnu_Scre":null,"Malnu_Mng":null,"Malnu_fees":null,"Longitude":35.6253601687,"Latitude":33.8790552154,"HAB_Code":null,"Catch_Area":null,"Consul_fee":null,"Immuni_fee":null,"ACS_Code":"22611","Interview":null,"GlobalID":"c1eb4545-6839-489d-bc98-35236aaf6440","CreationDate":"2020-05-19T18:28:57.421","Creator":"alisaad@unhabitat","EditDate":"2020-05-19T18:28:57.421","Editor":"alisaad@unhabitat","Mohafaza":"Mount Lebanon","Caza":"El Meten","ACS_NAME":"Broummana El-Matn","HABITAT_Co":null,"Data_year":null,"Name_of_th":" ","Facility_t":" ","Physical_c":" ","Total_regi":" ","No__of_shi":" ","AM_shift":" ","PM_shift":" ","Over_capac":" ","Dropouts":" ","CERD":234,"School_Nam":"Broumana Mixed Intermediate Public School","CAD_CODE":"22042","secondshif":"TRUE","Interviewe":"No","SDC_Name":null,"KADA_NA":null,"MOH_NA1":null,"OBJECTID_1":null,"Name":null,"Beds":null,"Beds_Habit":null,"Gateway_T":null,"Type_Code":null,"layer":"UNH_PS","path":"C:/Users/guest1/Documents/WORKING_WEB_4/WORKING_WEB.gpkg|layername=UNH_PS"}},
{"type":"Feature","geometry":{"type":"Point","coordinates":[35.507031167691544,33.88396716420659]},"properties":{"fid":1547,"OBJECTID":686,"ID":null,"Pcode":null,"Governorat":null,"District":null,"Cadaster":null,"HC_name":null,"MOPH":null,"Accessible":null,"Accreditat":null,"Update_Inf":" ","Thumb_url":null,"Guarantors":null,"Center_typ":null,"Malnu_Scre":null,"Malnu_Mng":null,"Malnu_fees":null,"Longitude":35.5070311677,"Latitude":33.8839671642,"HAB_Code":null,"Catch_Area":null,"Consul_fee":null,"Immuni_fee":null,"ACS_Code":"10310","Interview":null,"GlobalID":"c91eef2f-4402-487d-adb9-7c0a51bf4f08","CreationDate":"2020-05-19T18:28:57.421","Creator":"alisaad@unhabitat","EditDate":"2020-05-19T18:28:57.421","Editor":"alisaad@unhabitat","Mohafaza":"Beirut","Caza":"Beirut","ACS_NAME":"Mazraa foncière","HABITAT_Co":null,"Data_year":null,"Name_of_th":" ","Facility_t":" ","Physical_c":" ","Total_regi":" ","No__of_shi":" ","AM_shift":" ","PM_shift":" ","Over_capac":" ","Dropouts":" ","CERD":1406,"School_Nam":"Ras El Nabeh Second Mixed","CAD_CODE":"10009","secondshif":"FALSE","Interviewe":"No","SDC_Name":null,"KADA_NA":null,"MOH_NA1":null,"OBJECTID_1":null,"Name":null,"Beds":null,"Beds_Habit":null,"Gateway_T":null,"Type_Code":null,"layer":"UNH_PS","path":"C:/Users/guest1/Documents/WORKING_WEB_4/WORKING_WEB.gpkg|layername=UNH_PS"}},
{"type":"Feature","geometry":{"type":"Point","coordinates":[35.498720169387184,33.878260925395736]},"properties":{"fid":1548,"OBJECTID":687,"ID":null,"Pcode":null,"Governorat":null,"District":null,"Cadaster":null,"HC_name":null,"MOPH":null,"Accessible":null,"Accreditat":null,"Update_Inf":"2019","Thumb_url":null,"Guarantors":null,"Center_typ":null,"Malnu_Scre":null,"Malnu_Mng":null,"Malnu_fees":null,"Longitude":35.4998850927,"Latitude":33.8777801446,"HAB_Code":null,"Catch_Area":null,"Consul_fee":null,"Immuni_fee":null,"ACS_Code":"10310","Interview":null,"GlobalID":"33114e80-bd3c-467f-9227-fb265e049e5a","CreationDate":"2020-05-19T18:28:57.421","Creator":"alisaad@unhabitat","EditDate":"2020-05-28T16:24:55.116","Editor":"alisaad@unhabitat","Mohafaza":"Beirut","Caza":"Beirut","ACS_NAME":"Mazraa foncière","HABITAT_Co":null,"Data_year":null,"Name_of_th":"El-Alama Adballah El-Alayli Secondary Public School","Facility_t":"Primary and intermediate","Physical_c":"175","Total_regi":"179","No__of_shi":"1","AM_shift":"126 Leb, 20 Syr, 33 Other","PM_shift":"NA","Over_capac":"Yes","Dropouts":"5%","CERD":1477,"School_Nam":"El-Alama Adballah El-Alayli Secondary Public School","CAD_CODE":"10009","secondshif":"FALSE","Interviewe":"Yes","SDC_Name":null,"KADA_NA":null,"MOH_NA1":null,"OBJECTID_1":null,"Name":null,"Beds":null,"Beds_Habit":null,"Gateway_T":null,"Type_Code":null,"layer":"UNH_PS","path":"C:/Users/guest1/Documents/WORKING_WEB_4/WORKING_WEB.gpkg|layername=UNH_PS"}},
{"type":"Feature","geometry":{"type":"Point","coordinates":[35.49829395511025,33.87506672405247]},"properties":{"fid":1549,"OBJECTID":688,"ID":null,"Pcode":null,"Governorat":null,"District":null,"Cadaster":null,"HC_name":null,"MOPH":null,"Accessible":null,"Accreditat":null,"Update_Inf":"2019","Thumb_url":null,"Guarantors":null,"Center_typ":null,"Malnu_Scre":null,"Malnu_Mng":null,"Malnu_fees":null,"Longitude":35.5005851747,"Latitude":33.8747801714,"HAB_Code":null,"Catch_Area":null,"Consul_fee":null,"Immuni_fee":null,"ACS_Code":"10310","Interview":null,"GlobalID":"1bcf80a0-2c7c-4a34-87bf-c82d8520e5d3","CreationDate":"2020-05-19T18:28:57.421","Creator":"alisaad@unhabitat","EditDate":"2020-05-28T15:00:14.440","Editor":"alisaad@unhabitat","Mohafaza":"Beirut","Caza":"Beirut","ACS_NAME":"Mazraa foncière","HABITAT_Co":null,"Data_year":null,"Name_of_th":"Omar El-Zini Mixed Intermediate Public School","Facility_t":"Kindergarten, Primary and intermediate","Physical_c":"170","Total_regi":"170","No__of_shi":"1","AM_shift":"130 Leb, 40 Syr","PM_shift":"NA","Over_capac":"No","Dropouts":"NA","CERD":1523,"School_Nam":"Omar El-Zini Mixed Intermediate Public School","CAD_CODE":"10009","secondshif":"TRUE","Interviewe":"Yes","SDC_Name":null,"KADA_NA":null,"MOH_NA1":null,"OBJECTID_1":null,"Name":null,"Beds":null,"Beds_Habit":null,"Gateway_T":null,"Type_Code":null,"layer":"UNH_PS","path":"C:/Users/guest1/Documents/WORKING_WEB_4/WORKING_WEB.gpkg|layername=UNH_PS"}},
{"type":"Feature","geometry":{"type":"Point","coordinates":[35.49468511369156,33.86918016858646]},"properties":{"fid":1550,"OBJECTID":689,"ID":null,"Pcode":null,"Governorat":null,"District":null,"Cadaster":null,"HC_name":null,"MOPH":null,"Accessible":null,"Accreditat":null,"Update_Inf":" ","Thumb_url":null,"Guarantors":null,"Center_typ":null,"Malnu_Scre":null,"Malnu_Mng":null,"Malnu_fees":null,"Longitude":35.4946851137,"Latitude":33.8691801686,"HAB_Code":null,"Catch_Area":null,"Consul_fee":null,"Immuni_fee":null,"ACS_Code":"10310","Interview":null,"GlobalID":"e8aaad4a-27a9-4e84-8947-e67d32970c11","CreationDate":"2020-05-19T18:28:57.421","Creator":"alisaad@unhabitat","EditDate":"2020-05-19T18:28:57.421","Editor":"alisaad@unhabitat","Mohafaza":"Beirut","Caza":"Beirut","ACS_NAME":"Mazraa foncière","HABITAT_Co":null,"Data_year":null,"Name_of_th":" ","Facility_t":" ","Physical_c":" ","Total_regi":" ","No__of_shi":" ","AM_shift":" ","PM_shift":" ","Over_capac":" ","Dropouts":" ","CERD":1524,"School_Nam":"Emily Sursock Mixed Intermediate Public School","CAD_CODE":"10009","secondshif":"TRUE","Interviewe":"No","SDC_Name":null,"KADA_NA":null,"MOH_NA1":null,"OBJECTID_1":null,"Name":null,"Beds":null,"Beds_Habit":null,"Gateway_T":null,"Type_Code":null,"layer":"UNH_PS","path":"C:/Users/guest1/Documents/WORKING_WEB_4/WORKING_WEB.gpkg|layername=UNH_PS"}},
{"type":"Feature","geometry":{"type":"Point","coordinates":[35.49478512569158,33.86918016458643]},"properties":{"fid":1551,"OBJECTID":690,"ID":null,"Pcode":null,"Governorat":null,"District":null,"Cadaster":null,"HC_name":null,"MOPH":null,"Accessible":null,"Accreditat":null,"Update_Inf":" ","Thumb_url":null,"Guarantors":null,"Center_typ":null,"Malnu_Scre":null,"Malnu_Mng":null,"Malnu_fees":null,"Longitude":35.4947851257,"Latitude":33.8691801646,"HAB_Code":null,"Catch_Area":null,"Consul_fee":null,"Immuni_fee":null,"ACS_Code":"10310","Interview":null,"GlobalID":"43cf9c48-0dab-4b33-b936-744924159fd7","CreationDate":"2020-05-19T18:28:57.421","Creator":"alisaad@unhabitat","EditDate":"2020-05-19T18:28:57.421","Editor":"alisaad@unhabitat","Mohafaza":"Beirut","Caza":"Beirut","ACS_NAME":"Mazraa foncière","HABITAT_Co":null,"Data_year":null,"Name_of_th":" ","Facility_t":" ","Physical_c":" ","Total_regi":" ","No__of_shi":" ","AM_shift":" ","PM_shift":" ","Over_capac":" ","Dropouts":" ","CERD":1527,"School_Nam":"Amin Bayham  Mixed Elementary Public School","CAD_CODE":"10009","secondshif":"FALSE","Interviewe":"No","SDC_Name":null,"KADA_NA":null,"MOH_NA1":null,"OBJECTID_1":null,"Name":null,"Beds":null,"Beds_Habit":null,"Gateway_T":null,"Type_Code":null,"layer":"UNH_PS","path":"C:/Users/guest1/Documents/WORKING_WEB_4/WORKING_WEB.gpkg|layername=UNH_PS"}},
{"type":"Feature","geometry":{"type":"Point","coordinates":[35.50019517169159,33.88205024053304]},"properties":{"fid":1552,"OBJECTID":693,"ID":null,"Pcode":null,"Governorat":null,"District":null,"Cadaster":null,"HC_name":null,"MOPH":null,"Accessible":null,"Accreditat":null,"Update_Inf":" ","Thumb_url":null,"Guarantors":null,"Center_typ":null,"Malnu_Scre":null,"Malnu_Mng":null,"Malnu_fees":null,"Longitude":35.5001951717,"Latitude":33.8820502405,"HAB_Code":null,"Catch_Area":null,"Consul_fee":null,"Immuni_fee":null,"ACS_Code":"10310","Interview":null,"GlobalID":"80e33ace-b6e8-4a34-927d-e0563985080b","CreationDate":"2020-05-19T18:28:57.421","Creator":"alisaad@unhabitat","EditDate":"2020-05-19T18:28:57.421","Editor":"alisaad@unhabitat","Mohafaza":"Beirut","Caza":"Beirut","ACS_NAME":"Mazraa foncière","HABITAT_Co":null,"Data_year":null,"Name_of_th":" ","Facility_t":" ","Physical_c":" ","Total_regi":" ","No__of_shi":" ","AM_shift":" ","PM_shift":" ","Over_capac":" ","Dropouts":" ","CERD":26,"School_Nam":"Al Irshad Public School for Girls","CAD_CODE":"10009","secondshif":"FALSE","Interviewe":"No","SDC_Name":null,"KADA_NA":null,"MOH_NA1":null,"OBJECTID_1":null,"Name":null,"Beds":null,"Beds_Habit":null,"Gateway_T":null,"Type_Code":null,"layer":"UNH_PS","path":"C:/Users/guest1/Documents/WORKING_WEB_4/WORKING_WEB.gpkg|layername=UNH_PS"}},
{"type":"Feature","geometry":{"type":"Point","coordinates":[35.50258519269159,33.880980228040734]},"properties":{"fid":1553,"OBJECTID":694,"ID":null,"Pcode":null,"Governorat":null,"District":null,"Cadaster":null,"HC_name":null,"MOPH":null,"Accessible":null,"Accreditat":null,"Update_Inf":" ","Thumb_url":null,"Guarantors":null,"Center_typ":null,"Malnu_Scre":null,"Malnu_Mng":null,"Malnu_fees":null,"Longitude":35.5025851927,"Latitude":33.880980228,"HAB_Code":null,"Catch_Area":null,"Consul_fee":null,"Immuni_fee":null,"ACS_Code":"10310","Interview":null,"GlobalID":"f0e7437f-4947-4785-9a3e-dfb57aa66f74","CreationDate":"2020-05-19T18:28:57.421","Creator":"alisaad@unhabitat","EditDate":"2020-05-19T18:28:57.421","Editor":"alisaad@unhabitat","Mohafaza":"Beirut","Caza":"Beirut","ACS_NAME":"Mazraa foncière","HABITAT_Co":null,"Data_year":null,"Name_of_th":" ","Facility_t":" ","Physical_c":" ","Total_regi":" ","No__of_shi":" ","AM_shift":" ","PM_shift":" ","Over_capac":" ","Dropouts":" ","CERD":27,"School_Nam":"Mazraa First Boys Intermediate","CAD_CODE":"10009","secondshif":"FALSE","Interviewe":"No","SDC_Name":null,"KADA_NA":null,"MOH_NA1":null,"OBJECTID_1":null,"Name":null,"Beds":null,"Beds_Habit":null,"Gateway_T":null,"Type_Code":null,"layer":"UNH_PS","path":"C:/Users/guest1/Documents/WORKING_WEB_4/WORKING_WEB.gpkg|layername=UNH_PS"}},
{"type":"Feature","geometry":{"type":"Point","coordinates":[35.50165518769155,33.885188181909605]},"properties":{"fid":1554,"OBJECTID":695,"ID":null,"Pcode":null,"Governorat":null,"District":null,"Cadaster":null,"HC_name":null,"MOPH":null,"Accessible":null,"Accreditat":null,"Update_Inf":" ","Thumb_url":null,"Guarantors":null,"Center_typ":null,"Malnu_Scre":null,"Malnu_Mng":null,"Malnu_fees":null,"Longitude":35.5016551877,"Latitude":33.8851881819,"HAB_Code":null,"Catch_Area":null,"Consul_fee":null,"Immuni_fee":null,"ACS_Code":"10310","Interview":null,"GlobalID":"cdc2c8a1-48ac-41ba-96d7-cba6f262426d","CreationDate":"2020-05-19T18:28:57.421","Creator":"alisaad@unhabitat","EditDate":"2020-05-19T18:28:57.421","Editor":"alisaad@unhabitat","Mohafaza":"Beirut","Caza":"Beirut","ACS_NAME":"Mazraa foncière","HABITAT_Co":null,"Data_year":null,"Name_of_th":" ","Facility_t":" ","Physical_c":" ","Total_regi":" ","No__of_shi":" ","AM_shift":" ","PM_shift":" ","Over_capac":" ","Dropouts":" ","CERD":29,"School_Nam":"Basta Second Mixed Intermediate Public School","CAD_CODE":"10009","secondshif":"FALSE","Interviewe":"No","SDC_Name":null,"KADA_NA":null,"MOH_NA1":null,"OBJECTID_1":null,"Name":null,"Beds":null,"Beds_Habit":null,"Gateway_T":null,"Type_Code":null,"layer":"UNH_PS","path":"C:/Users/guest1/Documents/WORKING_WEB_4/WORKING_WEB.gpkg|layername=UNH_PS"}},
{"type":"Feature","geometry":{"type":"Point","coordinates":[35.50581309169155,33.88396815220795]},"properties":{"fid":1555,"OBJECTID":696,"ID":null,"Pcode":null,"Governorat":null,"District":null,"Cadaster":null,"HC_name":null,"MOPH":null,"Accessible":null,"Accreditat":null,"Update_Inf":" ","Thumb_url":null,"Guarantors":null,"Center_typ":null,"Malnu_Scre":null,"Malnu_Mng":null,"Malnu_fees":null,"Longitude":35.5058130917,"Latitude":33.8839681522,"HAB_Code":null,"Catch_Area":null,"Consul_fee":null,"Immuni_fee":null,"ACS_Code":"10310","Interview":null,"GlobalID":"17fa369c-022d-4921-8621-c468f19925a8","CreationDate":"2020-05-19T18:28:57.421","Creator":"alisaad@unhabitat","EditDate":"2020-05-19T18:28:57.421","Editor":"alisaad@unhabitat","Mohafaza":"Beirut","Caza":"Beirut","ACS_NAME":"Mazraa foncière","HABITAT_Co":null,"Data_year":null,"Name_of_th":" ","Facility_t":" ","Physical_c":" ","Total_regi":" ","No__of_shi":" ","AM_shift":" ","PM_shift":" ","Over_capac":" ","Dropouts":" ","CERD":30,"School_Nam":"Ras El Nabeh for Boys Secondary Public school","CAD_CODE":"10009","secondshif":"FALSE","Interviewe":"No","SDC_Name":null,"KADA_NA":null,"MOH_NA1":null,"OBJECTID_1":null,"Name":null,"Beds":null,"Beds_Habit":null,"Gateway_T":null,"Type_Code":null,"layer":"UNH_PS","path":"C:/Users/guest1/Documents/WORKING_WEB_4/WORKING_WEB.gpkg|layername=UNH_PS"}},
{"type":"Feature","geometry":{"type":"Point","coordinates":[35.506403091691546,33.88380715198343]},"properties":{"fid":1556,"OBJECTID":697,"ID":null,"Pcode":null,"Governorat":null,"District":null,"Cadaster":null,"HC_name":null,"MOPH":null,"Accessible":null,"Accreditat":null,"Update_Inf":" ","Thumb_url":null,"Guarantors":null,"Center_typ":null,"Malnu_Scre":null,"Malnu_Mng":null,"Malnu_fees":null,"Longitude":35.5064030917,"Latitude":33.883807152,"HAB_Code":null,"Catch_Area":null,"Consul_fee":null,"Immuni_fee":null,"ACS_Code":"10310","Interview":null,"GlobalID":"1c3e26d6-9ea3-478b-a67c-a69e9e3a8e3e","CreationDate":"2020-05-19T18:28:57.421","Creator":"alisaad@unhabitat","EditDate":"2020-05-19T18:28:57.421","Editor":"alisaad@unhabitat","Mohafaza":"Beirut","Caza":"Beirut","ACS_NAME":"Mazraa foncière","HABITAT_Co":null,"Data_year":null,"Name_of_th":" ","Facility_t":" ","Physical_c":" ","Total_regi":" ","No__of_shi":" ","AM_shift":" ","PM_shift":" ","Over_capac":" ","Dropouts":" ","CERD":31,"School_Nam":"Beirut Al Horj Secondary Public School for Boys","CAD_CODE":"10009","secondshif":"FALSE","Interviewe":"No","SDC_Name":null,"KADA_NA":null,"MOH_NA1":null,"OBJECTID_1":null,"Name":null,"Beds":null,"Beds_Habit":null,"Gateway_T":null,"Type_Code":null,"layer":"UNH_PS","path":"C:/Users/guest1/Documents/WORKING_WEB_4/WORKING_WEB.gpkg|layername=UNH_PS"}},
{"type":"Feature","geometry":{"type":"Point","coordinates":[35.50551018269158,33.88129421647864]},"properties":{"fid":1557,"OBJECTID":698,"ID":null,"Pcode":null,"Governorat":null,"District":null,"Cadaster":null,"HC_name":null,"MOPH":null,"Accessible":null,"Accreditat":null,"Update_Inf":" ","Thumb_url":null,"Guarantors":null,"Center_typ":null,"Malnu_Scre":null,"Malnu_Mng":null,"Malnu_fees":null,"Longitude":35.5055101827,"Latitude":33.8812942165,"HAB_Code":null,"Catch_Area":null,"Consul_fee":null,"Immuni_fee":null,"ACS_Code":"10310","Interview":null,"GlobalID":"937a7cfe-3f22-45cf-b77c-f13794c8f682","CreationDate":"2020-05-19T18:28:57.421","Creator":"alisaad@unhabitat","EditDate":"2020-05-19T18:28:57.421","Editor":"alisaad@unhabitat","Mohafaza":"Beirut","Caza":"Beirut","ACS_NAME":"Mazraa foncière","HABITAT_Co":null,"Data_year":null,"Name_of_th":" ","Facility_t":" ","Physical_c":" ","Total_regi":" ","No__of_shi":" ","AM_shift":" ","PM_shift":" ","Over_capac":" ","Dropouts":" ","CERD":32,"School_Nam":"El Basta First for Boys Public School","CAD_CODE":"10009","secondshif":"FALSE","Interviewe":"No","SDC_Name":null,"KADA_NA":null,"MOH_NA1":null,"OBJECTID_1":null,"Name":null,"Beds":null,"Beds_Habit":null,"Gateway_T":null,"Type_Code":null,"layer":"UNH_PS","path":"C:/Users/guest1/Documents/WORKING_WEB_4/WORKING_WEB.gpkg|layername=UNH_PS"}},
{"type":"Feature","geometry":{"type":"Point","coordinates":[35.50348512569156,33.87338020044248]},"properties":{"fid":1558,"OBJECTID":699,"ID":null,"Pcode":null,"Governorat":null,"District":null,"Cadaster":null,"HC_name":null,"MOPH":null,"Accessible":null,"Accreditat":null,"Update_Inf":"2019","Thumb_url":null,"Guarantors":null,"Center_typ":null,"Malnu_Scre":null,"Malnu_Mng":null,"Malnu_fees":null,"Longitude":35.5034851257,"Latitude":33.8733802004,"HAB_Code":null,"Catch_Area":null,"Consul_fee":null,"Immuni_fee":null,"ACS_Code":"10310","Interview":null,"GlobalID":"410926e2-6208-4ebd-a0c3-d9cda741d2db","CreationDate":"2020-05-19T18:28:57.421","Creator":"alisaad@unhabitat","EditDate":"2020-05-28T14:56:28.757","Editor":"alisaad@unhabitat","Mohafaza":"Beirut","Caza":"Beirut","ACS_NAME":"Mazraa foncière","HABITAT_Co":null,"Data_year":null,"Name_of_th":"Tariq El-Jdideh First Intermediate Public School for Girls","Facility_t":"Primary, Intermediate and secondary","Physical_c":"100","Total_regi":"100","No__of_shi":"1","AM_shift":"68 Leb, 23 Syr, 9 Other","PM_shift":"NA","Over_capac":"No","Dropouts":"10%","CERD":34,"School_Nam":"Tariq El-Jdideh First Intermediate Public School for Girls","CAD_CODE":"10009","secondshif":"FALSE","Interviewe":"Yes","SDC_Name":null,"KADA_NA":null,"MOH_NA1":null,"OBJECTID_1":null,"Name":null,"Beds":null,"Beds_Habit":null,"Gateway_T":null,"Type_Code":null,"layer":"UNH_PS","path":"C:/Users/guest1/Documents/WORKING_WEB_4/WORKING_WEB.gpkg|layername=UNH_PS"}},
{"type":"Feature","geometry":{"type":"Point","coordinates":[35.50302720191793,33.86995792370452]},"properties":{"fid":1559,"OBJECTID":700,"ID":null,"Pcode":null,"Governorat":null,"District":null,"Cadaster":null,"HC_name":null,"MOPH":null,"Accessible":null,"Accreditat":null,"Update_Inf":" ","Thumb_url":null,"Guarantors":null,"Center_typ":null,"Malnu_Scre":null,"Malnu_Mng":null,"Malnu_fees":null,"Longitude":35.5030272019,"Latitude":33.8699579237,"HAB_Code":null,"Catch_Area":null,"Consul_fee":null,"Immuni_fee":null,"ACS_Code":"10310","Interview":null,"GlobalID":"f40691d6-88ff-4ecd-bc53-e455c90f3b42","CreationDate":"2020-05-19T18:28:57.421","Creator":"alisaad@unhabitat","EditDate":"2020-05-19T18:28:57.421","Editor":"alisaad@unhabitat","Mohafaza":"Beirut","Caza":"Beirut","ACS_NAME":"Mazraa foncière","HABITAT_Co":null,"Data_year":null,"Name_of_th":" ","Facility_t":" ","Physical_c":" ","Total_regi":" ","No__of_shi":" ","AM_shift":" ","PM_shift":" ","Over_capac":" ","Dropouts":" ","CERD":35,"School_Nam":"Tariq Al Jadida First Boys","CAD_CODE":"10009","secondshif":"TRUE","Interviewe":"No","SDC_Name":null,"KADA_NA":null,"MOH_NA1":null,"OBJECTID_1":null,"Name":null,"Beds":null,"Beds_Habit":null,"Gateway_T":null,"Type_Code":null,"layer":"UNH_PS","path":"C:/Users/guest1/Documents/WORKING_WEB_4/WORKING_WEB.gpkg|layername=UNH_PS"}},
{"type":"Feature","geometry":{"type":"Point","coordinates":[35.50161609269156,33.87290613678151]},"properties":{"fid":1560,"OBJECTID":701,"ID":null,"Pcode":null,"Governorat":null,"District":null,"Cadaster":null,"HC_name":null,"MOPH":null,"Accessible":null,"Accreditat":null,"Update_Inf":" ","Thumb_url":null,"Guarantors":null,"Center_typ":null,"Malnu_Scre":null,"Malnu_Mng":null,"Malnu_fees":null,"Longitude":35.5016160927,"Latitude":33.8729061368,"HAB_Code":null,"Catch_Area":null,"Consul_fee":null,"Immuni_fee":null,"ACS_Code":"10310","Interview":null,"GlobalID":"dbb22900-d209-4f54-88c5-485f1d2e585f","CreationDate":"2020-05-19T18:28:57.421","Creator":"alisaad@unhabitat","EditDate":"2020-05-19T18:28:57.421","Editor":"alisaad@unhabitat","Mohafaza":"Beirut","Caza":"Beirut","ACS_NAME":"Mazraa foncière","HABITAT_Co":null,"Data_year":null,"Name_of_th":" ","Facility_t":" ","Physical_c":" ","Total_regi":" ","No__of_shi":" ","AM_shift":" ","PM_shift":" ","Over_capac":" ","Dropouts":" ","CERD":38,"School_Nam":"Jamiel El Rawass for Boys Secondary Public school","CAD_CODE":"10009","secondshif":"FALSE","Interviewe":"No","SDC_Name":null,"KADA_NA":null,"MOH_NA1":null,"OBJECTID_1":null,"Name":null,"Beds":null,"Beds_Habit":null,"Gateway_T":null,"Type_Code":null,"layer":"UNH_PS","path":"C:/Users/guest1/Documents/WORKING_WEB_4/WORKING_WEB.gpkg|layername=UNH_PS"}},
{"type":"Feature","geometry":{"type":"Point","coordinates":[35.49648509169157,33.872880136745216]},"properties":{"fid":1561,"OBJECTID":702,"ID":null,"Pcode":null,"Governorat":null,"District":null,"Cadaster":null,"HC_name":null,"MOPH":null,"Accessible":null,"Accreditat":null,"Update_Inf":"2019","Thumb_url":null,"Guarantors":null,"Center_typ":null,"Malnu_Scre":null,"Malnu_Mng":null,"Malnu_fees":null,"Longitude":35.4964850917,"Latitude":33.8728801367,"HAB_Code":null,"Catch_Area":null,"Consul_fee":null,"Immuni_fee":null,"ACS_Code":"10310","Interview":null,"GlobalID":"d7b32ba1-bdc1-40c3-8acc-7459602b2b1a","CreationDate":"2020-05-19T18:28:57.421","Creator":"alisaad@unhabitat","EditDate":"2020-05-28T14:59:42.502","Editor":"alisaad@unhabitat","Mohafaza":"Beirut","Caza":"Beirut","ACS_NAME":"Mazraa foncière","HABITAT_Co":null,"Data_year":null,"Name_of_th":"Omar Faroukh Secondary Public School for Girls","Facility_t":"Intermediate and secondary","Physical_c":"100","Total_regi":"100","No__of_shi":"1","AM_shift":"60 Leb, 20 Syr, 20 Other","PM_shift":"NA","Over_capac":"No","Dropouts":"NA","CERD":40,"School_Nam":"Omar Faroukh Secondary Public School for Girls","CAD_CODE":"10009","secondshif":"FALSE","Interviewe":"Yes","SDC_Name":null,"KADA_NA":null,"MOH_NA1":null,"OBJECTID_1":null,"Name":null,"Beds":null,"Beds_Habit":null,"Gateway_T":null,"Type_Code":null,"layer":"UNH_PS","path":"C:/Users/guest1/Documents/WORKING_WEB_4/WORKING_WEB.gpkg|layername=UNH_PS"}},
{"type":"Feature","geometry":{"type":"Point","coordinates":[35.505885172691535,33.8710802172356]},"properties":{"fid":1562,"OBJECTID":703,"ID":null,"Pcode":null,"Governorat":null,"District":null,"Cadaster":null,"HC_name":null,"MOPH":null,"Accessible":null,"Accreditat":null,"Update_Inf":" ","Thumb_url":null,"Guarantors":null,"Center_typ":null,"Malnu_Scre":null,"Malnu_Mng":null,"Malnu_fees":null,"Longitude":35.5058851727,"Latitude":33.8710802172,"HAB_Code":null,"Catch_Area":null,"Consul_fee":null,"Immuni_fee":null,"ACS_Code":"10310","Interview":null,"GlobalID":"9f072668-5dce-46bc-9da0-f50da60ac50a","CreationDate":"2020-05-19T18:28:57.421","Creator":"alisaad@unhabitat","EditDate":"2020-05-19T18:28:57.421","Editor":"alisaad@unhabitat","Mohafaza":"Beirut","Caza":"Beirut","ACS_NAME":"Mazraa foncière","HABITAT_Co":null,"Data_year":null,"Name_of_th":" ","Facility_t":" ","Physical_c":" ","Total_regi":" ","No__of_shi":" ","AM_shift":" ","PM_shift":" ","Over_capac":" ","Dropouts":" ","CERD":42,"School_Nam":"Warda El Yazigi Mixed Public Kindergarten","CAD_CODE":"10009","secondshif":"FALSE","Interviewe":"No","SDC_Name":null,"KADA_NA":null,"MOH_NA1":null,"OBJECTID_1":null,"Name":null,"Beds":null,"Beds_Habit":null,"Gateway_T":null,"Type_Code":null,"layer":"UNH_PS","path":"C:/Users/guest1/Documents/WORKING_WEB_4/WORKING_WEB.gpkg|layername=UNH_PS"}},
{"type":"Feature","geometry":{"type":"Point","coordinates":[35.505585149691576,33.87078019081727]},"properties":{"fid":1563,"OBJECTID":704,"ID":null,"Pcode":null,"Governorat":null,"District":null,"Cadaster":null,"HC_name":null,"MOPH":null,"Accessible":null,"Accreditat":null,"Update_Inf":" ","Thumb_url":null,"Guarantors":null,"Center_typ":null,"Malnu_Scre":null,"Malnu_Mng":null,"Malnu_fees":null,"Longitude":35.5055851497,"Latitude":33.8707801908,"HAB_Code":null,"Catch_Area":null,"Consul_fee":null,"Immuni_fee":null,"ACS_Code":"10310","Interview":null,"GlobalID":"678afb21-da90-4102-b4e3-0d1d86aa68eb","CreationDate":"2020-05-19T18:28:57.421","Creator":"alisaad@unhabitat","EditDate":"2020-05-19T18:28:57.421","Editor":"alisaad@unhabitat","Mohafaza":"Beirut","Caza":"Beirut","ACS_NAME":"Mazraa foncière","HABITAT_Co":null,"Data_year":null,"Name_of_th":" ","Facility_t":" ","Physical_c":" ","Total_regi":" ","No__of_shi":" ","AM_shift":" ","PM_shift":" ","Over_capac":" ","Dropouts":" ","CERD":43,"School_Nam":"Tariq Al Jadida Third Public School for Girls","CAD_CODE":"10009","secondshif":"FALSE","Interviewe":"No","SDC_Name":null,"KADA_NA":null,"MOH_NA1":null,"OBJECTID_1":null,"Name":null,"Beds":null,"Beds_Habit":null,"Gateway_T":null,"Type_Code":null,"layer":"UNH_PS","path":"C:/Users/guest1/Documents/WORKING_WEB_4/WORKING_WEB.gpkg|layername=UNH_PS"}},
{"type":"Feature","geometry":{"type":"Point","coordinates":[35.50894417069157,33.882973178820244]},"properties":{"fid":1564,"OBJECTID":705,"ID":null,"Pcode":null,"Governorat":null,"District":null,"Cadaster":null,"HC_name":null,"MOPH":null,"Accessible":null,"Accreditat":null,"Update_Inf":" ","Thumb_url":null,"Guarantors":null,"Center_typ":null,"Malnu_Scre":null,"Malnu_Mng":null,"Malnu_fees":null,"Longitude":35.5089441707,"Latitude":33.8829731788,"HAB_Code":null,"Catch_Area":null,"Consul_fee":null,"Immuni_fee":null,"ACS_Code":"10310","Interview":null,"GlobalID":"1b85f739-8268-4734-a1f4-780706141b02","CreationDate":"2020-05-19T18:28:57.421","Creator":"alisaad@unhabitat","EditDate":"2020-05-19T18:28:57.421","Editor":"alisaad@unhabitat","Mohafaza":"Beirut","Caza":"Beirut","ACS_NAME":"Mazraa foncière","HABITAT_Co":null,"Data_year":null,"Name_of_th":" ","Facility_t":" ","Physical_c":" ","Total_regi":" ","No__of_shi":" ","AM_shift":" ","PM_shift":" ","Over_capac":" ","Dropouts":" ","CERD":44,"School_Nam":"Ras El Nabeh Second Public School for Girls","CAD_CODE":"10009","secondshif":"FALSE","Interviewe":"No","SDC_Name":null,"KADA_NA":null,"MOH_NA1":null,"OBJECTID_1":null,"Name":null,"Beds":null,"Beds_Habit":null,"Gateway_T":null,"Type_Code":null,"layer":"UNH_PS","path":"C:/Users/guest1/Documents/WORKING_WEB_4/WORKING_WEB.gpkg|layername=UNH_PS"}},
{"type":"Feature","geometry":{"type":"Point","coordinates":[35.50731817969154,33.881658213986256]},"properties":{"fid":1565,"OBJECTID":706,"ID":null,"Pcode":null,"Governorat":null,"District":null,"Cadaster":null,"HC_name":null,"MOPH":null,"Accessible":null,"Accreditat":null,"Update_Inf":" ","Thumb_url":null,"Guarantors":null,"Center_typ":null,"Malnu_Scre":null,"Malnu_Mng":null,"Malnu_fees":null,"Longitude":35.5073181797,"Latitude":33.881658214,"HAB_Code":null,"Catch_Area":null,"Consul_fee":null,"Immuni_fee":null,"ACS_Code":"10310","Interview":null,"GlobalID":"adcad262-c482-46c6-92a7-5da4b2326674","CreationDate":"2020-05-19T18:28:57.421","Creator":"alisaad@unhabitat","EditDate":"2020-05-19T18:28:57.421","Editor":"alisaad@unhabitat","Mohafaza":"Beirut","Caza":"Beirut","ACS_NAME":"Mazraa foncière","HABITAT_Co":null,"Data_year":null,"Name_of_th":" ","Facility_t":" ","Physical_c":" ","Total_regi":" ","No__of_shi":" ","AM_shift":" ","PM_shift":" ","Over_capac":" ","Dropouts":" ","CERD":47,"School_Nam":"Basta Boys Intermediate","CAD_CODE":"10009","secondshif":"TRUE","Interviewe":"No","SDC_Name":null,"KADA_NA":null,"MOH_NA1":null,"OBJECTID_1":null,"Name":null,"Beds":null,"Beds_Habit":null,"Gateway_T":null,"Type_Code":null,"layer":"UNH_PS","path":"C:/Users/guest1/Documents/WORKING_WEB_4/WORKING_WEB.gpkg|layername=UNH_PS"}},
{"type":"Feature","geometry":{"type":"Point","coordinates":[35.50807809269157,33.87481314044054]},"properties":{"fid":1566,"OBJECTID":707,"ID":null,"Pcode":null,"Governorat":null,"District":null,"Cadaster":null,"HC_name":null,"MOPH":null,"Accessible":null,"Accreditat":null,"Update_Inf":" ","Thumb_url":null,"Guarantors":null,"Center_typ":null,"Malnu_Scre":null,"Malnu_Mng":null,"Malnu_fees":null,"Longitude":35.5080780927,"Latitude":33.8748131404,"HAB_Code":null,"Catch_Area":null,"Consul_fee":null,"Immuni_fee":null,"ACS_Code":"10310","Interview":null,"GlobalID":"4648b777-12d1-48ae-b2f2-5e5c631f7063","CreationDate":"2020-05-19T18:28:57.421","Creator":"alisaad@unhabitat","EditDate":"2020-05-19T18:28:57.421","Editor":"alisaad@unhabitat","Mohafaza":"Beirut","Caza":"Beirut","ACS_NAME":"Mazraa foncière","HABITAT_Co":null,"Data_year":null,"Name_of_th":" ","Facility_t":" ","Physical_c":" ","Total_regi":" ","No__of_shi":" ","AM_shift":" ","PM_shift":" ","Over_capac":" ","Dropouts":" ","CERD":48,"School_Nam":"Tariq Aljadida Second for Girls","CAD_CODE":"10009","secondshif":"FALSE","Interviewe":"No","SDC_Name":null,"KADA_NA":null,"MOH_NA1":null,"OBJECTID_1":null,"Name":null,"Beds":null,"Beds_Habit":null,"Gateway_T":null,"Type_Code":null,"layer":"UNH_PS","path":"C:/Users/guest1/Documents/WORKING_WEB_4/WORKING_WEB.gpkg|layername=UNH_PS"}},
{"type":"Feature","geometry":{"type":"Point","coordinates":[35.501365185691554,33.885314233085396]},"properties":{"fid":1567,"OBJECTID":708,"ID":null,"Pcode":null,"Governorat":null,"District":null,"Cadaster":null,"HC_name":null,"MOPH":null,"Accessible":null,"Accreditat":null,"Update_Inf":" ","Thumb_url":null,"Guarantors":null,"Center_typ":null,"Malnu_Scre":null,"Malnu_Mng":null,"Malnu_fees":null,"Longitude":35.5013651857,"Latitude":33.8853142331,"HAB_Code":null,"Catch_Area":null,"Consul_fee":null,"Immuni_fee":null,"ACS_Code":"10310","Interview":null,"GlobalID":"57eda6c8-a416-490f-bf64-656aa5af22d3","CreationDate":"2020-05-19T18:28:57.421","Creator":"alisaad@unhabitat","EditDate":"2020-05-19T18:28:57.421","Editor":"alisaad@unhabitat","Mohafaza":"Beirut","Caza":"Beirut","ACS_NAME":"Mazraa foncière","HABITAT_Co":null,"Data_year":null,"Name_of_th":" ","Facility_t":" ","Physical_c":" ","Total_regi":" ","No__of_shi":" ","AM_shift":" ","PM_shift":" ","Over_capac":" ","Dropouts":" ","CERD":12,"School_Nam":"Beirut Alaliya Girls Intermediate","CAD_CODE":"10009","secondshif":"FALSE","Interviewe":"No","SDC_Name":null,"KADA_NA":null,"MOH_NA1":null,"OBJECTID_1":null,"Name":null,"Beds":null,"Beds_Habit":null,"Gateway_T":null,"Type_Code":null,"layer":"UNH_PS","path":"C:/Users/guest1/Documents/WORKING_WEB_4/WORKING_WEB.gpkg|layername=UNH_PS"}},
{"type":"Feature","geometry":{"type":"Point","coordinates":[35.501785176691556,33.88128019545905]},"properties":{"fid":1568,"OBJECTID":709,"ID":null,"Pcode":null,"Governorat":null,"District":null,"Cadaster":null,"HC_name":null,"MOPH":null,"Accessible":null,"Accreditat":null,"Update_Inf":" ","Thumb_url":null,"Guarantors":null,"Center_typ":null,"Malnu_Scre":null,"Malnu_Mng":null,"Malnu_fees":null,"Longitude":35.5017851767,"Latitude":33.8812801955,"HAB_Code":null,"Catch_Area":null,"Consul_fee":null,"Immuni_fee":null,"ACS_Code":"10310","Interview":null,"GlobalID":"353326fe-26a1-4ece-ad00-8ae1f81bd992","CreationDate":"2020-05-19T18:28:57.421","Creator":"alisaad@unhabitat","EditDate":"2020-05-19T18:28:57.421","Editor":"alisaad@unhabitat","Mohafaza":"Beirut","Caza":"Beirut","ACS_NAME":"Mazraa foncière","HABITAT_Co":null,"Data_year":null,"Name_of_th":" ","Facility_t":" ","Physical_c":" ","Total_regi":" ","No__of_shi":" ","AM_shift":" ","PM_shift":" ","Over_capac":" ","Dropouts":" ","CERD":17,"School_Nam":"For Girls Second Public School","CAD_CODE":"10009","secondshif":"TRUE","Interviewe":"No","SDC_Name":null,"KADA_NA":null,"MOH_NA1":null,"OBJECTID_1":null,"Name":null,"Beds":null,"Beds_Habit":null,"Gateway_T":null,"Type_Code":null,"layer":"UNH_PS","path":"C:/Users/guest1/Documents/WORKING_WEB_4/WORKING_WEB.gpkg|layername=UNH_PS"}},
{"type":"Feature","geometry":{"type":"Point","coordinates":[35.50624324519139,33.87767227338642]},"properties":{"fid":1569,"OBJECTID":710,"ID":null,"Pcode":null,"Governorat":null,"District":null,"Cadaster":null,"HC_name":null,"MOPH":null,"Accessible":null,"Accreditat":null,"Update_Inf":" ","Thumb_url":null,"Guarantors":null,"Center_typ":null,"Malnu_Scre":null,"Malnu_Mng":null,"Malnu_fees":null,"Longitude":35.5061154917,"Latitude":33.8772419958,"HAB_Code":null,"Catch_Area":null,"Consul_fee":null,"Immuni_fee":null,"ACS_Code":"10310","Interview":null,"GlobalID":"af2af94b-6541-4858-bc2c-c47be0de180a","CreationDate":"2020-05-19T18:28:57.421","Creator":"alisaad@unhabitat","EditDate":"2020-05-19T18:28:57.421","Editor":"alisaad@unhabitat","Mohafaza":"Beirut","Caza":"Beirut","ACS_NAME":"Mazraa foncière","HABITAT_Co":null,"Data_year":null,"Name_of_th":" ","Facility_t":" ","Physical_c":" ","Total_regi":" ","No__of_shi":" ","AM_shift":" ","PM_shift":" ","Over_capac":" ","Dropouts":" ","CERD":20,"School_Nam":"Burj Abi Haidar Mixed Public Kindergarten","CAD_CODE":"10009","secondshif":"FALSE","Interviewe":"No","SDC_Name":null,"KADA_NA":null,"MOH_NA1":null,"OBJECTID_1":null,"Name":null,"Beds":null,"Beds_Habit":null,"Gateway_T":null,"Type_Code":null,"layer":"UNH_PS","path":"C:/Users/guest1/Documents/WORKING_WEB_4/WORKING_WEB.gpkg|layername=UNH_PS"}},
{"type":"Feature","geometry":{"type":"Point","coordinates":[35.50218509269154,33.88308015096941]},"properties":{"fid":1570,"OBJECTID":711,"ID":null,"Pcode":null,"Governorat":null,"District":null,"Cadaster":null,"HC_name":null,"MOPH":null,"Accessible":null,"Accreditat":null,"Update_Inf":"2019","Thumb_url":null,"Guarantors":null,"Center_typ":null,"Malnu_Scre":null,"Malnu_Mng":null,"Malnu_fees":null,"Longitude":35.5021850927,"Latitude":33.883080151,"HAB_Code":null,"Catch_Area":null,"Consul_fee":null,"Immuni_fee":null,"ACS_Code":"10310","Interview":null,"GlobalID":"38e39864-9e5c-44c4-b6a4-770a84cf99b2","CreationDate":"2020-05-19T18:28:57.421","Creator":"alisaad@unhabitat","EditDate":"2020-06-05T15:45:15.802","Editor":"alisaad@unhabitat","Mohafaza":"Beirut","Caza":"Beirut","ACS_NAME":"Mazraa foncière","HABITAT_Co":null,"Data_year":null,"Name_of_th":"Fakhreddine El Maani Secondary Public School for Girls","Facility_t":"Intermediate and Secondary","Physical_c":"1000","Total_regi":"359","No__of_shi":"1","AM_shift":"359","PM_shift":" ","Over_capac":"No","Dropouts":" ","CERD":24,"School_Nam":"Fakhereddine El-Maani Secondary Public School for Girls","CAD_CODE":"10009","secondshif":"FALSE","Interviewe":"Yes","SDC_Name":null,"KADA_NA":null,"MOH_NA1":null,"OBJECTID_1":null,"Name":null,"Beds":null,"Beds_Habit":null,"Gateway_T":null,"Type_Code":null,"layer":"UNH_PS","path":"C:/Users/guest1/Documents/WORKING_WEB_4/WORKING_WEB.gpkg|layername=UNH_PS"}},
{"type":"Feature","geometry":{"type":"Point","coordinates":[35.50258517069159,33.8819801724353]},"properties":{"fid":1571,"OBJECTID":712,"ID":null,"Pcode":null,"Governorat":null,"District":null,"Cadaster":null,"HC_name":null,"MOPH":null,"Accessible":null,"Accreditat":null,"Update_Inf":" ","Thumb_url":null,"Guarantors":null,"Center_typ":null,"Malnu_Scre":null,"Malnu_Mng":null,"Malnu_fees":null,"Longitude":35.5025851707,"Latitude":33.8819801724,"HAB_Code":null,"Catch_Area":null,"Consul_fee":null,"Immuni_fee":null,"ACS_Code":"10310","Interview":null,"GlobalID":"dee21ddb-d6df-47eb-b0e1-20efbde96231","CreationDate":"2020-05-19T18:28:57.421","Creator":"alisaad@unhabitat","EditDate":"2020-05-19T18:28:57.421","Editor":"alisaad@unhabitat","Mohafaza":"Beirut","Caza":"Beirut","ACS_NAME":"Mazraa foncière","HABITAT_Co":null,"Data_year":null,"Name_of_th":" ","Facility_t":" ","Physical_c":" ","Total_regi":" ","No__of_shi":" ","AM_shift":" ","PM_shift":" ","Over_capac":" ","Dropouts":" ","CERD":25,"School_Nam":"King Saoud Girls Intermediate","CAD_CODE":"10009","secondshif":"FALSE","Interviewe":"No","SDC_Name":null,"KADA_NA":null,"MOH_NA1":null,"OBJECTID_1":null,"Name":null,"Beds":null,"Beds_Habit":null,"Gateway_T":null,"Type_Code":null,"layer":"UNH_PS","path":"C:/Users/guest1/Documents/WORKING_WEB_4/WORKING_WEB.gpkg|layername=UNH_PS"}},
{"type":"Feature","geometry":{"type":"Point","coordinates":[35.524555682691584,33.870238972062644]},"properties":{"fid":1572,"OBJECTID":713,"ID":null,"Pcode":null,"Governorat":null,"District":null,"Cadaster":null,"HC_name":null,"MOPH":null,"Accessible":null,"Accreditat":null,"Update_Inf":" ","Thumb_url":null,"Guarantors":null,"Center_typ":null,"Malnu_Scre":null,"Malnu_Mng":null,"Malnu_fees":null,"Longitude":35.5245556827,"Latitude":33.8702389721,"HAB_Code":null,"Catch_Area":null,"Consul_fee":null,"Immuni_fee":null,"ACS_Code":"21133","Interview":null,"GlobalID":"87e4204e-e84f-478d-ba70-98a1bdd70c72","CreationDate":"2020-05-19T18:28:57.421","Creator":"alisaad@unhabitat","EditDate":"2020-05-19T18:28:57.421","Editor":"alisaad@unhabitat","Mohafaza":"Mount Lebanon","Caza":"Baabda","ACS_NAME":"Furn Ech-Chebbak","HABITAT_Co":null,"Data_year":null,"Name_of_th":" ","Facility_t":" ","Physical_c":" ","Total_regi":" ","No__of_shi":" ","AM_shift":" ","PM_shift":" ","Over_capac":" ","Dropouts":" ","CERD":1556,"School_Nam":"Furn El Shebbak Third Mixed Public School","CAD_CODE":"21003","secondshif":"FALSE","Interviewe":"No","SDC_Name":null,"KADA_NA":null,"MOH_NA1":null,"OBJECTID_1":null,"Name":null,"Beds":null,"Beds_Habit":null,"Gateway_T":null,"Type_Code":null,"layer":"UNH_PS","path":"C:/Users/guest1/Documents/WORKING_WEB_4/WORKING_WEB.gpkg|layername=UNH_PS"}},
{"type":"Feature","geometry":{"type":"Point","coordinates":[35.52705915969159,33.87199822651555]},"properties":{"fid":1573,"OBJECTID":714,"ID":null,"Pcode":null,"Governorat":null,"District":null,"Cadaster":null,"HC_name":null,"MOPH":null,"Accessible":null,"Accreditat":null,"Update_Inf":" ","Thumb_url":null,"Guarantors":null,"Center_typ":null,"Malnu_Scre":null,"Malnu_Mng":null,"Malnu_fees":null,"Longitude":35.5270591597,"Latitude":33.8719982265,"HAB_Code":null,"Catch_Area":null,"Consul_fee":null,"Immuni_fee":null,"ACS_Code":"21133","Interview":null,"GlobalID":"f024c239-da0a-41a0-b738-b921e5dc1370","CreationDate":"2020-05-19T18:28:57.421","Creator":"alisaad@unhabitat","EditDate":"2020-05-19T18:28:57.421","Editor":"alisaad@unhabitat","Mohafaza":"Mount Lebanon","Caza":"Baabda","ACS_NAME":"Furn Ech-Chebbak","HABITAT_Co":null,"Data_year":null,"Name_of_th":" ","Facility_t":" ","Physical_c":" ","Total_regi":" ","No__of_shi":" ","AM_shift":" ","PM_shift":" ","Over_capac":" ","Dropouts":" ","CERD":70,"School_Nam":"Furn El Shebbak Intermediate Public School for Girls","CAD_CODE":"21003","secondshif":"FALSE","Interviewe":"No","SDC_Name":null,"KADA_NA":null,"MOH_NA1":null,"OBJECTID_1":null,"Name":null,"Beds":null,"Beds_Habit":null,"Gateway_T":null,"Type_Code":null,"layer":"UNH_PS","path":"C:/Users/guest1/Documents/WORKING_WEB_4/WORKING_WEB.gpkg|layername=UNH_PS"}},
{"type":"Feature","geometry":{"type":"Point","coordinates":[35.524315658691535,33.87177524320461]},"properties":{"fid":1574,"OBJECTID":715,"ID":null,"Pcode":null,"Governorat":null,"District":null,"Cadaster":null,"HC_name":null,"MOPH":null,"Accessible":null,"Accreditat":null,"Update_Inf":" ","Thumb_url":null,"Guarantors":null,"Center_typ":null,"Malnu_Scre":null,"Malnu_Mng":null,"Malnu_fees":null,"Longitude":35.5243156587,"Latitude":33.8717752432,"HAB_Code":null,"Catch_Area":null,"Consul_fee":null,"Immuni_fee":null,"ACS_Code":"21133","Interview":null,"GlobalID":"ee5fabc4-3371-4391-9680-466e21ed2b87","CreationDate":"2020-05-19T18:28:57.421","Creator":"alisaad@unhabitat","EditDate":"2020-05-19T18:28:57.421","Editor":"alisaad@unhabitat","Mohafaza":"Mount Lebanon","Caza":"Baabda","ACS_NAME":"Furn Ech-Chebbak","HABITAT_Co":null,"Data_year":null,"Name_of_th":" ","Facility_t":" ","Physical_c":" ","Total_regi":" ","No__of_shi":" ","AM_shift":" ","PM_shift":" ","Over_capac":" ","Dropouts":" ","CERD":71,"School_Nam":"Furn El Shebbak Mixed Intermediate Public School","CAD_CODE":"21003","secondshif":"FALSE","Interviewe":"No","SDC_Name":null,"KADA_NA":null,"MOH_NA1":null,"OBJECTID_1":null,"Name":null,"Beds":null,"Beds_Habit":null,"Gateway_T":null,"Type_Code":null,"layer":"UNH_PS","path":"C:/Users/guest1/Documents/WORKING_WEB_4/WORKING_WEB.gpkg|layername=UNH_PS"}},
{"type":"Feature","geometry":{"type":"Point","coordinates":[35.52408514769156,33.866806144276694]},"properties":{"fid":1575,"OBJECTID":716,"ID":null,"Pcode":null,"Governorat":null,"District":null,"Cadaster":null,"HC_name":null,"MOPH":null,"Accessible":null,"Accreditat":null,"Update_Inf":" ","Thumb_url":null,"Guarantors":null,"Center_typ":null,"Malnu_Scre":null,"Malnu_Mng":null,"Malnu_fees":null,"Longitude":35.5240851477,"Latitude":33.8668061443,"HAB_Code":null,"Catch_Area":null,"Consul_fee":null,"Immuni_fee":null,"ACS_Code":"21133","Interview":null,"GlobalID":"df243413-7b53-41ea-913d-338bb5b13f9f","CreationDate":"2020-05-19T18:28:57.421","Creator":"alisaad@unhabitat","EditDate":"2020-05-19T18:28:57.421","Editor":"alisaad@unhabitat","Mohafaza":"Mount Lebanon","Caza":"Baabda","ACS_NAME":"Furn Ech-Chebbak","HABITAT_Co":null,"Data_year":null,"Name_of_th":" ","Facility_t":" ","Physical_c":" ","Total_regi":" ","No__of_shi":" ","AM_shift":" ","PM_shift":" ","Over_capac":" ","Dropouts":" ","CERD":73,"School_Nam":"El Shyah Second Mixed ( English)","CAD_CODE":"21003","secondshif":"TRUE","Interviewe":"No","SDC_Name":null,"KADA_NA":null,"MOH_NA1":null,"OBJECTID_1":null,"Name":null,"Beds":null,"Beds_Habit":null,"Gateway_T":null,"Type_Code":null,"layer":"UNH_PS","path":"C:/Users/guest1/Documents/WORKING_WEB_4/WORKING_WEB.gpkg|layername=UNH_PS"}},
{"type":"Feature","geometry":{"type":"Point","coordinates":[35.49307009269154,33.86762312941567]},"properties":{"fid":1577,"OBJECTID":718,"ID":null,"Pcode":null,"Governorat":null,"District":null,"Cadaster":null,"HC_name":null,"MOPH":null,"Accessible":null,"Accreditat":null,"Update_Inf":"2019","Thumb_url":null,"Guarantors":null,"Center_typ":null,"Malnu_Scre":null,"Malnu_Mng":null,"Malnu_fees":null,"Longitude":35.4930700927,"Latitude":33.8676231294,"HAB_Code":null,"Catch_Area":null,"Consul_fee":null,"Immuni_fee":null,"ACS_Code":"21111","Interview":null,"GlobalID":"7914c07f-d995-4cc1-ae34-751b5a101ace","CreationDate":"2020-05-19T18:28:57.421","Creator":"alisaad@unhabitat","EditDate":"2020-05-28T16:25:20.373","Editor":"alisaad@unhabitat","Mohafaza":"Mount Lebanon","Caza":"Baabda","ACS_NAME":"Chiyah","HABITAT_Co":null,"Data_year":null,"Name_of_th":"Dr. Sobhi Saleh Public School ","Facility_t":"Primary and intermediate","Physical_c":"500","Total_regi":"500","No__of_shi":"1","AM_shift":"350 Leb, 50 Syr, 100 Other","PM_shift":"NA","Over_capac":"No","Dropouts":"Rare","CERD":1529,"School_Nam":"Dr. Sobhi Saleh Public School ","CAD_CODE":"21007","secondshif":"FALSE","Interviewe":"Yes","SDC_Name":null,"KADA_NA":null,"MOH_NA1":null,"OBJECTID_1":null,"Name":null,"Beds":null,"Beds_Habit":null,"Gateway_T":null,"Type_Code":null,"layer":"UNH_PS","path":"C:/Users/guest1/Documents/WORKING_WEB_4/WORKING_WEB.gpkg|layername=UNH_PS"}},
{"type":"Feature","geometry":{"type":"Point","coordinates":[35.525485176691575,33.85648013688285]},"properties":{"fid":1578,"OBJECTID":719,"ID":null,"Pcode":null,"Governorat":null,"District":null,"Cadaster":null,"HC_name":null,"MOPH":null,"Accessible":null,"Accreditat":null,"Update_Inf":" ","Thumb_url":null,"Guarantors":null,"Center_typ":null,"Malnu_Scre":null,"Malnu_Mng":null,"Malnu_fees":null,"Longitude":35.5254851767,"Latitude":33.8564801369,"HAB_Code":null,"Catch_Area":null,"Consul_fee":null,"Immuni_fee":null,"ACS_Code":"21111","Interview":null,"GlobalID":"dbded453-2bcb-49d9-a70f-a68cd8c50324","CreationDate":"2020-05-19T18:28:57.421","Creator":"alisaad@unhabitat","EditDate":"2020-05-19T18:28:57.421","Editor":"alisaad@unhabitat","Mohafaza":"Mount Lebanon","Caza":"Baabda","ACS_NAME":"Chiyah","HABITAT_Co":null,"Data_year":null,"Name_of_th":" ","Facility_t":" ","Physical_c":" ","Total_regi":" ","No__of_shi":" ","AM_shift":" ","PM_shift":" ","Over_capac":" ","Dropouts":" ","CERD":1535,"School_Nam":"Al Shiyah First Mixed Public School","CAD_CODE":"21007","secondshif":"FALSE","Interviewe":"No","SDC_Name":null,"KADA_NA":null,"MOH_NA1":null,"OBJECTID_1":null,"Name":null,"Beds":null,"Beds_Habit":null,"Gateway_T":null,"Type_Code":null,"layer":"UNH_PS","path":"C:/Users/guest1/Documents/WORKING_WEB_4/WORKING_WEB.gpkg|layername=UNH_PS"}},
{"type":"Feature","geometry":{"type":"Point","coordinates":[35.505285092691565,33.86198012154901]},"properties":{"fid":1579,"OBJECTID":720,"ID":null,"Pcode":null,"Governorat":null,"District":null,"Cadaster":null,"HC_name":null,"MOPH":null,"Accessible":null,"Accreditat":null,"Update_Inf":" ","Thumb_url":null,"Guarantors":null,"Center_typ":null,"Malnu_Scre":null,"Malnu_Mng":null,"Malnu_fees":null,"Longitude":35.5052850927,"Latitude":33.8619801215,"HAB_Code":null,"Catch_Area":null,"Consul_fee":null,"Immuni_fee":null,"ACS_Code":"21111","Interview":null,"GlobalID":"e357f529-e488-4d3b-bb16-51a41f64c464","CreationDate":"2020-05-19T18:28:57.421","Creator":"alisaad@unhabitat","EditDate":"2020-05-19T18:28:57.421","Editor":"alisaad@unhabitat","Mohafaza":"Mount Lebanon","Caza":"Baabda","ACS_NAME":"Chiyah","HABITAT_Co":null,"Data_year":null,"Name_of_th":" ","Facility_t":" ","Physical_c":" ","Total_regi":" ","No__of_shi":" ","AM_shift":" ","PM_shift":" ","Over_capac":" ","Dropouts":" ","CERD":1536,"School_Nam":"Ghubairi Second Secondary Public School for Girls","CAD_CODE":"21007","secondshif":"FALSE","Interviewe":"No","SDC_Name":null,"KADA_NA":null,"MOH_NA1":null,"OBJECTID_1":null,"Name":null,"Beds":null,"Beds_Habit":null,"Gateway_T":null,"Type_Code":null,"layer":"UNH_PS","path":"C:/Users/guest1/Documents/WORKING_WEB_4/WORKING_WEB.gpkg|layername=UNH_PS"}},
{"type":"Feature","geometry":{"type":"Point","coordinates":[35.52688509269154,33.86058011959752]},"properties":{"fid":1580,"OBJECTID":721,"ID":null,"Pcode":null,"Governorat":null,"District":null,"Cadaster":null,"HC_name":null,"MOPH":null,"Accessible":null,"Accreditat":null,"Update_Inf":" ","Thumb_url":null,"Guarantors":null,"Center_typ":null,"Malnu_Scre":null,"Malnu_Mng":null,"Malnu_fees":null,"Longitude":35.5268850927,"Latitude":33.8605801196,"HAB_Code":null,"Catch_Area":null,"Consul_fee":null,"Immuni_fee":null,"ACS_Code":"21111","Interview":null,"GlobalID":"fb986a21-1216-4a79-b3a0-573700117af7","CreationDate":"2020-05-19T18:28:57.421","Creator":"alisaad@unhabitat","EditDate":"2020-05-19T18:28:57.421","Editor":"alisaad@unhabitat","Mohafaza":"Mount Lebanon","Caza":"Baabda","ACS_NAME":"Chiyah","HABITAT_Co":null,"Data_year":null,"Name_of_th":" ","Facility_t":" ","Physical_c":" ","Total_regi":" ","No__of_shi":" ","AM_shift":" ","PM_shift":" ","Over_capac":" ","Dropouts":" ","CERD":74,"School_Nam":"Furn El Shebbak for Girls Secondary Public School","CAD_CODE":"21007","secondshif":"FALSE","Interviewe":"No","SDC_Name":null,"KADA_NA":null,"MOH_NA1":null,"OBJECTID_1":null,"Name":null,"Beds":null,"Beds_Habit":null,"Gateway_T":null,"Type_Code":null,"layer":"UNH_PS","path":"C:/Users/guest1/Documents/WORKING_WEB_4/WORKING_WEB.gpkg|layername=UNH_PS"}},
{"type":"Feature","geometry":{"type":"Point","coordinates":[35.52228516669158,33.86358015177945]},"properties":{"fid":1581,"OBJECTID":722,"ID":null,"Pcode":null,"Governorat":null,"District":null,"Cadaster":null,"HC_name":null,"MOPH":null,"Accessible":null,"Accreditat":null,"Update_Inf":" ","Thumb_url":null,"Guarantors":null,"Center_typ":null,"Malnu_Scre":null,"Malnu_Mng":null,"Malnu_fees":null,"Longitude":35.5222851667,"Latitude":33.8635801518,"HAB_Code":null,"Catch_Area":null,"Consul_fee":null,"Immuni_fee":null,"ACS_Code":"21111","Interview":null,"GlobalID":"f80eef04-c9d7-4dea-b46a-065d310e3eda","CreationDate":"2020-05-19T18:28:57.421","Creator":"alisaad@unhabitat","EditDate":"2020-05-19T18:28:57.421","Editor":"alisaad@unhabitat","Mohafaza":"Mount Lebanon","Caza":"Baabda","ACS_NAME":"Chiyah","HABITAT_Co":null,"Data_year":null,"Name_of_th":" ","Facility_t":" ","Physical_c":" ","Total_regi":" ","No__of_shi":" ","AM_shift":" ","PM_shift":" ","Over_capac":" ","Dropouts":" ","CERD":75,"School_Nam":"El Shyah Second for Girls Intermediate Public School","CAD_CODE":"21007","secondshif":"FALSE","Interviewe":"No","SDC_Name":null,"KADA_NA":null,"MOH_NA1":null,"OBJECTID_1":null,"Name":null,"Beds":null,"Beds_Habit":null,"Gateway_T":null,"Type_Code":null,"layer":"UNH_PS","path":"C:/Users/guest1/Documents/WORKING_WEB_4/WORKING_WEB.gpkg|layername=UNH_PS"}},
{"type":"Feature","geometry":{"type":"Point","coordinates":[35.52318509269156,33.86418012461581]},"properties":{"fid":1582,"OBJECTID":723,"ID":null,"Pcode":null,"Governorat":null,"District":null,"Cadaster":null,"HC_name":null,"MOPH":null,"Accessible":null,"Accreditat":null,"Update_Inf":" ","Thumb_url":null,"Guarantors":null,"Center_typ":null,"Malnu_Scre":null,"Malnu_Mng":null,"Malnu_fees":null,"Longitude":35.5231850927,"Latitude":33.8641801246,"HAB_Code":null,"Catch_Area":null,"Consul_fee":null,"Immuni_fee":null,"ACS_Code":"21111","Interview":null,"GlobalID":"91e17a96-f7eb-4d36-96fc-d53defa706c0","CreationDate":"2020-05-19T18:28:57.421","Creator":"alisaad@unhabitat","EditDate":"2020-05-19T18:28:57.421","Editor":"alisaad@unhabitat","Mohafaza":"Mount Lebanon","Caza":"Baabda","ACS_NAME":"Chiyah","HABITAT_Co":null,"Data_year":null,"Name_of_th":" ","Facility_t":" ","Physical_c":" ","Total_regi":" ","No__of_shi":" ","AM_shift":" ","PM_shift":" ","Over_capac":" ","Dropouts":" ","CERD":76,"School_Nam":"El Shyah for Boys Secondary Public School","CAD_CODE":"21007","secondshif":"FALSE","Interviewe":"No","SDC_Name":null,"KADA_NA":null,"MOH_NA1":null,"OBJECTID_1":null,"Name":null,"Beds":null,"Beds_Habit":null,"Gateway_T":null,"Type_Code":null,"layer":"UNH_PS","path":"C:/Users/guest1/Documents/WORKING_WEB_4/WORKING_WEB.gpkg|layername=UNH_PS"}},
{"type":"Feature","geometry":{"type":"Point","coordinates":[35.51004051469159,33.862396987130126]},"properties":{"fid":1583,"OBJECTID":724,"ID":null,"Pcode":null,"Governorat":null,"District":null,"Cadaster":null,"HC_name":null,"MOPH":null,"Accessible":null,"Accreditat":null,"Update_Inf":" ","Thumb_url":null,"Guarantors":null,"Center_typ":null,"Malnu_Scre":null,"Malnu_Mng":null,"Malnu_fees":null,"Longitude":35.5100405147,"Latitude":33.8623969871,"HAB_Code":null,"Catch_Area":null,"Consul_fee":null,"Immuni_fee":null,"ACS_Code":"21111","Interview":null,"GlobalID":"7e993b95-3536-45b9-921a-2ee991a85959","CreationDate":"2020-05-19T18:28:57.421","Creator":"alisaad@unhabitat","EditDate":"2020-05-19T18:28:57.421","Editor":"alisaad@unhabitat","Mohafaza":"Mount Lebanon","Caza":"Baabda","ACS_NAME":"Chiyah","HABITAT_Co":null,"Data_year":null,"Name_of_th":" ","Facility_t":" ","Physical_c":" ","Total_regi":" ","No__of_shi":" ","AM_shift":" ","PM_shift":" ","Over_capac":" ","Dropouts":" ","CERD":78,"School_Nam":"Ghubairi First Secondary Public School for Girls- a.m.","CAD_CODE":"21007","secondshif":"FALSE","Interviewe":"No","SDC_Name":null,"KADA_NA":null,"MOH_NA1":null,"OBJECTID_1":null,"Name":null,"Beds":null,"Beds_Habit":null,"Gateway_T":null,"Type_Code":null,"layer":"UNH_PS","path":"C:/Users/guest1/Documents/WORKING_WEB_4/WORKING_WEB.gpkg|layername=UNH_PS"}},
{"type":"Feature","geometry":{"type":"Point","coordinates":[35.51108513069159,33.86428018575532]},"properties":{"fid":1584,"OBJECTID":725,"ID":null,"Pcode":null,"Governorat":null,"District":null,"Cadaster":null,"HC_name":null,"MOPH":null,"Accessible":null,"Accreditat":null,"Update_Inf":" ","Thumb_url":null,"Guarantors":null,"Center_typ":null,"Malnu_Scre":null,"Malnu_Mng":null,"Malnu_fees":null,"Longitude":35.5110851307,"Latitude":33.8642801858,"HAB_Code":null,"Catch_Area":null,"Consul_fee":null,"Immuni_fee":null,"ACS_Code":"21111","Interview":null,"GlobalID":"90e97f02-4b1c-4145-9c12-c454e387611e","CreationDate":"2020-05-19T18:28:57.421","Creator":"alisaad@unhabitat","EditDate":"2020-05-19T18:28:57.421","Editor":"alisaad@unhabitat","Mohafaza":"Mount Lebanon","Caza":"Baabda","ACS_NAME":"Chiyah","HABITAT_Co":null,"Data_year":null,"Name_of_th":" ","Facility_t":" ","Physical_c":" ","Total_regi":" ","No__of_shi":" ","AM_shift":" ","PM_shift":" ","Over_capac":" ","Dropouts":" ","CERD":79,"School_Nam":"Ghubairi First Mixed Elementary Public School","CAD_CODE":"21007","secondshif":"FALSE","Interviewe":"No","SDC_Name":null,"KADA_NA":null,"MOH_NA1":null,"OBJECTID_1":null,"Name":null,"Beds":null,"Beds_Habit":null,"Gateway_T":null,"Type_Code":null,"layer":"UNH_PS","path":"C:/Users/guest1/Documents/WORKING_WEB_4/WORKING_WEB.gpkg|layername=UNH_PS"}},
{"type":"Feature","geometry":{"type":"Point","coordinates":[35.514485138691555,33.862080139688445]},"properties":{"fid":1585,"OBJECTID":726,"ID":null,"Pcode":null,"Governorat":null,"District":null,"Cadaster":null,"HC_name":null,"MOPH":null,"Accessible":null,"Accreditat":null,"Update_Inf":" ","Thumb_url":null,"Guarantors":null,"Center_typ":null,"Malnu_Scre":null,"Malnu_Mng":null,"Malnu_fees":null,"Longitude":35.5144851387,"Latitude":33.8620801397,"HAB_Code":null,"Catch_Area":null,"Consul_fee":null,"Immuni_fee":null,"ACS_Code":"21111","Interview":null,"GlobalID":"bef00f65-d0f6-4cb6-8400-5a78aaed08b3","CreationDate":"2020-05-19T18:28:57.421","Creator":"alisaad@unhabitat","EditDate":"2020-05-19T18:28:57.421","Editor":"alisaad@unhabitat","Mohafaza":"Mount Lebanon","Caza":"Baabda","ACS_NAME":"Chiyah","HABITAT_Co":null,"Data_year":null,"Name_of_th":" ","Facility_t":" ","Physical_c":" ","Total_regi":" ","No__of_shi":" ","AM_shift":" ","PM_shift":" ","Over_capac":" ","Dropouts":" ","CERD":82,"School_Nam":"El Ghubairi Second Mixed Public School","CAD_CODE":"21007","secondshif":"FALSE","Interviewe":"No","SDC_Name":null,"KADA_NA":null,"MOH_NA1":null,"OBJECTID_1":null,"Name":null,"Beds":null,"Beds_Habit":null,"Gateway_T":null,"Type_Code":null,"layer":"UNH_PS","path":"C:/Users/guest1/Documents/WORKING_WEB_4/WORKING_WEB.gpkg|layername=UNH_PS"}},
{"type":"Feature","geometry":{"type":"Point","coordinates":[35.51498518569156,33.864620174229266]},"properties":{"fid":1586,"OBJECTID":727,"ID":null,"Pcode":null,"Governorat":null,"District":null,"Cadaster":null,"HC_name":null,"MOPH":null,"Accessible":null,"Accreditat":null,"Update_Inf":" ","Thumb_url":null,"Guarantors":null,"Center_typ":null,"Malnu_Scre":null,"Malnu_Mng":null,"Malnu_fees":null,"Longitude":35.5149851857,"Latitude":33.8646201742,"HAB_Code":null,"Catch_Area":null,"Consul_fee":null,"Immuni_fee":null,"ACS_Code":"21111","Interview":null,"GlobalID":"45c5b685-f353-4691-8a81-8a6b332df480","CreationDate":"2020-05-19T18:28:57.421","Creator":"alisaad@unhabitat","EditDate":"2020-05-19T18:28:57.421","Editor":"alisaad@unhabitat","Mohafaza":"Mount Lebanon","Caza":"Baabda","ACS_NAME":"Chiyah","HABITAT_Co":null,"Data_year":null,"Name_of_th":" ","Facility_t":" ","Physical_c":" ","Total_regi":" ","No__of_shi":" ","AM_shift":" ","PM_shift":" ","Over_capac":" ","Dropouts":" ","CERD":88,"School_Nam":"Ghubairi Public Kindergarten","CAD_CODE":"21007","secondshif":"FALSE","Interviewe":"No","SDC_Name":null,"KADA_NA":null,"MOH_NA1":null,"OBJECTID_1":null,"Name":null,"Beds":null,"Beds_Habit":null,"Gateway_T":null,"Type_Code":null,"layer":"UNH_PS","path":"C:/Users/guest1/Documents/WORKING_WEB_4/WORKING_WEB.gpkg|layername=UNH_PS"}},
{"type":"Feature","geometry":{"type":"Point","coordinates":[35.51618518769158,33.86658021696169]},"properties":{"fid":1587,"OBJECTID":728,"ID":null,"Pcode":null,"Governorat":null,"District":null,"Cadaster":null,"HC_name":null,"MOPH":null,"Accessible":null,"Accreditat":null,"Update_Inf":" ","Thumb_url":null,"Guarantors":null,"Center_typ":null,"Malnu_Scre":null,"Malnu_Mng":null,"Malnu_fees":null,"Longitude":35.5161851877,"Latitude":33.866580217,"HAB_Code":null,"Catch_Area":null,"Consul_fee":null,"Immuni_fee":null,"ACS_Code":"21111","Interview":null,"GlobalID":"c72fd4f3-a7cf-4180-8feb-12dab0ab4aac","CreationDate":"2020-05-19T18:28:57.421","Creator":"alisaad@unhabitat","EditDate":"2020-05-19T18:28:57.421","Editor":"alisaad@unhabitat","Mohafaza":"Mount Lebanon","Caza":"Baabda","ACS_NAME":"Chiyah","HABITAT_Co":null,"Data_year":null,"Name_of_th":" ","Facility_t":" ","Physical_c":" ","Total_regi":" ","No__of_shi":" ","AM_shift":" ","PM_shift":" ","Over_capac":" ","Dropouts":" ","CERD":90,"School_Nam":"As Shahid Abdul Karim Al Khalil Intermediate Public School English section- p.m.","CAD_CODE":"21007","secondshif":"TRUE","Interviewe":"No","SDC_Name":null,"KADA_NA":null,"MOH_NA1":null,"OBJECTID_1":null,"Name":null,"Beds":null,"Beds_Habit":null,"Gateway_T":null,"Type_Code":null,"layer":"UNH_PS","path":"C:/Users/guest1/Documents/WORKING_WEB_4/WORKING_WEB.gpkg|layername=UNH_PS"}},
{"type":"Feature","geometry":{"type":"Point","coordinates":[35.48908515269159,33.86148015285211]},"properties":{"fid":1588,"OBJECTID":729,"ID":null,"Pcode":null,"Governorat":null,"District":null,"Cadaster":null,"HC_name":null,"MOPH":null,"Accessible":null,"Accreditat":null,"Update_Inf":" ","Thumb_url":null,"Guarantors":null,"Center_typ":null,"Malnu_Scre":null,"Malnu_Mng":null,"Malnu_fees":null,"Longitude":35.4890851527,"Latitude":33.8614801529,"HAB_Code":null,"Catch_Area":null,"Consul_fee":null,"Immuni_fee":null,"ACS_Code":"21111","Interview":null,"GlobalID":"fbbbed00-c9b3-47cf-8b42-5310bf06aa28","CreationDate":"2020-05-19T18:28:57.421","Creator":"alisaad@unhabitat","EditDate":"2020-05-19T18:28:57.421","Editor":"alisaad@unhabitat","Mohafaza":"Mount Lebanon","Caza":"Baabda","ACS_NAME":"Chiyah","HABITAT_Co":null,"Data_year":null,"Name_of_th":" ","Facility_t":" ","Physical_c":" ","Total_regi":" ","No__of_shi":" ","AM_shift":" ","PM_shift":" ","Over_capac":" ","Dropouts":" ","CERD":91,"School_Nam":"Al Jnah Mixed Public School","CAD_CODE":"21007","secondshif":"TRUE","Interviewe":"No","SDC_Name":null,"KADA_NA":null,"MOH_NA1":null,"OBJECTID_1":null,"Name":null,"Beds":null,"Beds_Habit":null,"Gateway_T":null,"Type_Code":null,"layer":"UNH_PS","path":"C:/Users/guest1/Documents/WORKING_WEB_4/WORKING_WEB.gpkg|layername=UNH_PS"}},
{"type":"Feature","geometry":{"type":"Point","coordinates":[35.605493093691564,33.86478312745641]},"properties":{"fid":1590,"OBJECTID":731,"ID":null,"Pcode":null,"Governorat":null,"District":null,"Cadaster":null,"HC_name":null,"MOPH":null,"Accessible":null,"Accreditat":null,"Update_Inf":" ","Thumb_url":null,"Guarantors":null,"Center_typ":null,"Malnu_Scre":null,"Malnu_Mng":null,"Malnu_fees":null,"Longitude":35.6054930937,"Latitude":33.8647831275,"HAB_Code":null,"Catch_Area":null,"Consul_fee":null,"Immuni_fee":null,"ACS_Code":"22667","Interview":null,"GlobalID":"d8c81199-9775-45dc-84cf-4b9c6ee6e84d","CreationDate":"2020-05-19T18:28:57.421","Creator":"alisaad@unhabitat","EditDate":"2020-05-19T18:28:57.421","Editor":"alisaad@unhabitat","Mohafaza":"Mount Lebanon","Caza":"El Meten","ACS_NAME":"Beit Meri","HABITAT_Co":null,"Data_year":null,"Name_of_th":" ","Facility_t":" ","Physical_c":" ","Total_regi":" ","No__of_shi":" ","AM_shift":" ","PM_shift":" ","Over_capac":" ","Dropouts":" ","CERD":101,"School_Nam":"Beit Meiri Secondary","CAD_CODE":"22044","secondshif":"FALSE","Interviewe":"No","SDC_Name":null,"KADA_NA":null,"MOH_NA1":null,"OBJECTID_1":null,"Name":null,"Beds":null,"Beds_Habit":null,"Gateway_T":null,"Type_Code":null,"layer":"UNH_PS","path":"C:/Users/guest1/Documents/WORKING_WEB_4/WORKING_WEB.gpkg|layername=UNH_PS"}},
{"type":"Feature","geometry":{"type":"Point","coordinates":[35.60538516569159,33.864880143591634]},"properties":{"fid":1591,"OBJECTID":732,"ID":null,"Pcode":null,"Governorat":null,"District":null,"Cadaster":null,"HC_name":null,"MOPH":null,"Accessible":null,"Accreditat":null,"Update_Inf":" ","Thumb_url":null,"Guarantors":null,"Center_typ":null,"Malnu_Scre":null,"Malnu_Mng":null,"Malnu_fees":null,"Longitude":35.6053851657,"Latitude":33.8648801436,"HAB_Code":null,"Catch_Area":null,"Consul_fee":null,"Immuni_fee":null,"ACS_Code":"22667","Interview":null,"GlobalID":"636fee97-3cf3-4048-81e1-e63bc43963f2","CreationDate":"2020-05-19T18:28:57.421","Creator":"alisaad@unhabitat","EditDate":"2020-05-19T18:28:57.421","Editor":"alisaad@unhabitat","Mohafaza":"Mount Lebanon","Caza":"El Meten","ACS_NAME":"Beit Meri","HABITAT_Co":null,"Data_year":null,"Name_of_th":" ","Facility_t":" ","Physical_c":" ","Total_regi":" ","No__of_shi":" ","AM_shift":" ","PM_shift":" ","Over_capac":" ","Dropouts":" ","CERD":102,"School_Nam":"Beit Mery Mixed Public School","CAD_CODE":"22044","secondshif":"TRUE","Interviewe":"No","SDC_Name":null,"KADA_NA":null,"MOH_NA1":null,"OBJECTID_1":null,"Name":null,"Beds":null,"Beds_Habit":null,"Gateway_T":null,"Type_Code":null,"layer":"UNH_PS","path":"C:/Users/guest1/Documents/WORKING_WEB_4/WORKING_WEB.gpkg|layername=UNH_PS"}},
{"type":"Feature","geometry":{"type":"Point","coordinates":[35.54594735169155,33.84541359146112]},"properties":{"fid":1597,"OBJECTID":738,"ID":null,"Pcode":null,"Governorat":null,"District":null,"Cadaster":null,"HC_name":null,"MOPH":null,"Accessible":null,"Accreditat":null,"Update_Inf":" ","Thumb_url":null,"Guarantors":null,"Center_typ":null,"Malnu_Scre":null,"Malnu_Mng":null,"Malnu_fees":null,"Longitude":35.5459473517,"Latitude":33.8454135915,"HAB_Code":null,"Catch_Area":null,"Consul_fee":null,"Immuni_fee":null,"ACS_Code":"21211","Interview":null,"GlobalID":"cc32fe1f-d94d-436b-afe4-738ba862c9d5","CreationDate":"2020-05-19T18:28:57.421","Creator":"alisaad@unhabitat","EditDate":"2020-05-19T18:28:57.421","Editor":"alisaad@unhabitat","Mohafaza":"Mount Lebanon","Caza":"Baabda","ACS_NAME":"Baabda","HABITAT_Co":null,"Data_year":null,"Name_of_th":" ","Facility_t":" ","Physical_c":" ","Total_regi":" ","No__of_shi":" ","AM_shift":" ","PM_shift":" ","Over_capac":" ","Dropouts":" ","CERD":1566,"School_Nam":"El Ghubeiri third secondary public school for girls","CAD_CODE":"21001","secondshif":"FALSE","Interviewe":"No","SDC_Name":null,"KADA_NA":null,"MOH_NA1":null,"OBJECTID_1":null,"Name":null,"Beds":null,"Beds_Habit":null,"Gateway_T":null,"Type_Code":null,"layer":"UNH_PS","path":"C:/Users/guest1/Documents/WORKING_WEB_4/WORKING_WEB.gpkg|layername=UNH_PS"}},
{"type":"Feature","geometry":{"type":"Point","coordinates":[35.54594735169155,33.84541359146112]},"properties":{"fid":1598,"OBJECTID":739,"ID":null,"Pcode":null,"Governorat":null,"District":null,"Cadaster":null,"HC_name":null,"MOPH":null,"Accessible":null,"Accreditat":null,"Update_Inf":" ","Thumb_url":null,"Guarantors":null,"Center_typ":null,"Malnu_Scre":null,"Malnu_Mng":null,"Malnu_fees":null,"Longitude":35.5459473517,"Latitude":33.8454135915,"HAB_Code":null,"Catch_Area":null,"Consul_fee":null,"Immuni_fee":null,"ACS_Code":"21211","Interview":null,"GlobalID":"600cb367-1437-49b8-9f36-681cd907b57d","CreationDate":"2020-05-19T18:28:57.421","Creator":"alisaad@unhabitat","EditDate":"2020-05-19T18:28:57.421","Editor":"alisaad@unhabitat","Mohafaza":"Mount Lebanon","Caza":"Baabda","ACS_NAME":"Baabda","HABITAT_Co":null,"Data_year":null,"Name_of_th":" ","Facility_t":" ","Physical_c":" ","Total_regi":" ","No__of_shi":" ","AM_shift":" ","PM_shift":" ","Over_capac":" ","Dropouts":" ","CERD":1573,"School_Nam":"Hussein Ali Nasser secondary public school-Hussein Maktabi elMur branch","CAD_CODE":"21001","secondshif":"FALSE","Interviewe":"No","SDC_Name":null,"KADA_NA":null,"MOH_NA1":null,"OBJECTID_1":null,"Name":null,"Beds":null,"Beds_Habit":null,"Gateway_T":null,"Type_Code":null,"layer":"UNH_PS","path":"C:/Users/guest1/Documents/WORKING_WEB_4/WORKING_WEB.gpkg|layername=UNH_PS"}},
{"type":"Feature","geometry":{"type":"Point","coordinates":[35.54594735169155,33.84541359146112]},"properties":{"fid":1599,"OBJECTID":740,"ID":null,"Pcode":null,"Governorat":null,"District":null,"Cadaster":null,"HC_name":null,"MOPH":null,"Accessible":null,"Accreditat":null,"Update_Inf":" ","Thumb_url":null,"Guarantors":null,"Center_typ":null,"Malnu_Scre":null,"Malnu_Mng":null,"Malnu_fees":null,"Longitude":35.5459473517,"Latitude":33.8454135915,"HAB_Code":null,"Catch_Area":null,"Consul_fee":null,"Immuni_fee":null,"ACS_Code":"21211","Interview":null,"GlobalID":"4e358163-9368-4c7e-8f2f-f13f55b6b259","CreationDate":"2020-05-19T18:28:57.421","Creator":"alisaad@unhabitat","EditDate":"2020-05-19T18:28:57.421","Editor":"alisaad@unhabitat","Mohafaza":"Mount Lebanon","Caza":"Baabda","ACS_NAME":"Baabda","HABITAT_Co":null,"Data_year":null,"Name_of_th":" ","Facility_t":" ","Physical_c":" ","Total_regi":" ","No__of_shi":" ","AM_shift":" ","PM_shift":" ","Over_capac":" ","Dropouts":" ","CERD":1581,"School_Nam":"Maroun Abboud Secondary Public School - Al Abadiya","CAD_CODE":"21001","secondshif":"FALSE","Interviewe":"No","SDC_Name":null,"KADA_NA":null,"MOH_NA1":null,"OBJECTID_1":null,"Name":null,"Beds":null,"Beds_Habit":null,"Gateway_T":null,"Type_Code":null,"layer":"UNH_PS","path":"C:/Users/guest1/Documents/WORKING_WEB_4/WORKING_WEB.gpkg|layername=UNH_PS"}},
{"type":"Feature","geometry":{"type":"Point","coordinates":[35.54189813069155,33.829454115228664]},"properties":{"fid":1600,"OBJECTID":741,"ID":null,"Pcode":null,"Governorat":null,"District":null,"Cadaster":null,"HC_name":null,"MOPH":null,"Accessible":null,"Accreditat":null,"Update_Inf":" ","Thumb_url":null,"Guarantors":null,"Center_typ":null,"Malnu_Scre":null,"Malnu_Mng":null,"Malnu_fees":null,"Longitude":35.5418981307,"Latitude":33.8294541152,"HAB_Code":null,"Catch_Area":null,"Consul_fee":null,"Immuni_fee":null,"ACS_Code":"21211","Interview":null,"GlobalID":"5593aa80-e3bf-4d5a-8cac-89942b5f4fc6","CreationDate":"2020-05-19T18:28:57.421","Creator":"alisaad@unhabitat","EditDate":"2020-05-19T18:28:57.421","Editor":"alisaad@unhabitat","Mohafaza":"Mount Lebanon","Caza":"Baabda","ACS_NAME":"Baabda","HABITAT_Co":null,"Data_year":null,"Name_of_th":" ","Facility_t":" ","Physical_c":" ","Total_regi":" ","No__of_shi":" ","AM_shift":" ","PM_shift":" ","Over_capac":" ","Dropouts":" ","CERD":103,"School_Nam":"Baabda Intermediate Public School for Girls","CAD_CODE":"21001","secondshif":"FALSE","Interviewe":"No","SDC_Name":null,"KADA_NA":null,"MOH_NA1":null,"OBJECTID_1":null,"Name":null,"Beds":null,"Beds_Habit":null,"Gateway_T":null,"Type_Code":null,"layer":"UNH_PS","path":"C:/Users/guest1/Documents/WORKING_WEB_4/WORKING_WEB.gpkg|layername=UNH_PS"}},
{"type":"Feature","geometry":{"type":"Point","coordinates":[35.54371416169158,33.830537084737]},"properties":{"fid":1601,"OBJECTID":742,"ID":null,"Pcode":null,"Governorat":null,"District":null,"Cadaster":null,"HC_name":null,"MOPH":null,"Accessible":null,"Accreditat":null,"Update_Inf":" ","Thumb_url":null,"Guarantors":null,"Center_typ":null,"Malnu_Scre":null,"Malnu_Mng":null,"Malnu_fees":null,"Longitude":35.5437141617,"Latitude":33.8305370847,"HAB_Code":null,"Catch_Area":null,"Consul_fee":null,"Immuni_fee":null,"ACS_Code":"21211","Interview":null,"GlobalID":"1e53cdc7-79f5-4929-af70-cefb11b9772b","CreationDate":"2020-05-19T18:28:57.421","Creator":"alisaad@unhabitat","EditDate":"2020-05-19T18:28:57.421","Editor":"alisaad@unhabitat","Mohafaza":"Mount Lebanon","Caza":"Baabda","ACS_NAME":"Baabda","HABITAT_Co":null,"Data_year":null,"Name_of_th":" ","Facility_t":" ","Physical_c":" ","Total_regi":" ","No__of_shi":" ","AM_shift":" ","PM_shift":" ","Over_capac":" ","Dropouts":" ","CERD":104,"School_Nam":"Baabda Intermediate Public School for Boys","CAD_CODE":"21001","secondshif":"FALSE","Interviewe":"No","SDC_Name":null,"KADA_NA":null,"MOH_NA1":null,"OBJECTID_1":null,"Name":null,"Beds":null,"Beds_Habit":null,"Gateway_T":null,"Type_Code":null,"layer":"UNH_PS","path":"C:/Users/guest1/Documents/WORKING_WEB_4/WORKING_WEB.gpkg|layername=UNH_PS"}},
{"type":"Feature","geometry":{"type":"Point","coordinates":[35.54219809269154,33.8296040764375]},"properties":{"fid":1602,"OBJECTID":743,"ID":null,"Pcode":null,"Governorat":null,"District":null,"Cadaster":null,"HC_name":null,"MOPH":null,"Accessible":null,"Accreditat":null,"Update_Inf":" ","Thumb_url":null,"Guarantors":null,"Center_typ":null,"Malnu_Scre":null,"Malnu_Mng":null,"Malnu_fees":null,"Longitude":35.5421980927,"Latitude":33.8296040764,"HAB_Code":null,"Catch_Area":null,"Consul_fee":null,"Immuni_fee":null,"ACS_Code":"21211","Interview":null,"GlobalID":"595bca65-c1da-433e-8bcc-5d07a028a4b5","CreationDate":"2020-05-19T18:28:57.421","Creator":"alisaad@unhabitat","EditDate":"2020-05-19T18:28:57.421","Editor":"alisaad@unhabitat","Mohafaza":"Mount Lebanon","Caza":"Baabda","ACS_NAME":"Baabda","HABITAT_Co":null,"Data_year":null,"Name_of_th":" ","Facility_t":" ","Physical_c":" ","Total_regi":" ","No__of_shi":" ","AM_shift":" ","PM_shift":" ","Over_capac":" ","Dropouts":" ","CERD":106,"School_Nam":"Al Hadath Secondary Public School","CAD_CODE":"21001","secondshif":"FALSE","Interviewe":"No","SDC_Name":null,"KADA_NA":null,"MOH_NA1":null,"OBJECTID_1":null,"Name":null,"Beds":null,"Beds_Habit":null,"Gateway_T":null,"Type_Code":null,"layer":"UNH_PS","path":"C:/Users/guest1/Documents/WORKING_WEB_4/WORKING_WEB.gpkg|layername=UNH_PS"}},
{"type":"Feature","geometry":{"type":"Point","coordinates":[35.66058509369157,33.84868010501272]},"properties":{"fid":1607,"OBJECTID":748,"ID":null,"Pcode":null,"Governorat":null,"District":null,"Cadaster":null,"HC_name":null,"MOPH":null,"Accessible":null,"Accreditat":null,"Update_Inf":" ","Thumb_url":null,"Guarantors":null,"Center_typ":null,"Malnu_Scre":null,"Malnu_Mng":null,"Malnu_fees":null,"Longitude":35.6605850937,"Latitude":33.848680105,"HAB_Code":null,"Catch_Area":null,"Consul_fee":null,"Immuni_fee":null,"ACS_Code":"21351","Interview":null,"GlobalID":"bf198a0c-f4a4-40d5-99e6-ce39ff700517","CreationDate":"2020-05-19T18:28:57.421","Creator":"alisaad@unhabitat","EditDate":"2020-05-19T18:28:57.421","Editor":"alisaad@unhabitat","Mohafaza":"Mount Lebanon","Caza":"Baabda","ACS_NAME":"Ras El Matn","HABITAT_Co":null,"Data_year":null,"Name_of_th":" ","Facility_t":" ","Physical_c":" ","Total_regi":" ","No__of_shi":" ","AM_shift":" ","PM_shift":" ","Over_capac":" ","Dropouts":" ","CERD":1516,"School_Nam":"Karnayel Secondary Public School - Ras El Metn Branch","CAD_CODE":"21033","secondshif":"FALSE","Interviewe":"No","SDC_Name":null,"KADA_NA":null,"MOH_NA1":null,"OBJECTID_1":null,"Name":null,"Beds":null,"Beds_Habit":null,"Gateway_T":null,"Type_Code":null,"layer":"UNH_PS","path":"C:/Users/guest1/Documents/WORKING_WEB_4/WORKING_WEB.gpkg|layername=UNH_PS"}},
{"type":"Feature","geometry":{"type":"Point","coordinates":[35.66273513269158,33.84759714150366]},"properties":{"fid":1608,"OBJECTID":749,"ID":null,"Pcode":null,"Governorat":null,"District":null,"Cadaster":null,"HC_name":null,"MOPH":null,"Accessible":null,"Accreditat":null,"Update_Inf":" ","Thumb_url":null,"Guarantors":null,"Center_typ":null,"Malnu_Scre":null,"Malnu_Mng":null,"Malnu_fees":null,"Longitude":35.6627351327,"Latitude":33.8475971415,"HAB_Code":null,"Catch_Area":null,"Consul_fee":null,"Immuni_fee":null,"ACS_Code":"21351","Interview":null,"GlobalID":"19f14e28-8cc1-4de1-8fb3-f0cd9f07ed95","CreationDate":"2020-05-19T18:28:57.421","Creator":"alisaad@unhabitat","EditDate":"2020-05-19T18:28:57.421","Editor":"alisaad@unhabitat","Mohafaza":"Mount Lebanon","Caza":"Baabda","ACS_NAME":"Ras El Matn","HABITAT_Co":null,"Data_year":null,"Name_of_th":" ","Facility_t":" ","Physical_c":" ","Total_regi":" ","No__of_shi":" ","AM_shift":" ","PM_shift":" ","Over_capac":" ","Dropouts":" ","CERD":240,"School_Nam":"Ras El Metn Mixed Intermediate","CAD_CODE":"21033","secondshif":"FALSE","Interviewe":"No","SDC_Name":null,"KADA_NA":null,"MOH_NA1":null,"OBJECTID_1":null,"Name":null,"Beds":null,"Beds_Habit":null,"Gateway_T":null,"Type_Code":null,"layer":"UNH_PS","path":"C:/Users/guest1/Documents/WORKING_WEB_4/WORKING_WEB.gpkg|layername=UNH_PS"}},
{"type":"Feature","geometry":{"type":"Point","coordinates":[35.57718512769157,33.85608011932534]},"properties":{"fid":1609,"OBJECTID":750,"ID":null,"Pcode":null,"Governorat":null,"District":null,"Cadaster":null,"HC_name":null,"MOPH":null,"Accessible":null,"Accreditat":null,"Update_Inf":" ","Thumb_url":null,"Guarantors":null,"Center_typ":null,"Malnu_Scre":null,"Malnu_Mng":null,"Malnu_fees":null,"Longitude":35.5771851277,"Latitude":33.8560801193,"HAB_Code":null,"Catch_Area":null,"Consul_fee":null,"Immuni_fee":null,"ACS_Code":"22411","Interview":null,"GlobalID":"57990fba-bd8f-402e-8877-0152eaed8317","CreationDate":"2020-05-19T18:28:57.421","Creator":"alisaad@unhabitat","EditDate":"2020-05-19T18:28:57.421","Editor":"alisaad@unhabitat","Mohafaza":"Mount Lebanon","Caza":"El Meten","ACS_NAME":"Mansouriyet El-Matn","HABITAT_Co":null,"Data_year":null,"Name_of_th":" ","Facility_t":" ","Physical_c":" ","Total_regi":" ","No__of_shi":" ","AM_shift":" ","PM_shift":" ","Over_capac":" ","Dropouts":" ","CERD":100,"School_Nam":"Mansouriyeh Mixed Intermediate Public School","CAD_CODE":"22014","secondshif":"FALSE","Interviewe":"No","SDC_Name":null,"KADA_NA":null,"MOH_NA1":null,"OBJECTID_1":null,"Name":null,"Beds":null,"Beds_Habit":null,"Gateway_T":null,"Type_Code":null,"layer":"UNH_PS","path":"C:/Users/guest1/Documents/WORKING_WEB_4/WORKING_WEB.gpkg|layername=UNH_PS"}},
{"type":"Feature","geometry":{"type":"Point","coordinates":[35.50608510469158,33.85858018180987]},"properties":{"fid":1610,"OBJECTID":751,"ID":null,"Pcode":null,"Governorat":null,"District":null,"Cadaster":null,"HC_name":null,"MOPH":null,"Accessible":null,"Accreditat":null,"Update_Inf":" ","Thumb_url":null,"Guarantors":null,"Center_typ":null,"Malnu_Scre":null,"Malnu_Mng":null,"Malnu_fees":null,"Longitude":35.5060851047,"Latitude":33.8585801818,"HAB_Code":null,"Catch_Area":null,"Consul_fee":null,"Immuni_fee":null,"ACS_Code":"21144","Interview":null,"GlobalID":"3e9969fb-e8ba-4b1f-a105-d26f3c783b37","CreationDate":"2020-05-19T18:28:57.421","Creator":"alisaad@unhabitat","EditDate":"2020-05-19T18:28:57.421","Editor":"alisaad@unhabitat","Mohafaza":"Mount Lebanon","Caza":"Baabda","ACS_NAME":"Haret Hreik","HABITAT_Co":null,"Data_year":null,"Name_of_th":" ","Facility_t":" ","Physical_c":" ","Total_regi":" ","No__of_shi":" ","AM_shift":" ","PM_shift":" ","Over_capac":" ","Dropouts":" ","CERD":86,"School_Nam":"El Ghubairi First Mixed Elementary Public School ( English)","CAD_CODE":"21006","secondshif":"FALSE","Interviewe":"No","SDC_Name":null,"KADA_NA":null,"MOH_NA1":null,"OBJECTID_1":null,"Name":null,"Beds":null,"Beds_Habit":null,"Gateway_T":null,"Type_Code":null,"layer":"UNH_PS","path":"C:/Users/guest1/Documents/WORKING_WEB_4/WORKING_WEB.gpkg|layername=UNH_PS"}},
{"type":"Feature","geometry":{"type":"Point","coordinates":[35.50818517669155,33.85088018607852]},"properties":{"fid":1611,"OBJECTID":752,"ID":null,"Pcode":null,"Governorat":null,"District":null,"Cadaster":null,"HC_name":null,"MOPH":null,"Accessible":null,"Accreditat":null,"Update_Inf":" ","Thumb_url":null,"Guarantors":null,"Center_typ":null,"Malnu_Scre":null,"Malnu_Mng":null,"Malnu_fees":null,"Longitude":35.5081851767,"Latitude":33.8508801861,"HAB_Code":null,"Catch_Area":null,"Consul_fee":null,"Immuni_fee":null,"ACS_Code":"21144","Interview":null,"GlobalID":"fdcce4d2-bc20-4127-84af-ac2684ea5010","CreationDate":"2020-05-19T18:28:57.421","Creator":"alisaad@unhabitat","EditDate":"2020-05-19T18:28:57.421","Editor":"alisaad@unhabitat","Mohafaza":"Mount Lebanon","Caza":"Baabda","ACS_NAME":"Haret Hreik","HABITAT_Co":null,"Data_year":null,"Name_of_th":" ","Facility_t":" ","Physical_c":" ","Total_regi":" ","No__of_shi":" ","AM_shift":" ","PM_shift":" ","Over_capac":" ","Dropouts":" ","CERD":123,"School_Nam":"Haret Hreik First Mixed Public School- a.m.","CAD_CODE":"21006","secondshif":"FALSE","Interviewe":"No","SDC_Name":null,"KADA_NA":null,"MOH_NA1":null,"OBJECTID_1":null,"Name":null,"Beds":null,"Beds_Habit":null,"Gateway_T":null,"Type_Code":null,"layer":"UNH_PS","path":"C:/Users/guest1/Documents/WORKING_WEB_4/WORKING_WEB.gpkg|layername=UNH_PS"}},
{"type":"Feature","geometry":{"type":"Point","coordinates":[35.50838509169154,33.851180106496514]},"properties":{"fid":1612,"OBJECTID":753,"ID":null,"Pcode":null,"Governorat":null,"District":null,"Cadaster":null,"HC_name":null,"MOPH":null,"Accessible":null,"Accreditat":null,"Update_Inf":" ","Thumb_url":null,"Guarantors":null,"Center_typ":null,"Malnu_Scre":null,"Malnu_Mng":null,"Malnu_fees":null,"Longitude":35.5083850917,"Latitude":33.8511801065,"HAB_Code":null,"Catch_Area":null,"Consul_fee":null,"Immuni_fee":null,"ACS_Code":"21144","Interview":null,"GlobalID":"fe5ce85d-ed00-4243-9f93-98e2f5d4eef6","CreationDate":"2020-05-19T18:28:57.421","Creator":"alisaad@unhabitat","EditDate":"2020-05-19T18:28:57.421","Editor":"alisaad@unhabitat","Mohafaza":"Mount Lebanon","Caza":"Baabda","ACS_NAME":"Haret Hreik","HABITAT_Co":null,"Data_year":null,"Name_of_th":" ","Facility_t":" ","Physical_c":" ","Total_regi":" ","No__of_shi":" ","AM_shift":" ","PM_shift":" ","Over_capac":" ","Dropouts":" ","CERD":124,"School_Nam":"Haret Herayk Secondary public school","CAD_CODE":"21006","secondshif":"FALSE","Interviewe":"No","SDC_Name":null,"KADA_NA":null,"MOH_NA1":null,"OBJECTID_1":null,"Name":null,"Beds":null,"Beds_Habit":null,"Gateway_T":null,"Type_Code":null,"layer":"UNH_PS","path":"C:/Users/guest1/Documents/WORKING_WEB_4/WORKING_WEB.gpkg|layername=UNH_PS"}},
{"type":"Feature","geometry":{"type":"Point","coordinates":[35.515785107691556,33.85148017091464]},"properties":{"fid":1613,"OBJECTID":754,"ID":null,"Pcode":null,"Governorat":null,"District":null,"Cadaster":null,"HC_name":null,"MOPH":null,"Accessible":null,"Accreditat":null,"Update_Inf":" ","Thumb_url":null,"Guarantors":null,"Center_typ":null,"Malnu_Scre":null,"Malnu_Mng":null,"Malnu_fees":null,"Longitude":35.5157851077,"Latitude":33.8514801709,"HAB_Code":null,"Catch_Area":null,"Consul_fee":null,"Immuni_fee":null,"ACS_Code":"21144","Interview":null,"GlobalID":"ac9d9389-8a04-4066-a6ff-f65d373409e8","CreationDate":"2020-05-19T18:28:57.421","Creator":"alisaad@unhabitat","EditDate":"2020-05-19T18:28:57.421","Editor":"alisaad@unhabitat","Mohafaza":"Mount Lebanon","Caza":"Baabda","ACS_NAME":"Haret Hreik","HABITAT_Co":null,"Data_year":null,"Name_of_th":" ","Facility_t":" ","Physical_c":" ","Total_regi":" ","No__of_shi":" ","AM_shift":" ","PM_shift":" ","Over_capac":" ","Dropouts":" ","CERD":126,"School_Nam":"Haret Hreik Second Mixed Public School","CAD_CODE":"21006","secondshif":"FALSE","Interviewe":"No","SDC_Name":null,"KADA_NA":null,"MOH_NA1":null,"OBJECTID_1":null,"Name":null,"Beds":null,"Beds_Habit":null,"Gateway_T":null,"Type_Code":null,"layer":"UNH_PS","path":"C:/Users/guest1/Documents/WORKING_WEB_4/WORKING_WEB.gpkg|layername=UNH_PS"}},
{"type":"Feature","geometry":{"type":"Point","coordinates":[35.62788510169156,33.837280115129545]},"properties":{"fid":1616,"OBJECTID":757,"ID":null,"Pcode":null,"Governorat":null,"District":null,"Cadaster":null,"HC_name":null,"MOPH":null,"Accessible":null,"Accreditat":null,"Update_Inf":" ","Thumb_url":null,"Guarantors":null,"Center_typ":null,"Malnu_Scre":null,"Malnu_Mng":null,"Malnu_fees":null,"Longitude":35.6278851017,"Latitude":33.8372801151,"HAB_Code":null,"Catch_Area":null,"Consul_fee":null,"Immuni_fee":null,"ACS_Code":"21341","Interview":null,"GlobalID":"840f1bcb-466b-42ef-8c46-2b56d84f0c34","CreationDate":"2020-05-19T18:28:57.421","Creator":"alisaad@unhabitat","EditDate":"2020-05-19T18:28:57.421","Editor":"alisaad@unhabitat","Mohafaza":"Mount Lebanon","Caza":"Baabda","ACS_NAME":"Aabadiye","HABITAT_Co":null,"Data_year":null,"Name_of_th":" ","Facility_t":" ","Physical_c":" ","Total_regi":" ","No__of_shi":" ","AM_shift":" ","PM_shift":" ","Over_capac":" ","Dropouts":" ","CERD":250,"School_Nam":"Al Abbadiyeh Mixed Intermediate Public School","CAD_CODE":"21019","secondshif":"FALSE","Interviewe":"No","SDC_Name":null,"KADA_NA":null,"MOH_NA1":null,"OBJECTID_1":null,"Name":null,"Beds":null,"Beds_Habit":null,"Gateway_T":null,"Type_Code":null,"layer":"UNH_PS","path":"C:/Users/guest1/Documents/WORKING_WEB_4/WORKING_WEB.gpkg|layername=UNH_PS"}},
{"type":"Feature","geometry":{"type":"Point","coordinates":[35.50499912269158,33.83291012204231]},"properties":{"fid":1631,"OBJECTID":772,"ID":null,"Pcode":null,"Governorat":null,"District":null,"Cadaster":null,"HC_name":null,"MOPH":null,"Accessible":null,"Accreditat":null,"Update_Inf":" ","Thumb_url":null,"Guarantors":null,"Center_typ":null,"Malnu_Scre":null,"Malnu_Mng":null,"Malnu_fees":null,"Longitude":35.5049991227,"Latitude":33.832910122,"HAB_Code":null,"Catch_Area":null,"Consul_fee":null,"Immuni_fee":null,"ACS_Code":"21188","Interview":null,"GlobalID":"e50277b0-8ef6-4dae-8405-c129eadbb7bc","CreationDate":"2020-05-19T18:28:57.421","Creator":"alisaad@unhabitat","EditDate":"2020-05-19T18:28:57.421","Editor":"alisaad@unhabitat","Mohafaza":"Mount Lebanon","Caza":"Baabda","ACS_NAME":"Tahouitat El Ghadir","HABITAT_Co":null,"Data_year":null,"Name_of_th":" ","Facility_t":" ","Physical_c":" ","Total_regi":" ","No__of_shi":" ","AM_shift":" ","PM_shift":" ","Over_capac":" ","Dropouts":" ","CERD":1393,"School_Nam":"Tahouitat El Ghadir Second Mixed Elementary","CAD_CODE":"21008","secondshif":"TRUE","Interviewe":"No","SDC_Name":null,"KADA_NA":null,"MOH_NA1":null,"OBJECTID_1":null,"Name":null,"Beds":null,"Beds_Habit":null,"Gateway_T":null,"Type_Code":null,"layer":"UNH_PS","path":"C:/Users/guest1/Documents/WORKING_WEB_4/WORKING_WEB.gpkg|layername=UNH_PS"}},
{"type":"Feature","geometry":{"type":"Point","coordinates":[35.50489813369154,33.83290108602973]},"properties":{"fid":1632,"OBJECTID":773,"ID":null,"Pcode":null,"Governorat":null,"District":null,"Cadaster":null,"HC_name":null,"MOPH":null,"Accessible":null,"Accreditat":null,"Update_Inf":" ","Thumb_url":null,"Guarantors":null,"Center_typ":null,"Malnu_Scre":null,"Malnu_Mng":null,"Malnu_fees":null,"Longitude":35.5048981337,"Latitude":33.832901086,"HAB_Code":null,"Catch_Area":null,"Consul_fee":null,"Immuni_fee":null,"ACS_Code":"21188","Interview":null,"GlobalID":"2a524899-59d3-4791-825c-6310080c78cd","CreationDate":"2020-05-19T18:28:57.421","Creator":"alisaad@unhabitat","EditDate":"2020-05-19T18:28:57.421","Editor":"alisaad@unhabitat","Mohafaza":"Mount Lebanon","Caza":"Baabda","ACS_NAME":"Tahouitat El Ghadir","HABITAT_Co":null,"Data_year":null,"Name_of_th":" ","Facility_t":" ","Physical_c":" ","Total_regi":" ","No__of_shi":" ","AM_shift":" ","PM_shift":" ","Over_capac":" ","Dropouts":" ","CERD":1394,"School_Nam":"Tehouitat El Ghadir Second Mixed Public School- p.m.","CAD_CODE":"21008","secondshif":"FALSE","Interviewe":"No","SDC_Name":null,"KADA_NA":null,"MOH_NA1":null,"OBJECTID_1":null,"Name":null,"Beds":null,"Beds_Habit":null,"Gateway_T":null,"Type_Code":null,"layer":"UNH_PS","path":"C:/Users/guest1/Documents/WORKING_WEB_4/WORKING_WEB.gpkg|layername=UNH_PS"}},
{"type":"Feature","geometry":{"type":"Point","coordinates":[35.51438510469154,33.834880165786444]},"properties":{"fid":1633,"OBJECTID":774,"ID":null,"Pcode":null,"Governorat":null,"District":null,"Cadaster":null,"HC_name":null,"MOPH":null,"Accessible":null,"Accreditat":null,"Update_Inf":" ","Thumb_url":null,"Guarantors":null,"Center_typ":null,"Malnu_Scre":null,"Malnu_Mng":null,"Malnu_fees":null,"Longitude":35.5143851047,"Latitude":33.8348801658,"HAB_Code":null,"Catch_Area":null,"Consul_fee":null,"Immuni_fee":null,"ACS_Code":"21166","Interview":null,"GlobalID":"d69ee155-6e2e-46a8-b272-afd806e49e11","CreationDate":"2020-05-19T18:28:57.421","Creator":"alisaad@unhabitat","EditDate":"2020-05-19T18:28:57.421","Editor":"alisaad@unhabitat","Mohafaza":"Mount Lebanon","Caza":"Baabda","ACS_NAME":"Laylake","HABITAT_Co":null,"Data_year":null,"Name_of_th":" ","Facility_t":" ","Physical_c":" ","Total_regi":" ","No__of_shi":" ","AM_shift":" ","PM_shift":" ","Over_capac":" ","Dropouts":" ","CERD":1482,"School_Nam":"El Laylaki Mixed Intermediate Public School","CAD_CODE":"21005","secondshif":"FALSE","Interviewe":"No","SDC_Name":null,"KADA_NA":null,"MOH_NA1":null,"OBJECTID_1":null,"Name":null,"Beds":null,"Beds_Habit":null,"Gateway_T":null,"Type_Code":null,"layer":"UNH_PS","path":"C:/Users/guest1/Documents/WORKING_WEB_4/WORKING_WEB.gpkg|layername=UNH_PS"}},
{"type":"Feature","geometry":{"type":"Point","coordinates":[35.51338509769158,33.83088011821477]},"properties":{"fid":1634,"OBJECTID":775,"ID":null,"Pcode":null,"Governorat":null,"District":null,"Cadaster":null,"HC_name":null,"MOPH":null,"Accessible":null,"Accreditat":null,"Update_Inf":" ","Thumb_url":null,"Guarantors":null,"Center_typ":null,"Malnu_Scre":null,"Malnu_Mng":null,"Malnu_fees":null,"Longitude":35.5133850977,"Latitude":33.8308801182,"HAB_Code":null,"Catch_Area":null,"Consul_fee":null,"Immuni_fee":null,"ACS_Code":"21166","Interview":null,"GlobalID":"b1778157-d15f-43f7-846a-318fee173f72","CreationDate":"2020-05-19T18:28:57.421","Creator":"alisaad@unhabitat","EditDate":"2020-05-19T18:28:57.421","Editor":"alisaad@unhabitat","Mohafaza":"Mount Lebanon","Caza":"Baabda","ACS_NAME":"Laylake","HABITAT_Co":null,"Data_year":null,"Name_of_th":" ","Facility_t":" ","Physical_c":" ","Total_regi":" ","No__of_shi":" ","AM_shift":" ","PM_shift":" ","Over_capac":" ","Dropouts":" ","CERD":128,"School_Nam":"El Ghadir Mixed Public School- a.m.","CAD_CODE":"21005","secondshif":"TRUE","Interviewe":"No","SDC_Name":null,"KADA_NA":null,"MOH_NA1":null,"OBJECTID_1":null,"Name":null,"Beds":null,"Beds_Habit":null,"Gateway_T":null,"Type_Code":null,"layer":"UNH_PS","path":"C:/Users/guest1/Documents/WORKING_WEB_4/WORKING_WEB.gpkg|layername=UNH_PS"}},
{"type":"Feature","geometry":{"type":"Point","coordinates":[35.63818519569157,33.83198009574691]},"properties":{"fid":1635,"OBJECTID":776,"ID":null,"Pcode":null,"Governorat":null,"District":null,"Cadaster":null,"HC_name":null,"MOPH":null,"Accessible":null,"Accreditat":null,"Update_Inf":" ","Thumb_url":null,"Guarantors":null,"Center_typ":null,"Malnu_Scre":null,"Malnu_Mng":null,"Malnu_fees":null,"Longitude":35.6381851957,"Latitude":33.8319800957,"HAB_Code":null,"Catch_Area":null,"Consul_fee":null,"Immuni_fee":null,"ACS_Code":"21324","Interview":null,"GlobalID":"50a88b6e-0946-433d-b993-ef3c00bbe663","CreationDate":"2020-05-19T18:28:57.421","Creator":"alisaad@unhabitat","EditDate":"2020-05-19T18:28:57.421","Editor":"alisaad@unhabitat","Mohafaza":"Mount Lebanon","Caza":"Baabda","ACS_NAME":"Hlaliye Baabda","HABITAT_Co":null,"Data_year":null,"Name_of_th":" ","Facility_t":" ","Physical_c":" ","Total_regi":" ","No__of_shi":" ","AM_shift":" ","PM_shift":" ","Over_capac":" ","Dropouts":" ","CERD":251,"School_Nam":"Al Hlaliyeh Mixed Public School","CAD_CODE":"21020","secondshif":"FALSE","Interviewe":"No","SDC_Name":null,"KADA_NA":null,"MOH_NA1":null,"OBJECTID_1":null,"Name":null,"Beds":null,"Beds_Habit":null,"Gateway_T":null,"Type_Code":null,"layer":"UNH_PS","path":"C:/Users/guest1/Documents/WORKING_WEB_4/WORKING_WEB.gpkg|layername=UNH_PS"}},
{"type":"Feature","geometry":{"type":"Point","coordinates":[35.65038514169157,33.827280095200834]},"properties":{"fid":1638,"OBJECTID":779,"ID":null,"Pcode":null,"Governorat":null,"District":null,"Cadaster":null,"HC_name":null,"MOPH":null,"Accessible":null,"Accreditat":null,"Update_Inf":" ","Thumb_url":null,"Guarantors":null,"Center_typ":null,"Malnu_Scre":null,"Malnu_Mng":null,"Malnu_fees":null,"Longitude":35.6503851417,"Latitude":33.8272800952,"HAB_Code":null,"Catch_Area":null,"Consul_fee":null,"Immuni_fee":null,"ACS_Code":"21317","Interview":null,"GlobalID":"17d63a04-0a82-47e7-916d-65a3fb200d7a","CreationDate":"2020-05-19T18:28:57.421","Creator":"alisaad@unhabitat","EditDate":"2020-05-19T18:28:57.421","Editor":"alisaad@unhabitat","Mohafaza":"Mount Lebanon","Caza":"Baabda","ACS_NAME":"Rouayssrt El-Ballout","HABITAT_Co":null,"Data_year":null,"Name_of_th":" ","Facility_t":" ","Physical_c":" ","Total_regi":" ","No__of_shi":" ","AM_shift":" ","PM_shift":" ","Over_capac":" ","Dropouts":" ","CERD":252,"School_Nam":"Rwayset Al Ballout Mixed Public School","CAD_CODE":"21021","secondshif":"FALSE","Interviewe":"No","SDC_Name":null,"KADA_NA":null,"MOH_NA1":null,"OBJECTID_1":null,"Name":null,"Beds":null,"Beds_Habit":null,"Gateway_T":null,"Type_Code":null,"layer":"UNH_PS","path":"C:/Users/guest1/Documents/WORKING_WEB_4/WORKING_WEB.gpkg|layername=UNH_PS"}},
{"type":"Feature","geometry":{"type":"Point","coordinates":[35.517185194691535,33.81528010649117]},"properties":{"fid":1640,"OBJECTID":781,"ID":null,"Pcode":null,"Governorat":null,"District":null,"Cadaster":null,"HC_name":null,"MOPH":null,"Accessible":null,"Accreditat":null,"Update_Inf":" ","Thumb_url":null,"Guarantors":null,"Center_typ":null,"Malnu_Scre":null,"Malnu_Mng":null,"Malnu_fees":null,"Longitude":35.5171851947,"Latitude":33.8152801065,"HAB_Code":null,"Catch_Area":null,"Consul_fee":null,"Immuni_fee":null,"ACS_Code":"24111","Interview":null,"GlobalID":"0a697819-19f2-41b0-ae98-27be0ecd6e3d","CreationDate":"2020-05-19T18:28:57.421","Creator":"alisaad@unhabitat","EditDate":"2020-05-19T18:28:57.421","Editor":"alisaad@unhabitat","Mohafaza":"Mount Lebanon","Caza":"Aley","ACS_NAME":"Choueifat El-Aamrousiye","HABITAT_Co":null,"Data_year":null,"Name_of_th":" ","Facility_t":" ","Physical_c":" ","Total_regi":" ","No__of_shi":" ","AM_shift":" ","PM_shift":" ","Over_capac":" ","Dropouts":" ","CERD":1397,"School_Nam":"Al Amrousiyeh First Mixed Intermediate","CAD_CODE":"24001","secondshif":"TRUE","Interviewe":"No","SDC_Name":null,"KADA_NA":null,"MOH_NA1":null,"OBJECTID_1":null,"Name":null,"Beds":null,"Beds_Habit":null,"Gateway_T":null,"Type_Code":null,"layer":"UNH_PS","path":"C:/Users/guest1/Documents/WORKING_WEB_4/WORKING_WEB.gpkg|layername=UNH_PS"}},
{"type":"Feature","geometry":{"type":"Point","coordinates":[35.517185194691535,33.81528010649117]},"properties":{"fid":1641,"OBJECTID":782,"ID":null,"Pcode":null,"Governorat":null,"District":null,"Cadaster":null,"HC_name":null,"MOPH":null,"Accessible":null,"Accreditat":null,"Update_Inf":" ","Thumb_url":null,"Guarantors":null,"Center_typ":null,"Malnu_Scre":null,"Malnu_Mng":null,"Malnu_fees":null,"Longitude":35.5171851947,"Latitude":33.8152801065,"HAB_Code":null,"Catch_Area":null,"Consul_fee":null,"Immuni_fee":null,"ACS_Code":"24111","Interview":null,"GlobalID":"3acfd754-dd9d-4a2c-b39e-70aed97c3bf3","CreationDate":"2020-05-19T18:28:57.421","Creator":"alisaad@unhabitat","EditDate":"2020-05-19T18:28:57.421","Editor":"alisaad@unhabitat","Mohafaza":"Mount Lebanon","Caza":"Aley","ACS_NAME":"Choueifat El-Aamrousiye","HABITAT_Co":null,"Data_year":null,"Name_of_th":" ","Facility_t":" ","Physical_c":" ","Total_regi":" ","No__of_shi":" ","AM_shift":" ","PM_shift":" ","Over_capac":" ","Dropouts":" ","CERD":1399,"School_Nam":"Al Amrousiyeh second mixed intermediate","CAD_CODE":"24001","secondshif":"TRUE","Interviewe":"No","SDC_Name":null,"KADA_NA":null,"MOH_NA1":null,"OBJECTID_1":null,"Name":null,"Beds":null,"Beds_Habit":null,"Gateway_T":null,"Type_Code":null,"layer":"UNH_PS","path":"C:/Users/guest1/Documents/WORKING_WEB_4/WORKING_WEB.gpkg|layername=UNH_PS"}},
{"type":"Feature","geometry":{"type":"Point","coordinates":[35.519081191691555,33.80952109347381]},"properties":{"fid":1642,"OBJECTID":783,"ID":null,"Pcode":null,"Governorat":null,"District":null,"Cadaster":null,"HC_name":null,"MOPH":null,"Accessible":null,"Accreditat":null,"Update_Inf":" ","Thumb_url":null,"Guarantors":null,"Center_typ":null,"Malnu_Scre":null,"Malnu_Mng":null,"Malnu_fees":null,"Longitude":35.5190811917,"Latitude":33.8095210935,"HAB_Code":null,"Catch_Area":null,"Consul_fee":null,"Immuni_fee":null,"ACS_Code":"24111","Interview":null,"GlobalID":"a1138d9c-8143-40a0-9648-7d8a72dac9ee","CreationDate":"2020-05-19T18:28:57.421","Creator":"alisaad@unhabitat","EditDate":"2020-05-19T18:28:57.421","Editor":"alisaad@unhabitat","Mohafaza":"Mount Lebanon","Caza":"Aley","ACS_NAME":"Choueifat El-Aamrousiye","HABITAT_Co":null,"Data_year":null,"Name_of_th":" ","Facility_t":" ","Physical_c":" ","Total_regi":" ","No__of_shi":" ","AM_shift":" ","PM_shift":" ","Over_capac":" ","Dropouts":" ","CERD":156,"School_Nam":"Shoueifat Al Amrousiyeh Mixed Public School","CAD_CODE":"24001","secondshif":"FALSE","Interviewe":"No","SDC_Name":null,"KADA_NA":null,"MOH_NA1":null,"OBJECTID_1":null,"Name":null,"Beds":null,"Beds_Habit":null,"Gateway_T":null,"Type_Code":null,"layer":"UNH_PS","path":"C:/Users/guest1/Documents/WORKING_WEB_4/WORKING_WEB.gpkg|layername=UNH_PS"}},
{"type":"Feature","geometry":{"type":"Point","coordinates":[35.52496409369155,33.80073703624739]},"properties":{"fid":1648,"OBJECTID":789,"ID":null,"Pcode":null,"Governorat":null,"District":null,"Cadaster":null,"HC_name":null,"MOPH":null,"Accessible":null,"Accreditat":null,"Update_Inf":" ","Thumb_url":null,"Guarantors":null,"Center_typ":null,"Malnu_Scre":null,"Malnu_Mng":null,"Malnu_fees":null,"Longitude":35.5249640937,"Latitude":33.8007370362,"HAB_Code":null,"Catch_Area":null,"Consul_fee":null,"Immuni_fee":null,"ACS_Code":"24155","Interview":null,"GlobalID":"35d5a297-a177-4782-85f5-aa56172f8967","CreationDate":"2020-05-19T18:28:57.421","Creator":"alisaad@unhabitat","EditDate":"2020-05-19T18:28:57.421","Editor":"alisaad@unhabitat","Mohafaza":"Mount Lebanon","Caza":"Aley","ACS_NAME":"Choueifat El-Oumara","HABITAT_Co":null,"Data_year":null,"Name_of_th":" ","Facility_t":" ","Physical_c":" ","Total_regi":" ","No__of_shi":" ","AM_shift":" ","PM_shift":" ","Over_capac":" ","Dropouts":" ","CERD":155,"School_Nam":"Shoueifat Mixed Secondary Public School","CAD_CODE":"24003","secondshif":"FALSE","Interviewe":"No","SDC_Name":null,"KADA_NA":null,"MOH_NA1":null,"OBJECTID_1":null,"Name":null,"Beds":null,"Beds_Habit":null,"Gateway_T":null,"Type_Code":null,"layer":"UNH_PS","path":"C:/Users/guest1/Documents/WORKING_WEB_4/WORKING_WEB.gpkg|layername=UNH_PS"}},
{"type":"Feature","geometry":{"type":"Point","coordinates":[35.5164811586916,33.80638710111133]},"properties":{"fid":1649,"OBJECTID":790,"ID":null,"Pcode":null,"Governorat":null,"District":null,"Cadaster":null,"HC_name":null,"MOPH":null,"Accessible":null,"Accreditat":null,"Update_Inf":" ","Thumb_url":null,"Guarantors":null,"Center_typ":null,"Malnu_Scre":null,"Malnu_Mng":null,"Malnu_fees":null,"Longitude":35.5164811587,"Latitude":33.8063871011,"HAB_Code":null,"Catch_Area":null,"Consul_fee":null,"Immuni_fee":null,"ACS_Code":"24155","Interview":null,"GlobalID":"5e1e9d1a-651e-41bf-b3d0-133deab3d37d","CreationDate":"2020-05-19T18:28:57.421","Creator":"alisaad@unhabitat","EditDate":"2020-05-19T18:28:57.421","Editor":"alisaad@unhabitat","Mohafaza":"Mount Lebanon","Caza":"Aley","ACS_NAME":"Choueifat El-Oumara","HABITAT_Co":null,"Data_year":null,"Name_of_th":" ","Facility_t":" ","Physical_c":" ","Total_regi":" ","No__of_shi":" ","AM_shift":" ","PM_shift":" ","Over_capac":" ","Dropouts":" ","CERD":159,"School_Nam":"Shoueifat Al Oumara Mixed Public School","CAD_CODE":"24003","secondshif":"FALSE","Interviewe":"No","SDC_Name":null,"KADA_NA":null,"MOH_NA1":null,"OBJECTID_1":null,"Name":null,"Beds":null,"Beds_Habit":null,"Gateway_T":null,"Type_Code":null,"layer":"UNH_PS","path":"C:/Users/guest1/Documents/WORKING_WEB_4/WORKING_WEB.gpkg|layername=UNH_PS"}},
{"type":"Feature","geometry":{"type":"Point","coordinates":[35.597121568691534,33.80455811956555]},"properties":{"fid":1652,"OBJECTID":793,"ID":null,"Pcode":null,"Governorat":null,"District":null,"Cadaster":null,"HC_name":null,"MOPH":null,"Accessible":null,"Accreditat":null,"Update_Inf":" ","Thumb_url":null,"Guarantors":null,"Center_typ":null,"Malnu_Scre":null,"Malnu_Mng":null,"Malnu_fees":null,"Longitude":35.5971215687,"Latitude":33.8045581196,"HAB_Code":null,"Catch_Area":null,"Consul_fee":null,"Immuni_fee":null,"ACS_Code":"24311","Interview":null,"GlobalID":"352b8ed3-c944-4497-af7b-d34a7eed038d","CreationDate":"2020-05-19T18:28:57.421","Creator":"alisaad@unhabitat","EditDate":"2020-05-19T18:28:57.421","Editor":"alisaad@unhabitat","Mohafaza":"Mount Lebanon","Caza":"Aley","ACS_NAME":"Aaley","HABITAT_Co":null,"Data_year":null,"Name_of_th":" ","Facility_t":" ","Physical_c":" ","Total_regi":" ","No__of_shi":" ","AM_shift":" ","PM_shift":" ","Over_capac":" ","Dropouts":" ","CERD":1486,"School_Nam":"Aley Second Public School","CAD_CODE":"24004","secondshif":"FALSE","Interviewe":"No","SDC_Name":null,"KADA_NA":null,"MOH_NA1":null,"OBJECTID_1":null,"Name":null,"Beds":null,"Beds_Habit":null,"Gateway_T":null,"Type_Code":null,"layer":"UNH_PS","path":"C:/Users/guest1/Documents/WORKING_WEB_4/WORKING_WEB.gpkg|layername=UNH_PS"}},
{"type":"Feature","geometry":{"type":"Point","coordinates":[35.60403645169157,33.80582416632775]},"properties":{"fid":1653,"OBJECTID":794,"ID":null,"Pcode":null,"Governorat":null,"District":null,"Cadaster":null,"HC_name":null,"MOPH":null,"Accessible":null,"Accreditat":null,"Update_Inf":" ","Thumb_url":null,"Guarantors":null,"Center_typ":null,"Malnu_Scre":null,"Malnu_Mng":null,"Malnu_fees":null,"Longitude":35.6040364517,"Latitude":33.8058241663,"HAB_Code":null,"Catch_Area":null,"Consul_fee":null,"Immuni_fee":null,"ACS_Code":"24311","Interview":null,"GlobalID":"63b5c26f-830a-4f75-ae49-c64b8798cc2b","CreationDate":"2020-05-19T18:28:57.421","Creator":"alisaad@unhabitat","EditDate":"2020-05-19T18:28:57.421","Editor":"alisaad@unhabitat","Mohafaza":"Mount Lebanon","Caza":"Aley","ACS_NAME":"Aaley","HABITAT_Co":null,"Data_year":null,"Name_of_th":" ","Facility_t":" ","Physical_c":" ","Total_regi":" ","No__of_shi":" ","AM_shift":" ","PM_shift":" ","Over_capac":" ","Dropouts":" ","CERD":1574,"School_Nam":"Aramoun secondary public school- martyr Rafic Hariri branch","CAD_CODE":"24004","secondshif":"FALSE","Interviewe":"No","SDC_Name":null,"KADA_NA":null,"MOH_NA1":null,"OBJECTID_1":null,"Name":null,"Beds":null,"Beds_Habit":null,"Gateway_T":null,"Type_Code":null,"layer":"UNH_PS","path":"C:/Users/guest1/Documents/WORKING_WEB_4/WORKING_WEB.gpkg|layername=UNH_PS"}},
{"type":"Feature","geometry":{"type":"Point","coordinates":[35.60403645169157,33.80582416632775]},"properties":{"fid":1654,"OBJECTID":795,"ID":null,"Pcode":null,"Governorat":null,"District":null,"Cadaster":null,"HC_name":null,"MOPH":null,"Accessible":null,"Accreditat":null,"Update_Inf":" ","Thumb_url":null,"Guarantors":null,"Center_typ":null,"Malnu_Scre":null,"Malnu_Mng":null,"Malnu_fees":null,"Longitude":35.6040364517,"Latitude":33.8058241663,"HAB_Code":null,"Catch_Area":null,"Consul_fee":null,"Immuni_fee":null,"ACS_Code":"24311","Interview":null,"GlobalID":"afccf56e-155a-4611-9c5e-86edd9c61b8d","CreationDate":"2020-05-19T18:28:57.421","Creator":"alisaad@unhabitat","EditDate":"2020-05-19T18:28:57.421","Editor":"alisaad@unhabitat","Mohafaza":"Mount Lebanon","Caza":"Aley","ACS_NAME":"Aaley","HABITAT_Co":null,"Data_year":null,"Name_of_th":" ","Facility_t":" ","Physical_c":" ","Total_regi":" ","No__of_shi":" ","AM_shift":" ","PM_shift":" ","Over_capac":" ","Dropouts":" ","CERD":1577,"School_Nam":"As Shahid Rafic Hariri School- Dohat El Shoueifat Elementary Public School","CAD_CODE":"24004","secondshif":"TRUE","Interviewe":"No","SDC_Name":null,"KADA_NA":null,"MOH_NA1":null,"OBJECTID_1":null,"Name":null,"Beds":null,"Beds_Habit":null,"Gateway_T":null,"Type_Code":null,"layer":"UNH_PS","path":"C:/Users/guest1/Documents/WORKING_WEB_4/WORKING_WEB.gpkg|layername=UNH_PS"}},
{"type":"Feature","geometry":{"type":"Point","coordinates":[35.60403645169157,33.80582416632775]},"properties":{"fid":1655,"OBJECTID":796,"ID":null,"Pcode":null,"Governorat":null,"District":null,"Cadaster":null,"HC_name":null,"MOPH":null,"Accessible":null,"Accreditat":null,"Update_Inf":" ","Thumb_url":null,"Guarantors":null,"Center_typ":null,"Malnu_Scre":null,"Malnu_Mng":null,"Malnu_fees":null,"Longitude":35.6040364517,"Latitude":33.8058241663,"HAB_Code":null,"Catch_Area":null,"Consul_fee":null,"Immuni_fee":null,"ACS_Code":"24311","Interview":null,"GlobalID":"bca55a62-0784-4641-97da-eef8ccf67ade","CreationDate":"2020-05-19T18:28:57.421","Creator":"alisaad@unhabitat","EditDate":"2020-05-19T18:28:57.421","Editor":"alisaad@unhabitat","Mohafaza":"Mount Lebanon","Caza":"Aley","ACS_NAME":"Aaley","HABITAT_Co":null,"Data_year":null,"Name_of_th":" ","Facility_t":" ","Physical_c":" ","Total_regi":" ","No__of_shi":" ","AM_shift":" ","PM_shift":" ","Over_capac":" ","Dropouts":" ","CERD":1578,"School_Nam":"Al Amrousiyeh Second Mixed Intermediate Public School","CAD_CODE":"24004","secondshif":"TRUE","Interviewe":"No","SDC_Name":null,"KADA_NA":null,"MOH_NA1":null,"OBJECTID_1":null,"Name":null,"Beds":null,"Beds_Habit":null,"Gateway_T":null,"Type_Code":null,"layer":"UNH_PS","path":"C:/Users/guest1/Documents/WORKING_WEB_4/WORKING_WEB.gpkg|layername=UNH_PS"}},
{"type":"Feature","geometry":{"type":"Point","coordinates":[35.60878509469154,33.803780041482554]},"properties":{"fid":1656,"OBJECTID":797,"ID":null,"Pcode":null,"Governorat":null,"District":null,"Cadaster":null,"HC_name":null,"MOPH":null,"Accessible":null,"Accreditat":null,"Update_Inf":" ","Thumb_url":null,"Guarantors":null,"Center_typ":null,"Malnu_Scre":null,"Malnu_Mng":null,"Malnu_fees":null,"Longitude":35.6087850947,"Latitude":33.8037800415,"HAB_Code":null,"Catch_Area":null,"Consul_fee":null,"Immuni_fee":null,"ACS_Code":"24311","Interview":null,"GlobalID":"37f947a3-9bb5-481d-adff-893274ef27c2","CreationDate":"2020-05-19T18:28:57.421","Creator":"alisaad@unhabitat","EditDate":"2020-05-19T18:28:57.421","Editor":"alisaad@unhabitat","Mohafaza":"Mount Lebanon","Caza":"Aley","ACS_NAME":"Aaley","HABITAT_Co":null,"Data_year":null,"Name_of_th":" ","Facility_t":" ","Physical_c":" ","Total_regi":" ","No__of_shi":" ","AM_shift":" ","PM_shift":" ","Over_capac":" ","Dropouts":" ","CERD":255,"School_Nam":"Maroun Abboud Secondary Public School - Previousely Aley","CAD_CODE":"24004","secondshif":"FALSE","Interviewe":"No","SDC_Name":null,"KADA_NA":null,"MOH_NA1":null,"OBJECTID_1":null,"Name":null,"Beds":null,"Beds_Habit":null,"Gateway_T":null,"Type_Code":null,"layer":"UNH_PS","path":"C:/Users/guest1/Documents/WORKING_WEB_4/WORKING_WEB.gpkg|layername=UNH_PS"}},
{"type":"Feature","geometry":{"type":"Point","coordinates":[35.600485140691546,33.79508010937508]},"properties":{"fid":1657,"OBJECTID":798,"ID":null,"Pcode":null,"Governorat":null,"District":null,"Cadaster":null,"HC_name":null,"MOPH":null,"Accessible":null,"Accreditat":null,"Update_Inf":" ","Thumb_url":null,"Guarantors":null,"Center_typ":null,"Malnu_Scre":null,"Malnu_Mng":null,"Malnu_fees":null,"Longitude":35.6004851407,"Latitude":33.7950801094,"HAB_Code":null,"Catch_Area":null,"Consul_fee":null,"Immuni_fee":null,"ACS_Code":"24311","Interview":null,"GlobalID":"4c8e01e2-8877-4544-91d8-33b0fa43f091","CreationDate":"2020-05-19T18:28:57.421","Creator":"alisaad@unhabitat","EditDate":"2020-05-19T18:28:57.421","Editor":"alisaad@unhabitat","Mohafaza":"Mount Lebanon","Caza":"Aley","ACS_NAME":"Aaley","HABITAT_Co":null,"Data_year":null,"Name_of_th":" ","Facility_t":" ","Physical_c":" ","Total_regi":" ","No__of_shi":" ","AM_shift":" ","PM_shift":" ","Over_capac":" ","Dropouts":" ","CERD":256,"School_Nam":"Aley First Mixed Intermediate Public School","CAD_CODE":"24004","secondshif":"TRUE","Interviewe":"No","SDC_Name":null,"KADA_NA":null,"MOH_NA1":null,"OBJECTID_1":null,"Name":null,"Beds":null,"Beds_Habit":null,"Gateway_T":null,"Type_Code":null,"layer":"UNH_PS","path":"C:/Users/guest1/Documents/WORKING_WEB_4/WORKING_WEB.gpkg|layername=UNH_PS"}},
{"type":"Feature","geometry":{"type":"Point","coordinates":[35.612085103691584,33.8077800830503]},"properties":{"fid":1658,"OBJECTID":799,"ID":null,"Pcode":null,"Governorat":null,"District":null,"Cadaster":null,"HC_name":null,"MOPH":null,"Accessible":null,"Accreditat":null,"Update_Inf":" ","Thumb_url":null,"Guarantors":null,"Center_typ":null,"Malnu_Scre":null,"Malnu_Mng":null,"Malnu_fees":null,"Longitude":35.6120851037,"Latitude":33.8077800831,"HAB_Code":null,"Catch_Area":null,"Consul_fee":null,"Immuni_fee":null,"ACS_Code":"24311","Interview":null,"GlobalID":"dc0bf472-bcad-4288-9ea9-d45c73da4a96","CreationDate":"2020-05-19T18:28:57.421","Creator":"alisaad@unhabitat","EditDate":"2020-05-19T18:28:57.421","Editor":"alisaad@unhabitat","Mohafaza":"Mount Lebanon","Caza":"Aley","ACS_NAME":"Aaley","HABITAT_Co":null,"Data_year":null,"Name_of_th":" ","Facility_t":" ","Physical_c":" ","Total_regi":" ","No__of_shi":" ","AM_shift":" ","PM_shift":" ","Over_capac":" ","Dropouts":" ","CERD":257,"School_Nam":"Aley Mixed Intermediate Public School","CAD_CODE":"24004","secondshif":"TRUE","Interviewe":"No","SDC_Name":null,"KADA_NA":null,"MOH_NA1":null,"OBJECTID_1":null,"Name":null,"Beds":null,"Beds_Habit":null,"Gateway_T":null,"Type_Code":null,"layer":"UNH_PS","path":"C:/Users/guest1/Documents/WORKING_WEB_4/WORKING_WEB.gpkg|layername=UNH_PS"}},
{"type":"Feature","geometry":{"type":"Point","coordinates":[35.596885102691544,33.80438010631777]},"properties":{"fid":1659,"OBJECTID":800,"ID":null,"Pcode":null,"Governorat":null,"District":null,"Cadaster":null,"HC_name":null,"MOPH":null,"Accessible":null,"Accreditat":null,"Update_Inf":" ","Thumb_url":null,"Guarantors":null,"Center_typ":null,"Malnu_Scre":null,"Malnu_Mng":null,"Malnu_fees":null,"Longitude":35.5968851027,"Latitude":33.8043801063,"HAB_Code":null,"Catch_Area":null,"Consul_fee":null,"Immuni_fee":null,"ACS_Code":"24311","Interview":null,"GlobalID":"0cbf176e-d3e5-4446-9d22-a45788d8ad18","CreationDate":"2020-05-19T18:28:57.421","Creator":"alisaad@unhabitat","EditDate":"2020-05-19T18:28:57.421","Editor":"alisaad@unhabitat","Mohafaza":"Mount Lebanon","Caza":"Aley","ACS_NAME":"Aaley","HABITAT_Co":null,"Data_year":null,"Name_of_th":" ","Facility_t":" ","Physical_c":" ","Total_regi":" ","No__of_shi":" ","AM_shift":" ","PM_shift":" ","Over_capac":" ","Dropouts":" ","CERD":258,"School_Nam":"Aley Al Gharbiya Mixed Intermediate Public School","CAD_CODE":"24004","secondshif":"FALSE","Interviewe":"No","SDC_Name":null,"KADA_NA":null,"MOH_NA1":null,"OBJECTID_1":null,"Name":null,"Beds":null,"Beds_Habit":null,"Gateway_T":null,"Type_Code":null,"layer":"UNH_PS","path":"C:/Users/guest1/Documents/WORKING_WEB_4/WORKING_WEB.gpkg|layername=UNH_PS"}},
{"type":"Feature","geometry":{"type":"Point","coordinates":[35.53594819369159,33.81342110290307]},"properties":{"fid":1660,"OBJECTID":801,"ID":null,"Pcode":null,"Governorat":null,"District":null,"Cadaster":null,"HC_name":null,"MOPH":null,"Accessible":null,"Accreditat":null,"Update_Inf":" ","Thumb_url":null,"Guarantors":null,"Center_typ":null,"Malnu_Scre":null,"Malnu_Mng":null,"Malnu_fees":null,"Longitude":35.5359481937,"Latitude":33.8134211029,"HAB_Code":null,"Catch_Area":null,"Consul_fee":null,"Immuni_fee":null,"ACS_Code":"21251","Interview":null,"GlobalID":"39821261-516f-41a4-a745-900e2b11e35a","CreationDate":"2020-05-19T18:28:57.421","Creator":"alisaad@unhabitat","EditDate":"2020-05-19T18:28:57.421","Editor":"alisaad@unhabitat","Mohafaza":"Mount Lebanon","Caza":"Baabda","ACS_NAME":"Kfar Chima","HABITAT_Co":null,"Data_year":null,"Name_of_th":" ","Facility_t":" ","Physical_c":" ","Total_regi":" ","No__of_shi":" ","AM_shift":" ","PM_shift":" ","Over_capac":" ","Dropouts":" ","CERD":109,"School_Nam":"Kfarshima mixed public school","CAD_CODE":"21009","secondshif":"FALSE","Interviewe":"No","SDC_Name":null,"KADA_NA":null,"MOH_NA1":null,"OBJECTID_1":null,"Name":null,"Beds":null,"Beds_Habit":null,"Gateway_T":null,"Type_Code":null,"layer":"UNH_PS","path":"C:/Users/guest1/Documents/WORKING_WEB_4/WORKING_WEB.gpkg|layername=UNH_PS"}},
{"type":"Feature","geometry":{"type":"Point","coordinates":[35.53406409369154,33.81757105968089]},"properties":{"fid":1661,"OBJECTID":802,"ID":null,"Pcode":null,"Governorat":null,"District":null,"Cadaster":null,"HC_name":null,"MOPH":null,"Accessible":null,"Accreditat":null,"Update_Inf":" ","Thumb_url":null,"Guarantors":null,"Center_typ":null,"Malnu_Scre":null,"Malnu_Mng":null,"Malnu_fees":null,"Longitude":35.5340640937,"Latitude":33.8175710597,"HAB_Code":null,"Catch_Area":null,"Consul_fee":null,"Immuni_fee":null,"ACS_Code":"21251","Interview":null,"GlobalID":"7b82f2a4-fdab-43ae-a1b5-1e8d184d7e12","CreationDate":"2020-05-19T18:28:57.421","Creator":"alisaad@unhabitat","EditDate":"2020-05-19T18:28:57.421","Editor":"alisaad@unhabitat","Mohafaza":"Mount Lebanon","Caza":"Baabda","ACS_NAME":"Kfar Chima","HABITAT_Co":null,"Data_year":null,"Name_of_th":" ","Facility_t":" ","Physical_c":" ","Total_regi":" ","No__of_shi":" ","AM_shift":" ","PM_shift":" ","Over_capac":" ","Dropouts":" ","CERD":110,"School_Nam":"Kfarshima mixed secondary public school","CAD_CODE":"21009","secondshif":"FALSE","Interviewe":"No","SDC_Name":null,"KADA_NA":null,"MOH_NA1":null,"OBJECTID_1":null,"Name":null,"Beds":null,"Beds_Habit":null,"Gateway_T":null,"Type_Code":null,"layer":"UNH_PS","path":"C:/Users/guest1/Documents/WORKING_WEB_4/WORKING_WEB.gpkg|layername=UNH_PS"}},
{"type":"Feature","geometry":{"type":"Point","coordinates":[35.65008518669157,33.815880082326494]},"properties":{"fid":1664,"OBJECTID":805,"ID":null,"Pcode":null,"Governorat":null,"District":null,"Cadaster":null,"HC_name":null,"MOPH":null,"Accessible":null,"Accreditat":null,"Update_Inf":" ","Thumb_url":null,"Guarantors":null,"Center_typ":null,"Malnu_Scre":null,"Malnu_Mng":null,"Malnu_fees":null,"Longitude":35.6500851867,"Latitude":33.8158800823,"HAB_Code":null,"Catch_Area":null,"Consul_fee":null,"Immuni_fee":null,"ACS_Code":"21311","Interview":null,"GlobalID":"a150e344-6c72-40a1-b66f-0bcab250e626","CreationDate":"2020-05-19T18:28:57.421","Creator":"alisaad@unhabitat","EditDate":"2020-05-19T18:28:57.421","Editor":"alisaad@unhabitat","Mohafaza":"Mount Lebanon","Caza":"Baabda","ACS_NAME":"Baalchmay","HABITAT_Co":null,"Data_year":null,"Name_of_th":" ","Facility_t":" ","Physical_c":" ","Total_regi":" ","No__of_shi":" ","AM_shift":" ","PM_shift":" ","Over_capac":" ","Dropouts":" ","CERD":253,"School_Nam":"Baalshmay Mixed Intermediate Public School","CAD_CODE":"21022","secondshif":"FALSE","Interviewe":"No","SDC_Name":null,"KADA_NA":null,"MOH_NA1":null,"OBJECTID_1":null,"Name":null,"Beds":null,"Beds_Habit":null,"Gateway_T":null,"Type_Code":null,"layer":"UNH_PS","path":"C:/Users/guest1/Documents/WORKING_WEB_4/WORKING_WEB.gpkg|layername=UNH_PS"}},
{"type":"Feature","geometry":{"type":"Point","coordinates":[35.56381414269157,33.81820409356228]},"properties":{"fid":1665,"OBJECTID":806,"ID":null,"Pcode":null,"Governorat":null,"District":null,"Cadaster":null,"HC_name":null,"MOPH":null,"Accessible":null,"Accreditat":null,"Update_Inf":" ","Thumb_url":null,"Guarantors":null,"Center_typ":null,"Malnu_Scre":null,"Malnu_Mng":null,"Malnu_fees":null,"Longitude":35.5638141427,"Latitude":33.8182040936,"HAB_Code":null,"Catch_Area":null,"Consul_fee":null,"Immuni_fee":null,"ACS_Code":"21267","Interview":null,"GlobalID":"ba3a794a-3199-4ee7-a52b-d3d11a96c2ef","CreationDate":"2020-05-19T18:28:57.421","Creator":"alisaad@unhabitat","EditDate":"2020-05-19T18:28:57.421","Editor":"alisaad@unhabitat","Mohafaza":"Mount Lebanon","Caza":"Baabda","ACS_NAME":"Ouadi Chahrour El Aaoulia","HABITAT_Co":null,"Data_year":null,"Name_of_th":" ","Facility_t":" ","Physical_c":" ","Total_regi":" ","No__of_shi":" ","AM_shift":" ","PM_shift":" ","Over_capac":" ","Dropouts":" ","CERD":111,"School_Nam":"Wadi Shahrour Mixed Intermediate Public School","CAD_CODE":"21014","secondshif":"TRUE","Interviewe":"No","SDC_Name":null,"KADA_NA":null,"MOH_NA1":null,"OBJECTID_1":null,"Name":null,"Beds":null,"Beds_Habit":null,"Gateway_T":null,"Type_Code":null,"layer":"UNH_PS","path":"C:/Users/guest1/Documents/WORKING_WEB_4/WORKING_WEB.gpkg|layername=UNH_PS"}},
{"type":"Feature","geometry":{"type":"Point","coordinates":[35.563981184691556,33.81152108725795]},"properties":{"fid":1669,"OBJECTID":810,"ID":null,"Pcode":null,"Governorat":null,"District":null,"Cadaster":null,"HC_name":null,"MOPH":null,"Accessible":null,"Accreditat":null,"Update_Inf":" ","Thumb_url":null,"Guarantors":null,"Center_typ":null,"Malnu_Scre":null,"Malnu_Mng":null,"Malnu_fees":null,"Longitude":35.5639811847,"Latitude":33.8115210873,"HAB_Code":null,"Catch_Area":null,"Consul_fee":null,"Immuni_fee":null,"ACS_Code":"24283","Interview":null,"GlobalID":"bd5cda8b-c5c3-40dd-95b8-966ab6656151","CreationDate":"2020-05-19T18:28:57.421","Creator":"alisaad@unhabitat","EditDate":"2020-05-19T18:28:57.421","Editor":"alisaad@unhabitat","Mohafaza":"Mount Lebanon","Caza":"Aley","ACS_NAME":"Bdadoun","HABITAT_Co":null,"Data_year":null,"Name_of_th":" ","Facility_t":" ","Physical_c":" ","Total_regi":" ","No__of_shi":" ","AM_shift":" ","PM_shift":" ","Over_capac":" ","Dropouts":" ","CERD":161,"School_Nam":"Bdadoun Mixed Intermediate Public School","CAD_CODE":"24013","secondshif":"FALSE","Interviewe":"No","SDC_Name":null,"KADA_NA":null,"MOH_NA1":null,"OBJECTID_1":null,"Name":null,"Beds":null,"Beds_Habit":null,"Gateway_T":null,"Type_Code":null,"layer":"UNH_PS","path":"C:/Users/guest1/Documents/WORKING_WEB_4/WORKING_WEB.gpkg|layername=UNH_PS"}},
{"type":"Feature","geometry":{"type":"Point","coordinates":[35.51148110169157,33.80423705111865]},"properties":{"fid":1670,"OBJECTID":811,"ID":null,"Pcode":null,"Governorat":null,"District":null,"Cadaster":null,"HC_name":null,"MOPH":null,"Accessible":null,"Accreditat":null,"Update_Inf":" ","Thumb_url":null,"Guarantors":null,"Center_typ":null,"Malnu_Scre":null,"Malnu_Mng":null,"Malnu_fees":null,"Longitude":35.5114811017,"Latitude":33.8042370511,"HAB_Code":null,"Catch_Area":null,"Consul_fee":null,"Immuni_fee":null,"ACS_Code":"24133","Interview":null,"GlobalID":"f859b444-1db0-43b1-b582-77be12c10d60","CreationDate":"2020-05-19T18:28:57.421","Creator":"alisaad@unhabitat","EditDate":"2020-05-19T18:28:57.421","Editor":"alisaad@unhabitat","Mohafaza":"Mount Lebanon","Caza":"Aley","ACS_NAME":"Choueifat El-Quoubbe","HABITAT_Co":null,"Data_year":null,"Name_of_th":" ","Facility_t":" ","Physical_c":" ","Total_regi":" ","No__of_shi":" ","AM_shift":" ","PM_shift":" ","Over_capac":" ","Dropouts":" ","CERD":157,"School_Nam":"Shoueifat Al Qouba Intermediate Public School for Girls","CAD_CODE":"24002","secondshif":"FALSE","Interviewe":"No","SDC_Name":null,"KADA_NA":null,"MOH_NA1":null,"OBJECTID_1":null,"Name":null,"Beds":null,"Beds_Habit":null,"Gateway_T":null,"Type_Code":null,"layer":"UNH_PS","path":"C:/Users/guest1/Documents/WORKING_WEB_4/WORKING_WEB.gpkg|layername=UNH_PS"}},
{"type":"Feature","geometry":{"type":"Point","coordinates":[35.51027728369155,33.80402718582657]},"properties":{"fid":1671,"OBJECTID":812,"ID":null,"Pcode":null,"Governorat":null,"District":null,"Cadaster":null,"HC_name":null,"MOPH":null,"Accessible":null,"Accreditat":null,"Update_Inf":" ","Thumb_url":null,"Guarantors":null,"Center_typ":null,"Malnu_Scre":null,"Malnu_Mng":null,"Malnu_fees":null,"Longitude":35.5102772837,"Latitude":33.8040271858,"HAB_Code":null,"Catch_Area":null,"Consul_fee":null,"Immuni_fee":null,"ACS_Code":"24133","Interview":null,"GlobalID":"276f004f-7b7c-4b63-be58-b4d7cd46ad63","CreationDate":"2020-05-19T18:28:57.421","Creator":"alisaad@unhabitat","EditDate":"2020-05-19T18:28:57.421","Editor":"alisaad@unhabitat","Mohafaza":"Mount Lebanon","Caza":"Aley","ACS_NAME":"Choueifat El-Quoubbe","HABITAT_Co":null,"Data_year":null,"Name_of_th":" ","Facility_t":" ","Physical_c":" ","Total_regi":" ","No__of_shi":" ","AM_shift":" ","PM_shift":" ","Over_capac":" ","Dropouts":" ","CERD":158,"School_Nam":"Shoueifat Al Qouba Public School for Boys","CAD_CODE":"24002","secondshif":"FALSE","Interviewe":"No","SDC_Name":null,"KADA_NA":null,"MOH_NA1":null,"OBJECTID_1":null,"Name":null,"Beds":null,"Beds_Habit":null,"Gateway_T":null,"Type_Code":null,"layer":"UNH_PS","path":"C:/Users/guest1/Documents/WORKING_WEB_4/WORKING_WEB.gpkg|layername=UNH_PS"}},
{"type":"Feature","geometry":{"type":"Point","coordinates":[35.657385117691554,33.80238010453412]},"properties":{"fid":1672,"OBJECTID":813,"ID":null,"Pcode":null,"Governorat":null,"District":null,"Cadaster":null,"HC_name":null,"MOPH":null,"Accessible":null,"Accreditat":null,"Update_Inf":" ","Thumb_url":null,"Guarantors":null,"Center_typ":null,"Malnu_Scre":null,"Malnu_Mng":null,"Malnu_fees":null,"Longitude":35.6573851177,"Latitude":33.8023801045,"HAB_Code":null,"Catch_Area":null,"Consul_fee":null,"Immuni_fee":null,"ACS_Code":"24411","Interview":null,"GlobalID":"8a81b483-81c8-44cd-9be4-3685b7f892d4","CreationDate":"2020-05-19T18:28:57.421","Creator":"alisaad@unhabitat","EditDate":"2020-05-19T18:28:57.421","Editor":"alisaad@unhabitat","Mohafaza":"Mount Lebanon","Caza":"Aley","ACS_NAME":"Bhamdoun El-Mhatta","HABITAT_Co":null,"Data_year":null,"Name_of_th":" ","Facility_t":" ","Physical_c":" ","Total_regi":" ","No__of_shi":" ","AM_shift":" ","PM_shift":" ","Over_capac":" ","Dropouts":" ","CERD":1345,"School_Nam":"Bhamdoun Mixed Intermediate Public School","CAD_CODE":"24023","secondshif":"FALSE","Interviewe":"No","SDC_Name":null,"KADA_NA":null,"MOH_NA1":null,"OBJECTID_1":null,"Name":null,"Beds":null,"Beds_Habit":null,"Gateway_T":null,"Type_Code":null,"layer":"UNH_PS","path":"C:/Users/guest1/Documents/WORKING_WEB_4/WORKING_WEB.gpkg|layername=UNH_PS"}},
{"type":"Feature","geometry":{"type":"Point","coordinates":[35.64944614369154,33.79681303478656]},"properties":{"fid":1674,"OBJECTID":815,"ID":null,"Pcode":null,"Governorat":null,"District":null,"Cadaster":null,"HC_name":null,"MOPH":null,"Accessible":null,"Accreditat":null,"Update_Inf":" ","Thumb_url":null,"Guarantors":null,"Center_typ":null,"Malnu_Scre":null,"Malnu_Mng":null,"Malnu_fees":null,"Longitude":35.6494461437,"Latitude":33.7968130348,"HAB_Code":null,"Catch_Area":null,"Consul_fee":null,"Immuni_fee":null,"ACS_Code":"24414","Interview":null,"GlobalID":"b52b716c-c06d-450d-bd89-7ffd1b9ca41c","CreationDate":"2020-05-19T18:28:57.421","Creator":"alisaad@unhabitat","EditDate":"2020-05-19T18:28:57.421","Editor":"alisaad@unhabitat","Mohafaza":"Mount Lebanon","Caza":"Aley","ACS_NAME":"Bhamdoun Ed-Dayaa","HABITAT_Co":null,"Data_year":null,"Name_of_th":" ","Facility_t":" ","Physical_c":" ","Total_regi":" ","No__of_shi":" ","AM_shift":" ","PM_shift":" ","Over_capac":" ","Dropouts":" ","CERD":1564,"School_Nam":"Bhamdoun Public High School","CAD_CODE":"24021","secondshif":"TRUE","Interviewe":"No","SDC_Name":null,"KADA_NA":null,"MOH_NA1":null,"OBJECTID_1":null,"Name":null,"Beds":null,"Beds_Habit":null,"Gateway_T":null,"Type_Code":null,"layer":"UNH_PS","path":"C:/Users/guest1/Documents/WORKING_WEB_4/WORKING_WEB.gpkg|layername=UNH_PS"}},
{"type":"Feature","geometry":{"type":"Point","coordinates":[35.54789905669156,33.792743144123236]},"properties":{"fid":1676,"OBJECTID":817,"ID":null,"Pcode":null,"Governorat":null,"District":null,"Cadaster":null,"HC_name":null,"MOPH":null,"Accessible":null,"Accreditat":null,"Update_Inf":" ","Thumb_url":null,"Guarantors":null,"Center_typ":null,"Malnu_Scre":null,"Malnu_Mng":null,"Malnu_fees":null,"Longitude":35.5478990567,"Latitude":33.7927431441,"HAB_Code":null,"Catch_Area":null,"Consul_fee":null,"Immuni_fee":null,"ACS_Code":"24259","Interview":null,"GlobalID":"5ee242ec-03a8-4617-9714-a8ac43568cf8","CreationDate":"2020-05-19T18:28:57.421","Creator":"alisaad@unhabitat","EditDate":"2020-05-19T18:28:57.421","Editor":"alisaad@unhabitat","Mohafaza":"Mount Lebanon","Caza":"Aley","ACS_NAME":"Aain Aanoub","HABITAT_Co":null,"Data_year":null,"Name_of_th":" ","Facility_t":" ","Physical_c":" ","Total_regi":" ","No__of_shi":" ","AM_shift":" ","PM_shift":" ","Over_capac":" ","Dropouts":" ","CERD":154,"School_Nam":"Maaroufiyeh Mixed Public School","CAD_CODE":"24007","secondshif":"FALSE","Interviewe":"No","SDC_Name":null,"KADA_NA":null,"MOH_NA1":null,"OBJECTID_1":null,"Name":null,"Beds":null,"Beds_Habit":null,"Gateway_T":null,"Type_Code":null,"layer":"UNH_PS","path":"C:/Users/guest1/Documents/WORKING_WEB_4/WORKING_WEB.gpkg|layername=UNH_PS"}},
{"type":"Feature","geometry":{"type":"Point","coordinates":[35.572185093691594,33.80418004103933]},"properties":{"fid":1678,"OBJECTID":819,"ID":null,"Pcode":null,"Governorat":null,"District":null,"Cadaster":null,"HC_name":null,"MOPH":null,"Accessible":null,"Accreditat":null,"Update_Inf":" ","Thumb_url":null,"Guarantors":null,"Center_typ":null,"Malnu_Scre":null,"Malnu_Mng":null,"Malnu_fees":null,"Longitude":35.5721850937,"Latitude":33.804180041,"HAB_Code":null,"Catch_Area":null,"Consul_fee":null,"Immuni_fee":null,"ACS_Code":"24315","Interview":null,"GlobalID":"f5ad4779-f3e3-44bf-8499-adb62364848f","CreationDate":"2020-05-19T18:28:57.421","Creator":"alisaad@unhabitat","EditDate":"2020-05-19T18:28:57.421","Editor":"alisaad@unhabitat","Mohafaza":"Mount Lebanon","Caza":"Aley","ACS_NAME":"Qmatiye","HABITAT_Co":null,"Data_year":null,"Name_of_th":" ","Facility_t":" ","Physical_c":" ","Total_regi":" ","No__of_shi":" ","AM_shift":" ","PM_shift":" ","Over_capac":" ","Dropouts":" ","CERD":1344,"School_Nam":"Maroun Abboud Secondary - Kmatiye Branch","CAD_CODE":"24016","secondshif":"FALSE","Interviewe":"No","SDC_Name":null,"KADA_NA":null,"MOH_NA1":null,"OBJECTID_1":null,"Name":null,"Beds":null,"Beds_Habit":null,"Gateway_T":null,"Type_Code":null,"layer":"UNH_PS","path":"C:/Users/guest1/Documents/WORKING_WEB_4/WORKING_WEB.gpkg|layername=UNH_PS"}},
{"type":"Feature","geometry":{"type":"Point","coordinates":[35.57708511169159,33.803280080786735]},"properties":{"fid":1679,"OBJECTID":820,"ID":null,"Pcode":null,"Governorat":null,"District":null,"Cadaster":null,"HC_name":null,"MOPH":null,"Accessible":null,"Accreditat":null,"Update_Inf":" ","Thumb_url":null,"Guarantors":null,"Center_typ":null,"Malnu_Scre":null,"Malnu_Mng":null,"Malnu_fees":null,"Longitude":35.5770851117,"Latitude":33.8032800808,"HAB_Code":null,"Catch_Area":null,"Consul_fee":null,"Immuni_fee":null,"ACS_Code":"24315","Interview":null,"GlobalID":"17d16770-9274-4044-a367-152f00a6ebc2","CreationDate":"2020-05-19T18:28:57.421","Creator":"alisaad@unhabitat","EditDate":"2020-05-19T18:28:57.421","Editor":"alisaad@unhabitat","Mohafaza":"Mount Lebanon","Caza":"Aley","ACS_NAME":"Qmatiye","HABITAT_Co":null,"Data_year":null,"Name_of_th":" ","Facility_t":" ","Physical_c":" ","Total_regi":" ","No__of_shi":" ","AM_shift":" ","PM_shift":" ","Over_capac":" ","Dropouts":" ","CERD":259,"School_Nam":"El Kamatiyeh Mixed Intermediate Public School","CAD_CODE":"24016","secondshif":"FALSE","Interviewe":"No","SDC_Name":null,"KADA_NA":null,"MOH_NA1":null,"OBJECTID_1":null,"Name":null,"Beds":null,"Beds_Habit":null,"Gateway_T":null,"Type_Code":null,"layer":"UNH_PS","path":"C:/Users/guest1/Documents/WORKING_WEB_4/WORKING_WEB.gpkg|layername=UNH_PS"}},
{"type":"Feature","geometry":{"type":"Point","coordinates":[35.55918510269157,33.793080054592004]},"properties":{"fid":1682,"OBJECTID":823,"ID":null,"Pcode":null,"Governorat":null,"District":null,"Cadaster":null,"HC_name":null,"MOPH":null,"Accessible":null,"Accreditat":null,"Update_Inf":" ","Thumb_url":null,"Guarantors":null,"Center_typ":null,"Malnu_Scre":null,"Malnu_Mng":null,"Malnu_fees":null,"Longitude":35.5591851027,"Latitude":33.7930800546,"HAB_Code":null,"Catch_Area":null,"Consul_fee":null,"Immuni_fee":null,"ACS_Code":"24329","Interview":null,"GlobalID":"c3ff268d-bc06-4b5a-ad49-900e15371fb4","CreationDate":"2020-05-19T18:28:57.421","Creator":"alisaad@unhabitat","EditDate":"2020-05-19T18:28:57.421","Editor":"alisaad@unhabitat","Mohafaza":"Mount Lebanon","Caza":"Aley","ACS_NAME":"Aaytat","HABITAT_Co":null,"Data_year":null,"Name_of_th":" ","Facility_t":" ","Physical_c":" ","Total_regi":" ","No__of_shi":" ","AM_shift":" ","PM_shift":" ","Over_capac":" ","Dropouts":" ","CERD":1343,"School_Nam":"Aitat Mixed Public School","CAD_CODE":"24010","secondshif":"TRUE","Interviewe":"No","SDC_Name":null,"KADA_NA":null,"MOH_NA1":null,"OBJECTID_1":null,"Name":null,"Beds":null,"Beds_Habit":null,"Gateway_T":null,"Type_Code":null,"layer":"UNH_PS","path":"C:/Users/guest1/Documents/WORKING_WEB_4/WORKING_WEB.gpkg|layername=UNH_PS"}},
{"type":"Feature","geometry":{"type":"Point","coordinates":[35.512264193691585,33.793754088529894]},"properties":{"fid":1683,"OBJECTID":824,"ID":null,"Pcode":null,"Governorat":null,"District":null,"Cadaster":null,"HC_name":null,"MOPH":null,"Accessible":null,"Accreditat":null,"Update_Inf":" ","Thumb_url":null,"Guarantors":null,"Center_typ":null,"Malnu_Scre":null,"Malnu_Mng":null,"Malnu_fees":null,"Longitude":35.5122641937,"Latitude":33.7937540885,"HAB_Code":null,"Catch_Area":null,"Consul_fee":null,"Immuni_fee":null,"ACS_Code":"24177","Interview":null,"GlobalID":"99bce525-9e7c-4154-bfe2-9026d0128a05","CreationDate":"2020-05-19T18:28:57.421","Creator":"alisaad@unhabitat","EditDate":"2020-05-19T18:28:57.421","Editor":"alisaad@unhabitat","Mohafaza":"Mount Lebanon","Caza":"Aley","ACS_NAME":"Deir Qoubel","HABITAT_Co":null,"Data_year":null,"Name_of_th":" ","Facility_t":" ","Physical_c":" ","Total_regi":" ","No__of_shi":" ","AM_shift":" ","PM_shift":" ","Over_capac":" ","Dropouts":" ","CERD":160,"School_Nam":"Deir Koubel Mixed Public School","CAD_CODE":"24006","secondshif":"FALSE","Interviewe":"No","SDC_Name":null,"KADA_NA":null,"MOH_NA1":null,"OBJECTID_1":null,"Name":null,"Beds":null,"Beds_Habit":null,"Gateway_T":null,"Type_Code":null,"layer":"UNH_PS","path":"C:/Users/guest1/Documents/WORKING_WEB_4/WORKING_WEB.gpkg|layername=UNH_PS"}},
{"type":"Feature","geometry":{"type":"Point","coordinates":[35.593785110691556,33.78108005489728]},"properties":{"fid":1700,"OBJECTID":841,"ID":null,"Pcode":null,"Governorat":null,"District":null,"Cadaster":null,"HC_name":null,"MOPH":null,"Accessible":null,"Accreditat":null,"Update_Inf":" ","Thumb_url":null,"Guarantors":null,"Center_typ":null,"Malnu_Scre":null,"Malnu_Mng":null,"Malnu_fees":null,"Longitude":35.5937851107,"Latitude":33.7810800549,"HAB_Code":null,"Catch_Area":null,"Consul_fee":null,"Immuni_fee":null,"ACS_Code":"24323","Interview":null,"GlobalID":"ce7b8ec2-9cc5-4802-99ab-7f82ebc5e8bc","CreationDate":"2020-05-19T18:28:57.421","Creator":"alisaad@unhabitat","EditDate":"2020-05-19T18:28:57.421","Editor":"alisaad@unhabitat","Mohafaza":"Mount Lebanon","Caza":"Aley","ACS_NAME":"Ghaboune","HABITAT_Co":null,"Data_year":null,"Name_of_th":" ","Facility_t":" ","Physical_c":" ","Total_regi":" ","No__of_shi":" ","AM_shift":" ","PM_shift":" ","Over_capac":" ","Dropouts":" ","CERD":260,"School_Nam":"Ghaboun Mixed Public School","CAD_CODE":"24066","secondshif":"FALSE","Interviewe":"No","SDC_Name":null,"KADA_NA":null,"MOH_NA1":null,"OBJECTID_1":null,"Name":null,"Beds":null,"Beds_Habit":null,"Gateway_T":null,"Type_Code":null,"layer":"UNH_PS","path":"C:/Users/guest1/Documents/WORKING_WEB_4/WORKING_WEB.gpkg|layername=UNH_PS"}},
{"type":"Feature","geometry":{"type":"Point","coordinates":[35.493628073464485,33.86933523336861]},"properties":{"fid":2150,"OBJECTID":0,"ID":null,"Pcode":null,"Governorat":null,"District":null,"Cadaster":null,"HC_name":null,"MOPH":null,"Accessible":null,"Accreditat":null,"Update_Inf":"2019","Thumb_url":null,"Guarantors":null,"Center_typ":null,"Malnu_Scre":null,"Malnu_Mng":null,"Malnu_fees":null,"Longitude":0,"Latitude":0,"HAB_Code":null,"Catch_Area":null,"Consul_fee":null,"Immuni_fee":null,"ACS_Code":"10210","Interview":null,"GlobalID":"c84fe689-d2da-4ecb-87da-d490cb801ff2","CreationDate":"2020-05-19T18:28:57.421","Creator":"alisaad@unhabitat","EditDate":"2020-06-05T15:45:30.248","Editor":"alisaad@unhabitat","Mohafaza":"Beirut","Caza":"Beirut","ACS_NAME":"Msaitbé foncière","HABITAT_Co":null,"Data_year":null,"Name_of_th":"Joubran Andraos Tweini Secondary","Facility_t":"Secondary","Physical_c":"400","Total_regi":"324","No__of_shi":"1","AM_shift":"324","PM_shift":" ","Over_capac":"No","Dropouts":"5%","CERD":0,"School_Nam":"Joubran Andraos Tweini Secondary School","CAD_CODE":"0","secondshif":" ","Interviewe":"Yes","SDC_Name":null,"KADA_NA":null,"MOH_NA1":null,"OBJECTID_1":null,"Name":null,"Beds":null,"Beds_Habit":null,"Gateway_T":null,"Type_Code":null,"layer":"UNH_PS","path":"C:/Users/guest1/Documents/WORKING_WEB_4/WORKING_WEB.gpkg|layername=UNH_PS"}},
{"type":"Feature","geometry":{"type":"Point","coordinates":[35.4988992276035,33.869358000867194]},"properties":{"fid":2151,"OBJECTID":0,"ID":null,"Pcode":null,"Governorat":null,"District":null,"Cadaster":null,"HC_name":null,"MOPH":null,"Accessible":null,"Accreditat":null,"Update_Inf":"2019","Thumb_url":null,"Guarantors":null,"Center_typ":null,"Malnu_Scre":null,"Malnu_Mng":null,"Malnu_fees":null,"Longitude":0,"Latitude":0,"HAB_Code":null,"Catch_Area":null,"Consul_fee":null,"Immuni_fee":null,"ACS_Code":"10310","Interview":null,"GlobalID":"a10bb421-4325-4230-bb22-fd2da1248a30","CreationDate":"2020-05-19T18:28:57.421","Creator":"alisaad@unhabitat","EditDate":"2020-05-28T14:59:25.148","Editor":"alisaad@unhabitat","Mohafaza":"Beirut","Caza":"Beirut","ACS_NAME":"Mazraa foncière","HABITAT_Co":null,"Data_year":null,"Name_of_th":"PARD Kindergarten","Facility_t":"Kindergarten","Physical_c":"140","Total_regi":"140","No__of_shi":"1","AM_shift":"10 Leb, 120 Syr, 10 PRL","PM_shift":"NA","Over_capac":"No","Dropouts":"15 students","CERD":0,"School_Nam":"PARD Kindergarten","CAD_CODE":"10009","secondshif":" ","Interviewe":"Yes","SDC_Name":null,"KADA_NA":null,"MOH_NA1":null,"OBJECTID_1":null,"Name":null,"Beds":null,"Beds_Habit":null,"Gateway_T":null,"Type_Code":null,"layer":"UNH_PS","path":"C:/Users/guest1/Documents/WORKING_WEB_4/WORKING_WEB.gpkg|layername=UNH_PS"}},
{"type":"Feature","geometry":{"type":"Point","coordinates":[35.50096341351827,33.86899718908214]},"properties":{"fid":2152,"OBJECTID":0,"ID":null,"Pcode":null,"Governorat":null,"District":null,"Cadaster":null,"HC_name":null,"MOPH":null,"Accessible":null,"Accreditat":null,"Update_Inf":"2019","Thumb_url":null,"Guarantors":null,"Center_typ":null,"Malnu_Scre":null,"Malnu_Mng":null,"Malnu_fees":null,"Longitude":0,"Latitude":0,"HAB_Code":null,"Catch_Area":null,"Consul_fee":null,"Immuni_fee":null,"ACS_Code":"10310","Interview":null,"GlobalID":"f440d36a-ece1-46d8-995c-9a23852d43a8","CreationDate":"2020-05-19T18:28:57.421","Creator":"alisaad@unhabitat","EditDate":"2020-05-28T15:00:25.729","Editor":"alisaad@unhabitat","Mohafaza":"Beirut","Caza":"Beirut","ACS_NAME":"Mazraa foncière","HABITAT_Co":null,"Data_year":null,"Name_of_th":"Mojamaa El-Kanayess Free Private Kindergarten","Facility_t":"Kindergarten","Physical_c":"130","Total_regi":"129","No__of_shi":"1","AM_shift":"15 Leb, 33 Syr, 89 PRL","PM_shift":"NA","Over_capac":"No","Dropouts":"No","CERD":0,"School_Nam":"Mojamaa El-Kanayess Free Private Kindergarten","CAD_CODE":"10009","secondshif":" ","Interviewe":"Yes","SDC_Name":null,"KADA_NA":null,"MOH_NA1":null,"OBJECTID_1":null,"Name":null,"Beds":null,"Beds_Habit":null,"Gateway_T":null,"Type_Code":null,"layer":"UNH_PS","path":"C:/Users/guest1/Documents/WORKING_WEB_4/WORKING_WEB.gpkg|layername=UNH_PS"}},
{"type":"Feature","geometry":{"type":"Point","coordinates":[35.49886764816226,33.869065853757306]},"properties":{"fid":2153,"OBJECTID":0,"ID":null,"Pcode":null,"Governorat":null,"District":null,"Cadaster":null,"HC_name":null,"MOPH":null,"Accessible":null,"Accreditat":null,"Update_Inf":"2019","Thumb_url":null,"Guarantors":null,"Center_typ":null,"Malnu_Scre":null,"Malnu_Mng":null,"Malnu_fees":null,"Longitude":0,"Latitude":0,"HAB_Code":null,"Catch_Area":null,"Consul_fee":null,"Immuni_fee":null,"ACS_Code":"0","Interview":null,"GlobalID":"c87b331a-696f-49fc-b21e-55281f7ef910","CreationDate":"2020-05-19T18:28:57.421","Creator":"alisaad@unhabitat","EditDate":"2020-05-28T16:21:46.441","Editor":"alisaad@unhabitat","Mohafaza":" ","Caza":" ","ACS_NAME":" ","HABITAT_Co":null,"Data_year":null,"Name_of_th":"El-Salam Free Private Kindergarten","Facility_t":"Kindergarten","Physical_c":"NA","Total_regi":"NA","No__of_shi":"NA","AM_shift":"NA","PM_shift":"NA","Over_capac":"NA","Dropouts":"NA","CERD":0,"School_Nam":"El-Salam Free Private Kindergarten","CAD_CODE":"0","secondshif":" ","Interviewe":"Yes","SDC_Name":null,"KADA_NA":null,"MOH_NA1":null,"OBJECTID_1":null,"Name":null,"Beds":null,"Beds_Habit":null,"Gateway_T":null,"Type_Code":null,"layer":"UNH_PS","path":"C:/Users/guest1/Documents/WORKING_WEB_4/WORKING_WEB.gpkg|layername=UNH_PS"}},
{"type":"Feature","geometry":{"type":"Point","coordinates":[35.50338088276779,33.88029946552371]},"properties":{"fid":2154,"OBJECTID":0,"ID":null,"Pcode":null,"Governorat":null,"District":null,"Cadaster":null,"HC_name":null,"MOPH":null,"Accessible":null,"Accreditat":null,"Update_Inf":"2019","Thumb_url":null,"Guarantors":null,"Center_typ":null,"Malnu_Scre":null,"Malnu_Mng":null,"Malnu_fees":null,"Longitude":0,"Latitude":0,"HAB_Code":null,"Catch_Area":null,"Consul_fee":null,"Immuni_fee":null,"ACS_Code":"10310","Interview":null,"GlobalID":"1dc4a15d-5778-4bdc-b3bb-84a347f07031","CreationDate":"2020-05-19T18:28:57.421","Creator":"alisaad@unhabitat","EditDate":"2020-05-28T16:22:56.579","Editor":"alisaad@unhabitat","Mohafaza":"Beirut","Caza":"Beirut","ACS_NAME":"Mazraa foncière","HABITAT_Co":null,"Data_year":null,"Name_of_th":"El-Nahda Intermediate Private School","Facility_t":"Intermediate","Physical_c":"110","Total_regi":"110","No__of_shi":"1","AM_shift":"55 Leb, 27 Syr, 28 PRL","PM_shift":"NA","Over_capac":"No","Dropouts":"10%","CERD":0,"School_Nam":"El-Nahda Intermediate Private School","CAD_CODE":"10009","secondshif":" ","Interviewe":"Yes","SDC_Name":null,"KADA_NA":null,"MOH_NA1":null,"OBJECTID_1":null,"Name":null,"Beds":null,"Beds_Habit":null,"Gateway_T":null,"Type_Code":null,"layer":"UNH_PS","path":"C:/Users/guest1/Documents/WORKING_WEB_4/WORKING_WEB.gpkg|layername=UNH_PS"}},
{"type":"Feature","geometry":{"type":"Point","coordinates":[35.54154822220105,33.88846905880816]},"properties":{"fid":2155,"OBJECTID":null,"ID":null,"Pcode":null,"Governorat":null,"District":null,"Cadaster":null,"HC_name":null,"MOPH":null,"Accessible":null,"Accreditat":null,"Update_Inf":null,"Thumb_url":null,"Guarantors":null,"Center_typ":null,"Malnu_Scre":null,"Malnu_Mng":null,"Malnu_fees":null,"Longitude":null,"Latitude":null,"HAB_Code":null,"Catch_Area":null,"Consul_fee":null,"Immuni_fee":null,"ACS_Code":"22111","Interview":null,"GlobalID":"2ffd0aab-60f8-4888-b637-b4d03e2de142","CreationDate":"2020-05-26T20:26:56.891","Creator":"alisaad@unhabitat","EditDate":"2020-05-28T16:21:07.556","Editor":"alisaad@unhabitat","Mohafaza":"Mount Lebanon","Caza":"El Meten","ACS_NAME":"Bourj Hammoud","HABITAT_Co":null,"Data_year":null,"Name_of_th":"El-Tarakki School","Facility_t":null,"Physical_c":null,"Total_regi":null,"No__of_shi":null,"AM_shift":null,"PM_shift":null,"Over_capac":null,"Dropouts":null,"CERD":null,"School_Nam":"El-Tarakki School","CAD_CODE":"22001","secondshif":null,"Interviewe":"No","SDC_Name":null,"KADA_NA":null,"MOH_NA1":null,"OBJECTID_1":null,"Name":null,"Beds":null,"Beds_Habit":null,"Gateway_T":null,"Type_Code":null,"layer":"UNH_PS","path":"C:/Users/guest1/Documents/WORKING_WEB_4/WORKING_WEB.gpkg|layername=UNH_PS"}},
{"type":"Feature","geometry":{"type":"Point","coordinates":[35.54225175096768,33.88827151038598]},"properties":{"fid":2156,"OBJECTID":null,"ID":null,"Pcode":null,"Governorat":null,"District":null,"Cadaster":null,"HC_name":null,"MOPH":null,"Accessible":null,"Accreditat":null,"Update_Inf":null,"Thumb_url":null,"Guarantors":null,"Center_typ":null,"Malnu_Scre":null,"Malnu_Mng":null,"Malnu_fees":null,"Longitude":null,"Latitude":null,"HAB_Code":null,"Catch_Area":null,"Consul_fee":null,"Immuni_fee":null,"ACS_Code":"22111","Interview":null,"GlobalID":"5fd4fa34-d41d-48e4-84af-b96cba359943","CreationDate":"2020-05-26T20:28:44.817","Creator":"alisaad@unhabitat","EditDate":"2020-05-28T16:26:34.079","Editor":"alisaad@unhabitat","Mohafaza":"Mount Lebanon","Caza":"El Meten","ACS_NAME":"Bourj Hammoud","HABITAT_Co":null,"Data_year":null,"Name_of_th":"Bourj Hammoud Public School","Facility_t":null,"Physical_c":null,"Total_regi":null,"No__of_shi":null,"AM_shift":null,"PM_shift":null,"Over_capac":null,"Dropouts":null,"CERD":null,"School_Nam":"Bourj Hammoud Public School","CAD_CODE":"22001","secondshif":null,"Interviewe":"No","SDC_Name":null,"KADA_NA":null,"MOH_NA1":null,"OBJECTID_1":null,"Name":null,"Beds":null,"Beds_Habit":null,"Gateway_T":null,"Type_Code":null,"layer":"UNH_PS","path":"C:/Users/guest1/Documents/WORKING_WEB_4/WORKING_WEB.gpkg|layername=UNH_PS"}},
{"type":"Feature","geometry":{"type":"Point","coordinates":[35.541173157603616,33.88765962467956]},"properties":{"fid":2157,"OBJECTID":null,"ID":null,"Pcode":null,"Governorat":null,"District":null,"Cadaster":null,"HC_name":null,"MOPH":null,"Accessible":null,"Accreditat":null,"Update_Inf":null,"Thumb_url":null,"Guarantors":null,"Center_typ":null,"Malnu_Scre":null,"Malnu_Mng":null,"Malnu_fees":null,"Longitude":null,"Latitude":null,"HAB_Code":null,"Catch_Area":null,"Consul_fee":null,"Immuni_fee":null,"ACS_Code":"22111","Interview":null,"GlobalID":"2d835825-f22d-42e3-8dd5-8533172d9d68","CreationDate":"2020-05-26T21:02:51.089","Creator":"alisaad@unhabitat","EditDate":"2020-05-28T16:23:25.794","Editor":"alisaad@unhabitat","Mohafaza":"Mount Lebanon","Caza":"El Meten","ACS_NAME":"Bourj Hammoud","HABITAT_Co":null,"Data_year":null,"Name_of_th":"El-Muwaten School","Facility_t":null,"Physical_c":null,"Total_regi":null,"No__of_shi":null,"AM_shift":null,"PM_shift":null,"Over_capac":null,"Dropouts":null,"CERD":null,"School_Nam":"El-Muwaten School","CAD_CODE":"22001","secondshif":null,"Interviewe":"No","SDC_Name":null,"KADA_NA":null,"MOH_NA1":null,"OBJECTID_1":null,"Name":null,"Beds":null,"Beds_Habit":null,"Gateway_T":null,"Type_Code":null,"layer":"UNH_PS","path":"C:/Users/guest1/Documents/WORKING_WEB_4/WORKING_WEB.gpkg|layername=UNH_PS"}},
{"type":"Feature","geometry":{"type":"Point","coordinates":[35.543237500499586,33.886741578003]},"properties":{"fid":2158,"OBJECTID":null,"ID":null,"Pcode":null,"Governorat":null,"District":null,"Cadaster":null,"HC_name":null,"MOPH":null,"Accessible":null,"Accreditat":null,"Update_Inf":null,"Thumb_url":null,"Guarantors":null,"Center_typ":null,"Malnu_Scre":null,"Malnu_Mng":null,"Malnu_fees":null,"Longitude":null,"Latitude":null,"HAB_Code":null,"Catch_Area":null,"Consul_fee":null,"Immuni_fee":null,"ACS_Code":"22111","Interview":null,"GlobalID":"088c86e1-6281-40c8-b78b-eaaa3cf99a94","CreationDate":"2020-05-26T21:03:19.309","Creator":"alisaad@unhabitat","EditDate":"2020-05-28T16:21:17.740","Editor":"alisaad@unhabitat","Mohafaza":"Mount Lebanon","Caza":"El Meten","ACS_NAME":"Bourj Hammoud","HABITAT_Co":null,"Data_year":null,"Name_of_th":"El-Sharki Syrian School","Facility_t":null,"Physical_c":null,"Total_regi":null,"No__of_shi":null,"AM_shift":null,"PM_shift":null,"Over_capac":null,"Dropouts":null,"CERD":null,"School_Nam":"El-Sharki Syrian School","CAD_CODE":"22001","secondshif":null,"Interviewe":"No","SDC_Name":null,"KADA_NA":null,"MOH_NA1":null,"OBJECTID_1":null,"Name":null,"Beds":null,"Beds_Habit":null,"Gateway_T":null,"Type_Code":null,"layer":"UNH_PS","path":"C:/Users/guest1/Documents/WORKING_WEB_4/WORKING_WEB.gpkg|layername=UNH_PS"}},
{"type":"Feature","geometry":{"type":"Point","coordinates":[35.53859764456493,33.88601121346477]},"properties":{"fid":2159,"OBJECTID":null,"ID":null,"Pcode":null,"Governorat":null,"District":null,"Cadaster":null,"HC_name":null,"MOPH":null,"Accessible":null,"Accreditat":null,"Update_Inf":null,"Thumb_url":null,"Guarantors":null,"Center_typ":null,"Malnu_Scre":null,"Malnu_Mng":null,"Malnu_fees":null,"Longitude":null,"Latitude":null,"HAB_Code":null,"Catch_Area":null,"Consul_fee":null,"Immuni_fee":null,"ACS_Code":"22111","Interview":null,"GlobalID":"59e6a1f1-e054-45b9-a022-adf12205883c","CreationDate":"2020-05-26T21:03:35.928","Creator":"alisaad@unhabitat","EditDate":"2020-05-28T15:00:32.163","Editor":"alisaad@unhabitat","Mohafaza":"Mount Lebanon","Caza":"El Meten","ACS_NAME":"Bourj Hammoud","HABITAT_Co":null,"Data_year":null,"Name_of_th":"Mar Takla School","Facility_t":null,"Physical_c":null,"Total_regi":null,"No__of_shi":null,"AM_shift":null,"PM_shift":null,"Over_capac":null,"Dropouts":null,"CERD":null,"School_Nam":"Mar Takla School","CAD_CODE":"22001","secondshif":null,"Interviewe":"No","SDC_Name":null,"KADA_NA":null,"MOH_NA1":null,"OBJECTID_1":null,"Name":null,"Beds":null,"Beds_Habit":null,"Gateway_T":null,"Type_Code":null,"layer":"UNH_PS","path":"C:/Users/guest1/Documents/WORKING_WEB_4/WORKING_WEB.gpkg|layername=UNH_PS"}},
{"type":"Feature","geometry":{"type":"Point","coordinates":[35.54598720748547,33.8958819133575]},"properties":{"fid":2189,"OBJECTID":12,"ID":null,"Pcode":null,"Governorat":null,"District":null,"Cadaster":null,"HC_name":null,"MOPH":null,"Accessible":null,"Accreditat":null,"Update_Inf":"","Thumb_url":"","Guarantors":null,"Center_typ":null,"Malnu_Scre":null,"Malnu_Mng":null,"Malnu_fees":null,"Longitude":null,"Latitude":null,"HAB_Code":"","Catch_Area":null,"Consul_fee":null,"Immuni_fee":null,"ACS_Code":"22111","Interview":null,"GlobalID":"0da8579b-aa25-4fda-96ff-73344f59434f","CreationDate":"2020-05-26T17:30:54.095","Creator":"alisaad@unhabitat","EditDate":"2020-05-26T17:30:54.095","Editor":"alisaad@unhabitat","Mohafaza":null,"Caza":null,"ACS_NAME":"Bourj Hammoud","HABITAT_Co":null,"Data_year":null,"Name_of_th":null,"Facility_t":null,"Physical_c":null,"Total_regi":null,"No__of_shi":null,"AM_shift":null,"PM_shift":null,"Over_capac":null,"Dropouts":null,"CERD":null,"School_Nam":null,"CAD_CODE":null,"secondshif":null,"Interviewe":null,"SDC_Name":"Bourj Hammoud","KADA_NA":"El Metn","MOH_NA1":"Mount Lebanon","OBJECTID_1":null,"Name":null,"Beds":null,"Beds_Habit":null,"Gateway_T":null,"Type_Code":null,"layer":"UNH_SDC","path":"C:/Users/guest1/Documents/WORKING_WEB_4/WORKING_WEB.gpkg|layername=UNH_SDC"}},
{"type":"Feature","geometry":{"type":"Point","coordinates":[35.556484559992185,33.8849817415486]},"properties":{"fid":2190,"OBJECTID":14,"ID":null,"Pcode":null,"Governorat":null,"District":null,"Cadaster":null,"HC_name":null,"MOPH":null,"Accessible":null,"Accreditat":null,"Update_Inf":"","Thumb_url":"","Guarantors":null,"Center_typ":null,"Malnu_Scre":null,"Malnu_Mng":null,"Malnu_fees":null,"Longitude":null,"Latitude":null,"HAB_Code":"","Catch_Area":null,"Consul_fee":null,"Immuni_fee":null,"ACS_Code":"22228","Interview":null,"GlobalID":"521365af-92be-474d-9f4a-9ec03589801f","CreationDate":"2020-05-26T17:30:54.095","Creator":"alisaad@unhabitat","EditDate":"2020-05-26T17:30:54.095","Editor":"alisaad@unhabitat","Mohafaza":null,"Caza":null,"ACS_NAME":"Baouchriyé","HABITAT_Co":null,"Data_year":null,"Name_of_th":null,"Facility_t":null,"Physical_c":null,"Total_regi":null,"No__of_shi":null,"AM_shift":null,"PM_shift":null,"Over_capac":null,"Dropouts":null,"CERD":null,"School_Nam":null,"CAD_CODE":null,"secondshif":null,"Interviewe":null,"SDC_Name":"Sad el Baouchriyeh","KADA_NA":"El Metn","MOH_NA1":"Mount Lebanon","OBJECTID_1":null,"Name":null,"Beds":null,"Beds_Habit":null,"Gateway_T":null,"Type_Code":null,"layer":"UNH_SDC","path":"C:/Users/guest1/Documents/WORKING_WEB_4/WORKING_WEB.gpkg|layername=UNH_SDC"}},
{"type":"Feature","geometry":{"type":"Point","coordinates":[35.48761077875654,33.88371153817698]},"properties":{"fid":2191,"OBJECTID":2,"ID":null,"Pcode":null,"Governorat":null,"District":null,"Cadaster":null,"HC_name":null,"MOPH":null,"Accessible":null,"Accreditat":null,"Update_Inf":"","Thumb_url":"","Guarantors":null,"Center_typ":null,"Malnu_Scre":null,"Malnu_Mng":null,"Malnu_fees":null,"Longitude":null,"Latitude":null,"HAB_Code":"","Catch_Area":null,"Consul_fee":null,"Immuni_fee":null,"ACS_Code":"10210","Interview":null,"GlobalID":"b3c6076d-8b4c-4595-90e9-40d30edb33e8","CreationDate":"2020-05-26T17:30:54.095","Creator":"alisaad@unhabitat","EditDate":"2020-05-26T17:30:54.095","Editor":"alisaad@unhabitat","Mohafaza":null,"Caza":null,"ACS_NAME":"Msaitbé foncière","HABITAT_Co":null,"Data_year":null,"Name_of_th":null,"Facility_t":null,"Physical_c":null,"Total_regi":null,"No__of_shi":null,"AM_shift":null,"PM_shift":null,"Over_capac":null,"Dropouts":null,"CERD":null,"School_Nam":null,"CAD_CODE":null,"secondshif":null,"Interviewe":null,"SDC_Name":"Msaitbi","KADA_NA":"Beirut","MOH_NA1":"Beirut","OBJECTID_1":null,"Name":null,"Beds":null,"Beds_Habit":null,"Gateway_T":null,"Type_Code":null,"layer":"UNH_SDC","path":"C:/Users/guest1/Documents/WORKING_WEB_4/WORKING_WEB.gpkg|layername=UNH_SDC"}},
{"type":"Feature","geometry":{"type":"Point","coordinates":[35.52067884495586,33.88592867613179]},"properties":{"fid":2192,"OBJECTID":1,"ID":null,"Pcode":null,"Governorat":null,"District":null,"Cadaster":null,"HC_name":null,"MOPH":null,"Accessible":null,"Accreditat":null,"Update_Inf":"","Thumb_url":"","Guarantors":null,"Center_typ":null,"Malnu_Scre":null,"Malnu_Mng":null,"Malnu_fees":null,"Longitude":null,"Latitude":null,"HAB_Code":"","Catch_Area":null,"Consul_fee":null,"Immuni_fee":null,"ACS_Code":"10650","Interview":null,"GlobalID":"5de3b3e0-4f0f-4572-9e52-6c25138de5dc","CreationDate":"2020-05-26T17:30:54.095","Creator":"alisaad@unhabitat","EditDate":"2020-05-26T17:30:54.095","Editor":"alisaad@unhabitat","Mohafaza":null,"Caza":null,"ACS_NAME":"Achrafieh foncière","HABITAT_Co":null,"Data_year":null,"Name_of_th":null,"Facility_t":null,"Physical_c":null,"Total_regi":null,"No__of_shi":null,"AM_shift":null,"PM_shift":null,"Over_capac":null,"Dropouts":null,"CERD":null,"School_Nam":null,"CAD_CODE":null,"secondshif":null,"Interviewe":null,"SDC_Name":"Achrafyieh","KADA_NA":"Beirut","MOH_NA1":"Beirut","OBJECTID_1":null,"Name":null,"Beds":null,"Beds_Habit":null,"Gateway_T":null,"Type_Code":null,"layer":"UNH_SDC","path":"C:/Users/guest1/Documents/WORKING_WEB_4/WORKING_WEB.gpkg|layername=UNH_SDC"}},
{"type":"Feature","geometry":{"type":"Point","coordinates":[35.53598147907851,33.87397587996931]},"properties":{"fid":2193,"OBJECTID":13,"ID":null,"Pcode":null,"Governorat":null,"District":null,"Cadaster":null,"HC_name":null,"MOPH":null,"Accessible":null,"Accreditat":null,"Update_Inf":"","Thumb_url":"","Guarantors":null,"Center_typ":null,"Malnu_Scre":null,"Malnu_Mng":null,"Malnu_fees":null,"Longitude":null,"Latitude":null,"HAB_Code":"","Catch_Area":null,"Consul_fee":null,"Immuni_fee":null,"ACS_Code":"22155","Interview":null,"GlobalID":"7e7e31c5-5505-4f9a-94e1-154f173718ef","CreationDate":"2020-05-26T17:30:54.095","Creator":"alisaad@unhabitat","EditDate":"2020-05-26T17:30:54.095","Editor":"alisaad@unhabitat","Mohafaza":null,"Caza":null,"ACS_NAME":"Sinn El-Fil","HABITAT_Co":null,"Data_year":null,"Name_of_th":null,"Facility_t":null,"Physical_c":null,"Total_regi":null,"No__of_shi":null,"AM_shift":null,"PM_shift":null,"Over_capac":null,"Dropouts":null,"CERD":null,"School_Nam":null,"CAD_CODE":null,"secondshif":null,"Interviewe":null,"SDC_Name":"Sinn El Fil","KADA_NA":"El Metn","MOH_NA1":"Mount Lebanon","OBJECTID_1":null,"Name":null,"Beds":null,"Beds_Habit":null,"Gateway_T":null,"Type_Code":null,"layer":"UNH_SDC","path":"C:/Users/guest1/Documents/WORKING_WEB_4/WORKING_WEB.gpkg|layername=UNH_SDC"}},
{"type":"Feature","geometry":{"type":"Point","coordinates":[35.50488745627642,33.88215048708081]},"properties":{"fid":2194,"OBJECTID":3,"ID":null,"Pcode":null,"Governorat":null,"District":null,"Cadaster":null,"HC_name":null,"MOPH":null,"Accessible":null,"Accreditat":null,"Update_Inf":"","Thumb_url":"","Guarantors":null,"Center_typ":null,"Malnu_Scre":null,"Malnu_Mng":null,"Malnu_fees":null,"Longitude":null,"Latitude":null,"HAB_Code":"","Catch_Area":null,"Consul_fee":null,"Immuni_fee":null,"ACS_Code":"10310","Interview":null,"GlobalID":"01b8f922-3ff8-48af-8c3a-2ffdc5233a64","CreationDate":"2020-05-26T17:30:54.095","Creator":"alisaad@unhabitat","EditDate":"2020-05-26T17:30:54.095","Editor":"alisaad@unhabitat","Mohafaza":null,"Caza":null,"ACS_NAME":"Mazraa foncière","HABITAT_Co":null,"Data_year":null,"Name_of_th":null,"Facility_t":null,"Physical_c":null,"Total_regi":null,"No__of_shi":null,"AM_shift":null,"PM_shift":null,"Over_capac":null,"Dropouts":null,"CERD":null,"School_Nam":null,"CAD_CODE":null,"secondshif":null,"Interviewe":null,"SDC_Name":"Mazraa","KADA_NA":"Beirut","MOH_NA1":"Beirut","OBJECTID_1":null,"Name":null,"Beds":null,"Beds_Habit":null,"Gateway_T":null,"Type_Code":null,"layer":"UNH_SDC","path":"C:/Users/guest1/Documents/WORKING_WEB_4/WORKING_WEB.gpkg|layername=UNH_SDC"}},
{"type":"Feature","geometry":{"type":"Point","coordinates":[35.50244551130547,33.87158747362448]},"properties":{"fid":2195,"OBJECTID":91,"ID":null,"Pcode":null,"Governorat":null,"District":null,"Cadaster":null,"HC_name":null,"MOPH":null,"Accessible":null,"Accreditat":null,"Update_Inf":"","Thumb_url":"","Guarantors":null,"Center_typ":null,"Malnu_Scre":null,"Malnu_Mng":null,"Malnu_fees":null,"Longitude":null,"Latitude":null,"HAB_Code":"","Catch_Area":null,"Consul_fee":null,"Immuni_fee":null,"ACS_Code":"10310","Interview":null,"GlobalID":"67478a9c-b839-4bac-a53f-31ff8236d7f6","CreationDate":"2020-05-26T17:30:54.095","Creator":"alisaad@unhabitat","EditDate":"2020-05-26T17:30:54.095","Editor":"alisaad@unhabitat","Mohafaza":null,"Caza":null,"ACS_NAME":"Mazraa foncière","HABITAT_Co":null,"Data_year":null,"Name_of_th":null,"Facility_t":null,"Physical_c":null,"Total_regi":null,"No__of_shi":null,"AM_shift":null,"PM_shift":null,"Over_capac":null,"Dropouts":null,"CERD":null,"School_Nam":null,"CAD_CODE":null,"secondshif":null,"Interviewe":null,"SDC_Name":"Tarik El Jdidi","KADA_NA":"Beirut","MOH_NA1":"Beirut","OBJECTID_1":null,"Name":null,"Beds":null,"Beds_Habit":null,"Gateway_T":null,"Type_Code":null,"layer":"UNH_SDC","path":"C:/Users/guest1/Documents/WORKING_WEB_4/WORKING_WEB.gpkg|layername=UNH_SDC"}},
{"type":"Feature","geometry":{"type":"Point","coordinates":[35.48925067677388,33.86024700506561]},"properties":{"fid":2196,"OBJECTID":4,"ID":null,"Pcode":null,"Governorat":null,"District":null,"Cadaster":null,"HC_name":null,"MOPH":null,"Accessible":null,"Accreditat":null,"Update_Inf":"","Thumb_url":"","Guarantors":null,"Center_typ":null,"Malnu_Scre":null,"Malnu_Mng":null,"Malnu_fees":null,"Longitude":null,"Latitude":null,"HAB_Code":"","Catch_Area":null,"Consul_fee":null,"Immuni_fee":null,"ACS_Code":"21111","Interview":null,"GlobalID":"928597ea-54fb-4f56-ba14-ad097bf64d4e","CreationDate":"2020-05-26T17:30:54.095","Creator":"alisaad@unhabitat","EditDate":"2020-05-26T17:30:54.095","Editor":"alisaad@unhabitat","Mohafaza":null,"Caza":null,"ACS_NAME":"Chiyah","HABITAT_Co":null,"Data_year":null,"Name_of_th":null,"Facility_t":null,"Physical_c":null,"Total_regi":null,"No__of_shi":null,"AM_shift":null,"PM_shift":null,"Over_capac":null,"Dropouts":null,"CERD":null,"School_Nam":null,"CAD_CODE":null,"secondshif":null,"Interviewe":null,"SDC_Name":"Chiah","KADA_NA":"Baabda","MOH_NA1":"Mount Lebanon","OBJECTID_1":null,"Name":null,"Beds":null,"Beds_Habit":null,"Gateway_T":null,"Type_Code":null,"layer":"UNH_SDC","path":"C:/Users/guest1/Documents/WORKING_WEB_4/WORKING_WEB.gpkg|layername=UNH_SDC"}},
{"type":"Feature","geometry":{"type":"Point","coordinates":[35.515871843653215,33.866340988215214]},"properties":{"fid":2197,"OBJECTID":89,"ID":null,"Pcode":null,"Governorat":null,"District":null,"Cadaster":null,"HC_name":null,"MOPH":null,"Accessible":null,"Accreditat":null,"Update_Inf":"","Thumb_url":"","Guarantors":null,"Center_typ":null,"Malnu_Scre":null,"Malnu_Mng":null,"Malnu_fees":null,"Longitude":null,"Latitude":null,"HAB_Code":"","Catch_Area":null,"Consul_fee":null,"Immuni_fee":null,"ACS_Code":"21111","Interview":null,"GlobalID":"539877e2-dfaa-4cac-a374-b070af11411c","CreationDate":"2020-05-26T17:30:54.095","Creator":"alisaad@unhabitat","EditDate":"2020-05-26T17:30:54.095","Editor":"alisaad@unhabitat","Mohafaza":null,"Caza":null,"ACS_NAME":"Chiyah","HABITAT_Co":null,"Data_year":null,"Name_of_th":null,"Facility_t":null,"Physical_c":null,"Total_regi":null,"No__of_shi":null,"AM_shift":null,"PM_shift":null,"Over_capac":null,"Dropouts":null,"CERD":null,"School_Nam":null,"CAD_CODE":null,"secondshif":null,"Interviewe":null,"SDC_Name":"Ain El Rammaneh","KADA_NA":"Baabda","MOH_NA1":"Mount Lebanon","OBJECTID_1":null,"Name":null,"Beds":null,"Beds_Habit":null,"Gateway_T":null,"Type_Code":null,"layer":"UNH_SDC","path":"C:/Users/guest1/Documents/WORKING_WEB_4/WORKING_WEB.gpkg|layername=UNH_SDC"}},
{"type":"Feature","geometry":{"type":"Point","coordinates":[35.500386095738655,33.839910000430706]},"properties":{"fid":2199,"OBJECTID":5,"ID":null,"Pcode":null,"Governorat":null,"District":null,"Cadaster":null,"HC_name":null,"MOPH":null,"Accessible":null,"Accreditat":null,"Update_Inf":"","Thumb_url":"","Guarantors":null,"Center_typ":null,"Malnu_Scre":null,"Malnu_Mng":null,"Malnu_fees":null,"Longitude":null,"Latitude":null,"HAB_Code":"","Catch_Area":null,"Consul_fee":null,"Immuni_fee":null,"ACS_Code":"21177","Interview":null,"GlobalID":"b11263de-51d3-4a23-a956-567c9c6e697f","CreationDate":"2020-05-26T17:30:54.095","Creator":"alisaad@unhabitat","EditDate":"2020-05-26T17:30:54.095","Editor":"alisaad@unhabitat","Mohafaza":null,"Caza":null,"ACS_NAME":"Bourj El-Brajneh","HABITAT_Co":null,"Data_year":null,"Name_of_th":null,"Facility_t":null,"Physical_c":null,"Total_regi":null,"No__of_shi":null,"AM_shift":null,"PM_shift":null,"Over_capac":null,"Dropouts":null,"CERD":null,"School_Nam":null,"CAD_CODE":null,"secondshif":null,"Interviewe":null,"SDC_Name":"Borge el Baragenat","KADA_NA":"Baabda","MOH_NA1":"Mount Lebanon","OBJECTID_1":null,"Name":null,"Beds":null,"Beds_Habit":null,"Gateway_T":null,"Type_Code":null,"layer":"UNH_SDC","path":"C:/Users/guest1/Documents/WORKING_WEB_4/WORKING_WEB.gpkg|layername=UNH_SDC"}},
{"type":"Feature","geometry":{"type":"Point","coordinates":[35.51729846193342,33.81894659503525]},"properties":{"fid":2200,"OBJECTID":11,"ID":null,"Pcode":null,"Governorat":null,"District":null,"Cadaster":null,"HC_name":null,"MOPH":null,"Accessible":null,"Accreditat":null,"Update_Inf":"","Thumb_url":"","Guarantors":null,"Center_typ":null,"Malnu_Scre":null,"Malnu_Mng":null,"Malnu_fees":null,"Longitude":null,"Latitude":null,"HAB_Code":"","Catch_Area":null,"Consul_fee":null,"Immuni_fee":null,"ACS_Code":"24111","Interview":null,"GlobalID":"70ef4051-96d0-4f21-8ca1-e3d0f2229cc9","CreationDate":"2020-05-26T17:30:54.095","Creator":"alisaad@unhabitat","EditDate":"2020-05-26T17:30:54.095","Editor":"alisaad@unhabitat","Mohafaza":null,"Caza":null,"ACS_NAME":"Choueifat El-Aamrousiyé","HABITAT_Co":null,"Data_year":null,"Name_of_th":null,"Facility_t":null,"Physical_c":null,"Total_regi":null,"No__of_shi":null,"AM_shift":null,"PM_shift":null,"Over_capac":null,"Dropouts":null,"CERD":null,"School_Nam":null,"CAD_CODE":null,"secondshif":null,"Interviewe":null,"SDC_Name":"Hay el Sellom","KADA_NA":"Aley","MOH_NA1":"Mount Lebanon","OBJECTID_1":null,"Name":null,"Beds":null,"Beds_Habit":null,"Gateway_T":null,"Type_Code":null,"layer":"UNH_SDC","path":"C:/Users/guest1/Documents/WORKING_WEB_4/WORKING_WEB.gpkg|layername=UNH_SDC"}},
{"type":"Feature","geometry":{"type":"Point","coordinates":[35.5882448880089,33.79789007968739]},"properties":{"fid":2201,"OBJECTID":6,"ID":null,"Pcode":null,"Governorat":null,"District":null,"Cadaster":null,"HC_name":null,"MOPH":null,"Accessible":null,"Accreditat":null,"Update_Inf":"","Thumb_url":"","Guarantors":null,"Center_typ":null,"Malnu_Scre":null,"Malnu_Mng":null,"Malnu_fees":null,"Longitude":null,"Latitude":null,"HAB_Code":"","Catch_Area":null,"Consul_fee":null,"Immuni_fee":null,"ACS_Code":"24311","Interview":null,"GlobalID":"15241864-29d8-4c2c-a6bd-3f14bf7c07a4","CreationDate":"2020-05-26T17:30:54.095","Creator":"alisaad@unhabitat","EditDate":"2020-05-26T17:30:54.095","Editor":"alisaad@unhabitat","Mohafaza":null,"Caza":null,"ACS_NAME":"Aaley","HABITAT_Co":null,"Data_year":null,"Name_of_th":null,"Facility_t":null,"Physical_c":null,"Total_regi":null,"No__of_shi":null,"AM_shift":null,"PM_shift":null,"Over_capac":null,"Dropouts":null,"CERD":null,"School_Nam":null,"CAD_CODE":null,"secondshif":null,"Interviewe":null,"SDC_Name":"Aley","KADA_NA":"Aley","MOH_NA1":"Mount Lebanon","OBJECTID_1":null,"Name":null,"Beds":null,"Beds_Habit":null,"Gateway_T":null,"Type_Code":null,"layer":"UNH_SDC","path":"C:/Users/guest1/Documents/WORKING_WEB_4/WORKING_WEB.gpkg|layername=UNH_SDC"}},
{"type":"Feature","geometry":{"type":"Point","coordinates":[35.51251186819367,33.853974557678164]},"properties":{"fid":2226,"OBJECTID":90,"ID":null,"Pcode":null,"Governorat":null,"District":null,"Cadaster":null,"HC_name":null,"MOPH":null,"Accessible":null,"Accreditat":null,"Update_Inf":"","Thumb_url":"","Guarantors":null,"Center_typ":null,"Malnu_Scre":null,"Malnu_Mng":null,"Malnu_fees":null,"Longitude":null,"Latitude":null,"HAB_Code":"","Catch_Area":null,"Consul_fee":null,"Immuni_fee":null,"ACS_Code":"21144","Interview":null,"GlobalID":"5fd5a644-e570-4082-85a3-39d6f58d0bc6","CreationDate":"2020-05-26T17:30:54.095","Creator":"alisaad@unhabitat","EditDate":"2020-05-26T17:30:54.095","Editor":"alisaad@unhabitat","Mohafaza":null,"Caza":null,"ACS_NAME":"Haret Hreik","HABITAT_Co":null,"Data_year":null,"Name_of_th":null,"Facility_t":null,"Physical_c":null,"Total_regi":null,"No__of_shi":null,"AM_shift":null,"PM_shift":null,"Over_capac":null,"Dropouts":null,"CERD":null,"School_Nam":null,"CAD_CODE":null,"secondshif":null,"Interviewe":null,"SDC_Name":"Al Ghbairi","KADA_NA":"Baabda","MOH_NA1":"Mount Lebanon","OBJECTID_1":null,"Name":null,"Beds":null,"Beds_Habit":null,"Gateway_T":null,"Type_Code":null,"layer":"UNH_SDC","path":"C:/Users/guest1/Documents/WORKING_WEB_4/WORKING_WEB.gpkg|layername=UNH_SDC"}},
{"type":"Feature","geometry":{"type":"Point","coordinates":[35.48482990031065,33.80899785385613]},"properties":{"fid":2227,"OBJECTID":8,"ID":null,"Pcode":null,"Governorat":null,"District":null,"Cadaster":null,"HC_name":null,"MOPH":null,"Accessible":null,"Accreditat":null,"Update_Inf":"","Thumb_url":"","Guarantors":null,"Center_typ":null,"Malnu_Scre":null,"Malnu_Mng":null,"Malnu_fees":null,"Longitude":null,"Latitude":null,"HAB_Code":"","Catch_Area":null,"Consul_fee":null,"Immuni_fee":null,"ACS_Code":"24133","Interview":null,"GlobalID":"b495b5d7-c649-4709-833b-27896899f7f9","CreationDate":"2020-05-26T17:30:54.095","Creator":"alisaad@unhabitat","EditDate":"2020-05-26T17:30:54.095","Editor":"alisaad@unhabitat","Mohafaza":null,"Caza":null,"ACS_NAME":"Choueifat El-Quoubbé","HABITAT_Co":null,"Data_year":null,"Name_of_th":null,"Facility_t":null,"Physical_c":null,"Total_regi":null,"No__of_shi":null,"AM_shift":null,"PM_shift":null,"Over_capac":null,"Dropouts":null,"CERD":null,"School_Nam":null,"CAD_CODE":null,"secondshif":null,"Interviewe":null,"SDC_Name":"Chouaifat","KADA_NA":"Aley","MOH_NA1":"Mount Lebanon","OBJECTID_1":null,"Name":null,"Beds":null,"Beds_Habit":null,"Gateway_T":null,"Type_Code":null,"layer":"UNH_SDC","path":"C:/Users/guest1/Documents/WORKING_WEB_4/WORKING_WEB.gpkg|layername=UNH_SDC"}},
{"type":"Feature","geometry":{"type":"Point","coordinates":[35.688215398404566,33.91646720963349]},"properties":{"fid":2237,"OBJECTID":15,"ID":null,"Pcode":null,"Governorat":null,"District":null,"Cadaster":null,"HC_name":null,"MOPH":null,"Accessible":null,"Accreditat":null,"Update_Inf":"","Thumb_url":"","Guarantors":null,"Center_typ":null,"Malnu_Scre":null,"Malnu_Mng":null,"Malnu_fees":null,"Longitude":null,"Latitude":null,"HAB_Code":"","Catch_Area":null,"Consul_fee":null,"Immuni_fee":null,"ACS_Code":"22511","Interview":null,"GlobalID":"9e0d82a0-a13e-40bc-b931-57c9c2d802ef","CreationDate":"2020-05-26T17:30:54.095","Creator":"alisaad@unhabitat","EditDate":"2020-05-26T17:30:54.095","Editor":"alisaad@unhabitat","Mohafaza":null,"Caza":null,"ACS_NAME":"Bikfaya","HABITAT_Co":null,"Data_year":null,"Name_of_th":null,"Facility_t":null,"Physical_c":null,"Total_regi":null,"No__of_shi":null,"AM_shift":null,"PM_shift":null,"Over_capac":null,"Dropouts":null,"CERD":null,"School_Nam":null,"CAD_CODE":null,"secondshif":null,"Interviewe":null,"SDC_Name":"Bikfaya","KADA_NA":"El Metn","MOH_NA1":"Mount Lebanon","OBJECTID_1":null,"Name":null,"Beds":null,"Beds_Habit":null,"Gateway_T":null,"Type_Code":null,"layer":"UNH_SDC","path":"C:/Users/guest1/Documents/WORKING_WEB_4/WORKING_WEB.gpkg|layername=UNH_SDC"}},
{"type":"Feature","geometry":{"type":"Point","coordinates":[35.67313188743403,33.889866669467274]},"properties":{"fid":2238,"OBJECTID":17,"ID":null,"Pcode":null,"Governorat":null,"District":null,"Cadaster":null,"HC_name":null,"MOPH":null,"Accessible":null,"Accreditat":null,"Update_Inf":"","Thumb_url":"","Guarantors":null,"Center_typ":null,"Malnu_Scre":null,"Malnu_Mng":null,"Malnu_fees":null,"Longitude":null,"Latitude":null,"HAB_Code":"","Catch_Area":null,"Consul_fee":null,"Immuni_fee":null,"ACS_Code":"22659","Interview":null,"GlobalID":"e77d0a55-c1bc-4c1a-8b83-598db5b44c6a","CreationDate":"2020-05-26T17:30:54.095","Creator":"alisaad@unhabitat","EditDate":"2020-05-26T17:30:54.095","Editor":"alisaad@unhabitat","Mohafaza":null,"Caza":null,"ACS_NAME":"Baabdat","HABITAT_Co":null,"Data_year":null,"Name_of_th":null,"Facility_t":null,"Physical_c":null,"Total_regi":null,"No__of_shi":null,"AM_shift":null,"PM_shift":null,"Over_capac":null,"Dropouts":null,"CERD":null,"School_Nam":null,"CAD_CODE":null,"secondshif":null,"Interviewe":null,"SDC_Name":"Baabdat","KADA_NA":"El Metn","MOH_NA1":"Mount Lebanon","OBJECTID_1":null,"Name":null,"Beds":null,"Beds_Habit":null,"Gateway_T":null,"Type_Code":null,"layer":"UNH_SDC","path":"C:/Users/guest1/Documents/WORKING_WEB_4/WORKING_WEB.gpkg|layername=UNH_SDC"}},
{"type":"Feature","geometry":{"type":"Point","coordinates":[35.61972385683108,33.89289713388511]},"properties":{"fid":2255,"OBJECTID":98,"ID":null,"Pcode":null,"Governorat":null,"District":null,"Cadaster":null,"HC_name":null,"MOPH":null,"Accessible":null,"Accreditat":null,"Update_Inf":"","Thumb_url":"","Guarantors":null,"Center_typ":null,"Malnu_Scre":null,"Malnu_Mng":null,"Malnu_fees":null,"Longitude":null,"Latitude":null,"HAB_Code":"","Catch_Area":null,"Consul_fee":null,"Immuni_fee":null,"ACS_Code":"22643","Interview":null,"GlobalID":"7e178d25-af27-4900-8cc7-dc589e4c9781","CreationDate":"2020-05-26T17:30:54.095","Creator":"alisaad@unhabitat","EditDate":"2020-05-26T17:30:54.095","Editor":"alisaad@unhabitat","Mohafaza":null,"Caza":null,"ACS_NAME":"Qennabet Broummana","HABITAT_Co":null,"Data_year":null,"Name_of_th":null,"Facility_t":null,"Physical_c":null,"Total_regi":null,"No__of_shi":null,"AM_shift":null,"PM_shift":null,"Over_capac":null,"Dropouts":null,"CERD":null,"School_Nam":null,"CAD_CODE":null,"secondshif":null,"Interviewe":null,"SDC_Name":"Kanabet Broumana","KADA_NA":"El Metn","MOH_NA1":"Mount Lebanon","OBJECTID_1":null,"Name":null,"Beds":null,"Beds_Habit":null,"Gateway_T":null,"Type_Code":null,"layer":"UNH_SDC","path":"C:/Users/guest1/Documents/WORKING_WEB_4/WORKING_WEB.gpkg|layername=UNH_SDC"}},
{"type":"Feature","geometry":{"type":"Point","coordinates":[35.592530866138524,33.88378559193514]},"properties":{"fid":2256,"OBJECTID":92,"ID":null,"Pcode":null,"Governorat":null,"District":null,"Cadaster":null,"HC_name":null,"MOPH":null,"Accessible":null,"Accreditat":null,"Update_Inf":"","Thumb_url":"","Guarantors":null,"Center_typ":null,"Malnu_Scre":null,"Malnu_Mng":null,"Malnu_fees":null,"Longitude":null,"Latitude":null,"HAB_Code":"","Catch_Area":null,"Consul_fee":null,"Immuni_fee":null,"ACS_Code":"22427","Interview":null,"GlobalID":"5b5ae324-51b4-458f-a5d9-ae45721297cb","CreationDate":"2020-05-26T17:30:54.095","Creator":"alisaad@unhabitat","EditDate":"2020-05-26T17:30:54.095","Editor":"alisaad@unhabitat","Mohafaza":null,"Caza":null,"ACS_NAME":"Roumié","HABITAT_Co":null,"Data_year":null,"Name_of_th":null,"Facility_t":null,"Physical_c":null,"Total_regi":null,"No__of_shi":null,"AM_shift":null,"PM_shift":null,"Over_capac":null,"Dropouts":null,"CERD":null,"School_Nam":null,"CAD_CODE":null,"secondshif":null,"Interviewe":null,"SDC_Name":"Roumieh","KADA_NA":"El Metn","MOH_NA1":"Mount Lebanon","OBJECTID_1":null,"Name":null,"Beds":null,"Beds_Habit":null,"Gateway_T":null,"Type_Code":null,"layer":"UNH_SDC","path":"C:/Users/guest1/Documents/WORKING_WEB_4/WORKING_WEB.gpkg|layername=UNH_SDC"}},
{"type":"Feature","geometry":{"type":"Point","coordinates":[35.65264255081262,33.80327091291938]},"properties":{"fid":2257,"OBJECTID":9,"ID":null,"Pcode":null,"Governorat":null,"District":null,"Cadaster":null,"HC_name":null,"MOPH":null,"Accessible":null,"Accreditat":null,"Update_Inf":"","Thumb_url":"","Guarantors":null,"Center_typ":null,"Malnu_Scre":null,"Malnu_Mng":null,"Malnu_fees":null,"Longitude":null,"Latitude":null,"HAB_Code":"","Catch_Area":null,"Consul_fee":null,"Immuni_fee":null,"ACS_Code":"24414","Interview":null,"GlobalID":"ef47ca88-67c0-4d22-8fae-eef2d778b74a","CreationDate":"2020-05-26T17:30:54.095","Creator":"alisaad@unhabitat","EditDate":"2020-05-26T17:30:54.095","Editor":"alisaad@unhabitat","Mohafaza":null,"Caza":null,"ACS_NAME":"Bhamdoun Ed-Dayaa","HABITAT_Co":null,"Data_year":null,"Name_of_th":null,"Facility_t":null,"Physical_c":null,"Total_regi":null,"No__of_shi":null,"AM_shift":null,"PM_shift":null,"Over_capac":null,"Dropouts":null,"CERD":null,"School_Nam":null,"CAD_CODE":null,"secondshif":null,"Interviewe":null,"SDC_Name":"Bhamdoun","KADA_NA":"Aley","MOH_NA1":"Mount Lebanon","OBJECTID_1":null,"Name":null,"Beds":null,"Beds_Habit":null,"Gateway_T":null,"Type_Code":null,"layer":"UNH_SDC","path":"C:/Users/guest1/Documents/WORKING_WEB_4/WORKING_WEB.gpkg|layername=UNH_SDC"}},
{"type":"Feature","geometry":{"type":"Point","coordinates":[35.700471337115246,33.93500258995224]},"properties":{"fid":2263,"OBJECTID":16,"ID":null,"Pcode":null,"Governorat":null,"District":null,"Cadaster":null,"HC_name":null,"MOPH":null,"Accessible":null,"Accreditat":null,"Update_Inf":"","Thumb_url":"","Guarantors":null,"Center_typ":null,"Malnu_Scre":null,"Malnu_Mng":null,"Malnu_fees":null,"Longitude":null,"Latitude":null,"HAB_Code":"","Catch_Area":null,"Consul_fee":null,"Immuni_fee":null,"ACS_Code":"22543","Interview":null,"GlobalID":"77125dda-aab0-49f2-bfcd-d3eb9ce7fe4a","CreationDate":"2020-05-26T17:30:54.095","Creator":"alisaad@unhabitat","EditDate":"2020-05-26T17:30:54.095","Editor":"alisaad@unhabitat","Mohafaza":null,"Caza":null,"ACS_NAME":"Aain El-Kharroubé","HABITAT_Co":null,"Data_year":null,"Name_of_th":null,"Facility_t":null,"Physical_c":null,"Total_regi":null,"No__of_shi":null,"AM_shift":null,"PM_shift":null,"Over_capac":null,"Dropouts":null,"CERD":null,"School_Nam":null,"CAD_CODE":null,"secondshif":null,"Interviewe":null,"SDC_Name":"Ain el Kharroube","KADA_NA":"El Metn","MOH_NA1":"Mount Lebanon","OBJECTID_1":null,"Name":null,"Beds":null,"Beds_Habit":null,"Gateway_T":null,"Type_Code":null,"layer":"UNH_SDC","path":"C:/Users/guest1/Documents/WORKING_WEB_4/WORKING_WEB.gpkg|layername=UNH_SDC"}},
{"type":"Feature","geometry":{"type":"Point","coordinates":[35.48690283254599,33.8976433287103]},"properties":{"fid":2265,"OBJECTID":1,"ID":null,"Pcode":"1015032001","Governorat":"Beirut","District":"Beyrouth","Cadaster":"Ras Beyrouth","HC_name":null,"MOPH":null,"Accessible":" ","Accreditat":" ","Update_Inf":" ","Thumb_url":" ","Guarantors":" ","Center_typ":null,"Malnu_Scre":null,"Malnu_Mng":null,"Malnu_fees":" ","Longitude":35.4869028325,"Latitude":33.8976433287,"HAB_Code":" ","Catch_Area":" ","Consul_fee":" ","Immuni_fee":" ","ACS_Code":"10150","Interview":"No","GlobalID":"6c03620c-2388-4f45-9877-e4315d1c22de","CreationDate":"2020-05-27T17:07:22.950","Creator":"alisaad@unhabitat","EditDate":"2020-05-27T17:07:22.950","Editor":"alisaad@unhabitat","Mohafaza":null,"Caza":null,"ACS_NAME":null,"HABITAT_Co":null,"Data_year":null,"Name_of_th":null,"Facility_t":null,"Physical_c":null,"Total_regi":null,"No__of_shi":null,"AM_shift":null,"PM_shift":null,"Over_capac":null,"Dropouts":null,"CERD":null,"School_Nam":null,"CAD_CODE":"10007","secondshif":null,"Interviewe":null,"SDC_Name":null,"KADA_NA":null,"MOH_NA1":null,"OBJECTID_1":1,"Name":"AUB MC","Beds":353,"Beds_Habit":353,"Gateway_T":null,"Type_Code":null,"layer":"UNH_SHC","path":"C:/Users/guest1/Documents/WORKING_WEB_4/WORKING_WEB.gpkg|layername=UNH_SHC"}},
{"type":"Feature","geometry":{"type":"Point","coordinates":[35.4898538325461,33.897380328618716]},"properties":{"fid":2266,"OBJECTID":2,"ID":null,"Pcode":"1015032002","Governorat":"Beirut","District":"Beyrouth","Cadaster":"Ras Beyrouth","HC_name":null,"MOPH":null,"Accessible":" ","Accreditat":" ","Update_Inf":" ","Thumb_url":" ","Guarantors":" ","Center_typ":null,"Malnu_Scre":null,"Malnu_Mng":null,"Malnu_fees":" ","Longitude":35.4898538325,"Latitude":33.8973803286,"HAB_Code":" ","Catch_Area":" ","Consul_fee":" ","Immuni_fee":" ","ACS_Code":"10150","Interview":"No","GlobalID":"9fe346d9-ec02-4def-9218-4f3fa23d9f3b","CreationDate":"2020-05-27T17:07:22.950","Creator":"alisaad@unhabitat","EditDate":"2020-05-27T17:07:22.950","Editor":"alisaad@unhabitat","Mohafaza":null,"Caza":null,"ACS_NAME":null,"HABITAT_Co":null,"Data_year":null,"Name_of_th":null,"Facility_t":null,"Physical_c":null,"Total_regi":null,"No__of_shi":null,"AM_shift":null,"PM_shift":null,"Over_capac":null,"Dropouts":null,"CERD":null,"School_Nam":null,"CAD_CODE":"10007","secondshif":null,"Interviewe":null,"SDC_Name":null,"KADA_NA":null,"MOH_NA1":null,"OBJECTID_1":2,"Name":"Bekhazi Medical Group","Beds":0,"Beds_Habit":0,"Gateway_T":null,"Type_Code":null,"layer":"UNH_SHC","path":"C:/Users/guest1/Documents/WORKING_WEB_4/WORKING_WEB.gpkg|layername=UNH_SHC"}},
{"type":"Feature","geometry":{"type":"Point","coordinates":[35.486062832545954,33.88708032503534]},"properties":{"fid":2267,"OBJECTID":3,"ID":null,"Pcode":"1021032001","Governorat":"Beirut","District":"Beyrouth","Cadaster":"Moussaytbeh","HC_name":null,"MOPH":null,"Accessible":" ","Accreditat":" ","Update_Inf":" ","Thumb_url":" ","Guarantors":" ","Center_typ":null,"Malnu_Scre":null,"Malnu_Mng":null,"Malnu_fees":" ","Longitude":35.4860628325,"Latitude":33.887080325,"HAB_Code":" ","Catch_Area":" ","Consul_fee":" ","Immuni_fee":" ","ACS_Code":"10210","Interview":"No","GlobalID":"7869c917-d39e-4fdb-93b7-2ced28da0b97","CreationDate":"2020-05-27T17:07:22.950","Creator":"alisaad@unhabitat","EditDate":"2020-05-27T17:07:22.950","Editor":"alisaad@unhabitat","Mohafaza":null,"Caza":null,"ACS_NAME":null,"HABITAT_Co":null,"Data_year":null,"Name_of_th":null,"Facility_t":null,"Physical_c":null,"Total_regi":null,"No__of_shi":null,"AM_shift":null,"PM_shift":null,"Over_capac":null,"Dropouts":null,"CERD":null,"School_Nam":null,"CAD_CODE":"10008","secondshif":null,"Interviewe":null,"SDC_Name":null,"KADA_NA":null,"MOH_NA1":null,"OBJECTID_1":3,"Name":"Child & Mother Welfare Society","Beds":0,"Beds_Habit":0,"Gateway_T":null,"Type_Code":null,"layer":"UNH_SHC","path":"C:/Users/guest1/Documents/WORKING_WEB_4/WORKING_WEB.gpkg|layername=UNH_SHC"}},
{"type":"Feature","geometry":{"type":"Point","coordinates":[35.504105145546035,33.875414704977956]},"properties":{"fid":2268,"OBJECTID":4,"ID":null,"Pcode":"1031032001","Governorat":"Beirut","District":"Beyrouth","Cadaster":"Mazraa","HC_name":null,"MOPH":null,"Accessible":" ","Accreditat":" ","Update_Inf":" ","Thumb_url":" ","Guarantors":" ","Center_typ":null,"Malnu_Scre":null,"Malnu_Mng":null,"Malnu_fees":" ","Longitude":35.5041051455,"Latitude":33.875414705,"HAB_Code":" ","Catch_Area":" ","Consul_fee":" ","Immuni_fee":" ","ACS_Code":"10310","Interview":"No","GlobalID":"db5b232c-2a5e-42f9-bcbb-ae8fd0cee839","CreationDate":"2020-05-27T17:07:22.950","Creator":"alisaad@unhabitat","EditDate":"2020-05-27T17:07:22.950","Editor":"alisaad@unhabitat","Mohafaza":null,"Caza":null,"ACS_NAME":null,"HABITAT_Co":null,"Data_year":null,"Name_of_th":null,"Facility_t":null,"Physical_c":null,"Total_regi":null,"No__of_shi":null,"AM_shift":null,"PM_shift":null,"Over_capac":null,"Dropouts":null,"CERD":null,"School_Nam":null,"CAD_CODE":"10009","secondshif":null,"Interviewe":null,"SDC_Name":null,"KADA_NA":null,"MOH_NA1":null,"OBJECTID_1":4,"Name":"Makassed Private Hospital","Beds":0,"Beds_Habit":0,"Gateway_T":null,"Type_Code":null,"layer":"UNH_SHC","path":"C:/Users/guest1/Documents/WORKING_WEB_4/WORKING_WEB.gpkg|layername=UNH_SHC"}},
{"type":"Feature","geometry":{"type":"Point","coordinates":[35.48116683254604,33.897982328828256]},"properties":{"fid":2269,"OBJECTID":5,"ID":null,"Pcode":"1035032001","Governorat":"Beirut","District":"Beyrouth","Cadaster":"Ras Beyrouth","HC_name":null,"MOPH":null,"Accessible":" ","Accreditat":" ","Update_Inf":" ","Thumb_url":" ","Guarantors":" ","Center_typ":null,"Malnu_Scre":null,"Malnu_Mng":null,"Malnu_fees":" ","Longitude":35.4811668325,"Latitude":33.8979823288,"HAB_Code":" ","Catch_Area":" ","Consul_fee":" ","Immuni_fee":" ","ACS_Code":"10350","Interview":"No","GlobalID":"962a2e08-1ef4-4bc7-9b8e-96e63af824d9","CreationDate":"2020-05-27T17:07:22.950","Creator":"alisaad@unhabitat","EditDate":"2020-05-27T17:07:22.950","Editor":"alisaad@unhabitat","Mohafaza":null,"Caza":null,"ACS_NAME":null,"HABITAT_Co":null,"Data_year":null,"Name_of_th":null,"Facility_t":null,"Physical_c":null,"Total_regi":null,"No__of_shi":null,"AM_shift":null,"PM_shift":null,"Over_capac":null,"Dropouts":null,"CERD":null,"School_Nam":null,"CAD_CODE":"10005","secondshif":null,"Interviewe":null,"SDC_Name":null,"KADA_NA":null,"MOH_NA1":null,"OBJECTID_1":5,"Name":"Khalidy Hospital","Beds":16,"Beds_Habit":16,"Gateway_T":null,"Type_Code":null,"layer":"UNH_SHC","path":"C:/Users/guest1/Documents/WORKING_WEB_4/WORKING_WEB.gpkg|layername=UNH_SHC"}},
{"type":"Feature","geometry":{"type":"Point","coordinates":[35.49188464254611,33.87239822192899]},"properties":{"fid":2270,"OBJECTID":6,"ID":null,"Pcode":"1055032001","Governorat":"Beirut","District":"Beyrouth","Cadaster":"Moussaytbeh","HC_name":null,"MOPH":null,"Accessible":" ","Accreditat":" ","Update_Inf":" ","Thumb_url":" ","Guarantors":" ","Center_typ":null,"Malnu_Scre":null,"Malnu_Mng":null,"Malnu_fees":" ","Longitude":35.4918846425,"Latitude":33.8723982219,"HAB_Code":" ","Catch_Area":" ","Consul_fee":" ","Immuni_fee":" ","ACS_Code":"10550","Interview":"No","GlobalID":"cacb8f8d-f544-48f2-81d9-183c5fe3f042","CreationDate":"2020-05-27T17:07:22.950","Creator":"alisaad@unhabitat","EditDate":"2020-05-27T17:07:22.950","Editor":"alisaad@unhabitat","Mohafaza":null,"Caza":null,"ACS_NAME":null,"HABITAT_Co":null,"Data_year":null,"Name_of_th":null,"Facility_t":null,"Physical_c":null,"Total_regi":null,"No__of_shi":null,"AM_shift":null,"PM_shift":null,"Over_capac":null,"Dropouts":null,"CERD":null,"School_Nam":null,"CAD_CODE":"10002","secondshif":null,"Interviewe":null,"SDC_Name":null,"KADA_NA":null,"MOH_NA1":null,"OBJECTID_1":6,"Name":"Beirut General Hospital","Beds":0,"Beds_Habit":0,"Gateway_T":null,"Type_Code":null,"layer":"UNH_SHC","path":"C:/Users/guest1/Documents/WORKING_WEB_4/WORKING_WEB.gpkg|layername=UNH_SHC"}},
{"type":"Feature","geometry":{"type":"Point","coordinates":[35.53112522254606,33.90249374039823]},"properties":{"fid":2271,"OBJECTID":7,"ID":null,"Pcode":"1061032001","Governorat":"Beirut","District":"Beyrouth","Cadaster":"Medawar","HC_name":null,"MOPH":null,"Accessible":"Leb, Syr, PRL, PRS, Others","Accreditat":"MoPH","Update_Inf":"2018","Thumb_url":" ","Guarantors":"MoPH, Next Care","Center_typ":null,"Malnu_Scre":null,"Malnu_Mng":null,"Malnu_fees":"NA","Longitude":35.5311252225,"Latitude":33.9024937404,"HAB_Code":" ","Catch_Area":"Karantina, Beirut","Consul_fee":"NA","Immuni_fee":"NA","ACS_Code":"10610","Interview":"Yes","GlobalID":"29424c9b-2f90-4405-8d89-85634f4311dc","CreationDate":"2020-05-27T17:07:22.950","Creator":"alisaad@unhabitat","EditDate":"2020-05-27T17:07:22.950","Editor":"alisaad@unhabitat","Mohafaza":null,"Caza":null,"ACS_NAME":null,"HABITAT_Co":null,"Data_year":null,"Name_of_th":null,"Facility_t":null,"Physical_c":null,"Total_regi":null,"No__of_shi":null,"AM_shift":null,"PM_shift":null,"Over_capac":null,"Dropouts":null,"CERD":null,"School_Nam":null,"CAD_CODE":"10003","secondshif":null,"Interviewe":null,"SDC_Name":null,"KADA_NA":null,"MOH_NA1":null,"OBJECTID_1":7,"Name":"Karantina Governmental Hospital","Beds":0,"Beds_Habit":0,"Gateway_T":null,"Type_Code":null,"layer":"UNH_SHC","path":"C:/Users/guest1/Documents/WORKING_WEB_4/WORKING_WEB.gpkg|layername=UNH_SHC"}},
{"type":"Feature","geometry":{"type":"Point","coordinates":[35.51992183254596,33.88132432303316]},"properties":{"fid":2272,"OBJECTID":8,"ID":null,"Pcode":"1065032001","Governorat":"Beirut","District":"Beyrouth","Cadaster":"Achrafieh","HC_name":null,"MOPH":null,"Accessible":" ","Accreditat":" ","Update_Inf":" ","Thumb_url":" ","Guarantors":" ","Center_typ":null,"Malnu_Scre":null,"Malnu_Mng":null,"Malnu_fees":" ","Longitude":35.5199218325,"Latitude":33.881324323,"HAB_Code":" ","Catch_Area":" ","Consul_fee":" ","Immuni_fee":" ","ACS_Code":"10650","Interview":"No","GlobalID":"68dfff95-033e-4e4b-8255-ac8d4f7a8a02","CreationDate":"2020-05-27T17:07:22.950","Creator":"alisaad@unhabitat","EditDate":"2020-05-27T17:07:22.950","Editor":"alisaad@unhabitat","Mohafaza":null,"Caza":null,"ACS_NAME":null,"HABITAT_Co":null,"Data_year":null,"Name_of_th":null,"Facility_t":null,"Physical_c":null,"Total_regi":null,"No__of_shi":null,"AM_shift":null,"PM_shift":null,"Over_capac":null,"Dropouts":null,"CERD":null,"School_Nam":null,"CAD_CODE":"10001","secondshif":null,"Interviewe":null,"SDC_Name":null,"KADA_NA":null,"MOH_NA1":null,"OBJECTID_1":8,"Name":"Hotel Dieu De France","Beds":430,"Beds_Habit":430,"Gateway_T":null,"Type_Code":null,"layer":"UNH_SHC","path":"C:/Users/guest1/Documents/WORKING_WEB_4/WORKING_WEB.gpkg|layername=UNH_SHC"}},
{"type":"Feature","geometry":{"type":"Point","coordinates":[35.51604983254607,33.885199324381]},"properties":{"fid":2273,"OBJECTID":9,"ID":null,"Pcode":"1065032002","Governorat":"Beirut","District":"Beyrouth","Cadaster":"Achrafieh","HC_name":null,"MOPH":null,"Accessible":" ","Accreditat":" ","Update_Inf":" ","Thumb_url":" ","Guarantors":" ","Center_typ":null,"Malnu_Scre":null,"Malnu_Mng":null,"Malnu_fees":" ","Longitude":35.51604983,"Latitude":33.8851993244,"HAB_Code":" ","Catch_Area":" ","Consul_fee":" ","Immuni_fee":" ","ACS_Code":"10650","Interview":"No","GlobalID":"7f3af18b-f899-4a50-bac7-83b2b1efbbf6","CreationDate":"2020-05-27T17:07:22.950","Creator":"alisaad@unhabitat","EditDate":"2020-06-01T14:18:43.639","Editor":"alisaad@unhabitat","Mohafaza":null,"Caza":null,"ACS_NAME":null,"HABITAT_Co":null,"Data_year":null,"Name_of_th":null,"Facility_t":null,"Physical_c":null,"Total_regi":null,"No__of_shi":null,"AM_shift":null,"PM_shift":null,"Over_capac":null,"Dropouts":null,"CERD":null,"School_Nam":null,"CAD_CODE":"10001","secondshif":null,"Interviewe":null,"SDC_Name":null,"KADA_NA":null,"MOH_NA1":null,"OBJECTID_1":9,"Name":"UNIVERSITY MED CENTER RIZK HSP","Beds":160,"Beds_Habit":160,"Gateway_T":null,"Type_Code":null,"layer":"UNH_SHC","path":"C:/Users/guest1/Documents/WORKING_WEB_4/WORKING_WEB.gpkg|layername=UNH_SHC"}},
{"type":"Feature","geometry":{"type":"Point","coordinates":[35.49136456554613,33.8634125308047]},"properties":{"fid":2274,"OBJECTID":10,"ID":null,"Pcode":"2111132001","Governorat":"Mount Lebanon","District":"Baabda","Cadaster":"Chiah","HC_name":null,"MOPH":null,"Accessible":" ","Accreditat":" ","Update_Inf":" ","Thumb_url":" ","Guarantors":" ","Center_typ":null,"Malnu_Scre":null,"Malnu_Mng":null,"Malnu_fees":" ","Longitude":35.4913645655,"Latitude":33.8634125308,"HAB_Code":" ","Catch_Area":" ","Consul_fee":" ","Immuni_fee":" ","ACS_Code":"21111","Interview":"No","GlobalID":"6bcd5d17-ad9e-4f86-8fe7-392286f45f2b","CreationDate":"2020-05-27T17:07:22.950","Creator":"alisaad@unhabitat","EditDate":"2020-05-27T17:07:22.950","Editor":"alisaad@unhabitat","Mohafaza":null,"Caza":null,"ACS_NAME":null,"HABITAT_Co":null,"Data_year":null,"Name_of_th":null,"Facility_t":null,"Physical_c":null,"Total_regi":null,"No__of_shi":null,"AM_shift":null,"PM_shift":null,"Over_capac":null,"Dropouts":null,"CERD":null,"School_Nam":null,"CAD_CODE":"21007","secondshif":null,"Interviewe":null,"SDC_Name":null,"KADA_NA":null,"MOH_NA1":null,"OBJECTID_1":10,"Name":"Hariri Beirut Governmental Hospital","Beds":200,"Beds_Habit":200,"Gateway_T":null,"Type_Code":null,"layer":"UNH_SHC","path":"C:/Users/guest1/Documents/WORKING_WEB_4/WORKING_WEB.gpkg|layername=UNH_SHC"}},
{"type":"Feature","geometry":{"type":"Point","coordinates":[35.5222962923285,33.857229930258995]},"properties":{"fid":2275,"OBJECTID":11,"ID":null,"Pcode":"2111132002","Governorat":"Mount Lebanon","District":"Baabda","Cadaster":"Chiah","HC_name":null,"MOPH":null,"Accessible":"Leb, Syr, PRL, PRS, Others","Accreditat":"MoPH and John Commission International","Update_Inf":"2019","Thumb_url":" ","Guarantors":"MoPH","Center_typ":null,"Malnu_Scre":null,"Malnu_Mng":null,"Malnu_fees":" ","Longitude":35.48712439,"Latitude":33.864035638,"HAB_Code":" ","Catch_Area":" ","Consul_fee":" ","Immuni_fee":" ","ACS_Code":"21111","Interview":"Yes","GlobalID":"d583ea6f-e6bb-4713-b1ac-0b04354423b2","CreationDate":"2020-05-27T17:07:22.950","Creator":"alisaad@unhabitat","EditDate":"2020-06-05T15:44:19.630","Editor":"alisaad@unhabitat","Mohafaza":null,"Caza":null,"ACS_NAME":null,"HABITAT_Co":null,"Data_year":null,"Name_of_th":null,"Facility_t":null,"Physical_c":null,"Total_regi":null,"No__of_shi":null,"AM_shift":null,"PM_shift":null,"Over_capac":null,"Dropouts":null,"CERD":null,"School_Nam":null,"CAD_CODE":"21007","secondshif":null,"Interviewe":null,"SDC_Name":null,"KADA_NA":null,"MOH_NA1":null,"OBJECTID_1":11,"Name":"Zahraa Hospital","Beds":255,"Beds_Habit":255,"Gateway_T":null,"Type_Code":null,"layer":"UNH_SHC","path":"C:/Users/guest1/Documents/WORKING_WEB_4/WORKING_WEB.gpkg|layername=UNH_SHC"}},
{"type":"Feature","geometry":{"type":"Point","coordinates":[35.50462983254603,33.858120314965]},"properties":{"fid":2276,"OBJECTID":12,"ID":null,"Pcode":"2111132003","Governorat":"Mount Lebanon","District":"Baabda","Cadaster":"Chiah","HC_name":null,"MOPH":null,"Accessible":"Leb, Syr, PRL, PRS, Others","Accreditat":"MoPH and MoSA","Update_Inf":" ","Thumb_url":" ","Guarantors":"MoPH","Center_typ":null,"Malnu_Scre":null,"Malnu_Mng":null,"Malnu_fees":"NA","Longitude":35.5046298325,"Latitude":33.858120315,"HAB_Code":" ","Catch_Area":"Sabra","Consul_fee":"NA","Immuni_fee":"NA","ACS_Code":"21111","Interview":"No","GlobalID":"93f1165c-912e-4a32-aca7-ae67f0475cde","CreationDate":"2020-05-27T17:07:22.950","Creator":"alisaad@unhabitat","EditDate":"2020-05-27T17:07:22.950","Editor":"alisaad@unhabitat","Mohafaza":null,"Caza":null,"ACS_NAME":null,"HABITAT_Co":null,"Data_year":null,"Name_of_th":null,"Facility_t":null,"Physical_c":null,"Total_regi":null,"No__of_shi":null,"AM_shift":null,"PM_shift":null,"Over_capac":null,"Dropouts":null,"CERD":null,"School_Nam":null,"CAD_CODE":"21007","secondshif":null,"Interviewe":null,"SDC_Name":null,"KADA_NA":null,"MOH_NA1":null,"OBJECTID_1":12,"Name":"El-Sahel Hospital","Beds":152,"Beds_Habit":152,"Gateway_T":null,"Type_Code":null,"layer":"UNH_SHC","path":"C:/Users/guest1/Documents/WORKING_WEB_4/WORKING_WEB.gpkg|layername=UNH_SHC"}},
{"type":"Feature","geometry":{"type":"Point","coordinates":[35.524414794652905,33.857934897596174]},"properties":{"fid":2277,"OBJECTID":13,"ID":null,"Pcode":"2111132004","Governorat":"Mount Lebanon","District":"Baabda","Cadaster":"Chiah","HC_name":null,"MOPH":null,"Accessible":"NA","Accreditat":"NA","Update_Inf":"2018","Thumb_url":" ","Guarantors":"NA","Center_typ":null,"Malnu_Scre":null,"Malnu_Mng":null,"Malnu_fees":"NA","Longitude":35.5261215325,"Latitude":33.8578326149,"HAB_Code":" ","Catch_Area":"Sabra","Consul_fee":"NA","Immuni_fee":"NA","ACS_Code":"21111","Interview":"Yes","GlobalID":"30fcaf96-8ac4-490d-8915-58a412f8d510","CreationDate":"2020-05-27T17:07:22.950","Creator":"alisaad@unhabitat","EditDate":"2020-05-27T17:07:22.950","Editor":"alisaad@unhabitat","Mohafaza":null,"Caza":null,"ACS_NAME":null,"HABITAT_Co":null,"Data_year":null,"Name_of_th":null,"Facility_t":null,"Physical_c":null,"Total_regi":null,"No__of_shi":null,"AM_shift":null,"PM_shift":null,"Over_capac":null,"Dropouts":null,"CERD":null,"School_Nam":null,"CAD_CODE":"21007","secondshif":null,"Interviewe":null,"SDC_Name":null,"KADA_NA":null,"MOH_NA1":null,"OBJECTID_1":13,"Name":"Hayat Hospital","Beds":0,"Beds_Habit":0,"Gateway_T":null,"Type_Code":null,"layer":"UNH_SHC","path":"C:/Users/guest1/Documents/WORKING_WEB_4/WORKING_WEB.gpkg|layername=UNH_SHC"}},
{"type":"Feature","geometry":{"type":"Point","coordinates":[35.50808663254606,33.84081090894964]},"properties":{"fid":2278,"OBJECTID":14,"ID":null,"Pcode":"2117732001","Governorat":"Mount Lebanon","District":"Baabda","Cadaster":"Borge el Baragenat","HC_name":null,"MOPH":null,"Accessible":" ","Accreditat":" ","Update_Inf":" ","Thumb_url":" ","Guarantors":" ","Center_typ":null,"Malnu_Scre":null,"Malnu_Mng":null,"Malnu_fees":" ","Longitude":35.5080866325,"Latitude":33.8408109089,"HAB_Code":" ","Catch_Area":" ","Consul_fee":" ","Immuni_fee":" ","ACS_Code":"21177","Interview":"No","GlobalID":"8e43f983-d049-49bf-add3-7d2babb1876d","CreationDate":"2020-05-27T17:07:22.950","Creator":"alisaad@unhabitat","EditDate":"2020-05-27T17:07:22.950","Editor":"alisaad@unhabitat","Mohafaza":null,"Caza":null,"ACS_NAME":null,"HABITAT_Co":null,"Data_year":null,"Name_of_th":null,"Facility_t":null,"Physical_c":null,"Total_regi":null,"No__of_shi":null,"AM_shift":null,"PM_shift":null,"Over_capac":null,"Dropouts":null,"CERD":null,"School_Nam":null,"CAD_CODE":"21004","secondshif":null,"Interviewe":null,"SDC_Name":null,"KADA_NA":null,"MOH_NA1":null,"OBJECTID_1":14,"Name":"Bourj","Beds":0,"Beds_Habit":0,"Gateway_T":null,"Type_Code":null,"layer":"UNH_SHC","path":"C:/Users/guest1/Documents/WORKING_WEB_4/WORKING_WEB.gpkg|layername=UNH_SHC"}},
{"type":"Feature","geometry":{"type":"Point","coordinates":[35.4995128325461,33.84323230979099]},"properties":{"fid":2279,"OBJECTID":15,"ID":null,"Pcode":"2117732002","Governorat":"Mount Lebanon","District":"Baabda","Cadaster":"Borge el Baragenat","HC_name":null,"MOPH":null,"Accessible":" ","Accreditat":" ","Update_Inf":" ","Thumb_url":" ","Guarantors":" ","Center_typ":null,"Malnu_Scre":null,"Malnu_Mng":null,"Malnu_fees":" ","Longitude":35.4995128325,"Latitude":33.8432323098,"HAB_Code":" ","Catch_Area":" ","Consul_fee":" ","Immuni_fee":" ","ACS_Code":"21177","Interview":"No","GlobalID":"f04d132a-17c7-4783-8962-dd2adf35fb39","CreationDate":"2020-05-27T17:07:22.950","Creator":"alisaad@unhabitat","EditDate":"2020-05-27T17:07:22.950","Editor":"alisaad@unhabitat","Mohafaza":null,"Caza":null,"ACS_NAME":null,"HABITAT_Co":null,"Data_year":null,"Name_of_th":null,"Facility_t":null,"Physical_c":null,"Total_regi":null,"No__of_shi":null,"AM_shift":null,"PM_shift":null,"Over_capac":null,"Dropouts":null,"CERD":null,"School_Nam":null,"CAD_CODE":"21004","secondshif":null,"Interviewe":null,"SDC_Name":null,"KADA_NA":null,"MOH_NA1":null,"OBJECTID_1":15,"Name":"Rassoul Al Azzam","Beds":240,"Beds_Habit":240,"Gateway_T":null,"Type_Code":null,"layer":"UNH_SHC","path":"C:/Users/guest1/Documents/WORKING_WEB_4/WORKING_WEB.gpkg|layername=UNH_SHC"}},
{"type":"Feature","geometry":{"type":"Point","coordinates":[35.53992383254611,33.83582830721848]},"properties":{"fid":2280,"OBJECTID":16,"ID":null,"Pcode":"2121132001","Governorat":"Mount Lebanon","District":"Baabda","Cadaster":"Baabda","HC_name":null,"MOPH":null,"Accessible":" ","Accreditat":" ","Update_Inf":" ","Thumb_url":" ","Guarantors":" ","Center_typ":null,"Malnu_Scre":null,"Malnu_Mng":null,"Malnu_fees":" ","Longitude":35.5399238325,"Latitude":33.8358283072,"HAB_Code":" ","Catch_Area":" ","Consul_fee":" ","Immuni_fee":" ","ACS_Code":"21211","Interview":"No","GlobalID":"a048e775-329d-4af0-bec2-dc8f679ec6ec","CreationDate":"2020-05-27T17:07:22.950","Creator":"alisaad@unhabitat","EditDate":"2020-05-27T17:07:22.950","Editor":"alisaad@unhabitat","Mohafaza":null,"Caza":null,"ACS_NAME":null,"HABITAT_Co":null,"Data_year":null,"Name_of_th":null,"Facility_t":null,"Physical_c":null,"Total_regi":null,"No__of_shi":null,"AM_shift":null,"PM_shift":null,"Over_capac":null,"Dropouts":null,"CERD":null,"School_Nam":null,"CAD_CODE":"21001","secondshif":null,"Interviewe":null,"SDC_Name":null,"KADA_NA":null,"MOH_NA1":null,"OBJECTID_1":16,"Name":"Baabda Gov.","Beds":43,"Beds_Habit":43,"Gateway_T":null,"Type_Code":null,"layer":"UNH_SHC","path":"C:/Users/guest1/Documents/WORKING_WEB_4/WORKING_WEB.gpkg|layername=UNH_SHC"}},
{"type":"Feature","geometry":{"type":"Point","coordinates":[35.55023327254612,33.84871848169744]},"properties":{"fid":2281,"OBJECTID":17,"ID":null,"Pcode":"2121132002","Governorat":"Mount Lebanon","District":"Baabda","Cadaster":"Baabda","HC_name":null,"MOPH":null,"Accessible":" ","Accreditat":" ","Update_Inf":" ","Thumb_url":" ","Guarantors":" ","Center_typ":null,"Malnu_Scre":null,"Malnu_Mng":null,"Malnu_fees":" ","Longitude":35.5502332725,"Latitude":33.8487184817,"HAB_Code":" ","Catch_Area":" ","Consul_fee":" ","Immuni_fee":" ","ACS_Code":"21211","Interview":"No","GlobalID":"069cb8d3-601e-4126-95f7-7142cc5ea24e","CreationDate":"2020-05-27T17:07:22.950","Creator":"alisaad@unhabitat","EditDate":"2020-05-27T17:07:22.950","Editor":"alisaad@unhabitat","Mohafaza":null,"Caza":null,"ACS_NAME":null,"HABITAT_Co":null,"Data_year":null,"Name_of_th":null,"Facility_t":null,"Physical_c":null,"Total_regi":null,"No__of_shi":null,"AM_shift":null,"PM_shift":null,"Over_capac":null,"Dropouts":null,"CERD":null,"School_Nam":null,"CAD_CODE":"21001","secondshif":null,"Interviewe":null,"SDC_Name":null,"KADA_NA":null,"MOH_NA1":null,"OBJECTID_1":17,"Name":"St Charles","Beds":0,"Beds_Habit":0,"Gateway_T":null,"Type_Code":null,"layer":"UNH_SHC","path":"C:/Users/guest1/Documents/WORKING_WEB_4/WORKING_WEB.gpkg|layername=UNH_SHC"}},
{"type":"Feature","geometry":{"type":"Point","coordinates":[35.528308902546094,33.821911742384884]},"properties":{"fid":2282,"OBJECTID":18,"ID":null,"Pcode":"2125132001","Governorat":"Mount Lebanon","District":"Baabda","Cadaster":"Kfarchima","HC_name":null,"MOPH":null,"Accessible":" ","Accreditat":" ","Update_Inf":" ","Thumb_url":" ","Guarantors":" ","Center_typ":null,"Malnu_Scre":null,"Malnu_Mng":null,"Malnu_fees":" ","Longitude":35.5283089025,"Latitude":33.8219117424,"HAB_Code":" ","Catch_Area":" ","Consul_fee":" ","Immuni_fee":" ","ACS_Code":"21251","Interview":"No","GlobalID":"f96001f0-3379-4283-9ec7-a5e219c8f96e","CreationDate":"2020-05-27T17:07:22.950","Creator":"alisaad@unhabitat","EditDate":"2020-05-27T17:07:22.950","Editor":"alisaad@unhabitat","Mohafaza":null,"Caza":null,"ACS_NAME":null,"HABITAT_Co":null,"Data_year":null,"Name_of_th":null,"Facility_t":null,"Physical_c":null,"Total_regi":null,"No__of_shi":null,"AM_shift":null,"PM_shift":null,"Over_capac":null,"Dropouts":null,"CERD":null,"School_Nam":null,"CAD_CODE":"21009","secondshif":null,"Interviewe":null,"SDC_Name":null,"KADA_NA":null,"MOH_NA1":null,"OBJECTID_1":18,"Name":"Mounzir Hajj","Beds":0,"Beds_Habit":0,"Gateway_T":null,"Type_Code":null,"layer":"UNH_SHC","path":"C:/Users/guest1/Documents/WORKING_WEB_4/WORKING_WEB.gpkg|layername=UNH_SHC"}},
{"type":"Feature","geometry":{"type":"Point","coordinates":[35.53624083254603,33.871958319776034]},"properties":{"fid":2285,"OBJECTID":21,"ID":null,"Pcode":"2215532001","Governorat":"Mount Lebanon","District":"El Metn","Cadaster":"Senn el Fil","HC_name":null,"MOPH":null,"Accessible":" ","Accreditat":" ","Update_Inf":" ","Thumb_url":" ","Guarantors":" ","Center_typ":null,"Malnu_Scre":null,"Malnu_Mng":null,"Malnu_fees":" ","Longitude":35.5362408325,"Latitude":33.8719583198,"HAB_Code":" ","Catch_Area":" ","Consul_fee":" ","Immuni_fee":" ","ACS_Code":"22155","Interview":"No","GlobalID":"1ca92eb2-4a52-4ae4-80ad-fd4eefcbe6f3","CreationDate":"2020-05-27T17:07:22.950","Creator":"alisaad@unhabitat","EditDate":"2020-05-27T17:07:22.950","Editor":"alisaad@unhabitat","Mohafaza":null,"Caza":null,"ACS_NAME":null,"HABITAT_Co":null,"Data_year":null,"Name_of_th":null,"Facility_t":null,"Physical_c":null,"Total_regi":null,"No__of_shi":null,"AM_shift":null,"PM_shift":null,"Over_capac":null,"Dropouts":null,"CERD":null,"School_Nam":null,"CAD_CODE":"22004","secondshif":null,"Interviewe":null,"SDC_Name":null,"KADA_NA":null,"MOH_NA1":null,"OBJECTID_1":21,"Name":"Libano Canadien","Beds":75,"Beds_Habit":75,"Gateway_T":null,"Type_Code":null,"layer":"UNH_SHC","path":"C:/Users/guest1/Documents/WORKING_WEB_4/WORKING_WEB.gpkg|layername=UNH_SHC"}},
{"type":"Feature","geometry":{"type":"Point","coordinates":[35.55723893254612,33.88216562332575]},"properties":{"fid":2286,"OBJECTID":22,"ID":null,"Pcode":"2222832002","Governorat":"Mount Lebanon","District":"El Metn","Cadaster":"Baouchariat","HC_name":null,"MOPH":null,"Accessible":"Leb, Syr, PRL, PRS, Others","Accreditat":"ESCWA","Update_Inf":"2018","Thumb_url":" ","Guarantors":"MoPH, Private donor","Center_typ":null,"Malnu_Scre":null,"Malnu_Mng":null,"Malnu_fees":"NA","Longitude":35.5572389325,"Latitude":33.8821656233,"HAB_Code":" ","Catch_Area":"Sed El-Boushrieh, Dekwaneh","Consul_fee":"NA","Immuni_fee":"NA","ACS_Code":"22228","Interview":"Yes","GlobalID":"c5ad0862-5bfa-410e-b331-9f2eb41d93e0","CreationDate":"2020-05-27T17:07:22.950","Creator":"alisaad@unhabitat","EditDate":"2020-05-27T17:07:22.950","Editor":"alisaad@unhabitat","Mohafaza":null,"Caza":null,"ACS_NAME":null,"HABITAT_Co":null,"Data_year":null,"Name_of_th":null,"Facility_t":null,"Physical_c":null,"Total_regi":null,"No__of_shi":null,"AM_shift":null,"PM_shift":null,"Over_capac":null,"Dropouts":null,"CERD":null,"School_Nam":null,"CAD_CODE":"22002","secondshif":null,"Interviewe":null,"SDC_Name":null,"KADA_NA":null,"MOH_NA1":null,"OBJECTID_1":22,"Name":"Bitar Hospital","Beds":0,"Beds_Habit":0,"Gateway_T":null,"Type_Code":null,"layer":"UNH_SHC","path":"C:/Users/guest1/Documents/WORKING_WEB_4/WORKING_WEB.gpkg|layername=UNH_SHC"}},
{"type":"Feature","geometry":{"type":"Point","coordinates":[35.59848283254611,33.90447633108809]},"properties":{"fid":2287,"OBJECTID":23,"ID":null,"Pcode":"2231932001","Governorat":"Mount Lebanon","District":"El Metn","Cadaster":"Mezher","HC_name":null,"MOPH":null,"Accessible":" ","Accreditat":" ","Update_Inf":" ","Thumb_url":" ","Guarantors":" ","Center_typ":null,"Malnu_Scre":null,"Malnu_Mng":null,"Malnu_fees":" ","Longitude":35.5984828325,"Latitude":33.9044763311,"HAB_Code":" ","Catch_Area":" ","Consul_fee":" ","Immuni_fee":" ","ACS_Code":"22319","Interview":"No","GlobalID":"cc997ade-bd34-4097-847d-c4afa04b1179","CreationDate":"2020-05-27T17:07:22.950","Creator":"alisaad@unhabitat","EditDate":"2020-05-27T17:07:22.950","Editor":"alisaad@unhabitat","Mohafaza":null,"Caza":null,"ACS_NAME":null,"HABITAT_Co":null,"Data_year":null,"Name_of_th":null,"Facility_t":null,"Physical_c":null,"Total_regi":null,"No__of_shi":null,"AM_shift":null,"PM_shift":null,"Over_capac":null,"Dropouts":null,"CERD":null,"School_Nam":null,"CAD_CODE":"22021","secondshif":null,"Interviewe":null,"SDC_Name":null,"KADA_NA":null,"MOH_NA1":null,"OBJECTID_1":23,"Name":"Middle East Institute of Health MEIH","Beds":200,"Beds_Habit":200,"Gateway_T":null,"Type_Code":null,"layer":"UNH_SHC","path":"C:/Users/guest1/Documents/WORKING_WEB_4/WORKING_WEB.gpkg|layername=UNH_SHC"}},
{"type":"Feature","geometry":{"type":"Point","coordinates":[35.599926832546046,33.88285832356667]},"properties":{"fid":2288,"OBJECTID":24,"ID":null,"Pcode":"2242732001","Governorat":"Mount Lebanon","District":"El Metn","Cadaster":"Roumieh","HC_name":null,"MOPH":null,"Accessible":" ","Accreditat":" ","Update_Inf":" ","Thumb_url":" ","Guarantors":" ","Center_typ":null,"Malnu_Scre":null,"Malnu_Mng":null,"Malnu_fees":" ","Longitude":35.5999268325,"Latitude":33.8828583236,"HAB_Code":" ","Catch_Area":" ","Consul_fee":" ","Immuni_fee":" ","ACS_Code":"22427","Interview":"No","GlobalID":"0d9b4086-0e0d-4d76-be24-c01d6a5ee744","CreationDate":"2020-05-27T17:07:22.950","Creator":"alisaad@unhabitat","EditDate":"2020-05-27T17:07:22.950","Editor":"alisaad@unhabitat","Mohafaza":null,"Caza":null,"ACS_NAME":null,"HABITAT_Co":null,"Data_year":null,"Name_of_th":null,"Facility_t":null,"Physical_c":null,"Total_regi":null,"No__of_shi":null,"AM_shift":null,"PM_shift":null,"Over_capac":null,"Dropouts":null,"CERD":null,"School_Nam":null,"CAD_CODE":"22041","secondshif":null,"Interviewe":null,"SDC_Name":null,"KADA_NA":null,"MOH_NA1":null,"OBJECTID_1":24,"Name":"Dahr El Bashek Gov.","Beds":65,"Beds_Habit":65,"Gateway_T":null,"Type_Code":null,"layer":"UNH_SHC","path":"C:/Users/guest1/Documents/WORKING_WEB_4/WORKING_WEB.gpkg|layername=UNH_SHC"}},
{"type":"Feature","geometry":{"type":"Point","coordinates":[35.586158782546036,33.90162997009756]},"properties":{"fid":2289,"OBJECTID":25,"ID":null,"Pcode":"2243132001","Governorat":"Mount Lebanon","District":"El Metn","Cadaster":"Bkennaya","HC_name":null,"MOPH":null,"Accessible":" ","Accreditat":" ","Update_Inf":" ","Thumb_url":" ","Guarantors":" ","Center_typ":null,"Malnu_Scre":null,"Malnu_Mng":null,"Malnu_fees":" ","Longitude":35.5861587825,"Latitude":33.9016299701,"HAB_Code":" ","Catch_Area":" ","Consul_fee":" ","Immuni_fee":" ","ACS_Code":"22431","Interview":"No","GlobalID":"c9b547e6-57e0-407f-b5aa-b1503d5ee288","CreationDate":"2020-05-27T17:07:22.950","Creator":"alisaad@unhabitat","EditDate":"2020-05-27T17:07:22.950","Editor":"alisaad@unhabitat","Mohafaza":null,"Caza":null,"ACS_NAME":null,"HABITAT_Co":null,"Data_year":null,"Name_of_th":null,"Facility_t":null,"Physical_c":null,"Total_regi":null,"No__of_shi":null,"AM_shift":null,"PM_shift":null,"Over_capac":null,"Dropouts":null,"CERD":null,"School_Nam":null,"CAD_CODE":"22019","secondshif":null,"Interviewe":null,"SDC_Name":null,"KADA_NA":null,"MOH_NA1":null,"OBJECTID_1":25,"Name":"Psychiatrique la Croix","Beds":0,"Beds_Habit":0,"Gateway_T":null,"Type_Code":null,"layer":"UNH_SHC","path":"C:/Users/guest1/Documents/WORKING_WEB_4/WORKING_WEB.gpkg|layername=UNH_SHC"}},
{"type":"Feature","geometry":{"type":"Point","coordinates":[35.67656183254594,33.932238340753344]},"properties":{"fid":2290,"OBJECTID":26,"ID":null,"Pcode":"2253132001","Governorat":"Mount Lebanon","District":"El Metn","Cadaster":"Beit Chebab","HC_name":null,"MOPH":null,"Accessible":" ","Accreditat":" ","Update_Inf":" ","Thumb_url":" ","Guarantors":" ","Center_typ":null,"Malnu_Scre":null,"Malnu_Mng":null,"Malnu_fees":" ","Longitude":35.6765618325,"Latitude":33.9322383408,"HAB_Code":" ","Catch_Area":" ","Consul_fee":" ","Immuni_fee":" ","ACS_Code":"22531","Interview":"No","GlobalID":"19b9049e-abfb-493f-bee0-3d790a2e25bc","CreationDate":"2020-05-27T17:07:22.950","Creator":"alisaad@unhabitat","EditDate":"2020-05-27T17:07:22.950","Editor":"alisaad@unhabitat","Mohafaza":null,"Caza":null,"ACS_NAME":null,"HABITAT_Co":null,"Data_year":null,"Name_of_th":null,"Facility_t":null,"Physical_c":null,"Total_regi":null,"No__of_shi":null,"AM_shift":null,"PM_shift":null,"Over_capac":null,"Dropouts":null,"CERD":null,"School_Nam":null,"CAD_CODE":"22053","secondshif":null,"Interviewe":null,"SDC_Name":null,"KADA_NA":null,"MOH_NA1":null,"OBJECTID_1":26,"Name":"Beit Chabab","Beds":45,"Beds_Habit":45,"Gateway_T":null,"Type_Code":null,"layer":"UNH_SHC","path":"C:/Users/guest1/Documents/WORKING_WEB_4/WORKING_WEB.gpkg|layername=UNH_SHC"}},
{"type":"Feature","geometry":{"type":"Point","coordinates":[35.51952983254604,33.80133629524138]},"properties":{"fid":2299,"OBJECTID":35,"ID":null,"Pcode":"2415532001","Governorat":"Mount Lebanon","District":"Aley","Cadaster":"Chouaifat Oumara","HC_name":null,"MOPH":null,"Accessible":" ","Accreditat":" ","Update_Inf":" ","Thumb_url":" ","Guarantors":" ","Center_typ":null,"Malnu_Scre":null,"Malnu_Mng":null,"Malnu_fees":" ","Longitude":35.5195298325,"Latitude":33.8013362952,"HAB_Code":" ","Catch_Area":" ","Consul_fee":" ","Immuni_fee":" ","ACS_Code":"24155","Interview":"No","GlobalID":"d11d2562-912a-41d0-a258-5dca4b64bb03","CreationDate":"2020-05-27T17:07:22.950","Creator":"alisaad@unhabitat","EditDate":"2020-05-27T17:07:22.950","Editor":"alisaad@unhabitat","Mohafaza":null,"Caza":null,"ACS_NAME":null,"HABITAT_Co":null,"Data_year":null,"Name_of_th":null,"Facility_t":null,"Physical_c":null,"Total_regi":null,"No__of_shi":null,"AM_shift":null,"PM_shift":null,"Over_capac":null,"Dropouts":null,"CERD":null,"School_Nam":null,"CAD_CODE":"24003","secondshif":null,"Interviewe":null,"SDC_Name":null,"KADA_NA":null,"MOH_NA1":null,"OBJECTID_1":35,"Name":"Medical 2000 (KamalJounblat)","Beds":23,"Beds_Habit":23,"Gateway_T":null,"Type_Code":null,"layer":"UNH_SHC","path":"C:/Users/guest1/Documents/WORKING_WEB_4/WORKING_WEB.gpkg|layername=UNH_SHC"}},
{"type":"Feature","geometry":{"type":"Point","coordinates":[35.59784983254612,33.806278296956734]},"properties":{"fid":2301,"OBJECTID":37,"ID":null,"Pcode":"2431132001","Governorat":"Mount Lebanon","District":"Aley","Cadaster":"Aley","HC_name":null,"MOPH":null,"Accessible":" ","Accreditat":" ","Update_Inf":" ","Thumb_url":" ","Guarantors":" ","Center_typ":null,"Malnu_Scre":null,"Malnu_Mng":null,"Malnu_fees":" ","Longitude":35.5978498325,"Latitude":33.806278297,"HAB_Code":" ","Catch_Area":" ","Consul_fee":" ","Immuni_fee":" ","ACS_Code":"24311","Interview":"No","GlobalID":"e9ff646d-b732-4e0e-86f3-33a73bb89bc0","CreationDate":"2020-05-27T17:07:22.950","Creator":"alisaad@unhabitat","EditDate":"2020-05-27T17:07:22.950","Editor":"alisaad@unhabitat","Mohafaza":null,"Caza":null,"ACS_NAME":null,"HABITAT_Co":null,"Data_year":null,"Name_of_th":null,"Facility_t":null,"Physical_c":null,"Total_regi":null,"No__of_shi":null,"AM_shift":null,"PM_shift":null,"Over_capac":null,"Dropouts":null,"CERD":null,"School_Nam":null,"CAD_CODE":"24004","secondshif":null,"Interviewe":null,"SDC_Name":null,"KADA_NA":null,"MOH_NA1":null,"OBJECTID_1":37,"Name":"Al Watani   National","Beds":24,"Beds_Habit":24,"Gateway_T":null,"Type_Code":null,"layer":"UNH_SHC","path":"C:/Users/guest1/Documents/WORKING_WEB_4/WORKING_WEB.gpkg|layername=UNH_SHC"}},
{"type":"Feature","geometry":{"type":"Point","coordinates":[35.613485132546096,33.810590098453694]},"properties":{"fid":2302,"OBJECTID":38,"ID":null,"Pcode":"2431132002","Governorat":"Mount Lebanon","District":"Aley","Cadaster":"Aley","HC_name":null,"MOPH":null,"Accessible":" ","Accreditat":" ","Update_Inf":" ","Thumb_url":" ","Guarantors":" ","Center_typ":null,"Malnu_Scre":null,"Malnu_Mng":null,"Malnu_fees":" ","Longitude":35.6134851325,"Latitude":33.8105900985,"HAB_Code":" ","Catch_Area":" ","Consul_fee":" ","Immuni_fee":" ","ACS_Code":"24311","Interview":"No","GlobalID":"4eb5d0c6-704d-4aea-a58a-a66645adfdee","CreationDate":"2020-05-27T17:07:22.950","Creator":"alisaad@unhabitat","EditDate":"2020-05-27T17:07:22.950","Editor":"alisaad@unhabitat","Mohafaza":null,"Caza":null,"ACS_NAME":null,"HABITAT_Co":null,"Data_year":null,"Name_of_th":null,"Facility_t":null,"Physical_c":null,"Total_regi":null,"No__of_shi":null,"AM_shift":null,"PM_shift":null,"Over_capac":null,"Dropouts":null,"CERD":null,"School_Nam":null,"CAD_CODE":"24004","secondshif":null,"Interviewe":null,"SDC_Name":null,"KADA_NA":null,"MOH_NA1":null,"OBJECTID_1":38,"Name":"Imane","Beds":0,"Beds_Habit":0,"Gateway_T":null,"Type_Code":null,"layer":"UNH_SHC","path":"C:/Users/guest1/Documents/WORKING_WEB_4/WORKING_WEB.gpkg|layername=UNH_SHC"}},
{"type":"Feature","geometry":{"type":"Point","coordinates":[35.65221622254599,33.812026418952335]},"properties":{"fid":2304,"OBJECTID":40,"ID":null,"Pcode":"2441132001","Governorat":"Mount Lebanon","District":"Aley","Cadaster":"Bhamdoun (Gare)","HC_name":null,"MOPH":null,"Accessible":" ","Accreditat":" ","Update_Inf":" ","Thumb_url":" ","Guarantors":" ","Center_typ":null,"Malnu_Scre":null,"Malnu_Mng":null,"Malnu_fees":" ","Longitude":35.6522162225,"Latitude":33.812026419,"HAB_Code":" ","Catch_Area":" ","Consul_fee":" ","Immuni_fee":" ","ACS_Code":"24411","Interview":"No","GlobalID":"67e3b349-2b39-47fc-8734-af6347d953fa","CreationDate":"2020-05-27T17:07:22.950","Creator":"alisaad@unhabitat","EditDate":"2020-05-27T17:07:22.950","Editor":"alisaad@unhabitat","Mohafaza":null,"Caza":null,"ACS_NAME":null,"HABITAT_Co":null,"Data_year":null,"Name_of_th":null,"Facility_t":null,"Physical_c":null,"Total_regi":null,"No__of_shi":null,"AM_shift":null,"PM_shift":null,"Over_capac":null,"Dropouts":null,"CERD":null,"School_Nam":null,"CAD_CODE":"24023","secondshif":null,"Interviewe":null,"SDC_Name":null,"KADA_NA":null,"MOH_NA1":null,"OBJECTID_1":40,"Name":"El Ouyoun","Beds":0,"Beds_Habit":0,"Gateway_T":null,"Type_Code":null,"layer":"UNH_SHC","path":"C:/Users/guest1/Documents/WORKING_WEB_4/WORKING_WEB.gpkg|layername=UNH_SHC"}},
{"type":"Feature","geometry":{"type":"Point","coordinates":[35.55465890668017,33.89298443146214]},"properties":{"fid":2396,"OBJECTID":0,"ID":null,"Pcode":" ","Governorat":"Mount Lebanon","District":"El Metn","Cadaster":"Baouchriyé","HC_name":null,"MOPH":null,"Accessible":" ","Accreditat":" ","Update_Inf":" ","Thumb_url":" ","Guarantors":" ","Center_typ":null,"Malnu_Scre":null,"Malnu_Mng":null,"Malnu_fees":" ","Longitude":35.5546589067,"Latitude":33.8929844315,"HAB_Code":" ","Catch_Area":" ","Consul_fee":" ","Immuni_fee":" ","ACS_Code":"22228","Interview":"No","GlobalID":"40243da2-2d2b-45e9-bb0c-3ba6f4feaaa6","CreationDate":"2020-05-27T17:07:22.950","Creator":"alisaad@unhabitat","EditDate":"2020-05-27T17:07:22.950","Editor":"alisaad@unhabitat","Mohafaza":null,"Caza":null,"ACS_NAME":null,"HABITAT_Co":null,"Data_year":null,"Name_of_th":null,"Facility_t":null,"Physical_c":null,"Total_regi":null,"No__of_shi":null,"AM_shift":null,"PM_shift":null,"Over_capac":null,"Dropouts":null,"CERD":null,"School_Nam":null,"CAD_CODE":"22002","secondshif":null,"Interviewe":null,"SDC_Name":null,"KADA_NA":null,"MOH_NA1":null,"OBJECTID_1":0,"Name":"St. Joseph Hospital","Beds":0,"Beds_Habit":0,"Gateway_T":null,"Type_Code":null,"layer":"UNH_SHC","path":"C:/Users/guest1/Documents/WORKING_WEB_4/WORKING_WEB.gpkg|layername=UNH_SHC"}},
{"type":"Feature","geometry":{"type":"Point","coordinates":[35.53079061775148,33.893992801633054]},"properties":{"fid":2397,"OBJECTID":0,"ID":null,"Pcode":" ","Governorat":"Beirut","District":"Beyrouth","Cadaster":"Rmeil foncière","HC_name":null,"MOPH":null,"Accessible":" ","Accreditat":" ","Update_Inf":" ","Thumb_url":" ","Guarantors":" ","Center_typ":null,"Malnu_Scre":null,"Malnu_Mng":null,"Malnu_fees":" ","Longitude":35.5307906178,"Latitude":33.8939928016,"HAB_Code":" ","Catch_Area":" ","Consul_fee":" ","Immuni_fee":" ","ACS_Code":"10550","Interview":"No","GlobalID":"78818cfe-06f8-4670-9da9-97d17e4698ab","CreationDate":"2020-05-27T17:07:22.950","Creator":"alisaad@unhabitat","EditDate":"2020-06-02T12:21:41.439","Editor":"alisaad@unhabitat","Mohafaza":null,"Caza":null,"ACS_NAME":null,"HABITAT_Co":null,"Data_year":null,"Name_of_th":null,"Facility_t":null,"Physical_c":null,"Total_regi":null,"No__of_shi":null,"AM_shift":null,"PM_shift":null,"Over_capac":null,"Dropouts":null,"CERD":null,"School_Nam":null,"CAD_CODE":"10002","secondshif":null,"Interviewe":null,"SDC_Name":null,"KADA_NA":null,"MOH_NA1":null,"OBJECTID_1":0,"Name":"Lebanese Hospital–Geitawoui","Beds":0,"Beds_Habit":0,"Gateway_T":null,"Type_Code":null,"layer":"UNH_SHC","path":"C:/Users/guest1/Documents/WORKING_WEB_4/WORKING_WEB.gpkg|layername=UNH_SHC"}},
{"type":"Feature","geometry":{"type":"Point","coordinates":[35.49852386187701,33.8681527306786]},"properties":{"fid":2398,"OBJECTID":0,"ID":null,"Pcode":" ","Governorat":" ","District":" ","Cadaster":" ","HC_name":null,"MOPH":null,"Accessible":"NA","Accreditat":"NA","Update_Inf":" ","Thumb_url":" ","Guarantors":"NA","Center_typ":null,"Malnu_Scre":null,"Malnu_Mng":null,"Malnu_fees":"NA","Longitude":0,"Latitude":0,"HAB_Code":" ","Catch_Area":"Sabra","Consul_fee":"NA","Immuni_fee":"NA","ACS_Code":"0","Interview":"No","GlobalID":"2cd31eb6-9842-41fd-ba04-ad72d4ffe27b","CreationDate":"2020-05-27T17:07:22.950","Creator":"alisaad@unhabitat","EditDate":"2020-05-27T17:07:22.950","Editor":"alisaad@unhabitat","Mohafaza":null,"Caza":null,"ACS_NAME":null,"HABITAT_Co":null,"Data_year":null,"Name_of_th":null,"Facility_t":null,"Physical_c":null,"Total_regi":null,"No__of_shi":null,"AM_shift":null,"PM_shift":null,"Over_capac":null,"Dropouts":null,"CERD":null,"School_Nam":null,"CAD_CODE":" ","secondshif":null,"Interviewe":null,"SDC_Name":null,"KADA_NA":null,"MOH_NA1":null,"OBJECTID_1":0,"Name":"Islamic Elderly Hospital","Beds":0,"Beds_Habit":0,"Gateway_T":null,"Type_Code":null,"layer":"UNH_SHC","path":"C:/Users/guest1/Documents/WORKING_WEB_4/WORKING_WEB.gpkg|layername=UNH_SHC"}},
{"type":"Feature","geometry":{"type":"Point","coordinates":[35.528154774315425,33.859951688474986]},"properties":{"fid":2400,"OBJECTID":0,"ID":null,"Pcode":" ","Governorat":"Mount Lebanon","District":"Baabda","Cadaster":"Baabda","HC_name":null,"MOPH":null,"Accessible":"Leb, Syr, PRL, PRS","Accreditat":"MoPH","Update_Inf":"2019","Thumb_url":" ","Guarantors":"MoPH, Health insurance and Cooperative of Government Employees","Center_typ":null,"Malnu_Scre":null,"Malnu_Mng":null,"Malnu_fees":" ","Longitude":0,"Latitude":0,"HAB_Code":" ","Catch_Area":" ","Consul_fee":" ","Immuni_fee":" ","ACS_Code":"21211","Interview":"Yes","GlobalID":"fac88e87-a43e-47cf-9fcd-2bb84403f767","CreationDate":"2020-05-27T17:07:22.950","Creator":"alisaad@unhabitat","EditDate":"2020-05-27T17:07:22.950","Editor":"alisaad@unhabitat","Mohafaza":null,"Caza":null,"ACS_NAME":null,"HABITAT_Co":null,"Data_year":null,"Name_of_th":null,"Facility_t":null,"Physical_c":null,"Total_regi":null,"No__of_shi":null,"AM_shift":null,"PM_shift":null,"Over_capac":null,"Dropouts":null,"CERD":null,"School_Nam":null,"CAD_CODE":" ","secondshif":null,"Interviewe":null,"SDC_Name":null,"KADA_NA":null,"MOH_NA1":null,"OBJECTID_1":0,"Name":"Mount Lebanon Hospital","Beds":0,"Beds_Habit":0,"Gateway_T":null,"Type_Code":null,"layer":"UNH_SHC","path":"C:/Users/guest1/Documents/WORKING_WEB_4/WORKING_WEB.gpkg|layername=UNH_SHC"}},
{"type":"Feature","geometry":{"type":"Point","coordinates":[35.506414,33.84185200000012]},"properties":{"fid":2423,"OBJECTID":21,"ID":null,"Pcode":null,"Governorat":null,"District":null,"Cadaster":"Bourj El-Brajneh","HC_name":null,"MOPH":null,"Accessible":null,"Accreditat":null,"Update_Inf":" ","Thumb_url":null,"Guarantors":null,"Center_typ":null,"Malnu_Scre":null,"Malnu_Mng":null,"Malnu_fees":null,"Longitude":35.506414,"Latitude":33.841852,"HAB_Code":null,"Catch_Area":null,"Consul_fee":null,"Immuni_fee":null,"ACS_Code":"21177","Interview":"No","GlobalID":"a75ad47d-1037-40dc-87a6-95ed916cc8d0","CreationDate":"2020-06-08T16:05:29.954","Creator":"alisaad@unhabitat","EditDate":"2020-06-08T16:05:29.954","Editor":"alisaad@unhabitat","Mohafaza":"Mount Lebanon","Caza":"Baabda","ACS_NAME":"Bourj El-Brajneh","HABITAT_Co":null,"Data_year":null,"Name_of_th":" ","Facility_t":" ","Physical_c":" ","Total_regi":" ","No__of_shi":" ","AM_shift":" ","PM_shift":" ","Over_capac":" ","Dropouts":" ","CERD":9514,"School_Nam":null,"CAD_CODE":"21004","secondshif":null,"Interviewe":null,"SDC_Name":null,"KADA_NA":null,"MOH_NA1":null,"OBJECTID_1":null,"Name":"Jaloud School","Beds":null,"Beds_Habit":null,"Gateway_T":"UNRWA School","Type_Code":"UNSCH","layer":"UNH_UNRWA","path":"C:/Users/guest1/Documents/WORKING_WEB_4/WORKING_WEB.gpkg|layername=UNH_UNRWA"}},
{"type":"Feature","geometry":{"type":"Point","coordinates":[35.508928,33.841106]},"properties":{"fid":2424,"OBJECTID":22,"ID":null,"Pcode":null,"Governorat":null,"District":null,"Cadaster":"Bourj El-Brajneh","HC_name":null,"MOPH":null,"Accessible":null,"Accreditat":null,"Update_Inf":" ","Thumb_url":null,"Guarantors":null,"Center_typ":null,"Malnu_Scre":null,"Malnu_Mng":null,"Malnu_fees":null,"Longitude":35.508928,"Latitude":33.841106,"HAB_Code":null,"Catch_Area":null,"Consul_fee":null,"Immuni_fee":null,"ACS_Code":"21177","Interview":"No","GlobalID":"7367b3d4-a623-462e-ad84-85836c8bf75a","CreationDate":"2020-06-08T16:05:29.954","Creator":"alisaad@unhabitat","EditDate":"2020-06-08T16:05:29.954","Editor":"alisaad@unhabitat","Mohafaza":"Mount Lebanon","Caza":"Baabda","ACS_NAME":"Bourj El-Brajneh","HABITAT_Co":null,"Data_year":null,"Name_of_th":" ","Facility_t":" ","Physical_c":" ","Total_regi":" ","No__of_shi":" ","AM_shift":" ","PM_shift":" ","Over_capac":" ","Dropouts":" ","CERD":9515,"School_Nam":null,"CAD_CODE":"21004","secondshif":null,"Interviewe":null,"SDC_Name":null,"KADA_NA":null,"MOH_NA1":null,"OBJECTID_1":null,"Name":"Jerusalem School Bourj El Barajneh","Beds":null,"Beds_Habit":null,"Gateway_T":"UNRWA School","Type_Code":"UNSCH","layer":"UNH_UNRWA","path":"C:/Users/guest1/Documents/WORKING_WEB_4/WORKING_WEB.gpkg|layername=UNH_UNRWA"}},
{"type":"Feature","geometry":{"type":"Point","coordinates":[35.50623,33.844829000000146]},"properties":{"fid":2425,"OBJECTID":23,"ID":null,"Pcode":null,"Governorat":null,"District":null,"Cadaster":"Bourj El-Brajneh","HC_name":null,"MOPH":null,"Accessible":null,"Accreditat":null,"Update_Inf":" ","Thumb_url":null,"Guarantors":null,"Center_typ":null,"Malnu_Scre":null,"Malnu_Mng":null,"Malnu_fees":null,"Longitude":35.50623,"Latitude":33.844829,"HAB_Code":null,"Catch_Area":null,"Consul_fee":null,"Immuni_fee":null,"ACS_Code":"21177","Interview":"No","GlobalID":"149264fe-4d07-4ccc-9a66-846e02a5af8e","CreationDate":"2020-06-08T16:05:29.954","Creator":"alisaad@unhabitat","EditDate":"2020-06-08T16:05:29.954","Editor":"alisaad@unhabitat","Mohafaza":"Mount Lebanon","Caza":"Baabda","ACS_NAME":"Bourj El-Brajneh","HABITAT_Co":null,"Data_year":null,"Name_of_th":" ","Facility_t":" ","Physical_c":" ","Total_regi":" ","No__of_shi":" ","AM_shift":" ","PM_shift":" ","Over_capac":" ","Dropouts":" ","CERD":9509,"School_Nam":null,"CAD_CODE":"21004","secondshif":null,"Interviewe":null,"SDC_Name":null,"KADA_NA":null,"MOH_NA1":null,"OBJECTID_1":null,"Name":"El Bireh School","Beds":null,"Beds_Habit":null,"Gateway_T":"UNRWA School","Type_Code":"UNSCH","layer":"UNH_UNRWA","path":"C:/Users/guest1/Documents/WORKING_WEB_4/WORKING_WEB.gpkg|layername=UNH_UNRWA"}},
{"type":"Feature","geometry":{"type":"Point","coordinates":[35.537440500000066,33.89046260000001]},"properties":{"fid":2432,"OBJECTID":30,"ID":null,"Pcode":null,"Governorat":null,"District":null,"Cadaster":"Bourj Hammoud","HC_name":null,"MOPH":null,"Accessible":null,"Accreditat":null,"Update_Inf":" ","Thumb_url":null,"Guarantors":null,"Center_typ":null,"Malnu_Scre":null,"Malnu_Mng":null,"Malnu_fees":null,"Longitude":35.5374405,"Latitude":33.8904626,"HAB_Code":null,"Catch_Area":null,"Consul_fee":null,"Immuni_fee":null,"ACS_Code":"22111","Interview":"No","GlobalID":"fa397272-80ac-4cf4-874a-cce533834cf2","CreationDate":"2020-06-08T16:05:29.954","Creator":"alisaad@unhabitat","EditDate":"2020-06-08T16:05:29.954","Editor":"alisaad@unhabitat","Mohafaza":"Mount Lebanon","Caza":"El Meten","ACS_NAME":"Bourj Hammoud","HABITAT_Co":null,"Data_year":null,"Name_of_th":" ","Facility_t":" ","Physical_c":" ","Total_regi":" ","No__of_shi":" ","AM_shift":" ","PM_shift":" ","Over_capac":" ","Dropouts":" ","CERD":9513,"School_Nam":null,"CAD_CODE":"22001","secondshif":null,"Interviewe":null,"SDC_Name":null,"KADA_NA":null,"MOH_NA1":null,"OBJECTID_1":null,"Name":"Carmel School","Beds":null,"Beds_Habit":null,"Gateway_T":"UNRWA School","Type_Code":"UNSCH","layer":"UNH_UNRWA","path":"C:/Users/guest1/Documents/WORKING_WEB_4/WORKING_WEB.gpkg|layername=UNH_UNRWA"}},
{"type":"Feature","geometry":{"type":"Point","coordinates":[35.488534,33.876841]},"properties":{"fid":2433,"OBJECTID":31,"ID":null,"Pcode":null,"Governorat":null,"District":null,"Cadaster":"Msaitbe fonciere","HC_name":null,"MOPH":null,"Accessible":null,"Accreditat":null,"Update_Inf":" ","Thumb_url":null,"Guarantors":null,"Center_typ":null,"Malnu_Scre":null,"Malnu_Mng":null,"Malnu_fees":null,"Longitude":35.488534,"Latitude":33.876841,"HAB_Code":null,"Catch_Area":null,"Consul_fee":null,"Immuni_fee":null,"ACS_Code":"10210","Interview":"No","GlobalID":"65a49481-0e6d-44c1-a918-b8e771f19945","CreationDate":"2020-06-08T16:05:29.954","Creator":"alisaad@unhabitat","EditDate":"2020-06-08T16:05:29.954","Editor":"alisaad@unhabitat","Mohafaza":"Beirut","Caza":"Beirut","ACS_NAME":"Msaitb? fonci?re","HABITAT_Co":null,"Data_year":null,"Name_of_th":" ","Facility_t":" ","Physical_c":" ","Total_regi":" ","No__of_shi":" ","AM_shift":" ","PM_shift":" ","Over_capac":" ","Dropouts":" ","CERD":9507,"School_Nam":null,"CAD_CODE":"10008","secondshif":null,"Interviewe":null,"SDC_Name":null,"KADA_NA":null,"MOH_NA1":null,"OBJECTID_1":null,"Name":"Kabri School","Beds":null,"Beds_Habit":null,"Gateway_T":"UNRWA School","Type_Code":"UNSCH","layer":"UNH_UNRWA","path":"C:/Users/guest1/Documents/WORKING_WEB_4/WORKING_WEB.gpkg|layername=UNH_UNRWA"}},
{"type":"Feature","geometry":{"type":"Point","coordinates":[35.502068,33.864607]},"properties":{"fid":2434,"OBJECTID":32,"ID":null,"Pcode":null,"Governorat":null,"District":null,"Cadaster":"Mazraa fonciere","HC_name":null,"MOPH":null,"Accessible":null,"Accreditat":null,"Update_Inf":" ","Thumb_url":null,"Guarantors":null,"Center_typ":null,"Malnu_Scre":null,"Malnu_Mng":null,"Malnu_fees":null,"Longitude":35.502068,"Latitude":33.864607,"HAB_Code":null,"Catch_Area":null,"Consul_fee":null,"Immuni_fee":null,"ACS_Code":"10310","Interview":"No","GlobalID":"0cc06628-72a8-4f5c-8e09-7ed0531d2de4","CreationDate":"2020-06-08T16:05:29.954","Creator":"alisaad@unhabitat","EditDate":"2020-06-08T16:05:29.954","Editor":"alisaad@unhabitat","Mohafaza":"Beirut","Caza":"Beirut","ACS_NAME":"Mazraa fonci?re","HABITAT_Co":null,"Data_year":null,"Name_of_th":" ","Facility_t":" ","Physical_c":" ","Total_regi":" ","No__of_shi":" ","AM_shift":" ","PM_shift":" ","Over_capac":" ","Dropouts":" ","CERD":9505,"School_Nam":null,"CAD_CODE":"10009","secondshif":null,"Interviewe":null,"SDC_Name":null,"KADA_NA":null,"MOH_NA1":null,"OBJECTID_1":null,"Name":"Ramallah School","Beds":null,"Beds_Habit":null,"Gateway_T":"UNRWA School","Type_Code":"UNSCH","layer":"UNH_UNRWA","path":"C:/Users/guest1/Documents/WORKING_WEB_4/WORKING_WEB.gpkg|layername=UNH_UNRWA"}},
{"type":"Feature","geometry":{"type":"Point","coordinates":[35.500228,33.870762]},"properties":{"fid":2435,"OBJECTID":33,"ID":null,"Pcode":null,"Governorat":null,"District":null,"Cadaster":"Mazraa fonciere","HC_name":null,"MOPH":null,"Accessible":null,"Accreditat":null,"Update_Inf":" ","Thumb_url":null,"Guarantors":null,"Center_typ":null,"Malnu_Scre":null,"Malnu_Mng":null,"Malnu_fees":null,"Longitude":35.500228,"Latitude":33.870762,"HAB_Code":null,"Catch_Area":null,"Consul_fee":null,"Immuni_fee":null,"ACS_Code":"10310","Interview":"No","GlobalID":"a55f164c-86eb-4d39-8aed-7f1f2b5fe4dd","CreationDate":"2020-06-08T16:05:29.954","Creator":"alisaad@unhabitat","EditDate":"2020-06-08T16:05:29.954","Editor":"alisaad@unhabitat","Mohafaza":"Beirut","Caza":"Beirut","ACS_NAME":"Mazraa fonci?re","HABITAT_Co":null,"Data_year":null,"Name_of_th":" ","Facility_t":" ","Physical_c":" ","Total_regi":" ","No__of_shi":" ","AM_shift":" ","PM_shift":" ","Over_capac":" ","Dropouts":" ","CERD":9503,"School_Nam":null,"CAD_CODE":"10009","secondshif":null,"Interviewe":null,"SDC_Name":null,"KADA_NA":null,"MOH_NA1":null,"OBJECTID_1":null,"Name":"Yaabad School","Beds":null,"Beds_Habit":null,"Gateway_T":"UNRWA School","Type_Code":"UNSCH","layer":"UNH_UNRWA","path":"C:/Users/guest1/Documents/WORKING_WEB_4/WORKING_WEB.gpkg|layername=UNH_UNRWA"}},
{"type":"Feature","geometry":{"type":"Point","coordinates":[35.500954,33.870303]},"properties":{"fid":2436,"OBJECTID":34,"ID":null,"Pcode":null,"Governorat":null,"District":null,"Cadaster":"Mazraa fonciere","HC_name":null,"MOPH":null,"Accessible":null,"Accreditat":null,"Update_Inf":" ","Thumb_url":null,"Guarantors":null,"Center_typ":null,"Malnu_Scre":null,"Malnu_Mng":null,"Malnu_fees":null,"Longitude":35.500954,"Latitude":33.870303,"HAB_Code":null,"Catch_Area":null,"Consul_fee":null,"Immuni_fee":null,"ACS_Code":"10310","Interview":"No","GlobalID":"3947eed2-8862-4bfa-9ee4-579ee6dcb175","CreationDate":"2020-06-08T16:05:29.954","Creator":"alisaad@unhabitat","EditDate":"2020-06-08T16:05:29.954","Editor":"alisaad@unhabitat","Mohafaza":"Beirut","Caza":"Beirut","ACS_NAME":"Mazraa fonci?re","HABITAT_Co":null,"Data_year":null,"Name_of_th":" ","Facility_t":" ","Physical_c":" ","Total_regi":" ","No__of_shi":" ","AM_shift":" ","PM_shift":" ","Over_capac":" ","Dropouts":" ","CERD":9501,"School_Nam":null,"CAD_CODE":"10009","secondshif":null,"Interviewe":null,"SDC_Name":null,"KADA_NA":null,"MOH_NA1":null,"OBJECTID_1":null,"Name":"Ras el Ein School","Beds":null,"Beds_Habit":null,"Gateway_T":"UNRWA School","Type_Code":"UNSCH","layer":"UNH_UNRWA","path":"C:/Users/guest1/Documents/WORKING_WEB_4/WORKING_WEB.gpkg|layername=UNH_UNRWA"}},
{"type":"Feature","geometry":{"type":"Point","coordinates":[35.49772500000012,33.857637]},"properties":{"fid":2437,"OBJECTID":35,"ID":null,"Pcode":null,"Governorat":null,"District":null,"Cadaster":"Chiyah","HC_name":null,"MOPH":null,"Accessible":null,"Accreditat":null,"Update_Inf":" ","Thumb_url":null,"Guarantors":null,"Center_typ":null,"Malnu_Scre":null,"Malnu_Mng":null,"Malnu_fees":null,"Longitude":35.497725,"Latitude":33.857637,"HAB_Code":null,"Catch_Area":null,"Consul_fee":null,"Immuni_fee":null,"ACS_Code":"21111","Interview":"No","GlobalID":"cd738d4c-e702-4912-a96c-60c1239c1d01","CreationDate":"2020-06-08T16:05:29.954","Creator":"alisaad@unhabitat","EditDate":"2020-06-08T16:05:29.954","Editor":"alisaad@unhabitat","Mohafaza":"Mount Lebanon","Caza":"Baabda","ACS_NAME":"Chiyah","HABITAT_Co":null,"Data_year":null,"Name_of_th":" ","Facility_t":" ","Physical_c":" ","Total_regi":" ","No__of_shi":" ","AM_shift":" ","PM_shift":" ","Over_capac":" ","Dropouts":" ","CERD":9506,"School_Nam":null,"CAD_CODE":"21007","secondshif":null,"Interviewe":null,"SDC_Name":null,"KADA_NA":null,"MOH_NA1":null,"OBJECTID_1":null,"Name":"Haifa School","Beds":null,"Beds_Habit":null,"Gateway_T":"UNRWA School","Type_Code":"UNSCH","layer":"UNH_UNRWA","path":"C:/Users/guest1/Documents/WORKING_WEB_4/WORKING_WEB.gpkg|layername=UNH_UNRWA"}},
{"type":"Feature","geometry":{"type":"Point","coordinates":[35.49784360000008,33.85798730000018]},"properties":{"fid":2438,"OBJECTID":36,"ID":null,"Pcode":null,"Governorat":null,"District":null,"Cadaster":"Chiyah","HC_name":null,"MOPH":null,"Accessible":null,"Accreditat":null,"Update_Inf":" ","Thumb_url":null,"Guarantors":null,"Center_typ":null,"Malnu_Scre":null,"Malnu_Mng":null,"Malnu_fees":null,"Longitude":35.4978436,"Latitude":33.8579873,"HAB_Code":null,"Catch_Area":null,"Consul_fee":null,"Immuni_fee":null,"ACS_Code":"21111","Interview":"No","GlobalID":"0aa60d81-4178-44d7-90d5-044afd9e2c9d","CreationDate":"2020-06-08T16:05:29.954","Creator":"alisaad@unhabitat","EditDate":"2020-06-08T16:05:29.954","Editor":"alisaad@unhabitat","Mohafaza":"Mount Lebanon","Caza":"Baabda","ACS_NAME":"Chiyah","HABITAT_Co":null,"Data_year":null,"Name_of_th":" ","Facility_t":" ","Physical_c":" ","Total_regi":" ","No__of_shi":" ","AM_shift":" ","PM_shift":" ","Over_capac":" ","Dropouts":" ","CERD":9508,"School_Nam":null,"CAD_CODE":"21007","secondshif":null,"Interviewe":null,"SDC_Name":null,"KADA_NA":null,"MOH_NA1":null,"OBJECTID_1":null,"Name":"Galilee School","Beds":null,"Beds_Habit":null,"Gateway_T":"UNRWA School","Type_Code":"UNSCH","layer":"UNH_UNRWA","path":"C:/Users/guest1/Documents/WORKING_WEB_4/WORKING_WEB.gpkg|layername=UNH_UNRWA"}},
{"type":"Feature","geometry":{"type":"Point","coordinates":[35.507459,33.84790900000014]},"properties":{"fid":2439,"OBJECTID":37,"ID":null,"Pcode":null,"Governorat":null,"District":null,"Cadaster":"Haret Hreik","HC_name":null,"MOPH":null,"Accessible":null,"Accreditat":null,"Update_Inf":" ","Thumb_url":null,"Guarantors":null,"Center_typ":null,"Malnu_Scre":null,"Malnu_Mng":null,"Malnu_fees":null,"Longitude":35.507459,"Latitude":33.847909,"HAB_Code":null,"Catch_Area":null,"Consul_fee":null,"Immuni_fee":null,"ACS_Code":"21144","Interview":"No","GlobalID":"c632faa9-be79-47f0-9078-fc53e83b264c","CreationDate":"2020-06-08T16:05:29.954","Creator":"alisaad@unhabitat","EditDate":"2020-06-08T16:05:29.954","Editor":"alisaad@unhabitat","Mohafaza":"Mount Lebanon","Caza":"Baabda","ACS_NAME":"Haret Hreik","HABITAT_Co":null,"Data_year":null,"Name_of_th":" ","Facility_t":" ","Physical_c":" ","Total_regi":" ","No__of_shi":" ","AM_shift":" ","PM_shift":" ","Over_capac":" ","Dropouts":" ","CERD":9511,"School_Nam":null,"CAD_CODE":"21006","secondshif":null,"Interviewe":null,"SDC_Name":null,"KADA_NA":null,"MOH_NA1":null,"OBJECTID_1":null,"Name":"ToolKarem School","Beds":null,"Beds_Habit":null,"Gateway_T":"UNRWA School","Type_Code":"UNSCH","layer":"UNH_UNRWA","path":"C:/Users/guest1/Documents/WORKING_WEB_4/WORKING_WEB.gpkg|layername=UNH_UNRWA"}},
{"type":"Feature","geometry":{"type":"Point","coordinates":[35.50733300000013,33.8479]},"properties":{"fid":2440,"OBJECTID":38,"ID":null,"Pcode":null,"Governorat":null,"District":null,"Cadaster":"Haret Hreik","HC_name":null,"MOPH":null,"Accessible":null,"Accreditat":null,"Update_Inf":" ","Thumb_url":null,"Guarantors":null,"Center_typ":null,"Malnu_Scre":null,"Malnu_Mng":null,"Malnu_fees":null,"Longitude":35.507333,"Latitude":33.8479,"HAB_Code":null,"Catch_Area":null,"Consul_fee":null,"Immuni_fee":null,"ACS_Code":"21144","Interview":"No","GlobalID":"9dfe8ee8-c3ae-4a4b-8837-211001a90a46","CreationDate":"2020-06-08T16:05:29.954","Creator":"alisaad@unhabitat","EditDate":"2020-06-08T16:05:29.954","Editor":"alisaad@unhabitat","Mohafaza":"Mount Lebanon","Caza":"Baabda","ACS_NAME":"Haret Hreik","HABITAT_Co":null,"Data_year":null,"Name_of_th":" ","Facility_t":" ","Physical_c":" ","Total_regi":" ","No__of_shi":" ","AM_shift":" ","PM_shift":" ","Over_capac":" ","Dropouts":" ","CERD":9510,"School_Nam":null,"CAD_CODE":"21006","secondshif":null,"Interviewe":null,"SDC_Name":null,"KADA_NA":null,"MOH_NA1":null,"OBJECTID_1":null,"Name":"Yarmook School","Beds":null,"Beds_Habit":null,"Gateway_T":"UNRWA School","Type_Code":"UNSCH","layer":"UNH_UNRWA","path":"C:/Users/guest1/Documents/WORKING_WEB_4/WORKING_WEB.gpkg|layername=UNH_UNRWA"}},
{"type":"Feature","geometry":{"type":"Point","coordinates":[35.543192069509416,33.88827274353491]},"properties":{"fid":2474,"OBJECTID":null,"ID":null,"Pcode":null,"Governorat":null,"District":null,"Cadaster":null,"HC_name":"CAHL Armenian Elderly Home","MOPH":null,"Accessible":null,"Accreditat":null,"Update_Inf":null,"Thumb_url":null,"Guarantors":null,"Center_typ":null,"Malnu_Scre":null,"Malnu_Mng":null,"Malnu_fees":null,"Longitude":null,"Latitude":null,"HAB_Code":null,"Catch_Area":null,"Consul_fee":null,"Immuni_fee":null,"ACS_Code":null,"Interview":null,"GlobalID":null,"CreationDate":null,"Creator":null,"EditDate":null,"Editor":null,"Mohafaza":null,"Caza":null,"ACS_NAME":null,"HABITAT_Co":null,"Data_year":null,"Name_of_th":null,"Facility_t":null,"Physical_c":null,"Total_regi":null,"No__of_shi":null,"AM_shift":null,"PM_shift":null,"Over_capac":null,"Dropouts":null,"CERD":null,"School_Nam":null,"CAD_CODE":null,"secondshif":null,"Interviewe":null,"SDC_Name":null,"KADA_NA":null,"MOH_NA1":null,"OBJECTID_1":null,"Name":null,"Beds":null,"Beds_Habit":null,"Gateway_T":null,"Type_Code":null,"layer":"UNH_SHC","path":null}},
{"type":"Feature","geometry":{"type":"Point","coordinates":[35.54046480187958,33.88965271150123]},"properties":{"fid":2476,"OBJECTID":null,"ID":null,"Pcode":null,"Governorat":null,"District":null,"Cadaster":null,"HC_name":null,"MOPH":null,"Accessible":null,"Accreditat":null,"Update_Inf":null,"Thumb_url":null,"Guarantors":null,"Center_typ":null,"Malnu_Scre":null,"Malnu_Mng":null,"Malnu_fees":null,"Longitude":null,"Latitude":null,"HAB_Code":null,"Catch_Area":null,"Consul_fee":null,"Immuni_fee":null,"ACS_Code":null,"Interview":null,"GlobalID":null,"CreationDate":null,"Creator":null,"EditDate":null,"Editor":null,"Mohafaza":null,"Caza":null,"ACS_NAME":null,"HABITAT_Co":null,"Data_year":null,"Name_of_th":null,"Facility_t":null,"Physical_c":null,"Total_regi":null,"No__of_shi":null,"AM_shift":null,"PM_shift":null,"Over_capac":null,"Dropouts":null,"CERD":null,"School_Nam":null,"CAD_CODE":null,"secondshif":null,"Interviewe":null,"SDC_Name":null,"KADA_NA":null,"MOH_NA1":null,"OBJECTID_1":null,"Name":"Saint Agnes High School","Beds":null,"Beds_Habit":null,"Gateway_T":null,"Type_Code":null,"layer":"UNH_PrS","path":null}},
{"type":"Feature","geometry":{"type":"Point","coordinates":[35.54103364479985,33.889588503292444]},"properties":{"fid":2477,"OBJECTID":null,"ID":null,"Pcode":null,"Governorat":null,"District":null,"Cadaster":null,"HC_name":null,"MOPH":null,"Accessible":null,"Accreditat":null,"Update_Inf":null,"Thumb_url":null,"Guarantors":null,"Center_typ":null,"Malnu_Scre":null,"Malnu_Mng":null,"Malnu_fees":null,"Longitude":null,"Latitude":null,"HAB_Code":null,"Catch_Area":null,"Consul_fee":null,"Immuni_fee":null,"ACS_Code":null,"Interview":null,"GlobalID":null,"CreationDate":null,"Creator":null,"EditDate":null,"Editor":null,"Mohafaza":null,"Caza":null,"ACS_NAME":null,"HABITAT_Co":null,"Data_year":null,"Name_of_th":null,"Facility_t":null,"Physical_c":null,"Total_regi":null,"No__of_shi":null,"AM_shift":null,"PM_shift":null,"Over_capac":null,"Dropouts":null,"CERD":null,"School_Nam":null,"CAD_CODE":null,"secondshif":null,"Interviewe":null,"SDC_Name":null,"KADA_NA":null,"MOH_NA1":null,"OBJECTID_1":null,"Name":"Al Salam School","Beds":null,"Beds_Habit":null,"Gateway_T":null,"Type_Code":null,"layer":"UNH_PS","path":null}},
{"type":"Feature","geometry":{"type":"Point","coordinates":[35.547882622792955,33.88672336331657]},"properties":{"fid":2478,"OBJECTID":null,"ID":null,"Pcode":null,"Governorat":null,"District":null,"Cadaster":null,"HC_name":null,"MOPH":null,"Accessible":null,"Accreditat":null,"Update_Inf":null,"Thumb_url":null,"Guarantors":null,"Center_typ":null,"Malnu_Scre":null,"Malnu_Mng":null,"Malnu_fees":null,"Longitude":null,"Latitude":null,"HAB_Code":null,"Catch_Area":null,"Consul_fee":null,"Immuni_fee":null,"ACS_Code":null,"Interview":null,"GlobalID":null,"CreationDate":null,"Creator":null,"EditDate":null,"Editor":null,"Mohafaza":null,"Caza":null,"ACS_NAME":null,"HABITAT_Co":null,"Data_year":null,"Name_of_th":null,"Facility_t":null,"Physical_c":null,"Total_regi":null,"No__of_shi":null,"AM_shift":null,"PM_shift":null,"Over_capac":null,"Dropouts":null,"CERD":null,"School_Nam":null,"CAD_CODE":null,"secondshif":null,"Interviewe":null,"SDC_Name":null,"KADA_NA":null,"MOH_NA1":null,"OBJECTID_1":null,"Name":"United Armenia College","Beds":null,"Beds_Habit":null,"Gateway_T":null,"Type_Code":null,"layer":"UNH_PrS","path":null}},
{"type":"Feature","geometry":{"type":"Point","coordinates":[35.541966535864965,33.88860692623956]},"properties":{"fid":2479,"OBJECTID":null,"ID":null,"Pcode":null,"Governorat":null,"District":null,"Cadaster":null,"HC_name":null,"MOPH":null,"Accessible":null,"Accreditat":null,"Update_Inf":null,"Thumb_url":null,"Guarantors":null,"Center_typ":null,"Malnu_Scre":null,"Malnu_Mng":null,"Malnu_fees":null,"Longitude":null,"Latitude":null,"HAB_Code":null,"Catch_Area":null,"Consul_fee":null,"Immuni_fee":null,"ACS_Code":null,"Interview":null,"GlobalID":null,"CreationDate":null,"Creator":null,"EditDate":null,"Editor":null,"Mohafaza":null,"Caza":null,"ACS_NAME":null,"HABITAT_Co":null,"Data_year":null,"Name_of_th":null,"Facility_t":null,"Physical_c":null,"Total_regi":null,"No__of_shi":null,"AM_shift":null,"PM_shift":null,"Over_capac":null,"Dropouts":null,"CERD":null,"School_Nam":null,"CAD_CODE":null,"secondshif":null,"Interviewe":null,"SDC_Name":null,"KADA_NA":null,"MOH_NA1":null,"OBJECTID_1":null,"Name":"Center for Elderly People Care","Beds":null,"Beds_Habit":null,"Gateway_T":null,"Type_Code":null,"layer":"UNH_SHC","path":null}},
{"type":"Feature","geometry":{"type":"Point","coordinates":[35.539047537548186,33.88872777427539]},"properties":{"fid":2480,"OBJECTID":null,"ID":null,"Pcode":null,"Governorat":null,"District":null,"Cadaster":null,"HC_name":null,"MOPH":null,"Accessible":null,"Accreditat":null,"Update_Inf":null,"Thumb_url":null,"Guarantors":null,"Center_typ":null,"Malnu_Scre":null,"Malnu_Mng":null,"Malnu_fees":null,"Longitude":null,"Latitude":null,"HAB_Code":null,"Catch_Area":null,"Consul_fee":null,"Immuni_fee":null,"ACS_Code":null,"Interview":null,"GlobalID":null,"CreationDate":null,"Creator":null,"EditDate":null,"Editor":null,"Mohafaza":null,"Caza":null,"ACS_NAME":null,"HABITAT_Co":null,"Data_year":null,"Name_of_th":null,"Facility_t":null,"Physical_c":null,"Total_regi":null,"No__of_shi":null,"AM_shift":null,"PM_shift":null,"Over_capac":null,"Dropouts":null,"CERD":null,"School_Nam":null,"CAD_CODE":null,"secondshif":null,"Interviewe":null,"SDC_Name":null,"KADA_NA":null,"MOH_NA1":null,"OBJECTID_1":null,"Name":"Armenian Relief Cross of Lebanon","Beds":null,"Beds_Habit":null,"Gateway_T":null,"Type_Code":null,"layer":"UNH_SHC","path":null}},
{"type":"Feature","geometry":null,"properties":{"fid":2481,"OBJECTID":null,"ID":null,"Pcode":null,"Governorat":null,"District":null,"Cadaster":null,"HC_name":null,"MOPH":null,"Accessible":null,"Accreditat":null,"Update_Inf":null,"Thumb_url":null,"Guarantors":null,"Center_typ":null,"Malnu_Scre":null,"Malnu_Mng":null,"Malnu_fees":null,"Longitude":null,"Latitude":null,"HAB_Code":null,"Catch_Area":null,"Consul_fee":null,"Immuni_fee":null,"ACS_Code":null,"Interview":null,"GlobalID":null,"CreationDate":null,"Creator":null,"EditDate":null,"Editor":null,"Mohafaza":null,"Caza":null,"ACS_NAME":null,"HABITAT_Co":null,"Data_year":null,"Name_of_th":null,"Facility_t":null,"Physical_c":null,"Total_regi":null,"No__of_shi":null,"AM_shift":null,"PM_shift":null,"Over_capac":null,"Dropouts":null,"CERD":null,"School_Nam":null,"CAD_CODE":null,"secondshif":null,"Interviewe":null,"SDC_Name":null,"KADA_NA":null,"MOH_NA1":null,"OBJECTID_1":null,"Name":null,"Beds":null,"Beds_Habit":null,"Gateway_T":null,"Type_Code":null,"layer":null,"path":null}},
{"type":"Feature","geometry":{"type":"Point","coordinates":[35.53734596129358,33.89220742565133]},"properties":{"fid":2482,"OBJECTID":null,"ID":null,"Pcode":null,"Governorat":null,"District":null,"Cadaster":null,"HC_name":"Nor Marash Highschool","MOPH":null,"Accessible":null,"Accreditat":null,"Update_Inf":null,"Thumb_url":null,"Guarantors":null,"Center_typ":null,"Malnu_Scre":null,"Malnu_Mng":null,"Malnu_fees":null,"Longitude":null,"Latitude":null,"HAB_Code":null,"Catch_Area":null,"Consul_fee":null,"Immuni_fee":null,"ACS_Code":null,"Interview":null,"GlobalID":null,"CreationDate":null,"Creator":null,"EditDate":null,"Editor":null,"Mohafaza":null,"Caza":null,"ACS_NAME":null,"HABITAT_Co":null,"Data_year":null,"Name_of_th":null,"Facility_t":null,"Physical_c":null,"Total_regi":null,"No__of_shi":null,"AM_shift":null,"PM_shift":null,"Over_capac":null,"Dropouts":null,"CERD":null,"School_Nam":null,"CAD_CODE":null,"secondshif":null,"Interviewe":null,"SDC_Name":null,"KADA_NA":null,"MOH_NA1":null,"OBJECTID_1":null,"Name":null,"Beds":null,"Beds_Habit":null,"Gateway_T":null,"Type_Code":null,"layer":"UNH_PrS","path":null}},
{"type":"Feature","geometry":{"type":"Point","coordinates":[35.5403625460613,33.88792588461563]},"properties":{"fid":2483,"OBJECTID":null,"ID":null,"Pcode":null,"Governorat":null,"District":null,"Cadaster":null,"HC_name":"Armenian Social Center","MOPH":null,"Accessible":null,"Accreditat":null,"Update_Inf":null,"Thumb_url":null,"Guarantors":null,"Center_typ":null,"Malnu_Scre":null,"Malnu_Mng":null,"Malnu_fees":null,"Longitude":null,"Latitude":null,"HAB_Code":null,"Catch_Area":null,"Consul_fee":null,"Immuni_fee":null,"ACS_Code":null,"Interview":null,"GlobalID":null,"CreationDate":null,"Creator":null,"EditDate":null,"Editor":null,"Mohafaza":null,"Caza":null,"ACS_NAME":null,"HABITAT_Co":null,"Data_year":null,"Name_of_th":null,"Facility_t":null,"Physical_c":null,"Total_regi":null,"No__of_shi":null,"AM_shift":null,"PM_shift":null,"Over_capac":null,"Dropouts":null,"CERD":null,"School_Nam":null,"CAD_CODE":null,"secondshif":null,"Interviewe":null,"SDC_Name":null,"KADA_NA":null,"MOH_NA1":null,"OBJECTID_1":null,"Name":null,"Beds":null,"Beds_Habit":null,"Gateway_T":null,"Type_Code":null,"layer":"UNH_SHC","path":null}},
{"type":"Feature","geometry":{"type":"Point","coordinates":[35.542695914070336,33.88844045162415]},"properties":{"fid":2484,"OBJECTID":null,"ID":null,"Pcode":null,"Governorat":null,"District":null,"Cadaster":null,"HC_name":"Armenian School and Social Healthcare Center","MOPH":null,"Accessible":null,"Accreditat":null,"Update_Inf":null,"Thumb_url":null,"Guarantors":null,"Center_typ":null,"Malnu_Scre":null,"Malnu_Mng":null,"Malnu_fees":null,"Longitude":null,"Latitude":null,"HAB_Code":null,"Catch_Area":null,"Consul_fee":null,"Immuni_fee":null,"ACS_Code":null,"Interview":null,"GlobalID":null,"CreationDate":null,"Creator":null,"EditDate":null,"Editor":null,"Mohafaza":null,"Caza":null,"ACS_NAME":null,"HABITAT_Co":null,"Data_year":null,"Name_of_th":null,"Facility_t":null,"Physical_c":null,"Total_regi":null,"No__of_shi":null,"AM_shift":null,"PM_shift":null,"Over_capac":null,"Dropouts":null,"CERD":null,"School_Nam":null,"CAD_CODE":null,"secondshif":null,"Interviewe":null,"SDC_Name":null,"KADA_NA":null,"MOH_NA1":null,"OBJECTID_1":null,"Name":null,"Beds":null,"Beds_Habit":null,"Gateway_T":null,"Type_Code":null,"layer":"UNH_SHC","path":null}},
{"type":"Feature","geometry":{"type":"Point","coordinates":[35.54038898468655,33.892667325325796]},"properties":{"fid":2485,"OBJECTID":null,"ID":null,"Pcode":null,"Governorat":null,"District":null,"Cadaster":null,"HC_name":"Saint Marc Healthcare Center","MOPH":null,"Accessible":null,"Accreditat":null,"Update_Inf":null,"Thumb_url":null,"Guarantors":null,"Center_typ":null,"Malnu_Scre":null,"Malnu_Mng":null,"Malnu_fees":null,"Longitude":null,"Latitude":null,"HAB_Code":null,"Catch_Area":null,"Consul_fee":null,"Immuni_fee":null,"ACS_Code":null,"Interview":null,"GlobalID":null,"CreationDate":null,"Creator":null,"EditDate":null,"Editor":null,"Mohafaza":null,"Caza":null,"ACS_NAME":null,"HABITAT_Co":null,"Data_year":null,"Name_of_th":null,"Facility_t":null,"Physical_c":null,"Total_regi":null,"No__of_shi":null,"AM_shift":null,"PM_shift":null,"Over_capac":null,"Dropouts":null,"CERD":null,"School_Nam":null,"CAD_CODE":null,"secondshif":null,"Interviewe":null,"SDC_Name":null,"KADA_NA":null,"MOH_NA1":null,"OBJECTID_1":null,"Name":null,"Beds":null,"Beds_Habit":null,"Gateway_T":null,"Type_Code":null,"layer":"UNH_SHC","path":null}},
{"type":"Feature","geometry":{"type":"Point","coordinates":[35.539319321970495,33.88853583978344]},"properties":{"fid":2486,"OBJECTID":null,"ID":null,"Pcode":null,"Governorat":null,"District":null,"Cadaster":null,"HC_name":"Armenian Relief Cross","MOPH":null,"Accessible":null,"Accreditat":null,"Update_Inf":null,"Thumb_url":null,"Guarantors":null,"Center_typ":null,"Malnu_Scre":null,"Malnu_Mng":null,"Malnu_fees":null,"Longitude":null,"Latitude":null,"HAB_Code":null,"Catch_Area":null,"Consul_fee":null,"Immuni_fee":null,"ACS_Code":null,"Interview":null,"GlobalID":null,"CreationDate":null,"Creator":null,"EditDate":null,"Editor":null,"Mohafaza":null,"Caza":null,"ACS_NAME":null,"HABITAT_Co":null,"Data_year":null,"Name_of_th":null,"Facility_t":null,"Physical_c":null,"Total_regi":null,"No__of_shi":null,"AM_shift":null,"PM_shift":null,"Over_capac":null,"Dropouts":null,"CERD":null,"School_Nam":null,"CAD_CODE":null,"secondshif":null,"Interviewe":null,"SDC_Name":null,"KADA_NA":null,"MOH_NA1":null,"OBJECTID_1":null,"Name":"Armenian Relief Cross","Beds":null,"Beds_Habit":null,"Gateway_T":null,"Type_Code":null,"layer":"UNH_SHC","path":null}},
{"type":"Feature","geometry":{"type":"Point","coordinates":[35.545708866097485,33.88694018233306]},"properties":{"fid":2487,"OBJECTID":null,"ID":null,"Pcode":null,"Governorat":null,"District":null,"Cadaster":null,"HC_name":null,"MOPH":null,"Accessible":null,"Accreditat":null,"Update_Inf":null,"Thumb_url":null,"Guarantors":null,"Center_typ":null,"Malnu_Scre":null,"Malnu_Mng":null,"Malnu_fees":null,"Longitude":null,"Latitude":null,"HAB_Code":null,"Catch_Area":null,"Consul_fee":null,"Immuni_fee":null,"ACS_Code":null,"Interview":null,"GlobalID":null,"CreationDate":null,"Creator":null,"EditDate":null,"Editor":null,"Mohafaza":null,"Caza":null,"ACS_NAME":null,"HABITAT_Co":null,"Data_year":null,"Name_of_th":null,"Facility_t":null,"Physical_c":null,"Total_regi":null,"No__of_shi":null,"AM_shift":null,"PM_shift":null,"Over_capac":null,"Dropouts":null,"CERD":null,"School_Nam":null,"CAD_CODE":null,"secondshif":null,"Interviewe":null,"SDC_Name":null,"KADA_NA":null,"MOH_NA1":null,"OBJECTID_1":null,"Name":"Ecole Saint Vincent de Paul","Beds":null,"Beds_Habit":null,"Gateway_T":null,"Type_Code":null,"layer":"UNH_PrS","path":null}},
{"type":"Feature","geometry":{"type":"Point","coordinates":[35.539466306715916,33.891167704433336]},"properties":{"fid":2488,"OBJECTID":null,"ID":null,"Pcode":null,"Governorat":null,"District":null,"Cadaster":null,"HC_name":null,"MOPH":null,"Accessible":null,"Accreditat":null,"Update_Inf":null,"Thumb_url":null,"Guarantors":null,"Center_typ":null,"Malnu_Scre":null,"Malnu_Mng":null,"Malnu_fees":null,"Longitude":null,"Latitude":null,"HAB_Code":null,"Catch_Area":null,"Consul_fee":null,"Immuni_fee":null,"ACS_Code":null,"Interview":null,"GlobalID":null,"CreationDate":null,"Creator":null,"EditDate":null,"Editor":null,"Mohafaza":null,"Caza":null,"ACS_NAME":null,"HABITAT_Co":null,"Data_year":null,"Name_of_th":null,"Facility_t":null,"Physical_c":null,"Total_regi":null,"No__of_shi":null,"AM_shift":null,"PM_shift":null,"Over_capac":null,"Dropouts":null,"CERD":null,"School_Nam":null,"CAD_CODE":null,"secondshif":null,"Interviewe":null,"SDC_Name":null,"KADA_NA":null,"MOH_NA1":null,"OBJECTID_1":null,"Name":"Jinishian Socio-medical Center","Beds":null,"Beds_Habit":null,"Gateway_T":null,"Type_Code":null,"layer":"UNH_SHC","path":null}},
{"type":"Feature","geometry":{"type":"Point","coordinates":[35.542434010401294,33.89076529498118]},"properties":{"fid":2489,"OBJECTID":null,"ID":null,"Pcode":null,"Governorat":null,"District":null,"Cadaster":null,"HC_name":null,"MOPH":null,"Accessible":null,"Accreditat":null,"Update_Inf":null,"Thumb_url":null,"Guarantors":null,"Center_typ":null,"Malnu_Scre":null,"Malnu_Mng":null,"Malnu_fees":null,"Longitude":null,"Latitude":null,"HAB_Code":null,"Catch_Area":null,"Consul_fee":null,"Immuni_fee":null,"ACS_Code":null,"Interview":null,"GlobalID":null,"CreationDate":null,"Creator":null,"EditDate":null,"Editor":null,"Mohafaza":null,"Caza":null,"ACS_NAME":null,"HABITAT_Co":null,"Data_year":null,"Name_of_th":null,"Facility_t":null,"Physical_c":null,"Total_regi":null,"No__of_shi":null,"AM_shift":null,"PM_shift":null,"Over_capac":null,"Dropouts":null,"CERD":null,"School_Nam":null,"CAD_CODE":null,"secondshif":null,"Interviewe":null,"SDC_Name":null,"KADA_NA":null,"MOH_NA1":null,"OBJECTID_1":null,"Name":"BH PR","Beds":null,"Beds_Habit":null,"Gateway_T":null,"Type_Code":null,"layer":"UNH_PrS","path":null}},
{"type":"Feature","geometry":{"type":"Point","coordinates":[35.53879723557375,33.89071309908232]},"properties":{"fid":2490,"OBJECTID":null,"ID":null,"Pcode":null,"Governorat":null,"District":null,"Cadaster":null,"HC_name":null,"MOPH":null,"Accessible":null,"Accreditat":null,"Update_Inf":null,"Thumb_url":null,"Guarantors":null,"Center_typ":null,"Malnu_Scre":null,"Malnu_Mng":null,"Malnu_fees":null,"Longitude":null,"Latitude":null,"HAB_Code":null,"Catch_Area":null,"Consul_fee":null,"Immuni_fee":null,"ACS_Code":null,"Interview":null,"GlobalID":null,"CreationDate":null,"Creator":null,"EditDate":null,"Editor":null,"Mohafaza":null,"Caza":null,"ACS_NAME":null,"HABITAT_Co":null,"Data_year":null,"Name_of_th":null,"Facility_t":null,"Physical_c":null,"Total_regi":null,"No__of_shi":null,"AM_shift":null,"PM_shift":null,"Over_capac":null,"Dropouts":null,"CERD":null,"School_Nam":null,"CAD_CODE":null,"secondshif":null,"Interviewe":null,"SDC_Name":null,"KADA_NA":null,"MOH_NA1":null,"OBJECTID_1":null,"Name":"Mesorbian School","Beds":null,"Beds_Habit":null,"Gateway_T":null,"Type_Code":null,"layer":"UNH_PrS","path":null}},
{"type":"Feature","geometry":{"type":"Point","coordinates":[35.542806418186,33.89190964764701]},"properties":{"fid":2491,"OBJECTID":null,"ID":null,"Pcode":null,"Governorat":null,"District":null,"Cadaster":null,"HC_name":null,"MOPH":null,"Accessible":null,"Accreditat":null,"Update_Inf":null,"Thumb_url":null,"Guarantors":null,"Center_typ":null,"Malnu_Scre":null,"Malnu_Mng":null,"Malnu_fees":null,"Longitude":null,"Latitude":null,"HAB_Code":null,"Catch_Area":null,"Consul_fee":null,"Immuni_fee":null,"ACS_Code":null,"Interview":null,"GlobalID":null,"CreationDate":null,"Creator":null,"EditDate":null,"Editor":null,"Mohafaza":null,"Caza":null,"ACS_NAME":null,"HABITAT_Co":null,"Data_year":null,"Name_of_th":null,"Facility_t":null,"Physical_c":null,"Total_regi":null,"No__of_shi":null,"AM_shift":null,"PM_shift":null,"Over_capac":null,"Dropouts":null,"CERD":null,"School_Nam":null,"CAD_CODE":null,"secondshif":null,"Interviewe":null,"SDC_Name":null,"KADA_NA":null,"MOH_NA1":null,"OBJECTID_1":null,"Name":"Lebanese Secondary School","Beds":null,"Beds_Habit":null,"Gateway_T":null,"Type_Code":null,"layer":"UNH_PS","path":null}},
{"type":"Feature","geometry":{"type":"Point","coordinates":[35.54351082150118,33.89194398166658]},"properties":{"fid":2492,"OBJECTID":null,"ID":null,"Pcode":null,"Governorat":null,"District":null,"Cadaster":null,"HC_name":null,"MOPH":null,"Accessible":null,"Accreditat":null,"Update_Inf":null,"Thumb_url":null,"Guarantors":null,"Center_typ":null,"Malnu_Scre":null,"Malnu_Mng":null,"Malnu_fees":null,"Longitude":null,"Latitude":null,"HAB_Code":null,"Catch_Area":null,"Consul_fee":null,"Immuni_fee":null,"ACS_Code":null,"Interview":null,"GlobalID":null,"CreationDate":null,"Creator":null,"EditDate":null,"Editor":null,"Mohafaza":null,"Caza":null,"ACS_NAME":null,"HABITAT_Co":null,"Data_year":null,"Name_of_th":null,"Facility_t":null,"Physical_c":null,"Total_regi":null,"No__of_shi":null,"AM_shift":null,"PM_shift":null,"Over_capac":null,"Dropouts":null,"CERD":null,"School_Nam":null,"CAD_CODE":null,"secondshif":null,"Interviewe":null,"SDC_Name":null,"KADA_NA":null,"MOH_NA1":null,"OBJECTID_1":null,"Name":"Saint Joseph School","Beds":null,"Beds_Habit":null,"Gateway_T":null,"Type_Code":null,"layer":"UNH_PrS","path":null}},
{"type":"Feature","geometry":{"type":"Point","coordinates":[35.543377962512906,33.89199600288199]},"properties":{"fid":2493,"OBJECTID":null,"ID":null,"Pcode":null,"Governorat":null,"District":null,"Cadaster":null,"HC_name":null,"MOPH":null,"Accessible":null,"Accreditat":null,"Update_Inf":null,"Thumb_url":null,"Guarantors":null,"Center_typ":null,"Malnu_Scre":null,"Malnu_Mng":null,"Malnu_fees":null,"Longitude":null,"Latitude":null,"HAB_Code":null,"Catch_Area":null,"Consul_fee":null,"Immuni_fee":null,"ACS_Code":null,"Interview":null,"GlobalID":null,"CreationDate":"2024-05-23T17:07:00.700","Creator":null,"EditDate":null,"Editor":null,"Mohafaza":null,"Caza":null,"ACS_NAME":null,"HABITAT_Co":null,"Data_year":null,"Name_of_th":null,"Facility_t":null,"Physical_c":null,"Total_regi":null,"No__of_shi":null,"AM_shift":null,"PM_shift":null,"Over_capac":null,"Dropouts":null,"CERD":null,"School_Nam":null,"CAD_CODE":null,"secondshif":null,"Interviewe":null,"SDC_Name":null,"KADA_NA":null,"MOH_NA1":null,"OBJECTID_1":null,"Name":null,"Beds":null,"Beds_Habit":null,"Gateway_T":null,"Type_Code":null,"layer":"UNH_SHC","path":null}},
{"type":"Feature","geometry":{"type":"Point","coordinates":[35.5237150571081,33.89381175080504]},"properties":{"fid":2494,"OBJECTID":null,"ID":null,"Pcode":null,"Governorat":null,"District":null,"Cadaster":null,"HC_name":null,"MOPH":null,"Accessible":null,"Accreditat":null,"Update_Inf":null,"Thumb_url":null,"Guarantors":null,"Center_typ":null,"Malnu_Scre":null,"Malnu_Mng":null,"Malnu_fees":null,"Longitude":null,"Latitude":null,"HAB_Code":null,"Catch_Area":null,"Consul_fee":null,"Immuni_fee":null,"ACS_Code":null,"Interview":null,"GlobalID":null,"CreationDate":null,"Creator":null,"EditDate":null,"Editor":null,"Mohafaza":null,"Caza":null,"ACS_NAME":null,"HABITAT_Co":null,"Data_year":null,"Name_of_th":null,"Facility_t":null,"Physical_c":null,"Total_regi":null,"No__of_shi":null,"AM_shift":null,"PM_shift":null,"Over_capac":null,"Dropouts":null,"CERD":null,"School_Nam":null,"CAD_CODE":null,"secondshif":null,"Interviewe":null,"SDC_Name":null,"KADA_NA":null,"MOH_NA1":null,"OBJECTID_1":null,"Name":"Saint Georges Hospital University Medical Center","Beds":null,"Beds_Habit":null,"Gateway_T":null,"Type_Code":null,"layer":"UNH_SHC","path":null}},
{"type":"Feature","geometry":{"type":"Point","coordinates":[35.52696507627475,33.89650105586829]},"properties":{"fid":2495,"OBJECTID":null,"ID":null,"Pcode":null,"Governorat":null,"District":null,"Cadaster":null,"HC_name":null,"MOPH":null,"Accessible":null,"Accreditat":null,"Update_Inf":null,"Thumb_url":null,"Guarantors":null,"Center_typ":null,"Malnu_Scre":null,"Malnu_Mng":null,"Malnu_fees":null,"Longitude":null,"Latitude":null,"HAB_Code":null,"Catch_Area":null,"Consul_fee":null,"Immuni_fee":null,"ACS_Code":null,"Interview":null,"GlobalID":null,"CreationDate":null,"Creator":null,"EditDate":null,"Editor":null,"Mohafaza":null,"Caza":null,"ACS_NAME":null,"HABITAT_Co":null,"Data_year":null,"Name_of_th":null,"Facility_t":null,"Physical_c":null,"Total_regi":null,"No__of_shi":null,"AM_shift":null,"PM_shift":null,"Over_capac":null,"Dropouts":null,"CERD":null,"School_Nam":null,"CAD_CODE":null,"secondshif":null,"Interviewe":null,"SDC_Name":null,"KADA_NA":null,"MOH_NA1":null,"OBJECTID_1":null,"Name":"Armenian Evangelical Central High School (AECHS)","Beds":null,"Beds_Habit":null,"Gateway_T":null,"Type_Code":null,"layer":"UNH_PrS","path":null}},
{"type":"Feature","geometry":{"type":"Point","coordinates":[35.53327317236929,33.89175243841791]},"properties":{"fid":2496,"OBJECTID":null,"ID":null,"Pcode":null,"Governorat":null,"District":null,"Cadaster":null,"HC_name":null,"MOPH":null,"Accessible":null,"Accreditat":null,"Update_Inf":null,"Thumb_url":null,"Guarantors":null,"Center_typ":null,"Malnu_Scre":null,"Malnu_Mng":null,"Malnu_fees":null,"Longitude":null,"Latitude":null,"HAB_Code":null,"Catch_Area":null,"Consul_fee":null,"Immuni_fee":null,"ACS_Code":null,"Interview":null,"GlobalID":null,"CreationDate":null,"Creator":null,"EditDate":null,"Editor":null,"Mohafaza":null,"Caza":null,"ACS_NAME":null,"HABITAT_Co":null,"Data_year":null,"Name_of_th":null,"Facility_t":null,"Physical_c":null,"Total_regi":null,"No__of_shi":null,"AM_shift":null,"PM_shift":null,"Over_capac":null,"Dropouts":null,"CERD":null,"School_Nam":null,"CAD_CODE":null,"secondshif":null,"Interviewe":null,"SDC_Name":null,"KADA_NA":null,"MOH_NA1":null,"OBJECTID_1":null,"Name":"School","Beds":null,"Beds_Habit":null,"Gateway_T":null,"Type_Code":null,"layer":"UNH_PrS","path":null}},
{"type":"Feature","geometry":{"type":"Point","coordinates":[35.517185732748025,33.879750775302334]},"properties":{"fid":2497,"OBJECTID":null,"ID":null,"Pcode":null,"Governorat":null,"District":null,"Cadaster":null,"HC_name":null,"MOPH":null,"Accessible":null,"Accreditat":null,"Update_Inf":null,"Thumb_url":null,"Guarantors":null,"Center_typ":null,"Malnu_Scre":null,"Malnu_Mng":null,"Malnu_fees":null,"Longitude":null,"Latitude":null,"HAB_Code":null,"Catch_Area":null,"Consul_fee":null,"Immuni_fee":null,"ACS_Code":null,"Interview":null,"GlobalID":null,"CreationDate":null,"Creator":null,"EditDate":null,"Editor":null,"Mohafaza":null,"Caza":null,"ACS_NAME":null,"HABITAT_Co":null,"Data_year":null,"Name_of_th":null,"Facility_t":null,"Physical_c":null,"Total_regi":null,"No__of_shi":null,"AM_shift":null,"PM_shift":null,"Over_capac":null,"Dropouts":null,"CERD":null,"School_Nam":null,"CAD_CODE":null,"secondshif":null,"Interviewe":null,"SDC_Name":null,"KADA_NA":null,"MOH_NA1":null,"OBJECTID_1":null,"Name":"Wellspring","Beds":null,"Beds_Habit":null,"Gateway_T":null,"Type_Code":null,"layer":"UNH_PrS","path":null}},
{"type":"Feature","geometry":{"type":"Point","coordinates":[35.48843271621138,33.87893577748579]},"properties":{"fid":2498,"OBJECTID":null,"ID":null,"Pcode":null,"Governorat":null,"District":null,"Cadaster":null,"HC_name":null,"MOPH":null,"Accessible":null,"Accreditat":null,"Update_Inf":null,"Thumb_url":null,"Guarantors":null,"Center_typ":null,"Malnu_Scre":null,"Malnu_Mng":null,"Malnu_fees":null,"Longitude":null,"Latitude":null,"HAB_Code":null,"Catch_Area":null,"Consul_fee":null,"Immuni_fee":null,"ACS_Code":null,"Interview":null,"GlobalID":null,"CreationDate":null,"Creator":null,"EditDate":null,"Editor":null,"Mohafaza":null,"Caza":null,"ACS_NAME":null,"HABITAT_Co":null,"Data_year":null,"Name_of_th":null,"Facility_t":null,"Physical_c":null,"Total_regi":null,"No__of_shi":null,"AM_shift":null,"PM_shift":null,"Over_capac":null,"Dropouts":null,"CERD":null,"School_Nam":null,"CAD_CODE":null,"secondshif":null,"Interviewe":null,"SDC_Name":null,"KADA_NA":null,"MOH_NA1":null,"OBJECTID_1":null,"Name":"Lycee","Beds":null,"Beds_Habit":null,"Gateway_T":null,"Type_Code":null,"layer":"UNH_PrS","path":null}}
]}