{"type":"FeatureCollection", "features": [
{"type":"Feature","geometry":{"type":"Point","coordinates":[35.879907140692296,33.75978286833907]},"properties":{"fid":1,"Name":"El Marj Cemetery","OBJECTID":0,"Governance":" ","URL":" ","GlobalID":"366a6473-f46b-4650-82c7-664c6386afbf","CreationDate":"2020-05-26T17:38:33.161","Creator":"alisaad@unhabitat","EditDate":"2023-03-28T11:03:54.889","Editor":"alisaad@unhabitat"}},
{"type":"Feature","geometry":{"type":"Point","coordinates":[35.881430232147544,33.759924876479666]},"properties":{"fid":2,"Name":"El Marj Intermediate Public School","OBJECTID":0,"Governance":" ","URL":" ","GlobalID":"d1ad108a-e6a7-4223-85cc-fb7d547c31cf","CreationDate":"2020-05-26T17:38:33.161","Creator":"alisaad@unhabitat","EditDate":"2023-03-28T11:03:54.889","Editor":"alisaad@unhabitat"}},
{"type":"Feature","geometry":{"type":"Point","coordinates":[35.88085668333108,33.760766288869895]},"properties":{"fid":3,"Name":"El Marj Secondary Public School","OBJECTID":0,"Governance":" ","URL":" ","GlobalID":"6b3e5f13-e7d2-4efd-a7ea-4c29d01821ac","CreationDate":"2020-05-26T17:38:33.161","Creator":"alisaad@unhabitat","EditDate":"2023-03-28T11:03:54.889","Editor":"alisaad@unhabitat"}},
{"type":"Feature","geometry":{"type":"Point","coordinates":[35.88208689503065,33.760423216931656]},"properties":{"fid":4,"Name":"Mosque","OBJECTID":0,"Governance":" ","URL":" ","GlobalID":"d7771600-6a92-41ef-a878-7e80369e477a","CreationDate":"2020-05-26T17:38:33.161","Creator":"alisaad@unhabitat","EditDate":"2023-03-28T11:03:54.889","Editor":"alisaad@unhabitat"}},
{"type":"Feature","geometry":{"type":"Point","coordinates":[35.883640367863926,33.760929923423504]},"properties":{"fid":5,"Name":"El Marj Souk","OBJECTID":0,"Governance":" ","URL":" ","GlobalID":"25929e30-4e9e-4054-a5f9-db5a300a3d4e","CreationDate":"2020-05-26T17:38:33.161","Creator":"alisaad@unhabitat","EditDate":"2023-03-28T11:03:54.889","Editor":"alisaad@unhabitat"}},
{"type":"Feature","geometry":{"type":"Point","coordinates":[35.614901477395385,33.967860154062926]},"properties":{"fid":6,"Name":"Radio Free Lebanon","OBJECTID":0,"Governance":" ","URL":" ","GlobalID":"1d3a517f-5dac-4bda-a69a-ee3cea06ba15","CreationDate":"2020-05-26T17:38:33.161","Creator":"alisaad@unhabitat","EditDate":"2023-03-28T11:03:54.889","Editor":"alisaad@unhabitat"}},
{"type":"Feature","geometry":{"type":"Point","coordinates":[35.618896554073146,33.969245945808886]},"properties":{"fid":7,"Name":"Elias Abou Chabke Secondary School","OBJECTID":0,"Governance":" ","URL":" ","GlobalID":"bc07faa1-65b7-49a4-a296-67452b9604dc","CreationDate":"2020-05-26T17:38:33.161","Creator":"alisaad@unhabitat","EditDate":"2023-03-28T11:03:54.889","Editor":"alisaad@unhabitat"}},
{"type":"Feature","geometry":{"type":"Point","coordinates":[35.6189134474344,33.970564846720535]},"properties":{"fid":8,"Name":"Our Lady of Assistance Church","OBJECTID":0,"Governance":" ","URL":" ","GlobalID":"99f531c4-8760-4d25-9782-5ae026c415fa","CreationDate":"2020-05-26T17:38:33.161","Creator":"alisaad@unhabitat","EditDate":"2023-03-28T11:03:54.889","Editor":"alisaad@unhabitat"}},
{"type":"Feature","geometry":{"type":"Point","coordinates":[35.61360718243147,33.963855661312095]},"properties":{"fid":9,"Name":"Mar Antonios Church","OBJECTID":0,"Governance":" ","URL":" ","GlobalID":"7dccd461-b95d-4586-a1c6-76e6f7b9a03f","CreationDate":"2020-05-26T17:38:33.161","Creator":"alisaad@unhabitat","EditDate":"2023-03-28T11:03:54.889","Editor":"alisaad@unhabitat"}},
{"type":"Feature","geometry":{"type":"Point","coordinates":[35.60985982472057,33.96599063237792]},"properties":{"fid":10,"Name":"Georges V theater","OBJECTID":0,"Governance":" ","URL":" ","GlobalID":"29c1f91c-3e47-4c58-aebc-c8e3df6c3996","CreationDate":"2020-05-26T17:38:33.161","Creator":"alisaad@unhabitat","EditDate":"2023-03-28T11:03:54.889","Editor":"alisaad@unhabitat"}},
{"type":"Feature","geometry":{"type":"Point","coordinates":[35.6101300911653,33.96345108986774]},"properties":{"fid":11,"Name":"Lycee de ville school","OBJECTID":0,"Governance":" ","URL":" ","GlobalID":"4e3c5cd1-4a40-4569-8236-f869b28a930f","CreationDate":"2020-05-26T17:38:33.161","Creator":"alisaad@unhabitat","EditDate":"2023-03-28T11:03:54.889","Editor":"alisaad@unhabitat"}},
{"type":"Feature","geometry":{"type":"Point","coordinates":[35.61003622407357,33.96174816187959]},"properties":{"fid":12,"Name":"Ajax Aluminium","OBJECTID":0,"Governance":" ","URL":" ","GlobalID":"84187b72-0859-426d-aa2f-426ee9abb28d","CreationDate":"2020-05-26T17:38:33.161","Creator":"alisaad@unhabitat","EditDate":"2023-03-28T11:03:54.889","Editor":"alisaad@unhabitat"}},
{"type":"Feature","geometry":{"type":"Point","coordinates":[35.60913634427884,33.96221136748229]},"properties":{"fid":13,"Name":"Douaihy pour le bois","OBJECTID":0,"Governance":" ","URL":" ","GlobalID":"e91a76fe-9ec8-47d7-91e2-2e079a2fa2a8","CreationDate":"2020-05-26T17:38:33.161","Creator":"alisaad@unhabitat","EditDate":"2023-03-28T11:03:54.889","Editor":"alisaad@unhabitat"}},
{"type":"Feature","geometry":{"type":"Point","coordinates":[35.607594963403095,33.96432642675812]},"properties":{"fid":14,"Name":"Maronite spiritual Court","OBJECTID":0,"Governance":" ","URL":" ","GlobalID":"eb4b34cf-f005-437f-8bf9-409e77982b41","CreationDate":"2020-05-26T17:38:33.161","Creator":"alisaad@unhabitat","EditDate":"2023-03-28T11:03:54.889","Editor":"alisaad@unhabitat"}},
{"type":"Feature","geometry":{"type":"Point","coordinates":[35.608901552396894,33.967168030755076]},"properties":{"fid":15,"Name":"Saint Charbel Church","OBJECTID":0,"Governance":" ","URL":" ","GlobalID":"93b5989c-facc-4b03-b4db-114a552a7527","CreationDate":"2020-05-26T17:38:33.161","Creator":"alisaad@unhabitat","EditDate":"2023-03-28T11:03:54.889","Editor":"alisaad@unhabitat"}},
{"type":"Feature","geometry":{"type":"Point","coordinates":[35.620793167648024,33.969783764257436]},"properties":{"fid":16,"Name":"Al tadamoun club","OBJECTID":0,"Governance":" ","URL":" ","GlobalID":"7e02355c-73b9-4d03-9c4d-511da505346d","CreationDate":"2020-05-26T17:38:33.161","Creator":"alisaad@unhabitat","EditDate":"2023-03-28T11:03:54.889","Editor":"alisaad@unhabitat"}},
{"type":"Feature","geometry":{"type":"Point","coordinates":[35.62465386213036,33.96819459387138]},"properties":{"fid":17,"Name":"Roman Style amphitheater","OBJECTID":0,"Governance":" ","URL":" ","GlobalID":"cb82847d-bc1b-4d86-94d9-3e786655ed43","CreationDate":"2020-05-26T17:38:33.161","Creator":"alisaad@unhabitat","EditDate":"2023-03-28T11:03:54.889","Editor":"alisaad@unhabitat"}},
{"type":"Feature","geometry":{"type":"Point","coordinates":[35.6253665351037,33.96896675484798]},"properties":{"fid":18,"Name":"Municipality of Zouk","OBJECTID":0,"Governance":" ","URL":" ","GlobalID":"d209c3ca-5841-4ea8-a1c2-b15f0d7dd0ee","CreationDate":"2020-05-26T17:38:33.161","Creator":"alisaad@unhabitat","EditDate":"2023-03-28T11:03:54.889","Editor":"alisaad@unhabitat"}},
{"type":"Feature","geometry":{"type":"Point","coordinates":[35.62497486053837,33.97185481555778]},"properties":{"fid":19,"Name":"Nouhad Nawfal Stadium","OBJECTID":0,"Governance":" ","URL":" ","GlobalID":"6bc8cc67-ac6c-49b3-8701-ede0c8c58c6f","CreationDate":"2020-05-26T17:38:33.161","Creator":"alisaad@unhabitat","EditDate":"2023-03-28T11:03:54.889","Editor":"alisaad@unhabitat"}},
{"type":"Feature","geometry":{"type":"Point","coordinates":[35.625909317352615,33.96882724625279]},"properties":{"fid":20,"Name":"Zouk old souks","OBJECTID":0,"Governance":" ","URL":" ","GlobalID":"33230e55-2109-4228-9e76-3a4278aa87f9","CreationDate":"2020-05-26T17:38:33.161","Creator":"alisaad@unhabitat","EditDate":"2023-03-28T11:03:54.889","Editor":"alisaad@unhabitat"}},
{"type":"Feature","geometry":{"type":"Point","coordinates":[35.626051622704516,33.96711918621556]},"properties":{"fid":21,"Name":"Park","OBJECTID":0,"Governance":" ","URL":" ","GlobalID":"3edee727-af6b-4bff-aeee-ef3517484a52","CreationDate":"2020-05-26T17:38:33.161","Creator":"alisaad@unhabitat","EditDate":"2023-03-28T11:03:54.889","Editor":"alisaad@unhabitat"}},
{"type":"Feature","geometry":{"type":"Point","coordinates":[35.62523981910728,33.966666326304825]},"properties":{"fid":22,"Name":"Saint Doumit Church","OBJECTID":0,"Governance":" ","URL":" ","GlobalID":"ed4a9e6e-96cb-4983-b386-06899a961c9f","CreationDate":"2020-05-26T17:38:33.161","Creator":"alisaad@unhabitat","EditDate":"2023-03-28T11:03:54.889","Editor":"alisaad@unhabitat"}},
{"type":"Feature","geometry":{"type":"Point","coordinates":[35.626488109296616,33.965222710966934]},"properties":{"fid":23,"Name":"El Azariyeh School","OBJECTID":0,"Governance":" ","URL":" ","GlobalID":"29238334-ca2e-4550-80c5-715b4097f03d","CreationDate":"2020-05-26T17:38:33.161","Creator":"alisaad@unhabitat","EditDate":"2023-03-28T11:03:54.889","Editor":"alisaad@unhabitat"}},
{"type":"Feature","geometry":{"type":"Point","coordinates":[35.62121828261043,33.962637183846795]},"properties":{"fid":24,"Name":"Convent of Saint Michel","OBJECTID":0,"Governance":" ","URL":" ","GlobalID":"f9a07de4-e3c3-4939-9395-0a5bd031ed88","CreationDate":"2020-05-26T17:38:33.161","Creator":"alisaad@unhabitat","EditDate":"2023-03-28T11:03:54.889","Editor":"alisaad@unhabitat"}},
{"type":"Feature","geometry":{"type":"Point","coordinates":[35.62903101951201,33.9754075723741]},"properties":{"fid":25,"Name":"Saint Joseph Church - Sarba","OBJECTID":0,"Governance":" ","URL":" ","GlobalID":"60a4603c-74bd-4a47-9cd5-28e15341f1e9","CreationDate":"2020-05-26T17:38:33.161","Creator":"alisaad@unhabitat","EditDate":"2023-03-28T11:03:54.889","Editor":"alisaad@unhabitat"}},
{"type":"Feature","geometry":{"type":"Point","coordinates":[35.622274762560444,33.97480773306891]},"properties":{"fid":26,"Name":"Saint John minifoot field - Sarba","OBJECTID":0,"Governance":" ","URL":" ","GlobalID":"bae49222-8caa-4a5e-a190-2ec88e0da6f1","CreationDate":"2020-05-26T17:38:33.161","Creator":"alisaad@unhabitat","EditDate":"2023-03-28T11:03:54.889","Editor":"alisaad@unhabitat"}},
{"type":"Feature","geometry":{"type":"Point","coordinates":[35.61848268031897,33.974907384480474]},"properties":{"fid":27,"Name":"Army barracks - Sarba","OBJECTID":0,"Governance":" ","URL":" ","GlobalID":"2ca07c9c-8bac-4670-beeb-64f4e0ea5e81","CreationDate":"2020-05-26T17:38:33.161","Creator":"alisaad@unhabitat","EditDate":"2023-03-28T11:03:54.889","Editor":"alisaad@unhabitat"}},
{"type":"Feature","geometry":{"type":"Point","coordinates":[35.63037692180242,33.97714642597244]},"properties":{"fid":28,"Name":"Old LBC","OBJECTID":0,"Governance":" ","URL":" ","GlobalID":"b2e6e1ce-4f29-491e-8678-a7b2778d21dd","CreationDate":"2020-05-26T17:38:33.161","Creator":"alisaad@unhabitat","EditDate":"2023-03-28T11:03:54.889","Editor":"alisaad@unhabitat"}},
{"type":"Feature","geometry":{"type":"Point","coordinates":[35.61360829917426,33.97417034555816]},"properties":{"fid":29,"Name":"Former President Fouad Chehab Residence","OBJECTID":0,"Governance":" ","URL":" ","GlobalID":"e6ca946f-d507-4478-89d3-fcbca7894d7f","CreationDate":"2020-05-26T17:38:33.161","Creator":"alisaad@unhabitat","EditDate":"2023-03-28T11:03:54.889","Editor":"alisaad@unhabitat"}},
{"type":"Feature","geometry":{"type":"Point","coordinates":[35.61172631494842,33.97431292552691]},"properties":{"fid":30,"Name":"Our Lady of Deliverance","OBJECTID":0,"Governance":" ","URL":" ","GlobalID":"841b7be6-8de2-40a4-a93b-c3fd629bbb39","CreationDate":"2020-05-26T17:38:33.161","Creator":"alisaad@unhabitat","EditDate":"2023-03-28T11:03:54.889","Editor":"alisaad@unhabitat"}},
{"type":"Feature","geometry":{"type":"Point","coordinates":[35.61015324349457,33.97494761320673]},"properties":{"fid":31,"Name":"Cyan Beach Resort","OBJECTID":0,"Governance":" ","URL":" ","GlobalID":"7aa9feca-4e02-42d1-9da2-a84aa56fba2c","CreationDate":"2020-05-26T17:38:33.161","Creator":"alisaad@unhabitat","EditDate":"2023-03-28T11:03:54.889","Editor":"alisaad@unhabitat"}},
{"type":"Feature","geometry":{"type":"Point","coordinates":[35.6110968655713,33.976018840574305]},"properties":{"fid":32,"Name":"Veer","OBJECTID":0,"Governance":" ","URL":" ","GlobalID":"c1d3ef5a-30fe-48ae-ac36-253d4d60c2a4","CreationDate":"2020-05-26T17:38:33.161","Creator":"alisaad@unhabitat","EditDate":"2023-03-28T11:03:54.889","Editor":"alisaad@unhabitat"}},
{"type":"Feature","geometry":{"type":"Point","coordinates":[35.60952521367225,33.974380640794784]},"properties":{"fid":33,"Name":"Senses Resort","OBJECTID":0,"Governance":" ","URL":" ","GlobalID":"5bd112af-f76d-4cb1-b5af-64910fd23cd0","CreationDate":"2020-05-26T17:38:33.161","Creator":"alisaad@unhabitat","EditDate":"2023-03-28T11:03:54.889","Editor":"alisaad@unhabitat"}},
{"type":"Feature","geometry":{"type":"Point","coordinates":[35.61090904508587,33.976747197245885]},"properties":{"fid":34,"Name":"Samaya Beach Resort","OBJECTID":0,"Governance":" ","URL":" ","GlobalID":"41ff428f-4db7-4c2a-847b-8c21889eebaa","CreationDate":"2020-05-26T17:38:33.161","Creator":"alisaad@unhabitat","EditDate":"2023-03-28T11:03:54.889","Editor":"alisaad@unhabitat"}},
{"type":"Feature","geometry":{"type":"Point","coordinates":[35.60557871913664,33.96976255312587]},"properties":{"fid":35,"Name":"Zouk Power Plant","OBJECTID":0,"Governance":" ","URL":" ","GlobalID":"6c7c77dd-fb72-4bf3-b577-00ad866e83cc","CreationDate":"2020-05-26T17:38:33.161","Creator":"alisaad@unhabitat","EditDate":"2023-03-28T11:03:54.889","Editor":"alisaad@unhabitat"}},
{"type":"Feature","geometry":{"type":"Point","coordinates":[35.60384432363771,33.967051720113936]},"properties":{"fid":36,"Name":"Beaino Steel Industry","OBJECTID":0,"Governance":" ","URL":" ","GlobalID":"8fc6245b-7b52-431b-b387-eb5a6db9e866","CreationDate":"2020-05-26T17:38:33.161","Creator":"alisaad@unhabitat","EditDate":"2023-03-28T11:03:54.889","Editor":"alisaad@unhabitat"}},
{"type":"Feature","geometry":{"type":"Point","coordinates":[35.606176814162396,33.965371205960714]},"properties":{"fid":37,"Name":"Antoine Karam Sons for Wood","OBJECTID":0,"Governance":" ","URL":" ","GlobalID":"c6358a1e-59f3-4bf0-9226-b8fd3073d1af","CreationDate":"2020-05-26T17:38:33.161","Creator":"alisaad@unhabitat","EditDate":"2023-03-28T11:03:54.889","Editor":"alisaad@unhabitat"}},
{"type":"Feature","geometry":{"type":"Point","coordinates":[35.60660515990621,33.9611002267923]},"properties":{"fid":38,"Name":"Librairie du Liban","OBJECTID":0,"Governance":" ","URL":" ","GlobalID":"5cc8d838-acbc-4da5-a0bf-3e66ad303d75","CreationDate":"2020-05-26T17:38:33.161","Creator":"alisaad@unhabitat","EditDate":"2023-03-28T11:03:54.889","Editor":"alisaad@unhabitat"}},
{"type":"Feature","geometry":{"type":"Point","coordinates":[35.60459356535864,33.960063713822194]},"properties":{"fid":39,"Name":"Sidem","OBJECTID":0,"Governance":" ","URL":" ","GlobalID":"0d1a13c2-16dc-4336-b4b6-40a9760f614e","CreationDate":"2020-05-26T17:38:33.161","Creator":"alisaad@unhabitat","EditDate":"2023-03-28T11:03:54.889","Editor":"alisaad@unhabitat"}},
{"type":"Feature","geometry":{"type":"Point","coordinates":[35.60102318765952,33.96310434980461]},"properties":{"fid":40,"Name":"Rimal Beach Resort","OBJECTID":0,"Governance":" ","URL":" ","GlobalID":"2a5c864c-3eae-4ad3-aba0-9b96c79b369c","CreationDate":"2020-05-26T17:38:33.161","Creator":"alisaad@unhabitat","EditDate":"2023-03-28T11:03:54.889","Editor":"alisaad@unhabitat"}},
{"type":"Feature","geometry":{"type":"Point","coordinates":[35.60354175833538,33.96245536613987]},"properties":{"fid":41,"Name":"Siwar Resort","OBJECTID":0,"Governance":" ","URL":" ","GlobalID":"c2e27d37-cc3f-43ab-ac31-84dd17568fe6","CreationDate":"2020-05-26T17:38:33.161","Creator":"alisaad@unhabitat","EditDate":"2023-03-28T11:03:54.889","Editor":"alisaad@unhabitat"}},
{"type":"Feature","geometry":{"type":"Point","coordinates":[35.60100150806395,33.961391573279776]},"properties":{"fid":42,"Name":"Bora Beach","OBJECTID":0,"Governance":" ","URL":" ","GlobalID":"5f57f45c-0c64-4bdb-9e71-3a6791cf8e2d","CreationDate":"2020-05-26T17:38:33.161","Creator":"alisaad@unhabitat","EditDate":"2023-03-28T11:03:54.889","Editor":"alisaad@unhabitat"}},
{"type":"Feature","geometry":{"type":"Point","coordinates":[35.601342970463875,33.95989810351445]},"properties":{"fid":43,"Name":"Holiday beach club","OBJECTID":0,"Governance":" ","URL":" ","GlobalID":"2f183480-7912-43d9-b727-fe9e1b6e8598","CreationDate":"2020-05-26T17:38:33.161","Creator":"alisaad@unhabitat","EditDate":"2023-03-28T11:03:54.889","Editor":"alisaad@unhabitat"}},
{"type":"Feature","geometry":{"type":"Point","coordinates":[35.59939212469327,33.95809369053084]},"properties":{"fid":44,"Name":"Christ the King Convent","OBJECTID":0,"Governance":" ","URL":" ","GlobalID":"f2e7cf52-381b-442d-9179-e4af008c1ceb","CreationDate":"2020-05-26T17:38:33.161","Creator":"alisaad@unhabitat","EditDate":"2023-03-28T11:03:54.889","Editor":"alisaad@unhabitat"}},
{"type":"Feature","geometry":{"type":"Point","coordinates":[35.60260469041926,33.95642082349628]},"properties":{"fid":45,"Name":"Indevco","OBJECTID":0,"Governance":" ","URL":" ","GlobalID":"ebfb9260-3568-4083-8eee-bff06bddc3b9","CreationDate":"2020-05-26T17:38:33.161","Creator":"alisaad@unhabitat","EditDate":"2023-03-28T11:03:54.889","Editor":"alisaad@unhabitat"}},
{"type":"Feature","geometry":{"type":"Point","coordinates":[35.6070315369855,33.95876803454193]},"properties":{"fid":46,"Name":"Dream Park","OBJECTID":0,"Governance":" ","URL":" ","GlobalID":"ac147af3-4aca-494f-9795-61181465ec4c","CreationDate":"2020-05-26T17:38:33.161","Creator":"alisaad@unhabitat","EditDate":"2023-03-28T11:03:54.889","Editor":"alisaad@unhabitat"}},
{"type":"Feature","geometry":{"type":"Point","coordinates":[35.60951420888074,33.95673981748309]},"properties":{"fid":47,"Name":"Pit Stop Karting","OBJECTID":0,"Governance":" ","URL":" ","GlobalID":"f782a7e6-abf0-406f-8803-70b9fb99cb82","CreationDate":"2020-05-26T17:38:33.161","Creator":"alisaad@unhabitat","EditDate":"2023-03-28T11:03:54.889","Editor":"alisaad@unhabitat"}},
{"type":"Feature","geometry":{"type":"Point","coordinates":[35.61151779859698,33.95693485699006]},"properties":{"fid":48,"Name":" ","OBJECTID":0,"Governance":" ","URL":" ","GlobalID":"dc817916-c7cf-429a-aee3-be145e595dcb","CreationDate":"2020-05-26T17:38:33.161","Creator":"alisaad@unhabitat","EditDate":"2023-03-28T11:03:54.889","Editor":"alisaad@unhabitat"}},
{"type":"Feature","geometry":{"type":"Point","coordinates":[35.61375266626532,33.95724988267774]},"properties":{"fid":49,"Name":"MBC Studios","OBJECTID":0,"Governance":" ","URL":" ","GlobalID":"907d3a50-dca8-4fa8-bc2c-ea0faba3db9b","CreationDate":"2020-05-26T17:38:33.161","Creator":"alisaad@unhabitat","EditDate":"2023-03-28T11:03:54.889","Editor":"alisaad@unhabitat"}},
{"type":"Feature","geometry":{"type":"Point","coordinates":[35.61506049563106,33.9571324807434]},"properties":{"fid":50,"Name":"Maronite Complex Buildings","OBJECTID":0,"Governance":" ","URL":" ","GlobalID":"689c5027-7789-4083-9ad8-263ae014fd98","CreationDate":"2020-05-26T17:38:33.161","Creator":"alisaad@unhabitat","EditDate":"2023-03-28T11:03:54.889","Editor":"alisaad@unhabitat"}},
{"type":"Feature","geometry":{"type":"Point","coordinates":[35.60913579344459,33.95516588219777]},"properties":{"fid":51,"Name":"Exotica SAL","OBJECTID":0,"Governance":" ","URL":" ","GlobalID":"845b78e6-9915-4a4a-b5d1-f58a0f1155e5","CreationDate":"2020-05-26T17:38:33.161","Creator":"alisaad@unhabitat","EditDate":"2023-03-28T11:03:54.889","Editor":"alisaad@unhabitat"}},
{"type":"Feature","geometry":{"type":"Point","coordinates":[35.61366357977377,33.95439571628264]},"properties":{"fid":52,"Name":"Notre Dame de Louaize School","OBJECTID":0,"Governance":" ","URL":" ","GlobalID":"84cd6474-6d66-4d66-826f-2b53c6b7dd99","CreationDate":"2020-05-26T17:38:33.161","Creator":"alisaad@unhabitat","EditDate":"2023-03-28T11:03:54.889","Editor":"alisaad@unhabitat"}},
{"type":"Feature","geometry":{"type":"Point","coordinates":[35.62165549644649,33.95796073792826]},"properties":{"fid":53,"Name":"Saint Elie Church","OBJECTID":0,"Governance":" ","URL":" ","GlobalID":"76a3e761-b81e-409e-af61-de52a65c1902","CreationDate":"2020-05-26T17:38:33.161","Creator":"alisaad@unhabitat","EditDate":"2023-03-28T11:03:54.889","Editor":"alisaad@unhabitat"}},
{"type":"Feature","geometry":{"type":"Point","coordinates":[35.635405353140044,33.961326488406065]},"properties":{"fid":54,"Name":"Lebanese Canadian University (LCU)","OBJECTID":0,"Governance":" ","URL":" ","GlobalID":"960a01df-e5c3-4d24-805a-c5612f5573de","CreationDate":"2020-05-26T17:38:33.161","Creator":"alisaad@unhabitat","EditDate":"2023-03-28T11:03:54.889","Editor":"alisaad@unhabitat"}},
{"type":"Feature","geometry":{"type":"Point","coordinates":[35.63447968984893,33.968156910052194]},"properties":{"fid":55,"Name":"Maronite Patriarchate of Bkerke","OBJECTID":0,"Governance":" ","URL":" ","GlobalID":"0a81ade2-39c2-497e-9279-1def22a00749","CreationDate":"2020-05-26T17:38:33.161","Creator":"alisaad@unhabitat","EditDate":"2023-03-28T11:03:54.889","Editor":"alisaad@unhabitat"}},
{"type":"Feature","geometry":{"type":"Point","coordinates":[35.52006089194718,33.888830342335815]},"properties":{"fid":56,"Name":"ABC mall","OBJECTID":0,"Governance":" ","URL":" ","GlobalID":"514730c2-fdb4-43e2-a1fc-7aa3275c63fe","CreationDate":"2020-05-26T17:38:33.161","Creator":"alisaad@unhabitat","EditDate":"2023-03-28T11:03:54.889","Editor":"alisaad@unhabitat"}},
{"type":"Feature","geometry":{"type":"Point","coordinates":[35.519319429503085,33.881297014704735]},"properties":{"fid":57,"Name":"Hotel-Dieu de France","OBJECTID":0,"Governance":" ","URL":" ","GlobalID":"17d121e3-68d5-4030-b30b-62512b08dba4","CreationDate":"2020-05-26T17:38:33.161","Creator":"alisaad@unhabitat","EditDate":"2023-03-28T11:03:54.889","Editor":"alisaad@unhabitat"}},
{"type":"Feature","geometry":{"type":"Point","coordinates":[35.515328659008965,33.88238817009797]},"properties":{"fid":58,"Name":"Grand Lycee Franco-Libanais","OBJECTID":0,"Governance":" ","URL":" ","GlobalID":"81bf194b-7ddf-4e03-935a-63d6040d372f","CreationDate":"2020-05-26T17:38:33.161","Creator":"alisaad@unhabitat","EditDate":"2023-03-28T11:03:54.889","Editor":"alisaad@unhabitat"}},
{"type":"Feature","geometry":{"type":"Point","coordinates":[35.513298944010884,33.8830200186004]},"properties":{"fid":59,"Name":"Christian Cemetery","OBJECTID":0,"Governance":" ","URL":" ","GlobalID":"760752ff-a953-4ed3-83a5-a6afc61495df","CreationDate":"2020-05-26T17:38:33.161","Creator":"alisaad@unhabitat","EditDate":"2023-03-28T11:03:54.889","Editor":"alisaad@unhabitat"}},
{"type":"Feature","geometry":{"type":"Point","coordinates":[35.51228401057374,33.87729863319492]},"properties":{"fid":60,"Name":"Beirut Hippodrome","OBJECTID":0,"Governance":" ","URL":" ","GlobalID":"de1710ad-5a05-440a-9141-b39bbb062ddc","CreationDate":"2020-05-26T17:38:33.161","Creator":"alisaad@unhabitat","EditDate":"2023-03-28T11:03:54.889","Editor":"alisaad@unhabitat"}},
{"type":"Feature","geometry":{"type":"Point","coordinates":[35.50880500256396,33.87709993682826]},"properties":{"fid":61,"Name":"Pine Residence","OBJECTID":0,"Governance":" ","URL":" ","GlobalID":"0477171c-51f0-4d85-a92c-c73c679f3e61","CreationDate":"2020-05-26T17:38:33.161","Creator":"alisaad@unhabitat","EditDate":"2023-03-28T11:03:54.889","Editor":"alisaad@unhabitat"}},
{"type":"Feature","geometry":{"type":"Point","coordinates":[35.521926571559675,33.892774852927005]},"properties":{"fid":62,"Name":"Sagesse school","OBJECTID":0,"Governance":" ","URL":" ","GlobalID":"85419a48-4e1f-482a-aed7-0cbad65c64db","CreationDate":"2020-05-26T17:38:33.161","Creator":"alisaad@unhabitat","EditDate":"2023-03-28T11:03:54.889","Editor":"alisaad@unhabitat"}},
{"type":"Feature","geometry":{"type":"Point","coordinates":[35.532455680813534,33.9061818009106]},"properties":{"fid":63,"Name":"Port of Beirut","OBJECTID":0,"Governance":" ","URL":" ","GlobalID":"358f5682-fea9-4d0b-894b-081bc5b4b1a3","CreationDate":"2020-05-26T17:38:33.161","Creator":"alisaad@unhabitat","EditDate":"2023-03-28T11:03:54.889","Editor":"alisaad@unhabitat"}},
{"type":"Feature","geometry":{"type":"Point","coordinates":[35.511382709819124,33.89533395652145]},"properties":{"fid":64,"Name":"College du Sacre-Coeur - Gemmayze","OBJECTID":0,"Governance":" ","URL":" ","GlobalID":"15df5819-cb6e-4897-bf67-d4339c8e4207","CreationDate":"2020-05-26T17:38:33.161","Creator":"alisaad@unhabitat","EditDate":"2023-03-28T11:03:54.889","Editor":"alisaad@unhabitat"}},
{"type":"Feature","geometry":{"type":"Point","coordinates":[35.53126852623541,33.87642762514906]},"properties":{"fid":65,"Name":"Sin el Fil Football Court","OBJECTID":0,"Governance":" ","URL":" ","GlobalID":"5bb6a6c3-7dca-43b1-987f-e597ee79d2e4","CreationDate":"2020-05-26T17:38:33.161","Creator":"alisaad@unhabitat","EditDate":"2023-03-28T11:03:54.889","Editor":"alisaad@unhabitat"}},
{"type":"Feature","geometry":{"type":"Point","coordinates":[35.44265974148012,33.650323039868006]},"properties":{"fid":66,"Name":"Barja El Kabir Mosque","OBJECTID":0,"Governance":" ","URL":" ","GlobalID":"ffe2cb52-98e4-48ee-b7c3-e3dedee453a6","CreationDate":"2020-05-26T17:38:33.161","Creator":"alisaad@unhabitat","EditDate":"2023-03-28T11:03:54.889","Editor":"alisaad@unhabitat"}},
{"type":"Feature","geometry":{"type":"Point","coordinates":[35.44402452332678,33.6503356404808]},"properties":{"fid":67,"Name":"El Jilanin Mosque","OBJECTID":0,"Governance":" ","URL":" ","GlobalID":"898ea177-d546-4408-8fe6-377d24f78034","CreationDate":"2020-05-26T17:38:33.161","Creator":"alisaad@unhabitat","EditDate":"2023-03-28T11:03:54.889","Editor":"alisaad@unhabitat"}},
{"type":"Feature","geometry":{"type":"Point","coordinates":[35.45028106340646,33.65835059039098]},"properties":{"fid":68,"Name":"Baassir Mosque","OBJECTID":0,"Governance":" ","URL":" ","GlobalID":"d07bf122-132a-4fb5-9285-0d8df7a3fa8d","CreationDate":"2020-05-26T17:38:33.161","Creator":"alisaad@unhabitat","EditDate":"2023-03-28T11:03:54.889","Editor":"alisaad@unhabitat"}},
{"type":"Feature","geometry":{"type":"Point","coordinates":[35.44976355839084,33.658439980261235]},"properties":{"fid":69,"Name":"Baassir cemetery","OBJECTID":0,"Governance":" ","URL":" ","GlobalID":"148328df-4891-472c-afdc-4ccf407d97f4","CreationDate":"2020-05-26T17:38:33.161","Creator":"alisaad@unhabitat","EditDate":"2023-03-28T11:03:54.889","Editor":"alisaad@unhabitat"}},
{"type":"Feature","geometry":{"type":"Point","coordinates":[35.453790214235774,33.64373040304818]},"properties":{"fid":70,"Name":"Sultan Salah Eddin School","OBJECTID":0,"Governance":" ","URL":" ","GlobalID":"347f50be-bde1-4bbc-9a48-b4801a1f55c4","CreationDate":"2020-05-26T17:38:33.161","Creator":"alisaad@unhabitat","EditDate":"2023-03-28T11:03:54.889","Editor":"alisaad@unhabitat"}},
{"type":"Feature","geometry":{"type":"Point","coordinates":[35.44058666193932,33.64430788450326]},"properties":{"fid":71,"Name":"El Iman El Namouzajiya School","OBJECTID":0,"Governance":" ","URL":" ","GlobalID":"a98876fe-11b2-4e33-aba3-8138076fa604","CreationDate":"2020-05-26T17:38:33.161","Creator":"alisaad@unhabitat","EditDate":"2023-03-28T11:03:54.889","Editor":"alisaad@unhabitat"}},
{"type":"Feature","geometry":{"type":"Point","coordinates":[35.43999528617765,33.644325795951666]},"properties":{"fid":72,"Name":"El Dimas Mosque","OBJECTID":0,"Governance":" ","URL":" ","GlobalID":"b6654b30-172c-448d-b7aa-9476d5877040","CreationDate":"2020-05-26T17:38:33.161","Creator":"alisaad@unhabitat","EditDate":"2023-03-28T11:03:54.889","Editor":"alisaad@unhabitat"}},
{"type":"Feature","geometry":{"type":"Point","coordinates":[35.53454520748737,33.88792353983995]},"properties":{"fid":73,"Name":"St. Jean School","OBJECTID":0,"Governance":" ","URL":" ","GlobalID":"d1001f2b-5d41-4481-b5ec-54e7e80c1ad8","CreationDate":"2020-05-26T17:38:33.161","Creator":"alisaad@unhabitat","EditDate":"2023-03-28T11:03:54.889","Editor":"alisaad@unhabitat"}},
{"type":"Feature","geometry":{"type":"Point","coordinates":[35.535017993186486,33.88771320102952]},"properties":{"fid":74,"Name":"Sin El Fil Second Intermediate Public School","OBJECTID":0,"Governance":" ","URL":" ","GlobalID":"dbc6276a-8103-4d9f-ad7b-3ff475651608","CreationDate":"2020-05-26T17:38:33.161","Creator":"alisaad@unhabitat","EditDate":"2023-03-28T11:03:54.889","Editor":"alisaad@unhabitat"}},
{"type":"Feature","geometry":{"type":"Point","coordinates":[35.53536714264179,33.88764084813103]},"properties":{"fid":75,"Name":"Sin El-Fil Third Elementary Public School","OBJECTID":0,"Governance":" ","URL":" ","GlobalID":"91a862e4-ad59-428d-a0e0-3a1b10bf87fe","CreationDate":"2020-05-26T17:38:33.161","Creator":"alisaad@unhabitat","EditDate":"2023-03-28T11:03:54.889","Editor":"alisaad@unhabitat"}},
{"type":"Feature","geometry":{"type":"Point","coordinates":[35.87564020162171,33.81979104651437]},"properties":{"fid":76,"Name":"Omar Ben El Khatib Mosque","OBJECTID":0,"Governance":" ","URL":" ","GlobalID":"917120d4-0ece-4881-b903-a192a668835d","CreationDate":"2020-05-26T17:38:33.161","Creator":"alisaad@unhabitat","EditDate":"2023-03-28T11:03:54.889","Editor":"alisaad@unhabitat"}},
{"type":"Feature","geometry":{"type":"Point","coordinates":[35.87559613351244,33.8191503367651]},"properties":{"fid":77,"Name":"Tuesday Market - Taalabaya","OBJECTID":0,"Governance":" ","URL":" ","GlobalID":"d2bc0725-f837-4ec0-800e-ab56dd7a9514","CreationDate":"2020-05-26T17:38:33.161","Creator":"alisaad@unhabitat","EditDate":"2023-03-28T11:03:54.889","Editor":"alisaad@unhabitat"}},
{"type":"Feature","geometry":{"type":"Point","coordinates":[35.871084472839776,33.81721622594334]},"properties":{"fid":78,"Name":"Public School","OBJECTID":0,"Governance":" ","URL":" ","GlobalID":"d731fcb5-119b-4189-b8c8-0b3b21f3621c","CreationDate":"2020-05-26T17:38:33.161","Creator":"alisaad@unhabitat","EditDate":"2023-03-28T11:03:54.889","Editor":"alisaad@unhabitat"}},
{"type":"Feature","geometry":{"type":"Point","coordinates":[35.87555648909431,33.816304786624286]},"properties":{"fid":79,"Name":"Averoees College","OBJECTID":0,"Governance":" ","URL":" ","GlobalID":"4e5a1ad8-cfa7-48e7-b015-80a22a752178","CreationDate":"2020-05-26T17:38:33.161","Creator":"alisaad@unhabitat","EditDate":"2023-03-28T11:03:54.889","Editor":"alisaad@unhabitat"}},
{"type":"Feature","geometry":{"type":"Point","coordinates":[35.87504819641378,33.816662290612534]},"properties":{"fid":80,"Name":"The mosque of Roses","OBJECTID":0,"Governance":" ","URL":" ","GlobalID":"6faef9db-4553-4052-9646-f39c0a38ab0b","CreationDate":"2020-05-26T17:38:33.161","Creator":"alisaad@unhabitat","EditDate":"2023-03-28T11:03:54.889","Editor":"alisaad@unhabitat"}},
{"type":"Feature","geometry":{"type":"Point","coordinates":[35.87216699969565,33.81631091222149]},"properties":{"fid":81,"Name":"Prophet Elijah Church","OBJECTID":0,"Governance":" ","URL":" ","GlobalID":"b3d36e50-6080-411f-8ea2-03f6de329cd1","CreationDate":"2020-05-26T17:38:33.161","Creator":"alisaad@unhabitat","EditDate":"2023-03-28T11:03:54.889","Editor":"alisaad@unhabitat"}},
{"type":"Feature","geometry":{"type":"Point","coordinates":[35.874188383426585,33.81876912263859]},"properties":{"fid":82,"Name":"Muhedienne Mosque","OBJECTID":0,"Governance":" ","URL":" ","GlobalID":"89cfe0d2-cb12-46a3-9e25-47384200ab95","CreationDate":"2020-05-26T17:38:33.161","Creator":"alisaad@unhabitat","EditDate":"2023-03-28T11:03:54.889","Editor":"alisaad@unhabitat"}},
{"type":"Feature","geometry":{"type":"Point","coordinates":[35.874464820347725,33.82106736937247]},"properties":{"fid":83,"Name":"Taalabaya Muslim Cemetery","OBJECTID":0,"Governance":" ","URL":" ","GlobalID":"77b916f8-7e5c-4f14-b083-740d80c43bc8","CreationDate":"2020-05-26T17:38:33.161","Creator":"alisaad@unhabitat","EditDate":"2023-03-28T11:03:54.889","Editor":"alisaad@unhabitat"}},
{"type":"Feature","geometry":{"type":"Point","coordinates":[35.87511921122046,33.820404740296865]},"properties":{"fid":84,"Name":"Taalabaya Christian Cemetery","OBJECTID":0,"Governance":" ","URL":" ","GlobalID":"99bdaef9-7544-4dae-a7dd-758bd33a1f2e","CreationDate":"2020-05-26T17:38:33.161","Creator":"alisaad@unhabitat","EditDate":"2023-03-28T11:03:54.889","Editor":"alisaad@unhabitat"}},
{"type":"Feature","geometry":{"type":"Point","coordinates":[35.86646389701681,33.82076398427333]},"properties":{"fid":85,"Name":"Rafic El Hariri Mosque","OBJECTID":0,"Governance":" ","URL":" ","GlobalID":"db28f138-69e5-4f61-bef2-63faeb423bed","CreationDate":"2020-05-26T17:38:33.161","Creator":"alisaad@unhabitat","EditDate":"2023-03-28T11:03:54.889","Editor":"alisaad@unhabitat"}},
{"type":"Feature","geometry":{"type":"Point","coordinates":[35.8696258921303,33.821624133582176]},"properties":{"fid":86,"Name":"Hosayniyit Taalbaya","OBJECTID":0,"Governance":" ","URL":" ","GlobalID":"d55e1de7-e9e9-434b-b60b-22bc73b0b106","CreationDate":"2020-05-26T17:38:33.161","Creator":"alisaad@unhabitat","EditDate":"2023-03-28T11:03:54.889","Editor":"alisaad@unhabitat"}},
{"type":"Feature","geometry":{"type":"Point","coordinates":[35.87734207826203,33.822832482764134]},"properties":{"fid":87,"Name":"Saadneyil Cemetery","OBJECTID":0,"Governance":" ","URL":" ","GlobalID":"33b5f83e-b68a-456a-b05c-a3f4a9570544","CreationDate":"2020-05-26T17:38:33.161","Creator":"alisaad@unhabitat","EditDate":"2023-03-28T11:03:54.889","Editor":"alisaad@unhabitat"}},
{"type":"Feature","geometry":{"type":"Point","coordinates":[35.88285148641398,33.829118140945525]},"properties":{"fid":88,"Name":"Saint Joseph School of the Antonine Sisters","OBJECTID":0,"Governance":" ","URL":" ","GlobalID":"70e7e552-d9d0-4190-8ff2-db61da16ed13","CreationDate":"2020-05-26T17:38:33.161","Creator":"alisaad@unhabitat","EditDate":"2023-03-28T11:03:54.889","Editor":"alisaad@unhabitat"}},
{"type":"Feature","geometry":{"type":"Point","coordinates":[35.858779012335674,33.81938278280625]},"properties":{"fid":89,"Name":"Chtaura Hospital","OBJECTID":0,"Governance":" ","URL":" ","GlobalID":"c3bb4aea-aefb-40ce-bfce-a0bdc1caeacb","CreationDate":"2020-05-26T17:38:33.161","Creator":"alisaad@unhabitat","EditDate":"2023-03-28T11:03:54.889","Editor":"alisaad@unhabitat"}},
{"type":"Feature","geometry":{"type":"Point","coordinates":[35.4128744002056,33.622059817488356]},"properties":{"fid":90,"Name":"Daoud Al Ali Mosque","OBJECTID":0,"Governance":" ","URL":" ","GlobalID":"a2e8833d-8424-41b2-991f-03b66ec4385e","CreationDate":"2020-05-26T17:38:33.161","Creator":"alisaad@unhabitat","EditDate":"2023-03-28T11:03:54.889","Editor":"alisaad@unhabitat"}},
{"type":"Feature","geometry":{"type":"Point","coordinates":[35.41259056657713,33.62214193634607]},"properties":{"fid":91,"Name":"Rafic El Hariri Dispensary (Al Khairy)","OBJECTID":0,"Governance":" ","URL":" ","GlobalID":"c26bf383-cb79-454e-a5ac-edcd22dde331","CreationDate":"2020-05-26T17:38:33.161","Creator":"alisaad@unhabitat","EditDate":"2023-03-28T11:03:54.889","Editor":"alisaad@unhabitat"}},
{"type":"Feature","geometry":{"type":"Point","coordinates":[35.41063346887006,33.62244293899361]},"properties":{"fid":92,"Name":"Daoud Al Ali School","OBJECTID":0,"Governance":" ","URL":" ","GlobalID":"88e9a8ce-a7b1-4bb7-99fa-a66902f045ef","CreationDate":"2020-05-26T17:38:33.161","Creator":"alisaad@unhabitat","EditDate":"2023-03-28T11:03:54.889","Editor":"alisaad@unhabitat"}},
{"type":"Feature","geometry":{"type":"Point","coordinates":[35.41090596338257,33.62146843129975]},"properties":{"fid":93,"Name":"Mosque","OBJECTID":0,"Governance":" ","URL":" ","GlobalID":"ccfebef4-c4f0-431d-85da-2aed82c8eabb","CreationDate":"2020-05-26T17:38:33.161","Creator":"alisaad@unhabitat","EditDate":"2023-03-28T11:03:54.889","Editor":"alisaad@unhabitat"}},
{"type":"Feature","geometry":{"type":"Point","coordinates":[35.410598443107055,33.62149897289977]},"properties":{"fid":94,"Name":"Mosque","OBJECTID":0,"Governance":" ","URL":" ","GlobalID":"e3e0df23-06eb-478b-ba4a-fbb59a0b6d0a","CreationDate":"2020-05-26T17:38:33.161","Creator":"alisaad@unhabitat","EditDate":"2023-03-28T11:03:54.889","Editor":"alisaad@unhabitat"}},
{"type":"Feature","geometry":{"type":"Point","coordinates":[35.404934285441584,33.62335292490238]},"properties":{"fid":95,"Name":"Mosque","OBJECTID":0,"Governance":" ","URL":" ","GlobalID":"d7fc0235-a7c4-4846-a701-46844c662a46","CreationDate":"2020-05-26T17:38:33.161","Creator":"alisaad@unhabitat","EditDate":"2023-03-28T11:03:54.889","Editor":"alisaad@unhabitat"}},
{"type":"Feature","geometry":{"type":"Point","coordinates":[35.4136067220513,33.62455955356726]},"properties":{"fid":96,"Name":"Kamal Junblat Castle","OBJECTID":0,"Governance":" ","URL":" ","GlobalID":"44a542cc-4cd1-49e3-8ed3-a8648a67e4a7","CreationDate":"2020-05-26T17:38:33.161","Creator":"alisaad@unhabitat","EditDate":"2023-03-28T11:03:54.889","Editor":"alisaad@unhabitat"}},
{"type":"Feature","geometry":{"type":"Point","coordinates":[35.42260674824761,33.628404718607236]},"properties":{"fid":97,"Name":"Sibline Cement Factory","OBJECTID":0,"Governance":" ","URL":" ","GlobalID":"a92f74cc-ccd5-47f2-a9d4-3ebad8cc9699","CreationDate":"2020-05-26T17:38:33.161","Creator":"alisaad@unhabitat","EditDate":"2023-03-28T11:03:54.889","Editor":"alisaad@unhabitat"}},
{"type":"Feature","geometry":{"type":"Point","coordinates":[35.40747424856657,33.631193970931825]},"properties":{"fid":98,"Name":"Saint Georges Church (Jadra)","OBJECTID":0,"Governance":" ","URL":" ","GlobalID":"305e430b-16c3-4ca4-baf4-8cee4a144a3f","CreationDate":"2020-05-26T17:38:33.161","Creator":"alisaad@unhabitat","EditDate":"2023-03-28T11:03:54.889","Editor":"alisaad@unhabitat"}},
{"type":"Feature","geometry":{"type":"Point","coordinates":[35.40230582226614,33.62731530317856]},"properties":{"fid":99,"Name":"Jadra's municipality","OBJECTID":0,"Governance":" ","URL":" ","GlobalID":"d1b3539d-7b3e-47f7-ba0c-dcadd1b46779","CreationDate":"2020-05-26T17:38:33.161","Creator":"alisaad@unhabitat","EditDate":"2023-03-28T11:03:54.889","Editor":"alisaad@unhabitat"}},
{"type":"Feature","geometry":{"type":"Point","coordinates":[35.399349069596724,33.629515851503996]},"properties":{"fid":100,"Name":"Mina Beach","OBJECTID":0,"Governance":" ","URL":" ","GlobalID":"7169312c-82d9-49be-bc4f-da889a90301d","CreationDate":"2020-05-26T17:38:33.161","Creator":"alisaad@unhabitat","EditDate":"2023-03-28T11:03:54.889","Editor":"alisaad@unhabitat"}},
{"type":"Feature","geometry":{"type":"Point","coordinates":[35.400414399565925,33.62868750221319]},"properties":{"fid":101,"Name":"AUL University","OBJECTID":0,"Governance":" ","URL":" ","GlobalID":"4f0e525d-4f3f-4ce2-8aa3-00e5c0ea15ab","CreationDate":"2020-05-26T17:38:33.161","Creator":"alisaad@unhabitat","EditDate":"2023-03-28T11:03:54.889","Editor":"alisaad@unhabitat"}},
{"type":"Feature","geometry":{"type":"Point","coordinates":[35.399292048046206,33.61924151530254]},"properties":{"fid":102,"Name":"Sindibad","OBJECTID":0,"Governance":" ","URL":" ","GlobalID":"906a7f67-871b-49ef-b011-38286bd939ef","CreationDate":"2020-05-26T17:38:33.161","Creator":"alisaad@unhabitat","EditDate":"2023-03-28T11:03:54.889","Editor":"alisaad@unhabitat"}},
{"type":"Feature","geometry":{"type":"Point","coordinates":[35.407285104369954,33.61617645353472]},"properties":{"fid":103,"Name":"Al Rumailah Luxury Villas Project","OBJECTID":0,"Governance":" ","URL":" ","GlobalID":"baaa363d-099b-4ca1-8947-99bb8435c8db","CreationDate":"2020-05-26T17:38:33.161","Creator":"alisaad@unhabitat","EditDate":"2023-03-28T11:03:54.889","Editor":"alisaad@unhabitat"}},
{"type":"Feature","geometry":{"type":"Point","coordinates":[35.430093027073895,33.621421455956465]},"properties":{"fid":104,"Name":"Beit Jala School (UNRWA)","OBJECTID":0,"Governance":" ","URL":" ","GlobalID":"ce219674-ffc0-4035-b66b-335b54992d68","CreationDate":"2020-05-26T17:38:33.161","Creator":"alisaad@unhabitat","EditDate":"2023-03-28T11:03:54.889","Editor":"alisaad@unhabitat"}},
{"type":"Feature","geometry":{"type":"Point","coordinates":[35.43165140968878,33.61935681263375]},"properties":{"fid":105,"Name":"Sibline's technical Institute (UNRWA)","OBJECTID":0,"Governance":" ","URL":" ","GlobalID":"60ccdfff-7d99-4f53-846e-ff8bc06757a1","CreationDate":"2020-05-26T17:38:33.161","Creator":"alisaad@unhabitat","EditDate":"2023-03-28T11:03:54.889","Editor":"alisaad@unhabitat"}},
{"type":"Feature","geometry":{"type":"Point","coordinates":[35.43398512427348,33.617828694180744]},"properties":{"fid":106,"Name":"Sibline's municipality","OBJECTID":0,"Governance":" ","URL":" ","GlobalID":"f4e54fa5-6e8c-4a7b-8247-20a4e67d54cb","CreationDate":"2020-05-26T17:38:33.161","Creator":"alisaad@unhabitat","EditDate":"2023-03-28T11:03:54.889","Editor":"alisaad@unhabitat"}},
{"type":"Feature","geometry":{"type":"Point","coordinates":[35.43482343852671,33.616911489530025]},"properties":{"fid":107,"Name":"Sibline's Governmental Hospital","OBJECTID":0,"Governance":" ","URL":" ","GlobalID":"cbb9f60d-bd22-435d-a703-59dedeb314cb","CreationDate":"2020-05-26T17:38:33.161","Creator":"alisaad@unhabitat","EditDate":"2023-03-28T11:03:54.889","Editor":"alisaad@unhabitat"}},
{"type":"Feature","geometry":{"type":"Point","coordinates":[35.4362437057109,33.62133337971873]},"properties":{"fid":108,"Name":"Mosque","OBJECTID":0,"Governance":" ","URL":" ","GlobalID":"9e705f36-3b0a-4f6d-bfb7-1f30a23ec38e","CreationDate":"2020-05-26T17:38:33.161","Creator":"alisaad@unhabitat","EditDate":"2023-03-28T11:03:54.889","Editor":"alisaad@unhabitat"}},
{"type":"Feature","geometry":{"type":"Point","coordinates":[35.464093223235906,33.612805312050796]},"properties":{"fid":109,"Name":"Social Care Institution - Islamic Orphanage","OBJECTID":0,"Governance":" ","URL":" ","GlobalID":"09824c6f-cf27-48f2-abb0-ac99180ec2da","CreationDate":"2020-05-26T17:38:33.161","Creator":"alisaad@unhabitat","EditDate":"2023-03-28T11:03:54.889","Editor":"alisaad@unhabitat"}},
{"type":"Feature","geometry":{"type":"Point","coordinates":[35.46548769650239,33.613940134264176]},"properties":{"fid":110,"Name":"Othman Hospital","OBJECTID":0,"Governance":" ","URL":" ","GlobalID":"2f1f503e-a809-4bcd-a50f-cbd66d2608a0","CreationDate":"2020-05-26T17:38:33.161","Creator":"alisaad@unhabitat","EditDate":"2023-03-28T11:03:54.889","Editor":"alisaad@unhabitat"}},
{"type":"Feature","geometry":{"type":"Point","coordinates":[35.46593867720187,33.612469387841486]},"properties":{"fid":111,"Name":"School","OBJECTID":0,"Governance":" ","URL":" ","GlobalID":"356a1c08-a0c5-4efd-a6a0-668336ec63e9","CreationDate":"2020-05-26T17:38:33.161","Creator":"alisaad@unhabitat","EditDate":"2023-03-28T11:03:54.889","Editor":"alisaad@unhabitat"}},
{"type":"Feature","geometry":{"type":"Point","coordinates":[35.46518351309031,33.61026084096155]},"properties":{"fid":112,"Name":"School NIC","OBJECTID":0,"Governance":" ","URL":" ","GlobalID":"7c832f86-e394-4722-b33c-e50c73ee8b0c","CreationDate":"2020-05-26T17:38:33.161","Creator":"alisaad@unhabitat","EditDate":"2023-03-28T11:03:54.889","Editor":"alisaad@unhabitat"}},
{"type":"Feature","geometry":{"type":"Point","coordinates":[35.458276464694045,33.617016461123924]},"properties":{"fid":113,"Name":"Ketermaya official secondary school","OBJECTID":0,"Governance":" ","URL":" ","GlobalID":"87385532-0a6c-40f0-bd47-3bfa188ec346","CreationDate":"2020-05-26T17:38:33.161","Creator":"alisaad@unhabitat","EditDate":"2023-03-28T11:03:54.889","Editor":"alisaad@unhabitat"}},
{"type":"Feature","geometry":{"type":"Point","coordinates":[35.45172652896247,33.61770689229846]},"properties":{"fid":114,"Name":"Mosque El Shohada - Ketermaya","OBJECTID":0,"Governance":" ","URL":" ","GlobalID":"ad927348-fa96-43ca-8581-f66f0ae852ee","CreationDate":"2020-05-26T17:38:33.161","Creator":"alisaad@unhabitat","EditDate":"2023-03-28T11:03:54.889","Editor":"alisaad@unhabitat"}},
{"type":"Feature","geometry":{"type":"Point","coordinates":[35.43631161825379,33.60992860185256]},"properties":{"fid":115,"Name":"El Werdaniye Court","OBJECTID":0,"Governance":" ","URL":" ","GlobalID":"41571be2-195c-4bb7-8fe0-882c3a7cb219","CreationDate":"2020-05-26T17:38:33.161","Creator":"alisaad@unhabitat","EditDate":"2023-03-28T11:03:54.889","Editor":"alisaad@unhabitat"}},
{"type":"Feature","geometry":{"type":"Point","coordinates":[35.43305660018015,33.61713214785633]},"properties":{"fid":116,"Name":"Sibline Governmental Hospital","OBJECTID":0,"Governance":" ","URL":" ","GlobalID":"f506ada1-59d2-408b-add4-35299297c61e","CreationDate":"2020-05-26T17:38:33.161","Creator":"alisaad@unhabitat","EditDate":"2023-03-28T11:03:54.889","Editor":"alisaad@unhabitat"}},
{"type":"Feature","geometry":{"type":"Point","coordinates":[35.43066669724986,33.61936489392118]},"properties":{"fid":117,"Name":"Football Court","OBJECTID":0,"Governance":" ","URL":" ","GlobalID":"12c9b33f-970e-4aa5-841e-8a646d9dc613","CreationDate":"2020-05-26T17:38:33.161","Creator":"alisaad@unhabitat","EditDate":"2023-03-28T11:03:54.889","Editor":"alisaad@unhabitat"}},
{"type":"Feature","geometry":{"type":"Point","coordinates":[35.431324345386834,33.61998618238129]},"properties":{"fid":118,"Name":"Sibline Technical Institute (UNRWA)","OBJECTID":0,"Governance":" ","URL":" ","GlobalID":"eaa7909d-f5d6-4d78-a58b-de448b287556","CreationDate":"2020-05-26T17:38:33.161","Creator":"alisaad@unhabitat","EditDate":"2023-03-28T11:03:54.889","Editor":"alisaad@unhabitat"}},
{"type":"Feature","geometry":{"type":"Point","coordinates":[35.434521005149044,33.62125710556366]},"properties":{"fid":119,"Name":"Sibline Mosque","OBJECTID":0,"Governance":" ","URL":" ","GlobalID":"12b5f07e-870f-4090-87f3-fd0b6a564b05","CreationDate":"2020-05-26T17:38:33.161","Creator":"alisaad@unhabitat","EditDate":"2023-03-28T11:03:54.889","Editor":"alisaad@unhabitat"}},
{"type":"Feature","geometry":{"type":"Point","coordinates":[35.450809938722884,33.616694520920056]},"properties":{"fid":120,"Name":"Ketermaya municipality","OBJECTID":0,"Governance":" ","URL":" ","GlobalID":"818c4c44-d63b-491c-b794-ea5dd40ca349","CreationDate":"2020-05-26T17:38:33.161","Creator":"alisaad@unhabitat","EditDate":"2023-03-28T11:03:54.889","Editor":"alisaad@unhabitat"}},
{"type":"Feature","geometry":{"type":"Point","coordinates":[35.44760903026856,33.6168170247988]},"properties":{"fid":121,"Name":"Mosque el Seha (Al Dayaa)","OBJECTID":0,"Governance":" ","URL":" ","GlobalID":"03615c49-04c6-4a91-9b8d-f0e7b7054cdf","CreationDate":"2020-05-26T17:38:33.161","Creator":"alisaad@unhabitat","EditDate":"2023-03-28T11:03:54.889","Editor":"alisaad@unhabitat"}},
{"type":"Feature","geometry":{"type":"Point","coordinates":[35.452025337592495,33.61777255164986]},"properties":{"fid":122,"Name":"Mosque el Shouhada","OBJECTID":0,"Governance":" ","URL":" ","GlobalID":"85abc9ec-2147-4982-bcd6-0f78ab6cb82e","CreationDate":"2020-05-26T17:38:33.161","Creator":"alisaad@unhabitat","EditDate":"2023-03-28T11:03:54.889","Editor":"alisaad@unhabitat"}},
{"type":"Feature","geometry":{"type":"Point","coordinates":[35.539073999453265,33.89443233992231]},"properties":{"fid":123,"Name":"Saint Marc Medical and Diagnostic Center (Old Bourj Hammoud Branch)","OBJECTID":0,"Governance":"YES","URL":" ","GlobalID":"58b45976-d09a-45eb-a0af-d9849bc39e8e","CreationDate":"2020-05-26T17:38:33.161","Creator":"alisaad@unhabitat","EditDate":"2023-03-28T11:03:54.889","Editor":"alisaad@unhabitat"}},
{"type":"Feature","geometry":{"type":"Point","coordinates":[35.53998737257284,33.89356276815186]},"properties":{"fid":124,"Name":"Maraash Compatriots Union","OBJECTID":1,"Governance":" ","URL":" ","GlobalID":"67a46938-c07c-4ec3-ba6f-e0d2ae0e4422","CreationDate":"2020-05-26T17:38:33.161","Creator":"alisaad@unhabitat","EditDate":"2023-03-28T11:03:54.889","Editor":"alisaad@unhabitat"}},
{"type":"Feature","geometry":{"type":"Point","coordinates":[35.53785046359107,33.89416120529952]},"properties":{"fid":125,"Name":"Abundant Life Church","OBJECTID":2,"Governance":"YES","URL":" ","GlobalID":"9fc5eeb3-30cd-4ac8-b38d-da3ae92a959e","CreationDate":"2020-05-26T17:38:33.161","Creator":"alisaad@unhabitat","EditDate":"2023-03-28T11:03:54.889","Editor":"alisaad@unhabitat"}},
{"type":"Feature","geometry":{"type":"Point","coordinates":[35.53718623259428,33.89382383901952]},"properties":{"fid":126,"Name":"Badguer Armenian Cultural Center","OBJECTID":3,"Governance":"YES","URL":" ","GlobalID":"96112f32-37bf-4ec3-b149-e36e25e39931","CreationDate":"2020-05-26T17:38:33.161","Creator":"alisaad@unhabitat","EditDate":"2023-03-28T11:03:54.889","Editor":"alisaad@unhabitat"}},
{"type":"Feature","geometry":{"type":"Point","coordinates":[35.53953429310706,33.893460472252336]},"properties":{"fid":127,"Name":"Hagop Der Melkonian Theater","OBJECTID":4,"Governance":" ","URL":" ","GlobalID":"e69405a4-037b-4534-8773-6085deb6f4e1","CreationDate":"2020-05-26T17:38:33.161","Creator":"alisaad@unhabitat","EditDate":"2023-03-28T11:03:54.889","Editor":"alisaad@unhabitat"}},
{"type":"Feature","geometry":{"type":"Point","coordinates":[35.539767418635655,33.89317487811664]},"properties":{"fid":128,"Name":"Levon & Sophia Hagopian Armenian National College","OBJECTID":5,"Governance":"YES","URL":" ","GlobalID":"1482783e-a927-495d-9156-fedf923da0a2","CreationDate":"2020-05-26T17:38:33.161","Creator":"alisaad@unhabitat","EditDate":"2023-03-28T11:03:54.889","Editor":"alisaad@unhabitat"}},
{"type":"Feature","geometry":{"type":"Point","coordinates":[35.53861376167241,33.892874015705765]},"properties":{"fid":129,"Name":"Forty Martyrs Armenian Apostolic Church","OBJECTID":6,"Governance":"YES","URL":" ","GlobalID":"726a8c5f-2ebb-4697-b2bd-d4383be86651","CreationDate":"2020-05-26T17:38:33.161","Creator":"alisaad@unhabitat","EditDate":"2023-03-28T11:03:54.889","Editor":"alisaad@unhabitat"}},
{"type":"Feature","geometry":{"type":"Point","coordinates":[35.537370893511806,33.89251966448028]},"properties":{"fid":130,"Name":"Nor Maraash Armenian Evangelical Church","OBJECTID":7,"Governance":"YES","URL":" ","GlobalID":"116e55cb-e7b6-4687-9465-cae5183f7d80","CreationDate":"2020-05-26T17:38:33.161","Creator":"alisaad@unhabitat","EditDate":"2023-03-28T11:03:54.889","Editor":"alisaad@unhabitat"}},
{"type":"Feature","geometry":{"type":"Point","coordinates":[35.53734596129358,33.89220742565133]},"properties":{"fid":131,"Name":"Armenian Evangelical Shamelian Tatigian Secondary School","OBJECTID":8,"Governance":"YES","URL":" ","GlobalID":"34087d28-727e-43c9-9c82-a3562a3d0259","CreationDate":"2020-05-26T17:38:33.161","Creator":"alisaad@unhabitat","EditDate":"2023-03-28T11:03:54.889","Editor":"alisaad@unhabitat"}},
{"type":"Feature","geometry":{"type":"Point","coordinates":[35.5396966712985,33.89051546355551]},"properties":{"fid":132,"Name":"Saint Saviour (Sourp Pergitch) Armenian Catholic Church","OBJECTID":9,"Governance":"YES","URL":" ","GlobalID":"d749ea71-9ce0-4278-b40d-5259681da7ee","CreationDate":"2020-05-26T17:38:33.161","Creator":"alisaad@unhabitat","EditDate":"2023-03-28T11:03:54.889","Editor":"alisaad@unhabitat"}},
{"type":"Feature","geometry":{"type":"Point","coordinates":[35.5390886578068,33.89047219136909]},"properties":{"fid":133,"Name":"Mesrobian High School","OBJECTID":10,"Governance":"YES","URL":" ","GlobalID":"96d23f40-fed4-4322-aaf4-986821a83ea8","CreationDate":"2020-05-26T17:38:33.161","Creator":"alisaad@unhabitat","EditDate":"2023-03-28T11:03:54.889","Editor":"alisaad@unhabitat"}},
{"type":"Feature","geometry":{"type":"Point","coordinates":[35.53958932099623,33.89016902071998]},"properties":{"fid":134,"Name":"Hovhaness Boghossian Theater","OBJECTID":11,"Governance":" ","URL":" ","GlobalID":"434f54a4-91bb-47c8-96ce-4937224a5b0b","CreationDate":"2020-05-26T17:38:33.161","Creator":"alisaad@unhabitat","EditDate":"2023-03-28T11:03:54.889","Editor":"alisaad@unhabitat"}},
{"type":"Feature","geometry":{"type":"Point","coordinates":[35.53539611077091,33.89180686397629]},"properties":{"fid":135,"Name":"Armenian Genocide Memorial","OBJECTID":12,"Governance":" ","URL":" ","GlobalID":"5aadf79f-08c6-4e5a-8f3b-5bda41cce50e","CreationDate":"2020-05-26T17:38:33.161","Creator":"alisaad@unhabitat","EditDate":"2023-03-28T11:03:54.889","Editor":"alisaad@unhabitat"}},
{"type":"Feature","geometry":{"type":"Point","coordinates":[35.54065697022178,33.8937731313607]},"properties":{"fid":136,"Name":"Bourj Hammoud Square","OBJECTID":13,"Governance":" ","URL":" ","GlobalID":"0085a3e7-da0f-422c-b1bb-494eb4ef7343","CreationDate":"2020-05-26T17:38:33.161","Creator":"alisaad@unhabitat","EditDate":"2023-03-28T11:03:54.889","Editor":"alisaad@unhabitat"}},
{"type":"Feature","geometry":{"type":"Point","coordinates":[35.54052443961732,33.89275843805029]},"properties":{"fid":137,"Name":"Saint Marc Medical and Diagnostic Center (New Bourj Hammoud Branch)","OBJECTID":14,"Governance":"YES","URL":" ","GlobalID":"dc204ec6-a53a-4627-bad2-af2ef16221bb","CreationDate":"2020-05-26T17:38:33.161","Creator":"alisaad@unhabitat","EditDate":"2023-03-28T11:03:54.889","Editor":"alisaad@unhabitat"}},
{"type":"Feature","geometry":{"type":"Point","coordinates":[35.54127920147644,33.89347987774124]},"properties":{"fid":138,"Name":"Cinema Central","OBJECTID":15,"Governance":" ","URL":" ","GlobalID":"0f18d2c5-751d-4b91-9db8-803cb3e76e5d","CreationDate":"2020-05-26T17:38:33.161","Creator":"alisaad@unhabitat","EditDate":"2023-03-28T11:03:54.889","Editor":"alisaad@unhabitat"}},
{"type":"Feature","geometry":{"type":"Point","coordinates":[35.540601042666445,33.88967740850277]},"properties":{"fid":139,"Name":"Saint Agnes High School","OBJECTID":16,"Governance":"YES","URL":" ","GlobalID":"371b2ed4-feb8-46fc-96e2-10610f14798a","CreationDate":"2020-05-26T17:38:33.161","Creator":"alisaad@unhabitat","EditDate":"2023-03-28T11:03:54.889","Editor":"alisaad@unhabitat"}},
{"type":"Feature","geometry":{"type":"Point","coordinates":[35.542554997076955,33.893415575305944]},"properties":{"fid":140,"Name":"Former Train Station","OBJECTID":17,"Governance":" ","URL":" ","GlobalID":"87eb11af-0ca3-4ee9-80e7-aef7857673cb","CreationDate":"2020-05-26T17:38:33.161","Creator":"alisaad@unhabitat","EditDate":"2023-03-28T11:03:54.889","Editor":"alisaad@unhabitat"}},
{"type":"Feature","geometry":{"type":"Point","coordinates":[35.538474747977325,33.89616745057953]},"properties":{"fid":141,"Name":"Vahan Tekeyan School","OBJECTID":18,"Governance":"YES","URL":" ","GlobalID":"f0099edf-426a-4a14-a3fa-964e3e24e13f","CreationDate":"2020-05-26T17:38:33.161","Creator":"alisaad@unhabitat","EditDate":"2023-03-28T11:03:54.889","Editor":"alisaad@unhabitat"}},
{"type":"Feature","geometry":{"type":"Point","coordinates":[35.53535362629709,33.89389525063271]},"properties":{"fid":142,"Name":"Traffic Management Center","OBJECTID":19,"Governance":" ","URL":" ","GlobalID":"8c6b1cf1-9738-41b2-b8d5-7ca33a0f129b","CreationDate":"2020-05-26T17:38:33.161","Creator":"alisaad@unhabitat","EditDate":"2023-03-28T11:03:54.889","Editor":"alisaad@unhabitat"}},
{"type":"Feature","geometry":{"type":"Point","coordinates":[35.534509468296456,33.892440061480976]},"properties":{"fid":143,"Name":"Ministry of Energy and Water","OBJECTID":20,"Governance":" ","URL":" ","GlobalID":"28fc874f-0e09-4cdb-b658-02a7d5fb600a","CreationDate":"2020-05-26T17:38:33.161","Creator":"alisaad@unhabitat","EditDate":"2023-03-28T11:03:54.889","Editor":"alisaad@unhabitat"}},
{"type":"Feature","geometry":{"type":"Point","coordinates":[35.535285324247525,33.892119565875355]},"properties":{"fid":144,"Name":"Beirut River Solar Snake Project","OBJECTID":21,"Governance":" ","URL":" ","GlobalID":"19f9ee46-2bf8-4fb4-b5f7-d7def5986384","CreationDate":"2020-05-26T17:38:33.161","Creator":"alisaad@unhabitat","EditDate":"2023-03-28T11:03:54.889","Editor":"alisaad@unhabitat"}},
{"type":"Feature","geometry":{"type":"Point","coordinates":[35.54049439017062,33.89513326804718]},"properties":{"fid":145,"Name":"Saint Vartan Armenian Apostolic Church","OBJECTID":22,"Governance":"YES","URL":" ","GlobalID":"b5430343-7fe9-4516-b4bc-d40491ed182d","CreationDate":"2020-05-26T17:38:33.161","Creator":"alisaad@unhabitat","EditDate":"2023-03-28T11:03:54.889","Editor":"alisaad@unhabitat"}},
{"type":"Feature","geometry":{"type":"Point","coordinates":[35.54254832607841,33.89487564466324]},"properties":{"fid":146,"Name":"Saint Jacques Plaza","OBJECTID":23,"Governance":" ","URL":" ","GlobalID":"70ee1d53-5b32-4e97-9592-16e4acef0120","CreationDate":"2020-05-26T17:38:33.161","Creator":"alisaad@unhabitat","EditDate":"2023-03-28T11:03:54.889","Editor":"alisaad@unhabitat"}},
{"type":"Feature","geometry":{"type":"Point","coordinates":[35.54762218664519,33.901936994820524]},"properties":{"fid":147,"Name":"Solid waste dump hill (Karantina Dump)","OBJECTID":24,"Governance":" ","URL":" ","GlobalID":"1daf95f5-2b05-4afd-bc1c-a78c849e35d0","CreationDate":"2020-05-26T17:38:33.161","Creator":"alisaad@unhabitat","EditDate":"2023-03-28T11:03:54.889","Editor":"alisaad@unhabitat"}},
{"type":"Feature","geometry":{"type":"Point","coordinates":[35.54074052240506,33.90333890200707]},"properties":{"fid":148,"Name":"Green site–Sukomi","OBJECTID":25,"Governance":" ","URL":" ","GlobalID":"f6892d73-200e-406a-a897-5ae555117434","CreationDate":"2020-05-26T17:38:33.161","Creator":"alisaad@unhabitat","EditDate":"2023-03-28T11:03:54.889","Editor":"alisaad@unhabitat"}},
{"type":"Feature","geometry":{"type":"Point","coordinates":[35.54160725537041,33.90124529318698]},"properties":{"fid":149,"Name":"Oil and gas tanks","OBJECTID":26,"Governance":" ","URL":" ","GlobalID":"1937d95d-ea64-4824-9b0d-cb1c39cbfc08","CreationDate":"2020-05-26T17:38:33.161","Creator":"alisaad@unhabitat","EditDate":"2023-03-28T11:03:54.889","Editor":"alisaad@unhabitat"}},
{"type":"Feature","geometry":{"type":"Point","coordinates":[35.54305352587449,33.90006591770792]},"properties":{"fid":150,"Name":"Unigaz","OBJECTID":27,"Governance":" ","URL":" ","GlobalID":"99daeb00-022d-4ea6-9cd2-2e78f66f796d","CreationDate":"2020-05-26T17:38:33.161","Creator":"alisaad@unhabitat","EditDate":"2023-03-28T11:03:54.889","Editor":"alisaad@unhabitat"}},
{"type":"Feature","geometry":{"type":"Point","coordinates":[35.544546288999534,33.8988687967036]},"properties":{"fid":151,"Name":"Demco Steel","OBJECTID":28,"Governance":" ","URL":" ","GlobalID":"831faa9e-cf5b-4ff8-b244-925843a7ae5d","CreationDate":"2020-05-26T17:38:33.161","Creator":"alisaad@unhabitat","EditDate":"2023-03-28T11:03:54.889","Editor":"alisaad@unhabitat"}},
{"type":"Feature","geometry":{"type":"Point","coordinates":[35.55026382980396,33.898463500473234]},"properties":{"fid":152,"Name":"Gemayel Fishing Port","OBJECTID":29,"Governance":" ","URL":" ","GlobalID":"42275b62-45fc-49d7-b4f1-8f283ddc2d4e","CreationDate":"2020-05-26T17:38:33.161","Creator":"alisaad@unhabitat","EditDate":"2023-03-28T11:03:54.889","Editor":"alisaad@unhabitat"}},
{"type":"Feature","geometry":{"type":"Point","coordinates":[35.553199746396025,33.896697596380235]},"properties":{"fid":153,"Name":"MEDCO petrolium tanks","OBJECTID":30,"Governance":" ","URL":" ","GlobalID":"5c64240f-dce4-458f-9bc4-96f970785ce0","CreationDate":"2020-05-26T17:38:33.161","Creator":"alisaad@unhabitat","EditDate":"2023-03-28T11:03:54.889","Editor":"alisaad@unhabitat"}},
{"type":"Feature","geometry":{"type":"Point","coordinates":[35.55472047543767,33.89700930913246]},"properties":{"fid":154,"Name":"Oil tanks","OBJECTID":31,"Governance":" ","URL":" ","GlobalID":"d2f2d955-2da7-49e7-9665-a54e802f71ff","CreationDate":"2020-05-26T17:38:33.161","Creator":"alisaad@unhabitat","EditDate":"2023-03-28T11:03:54.889","Editor":"alisaad@unhabitat"}},
{"type":"Feature","geometry":{"type":"Point","coordinates":[35.55568844898379,33.89740030785617]},"properties":{"fid":155,"Name":"Wardieh gas tanks","OBJECTID":32,"Governance":" ","URL":" ","GlobalID":"af3fc4fc-a20a-4453-ba65-6f6372b59524","CreationDate":"2020-05-26T17:38:33.161","Creator":"alisaad@unhabitat","EditDate":"2023-03-28T11:03:54.889","Editor":"alisaad@unhabitat"}},
{"type":"Feature","geometry":{"type":"Point","coordinates":[35.547139359910354,33.8970929900868]},"properties":{"fid":156,"Name":"Agility","OBJECTID":33,"Governance":" ","URL":" ","GlobalID":"6a7a7b72-4b1d-4446-9a83-6d6ecc5c6054","CreationDate":"2020-05-26T17:38:33.161","Creator":"alisaad@unhabitat","EditDate":"2023-03-28T11:03:54.889","Editor":"alisaad@unhabitat"}},
{"type":"Feature","geometry":{"type":"Point","coordinates":[35.55928009719167,33.89620703282999]},"properties":{"fid":157,"Name":"Byblos Institute","OBJECTID":34,"Governance":" ","URL":" ","GlobalID":"b1b45835-2592-4984-a5db-a11ec25e83a9","CreationDate":"2020-05-26T17:38:33.161","Creator":"alisaad@unhabitat","EditDate":"2023-03-28T11:03:54.889","Editor":"alisaad@unhabitat"}},
{"type":"Feature","geometry":{"type":"Point","coordinates":[35.56000010716358,33.895960777897265]},"properties":{"fid":158,"Name":"Hobby Max & Tamiya racing track","OBJECTID":35,"Governance":" ","URL":" ","GlobalID":"994cdcdc-3011-404d-a541-600f4296238b","CreationDate":"2020-05-26T17:38:33.161","Creator":"alisaad@unhabitat","EditDate":"2023-03-28T11:03:54.889","Editor":"alisaad@unhabitat"}},
{"type":"Feature","geometry":{"type":"Point","coordinates":[35.54105411336766,33.89699100489323]},"properties":{"fid":159,"Name":"Demco Steel","OBJECTID":36,"Governance":" ","URL":" ","GlobalID":"a1c68607-34f1-4fb1-b4c2-d0786f9bd4d9","CreationDate":"2020-05-26T17:38:33.161","Creator":"alisaad@unhabitat","EditDate":"2023-03-28T11:03:54.889","Editor":"alisaad@unhabitat"}},
{"type":"Feature","geometry":{"type":"Point","coordinates":[35.54021684244927,33.89784459951183]},"properties":{"fid":160,"Name":"Alliance Church","OBJECTID":37,"Governance":"YES","URL":" ","GlobalID":"56492659-a906-41de-bb39-4d8b01e32f2f","CreationDate":"2020-05-26T17:38:33.161","Creator":"alisaad@unhabitat","EditDate":"2023-03-28T11:03:54.889","Editor":"alisaad@unhabitat"}},
{"type":"Feature","geometry":{"type":"Point","coordinates":[35.53608263820023,33.89816231244949]},"properties":{"fid":161,"Name":"Forum de Beyrouth","OBJECTID":38,"Governance":" ","URL":" ","GlobalID":"77a220bd-fa00-4d23-a869-ffcf8205b4b4","CreationDate":"2020-05-26T17:38:33.161","Creator":"alisaad@unhabitat","EditDate":"2023-03-28T11:03:54.889","Editor":"alisaad@unhabitat"}},
{"type":"Feature","geometry":{"type":"Point","coordinates":[35.5331110293353,33.897631138416216]},"properties":{"fid":162,"Name":"Mosque","OBJECTID":39,"Governance":"YES","URL":" ","GlobalID":"bdbb5f34-0319-4c82-84a2-73b2bf2de8a7","CreationDate":"2020-05-26T17:38:33.161","Creator":"alisaad@unhabitat","EditDate":"2023-03-28T11:03:54.889","Editor":"alisaad@unhabitat"}},
{"type":"Feature","geometry":{"type":"Point","coordinates":[35.529475441299354,33.897972829434245]},"properties":{"fid":163,"Name":"Beirut (Mar Mikhael) former train station","OBJECTID":40,"Governance":" ","URL":" ","GlobalID":"4a1393ef-1377-45b7-871d-939ddf8b16a4","CreationDate":"2020-05-26T17:38:33.161","Creator":"alisaad@unhabitat","EditDate":"2023-03-28T11:03:54.889","Editor":"alisaad@unhabitat"}},
{"type":"Feature","geometry":{"type":"Point","coordinates":[35.53434762548005,33.89343101083695]},"properties":{"fid":164,"Name":"Beirut Municipality","OBJECTID":41,"Governance":" ","URL":" ","GlobalID":"af28c75c-15f4-4d99-bdba-0d1f6668e45f","CreationDate":"2020-05-26T17:38:33.161","Creator":"alisaad@unhabitat","EditDate":"2023-03-28T11:03:54.889","Editor":"alisaad@unhabitat"}},
{"type":"Feature","geometry":{"type":"Point","coordinates":[35.5329475480624,33.891520789853814]},"properties":{"fid":165,"Name":"Armenian Apostolic Church of the Assumption","OBJECTID":42,"Governance":"YES","URL":" ","GlobalID":"9e7f4af2-8d66-4f5e-a8e6-3cc8c35a170a","CreationDate":"2020-05-26T17:38:33.161","Creator":"alisaad@unhabitat","EditDate":"2023-03-28T11:03:54.889","Editor":"alisaad@unhabitat"}},
{"type":"Feature","geometry":{"type":"Point","coordinates":[35.53294074754508,33.89168166498336]},"properties":{"fid":166,"Name":"Roupinian Sahag Mesrobian School","OBJECTID":43,"Governance":"YES","URL":" ","GlobalID":"3222ce55-956d-43ef-a189-8aea61b7f562","CreationDate":"2020-05-26T17:38:33.161","Creator":"alisaad@unhabitat","EditDate":"2023-03-28T11:03:54.889","Editor":"alisaad@unhabitat"}},
{"type":"Feature","geometry":{"type":"Point","coordinates":[35.53275168899887,33.89310788558579]},"properties":{"fid":167,"Name":"Saydit El-Malak Church","OBJECTID":44,"Governance":"YES","URL":" ","GlobalID":"40f0ee44-19e7-4a23-8e26-9d64f44b937d","CreationDate":"2020-05-26T17:38:33.161","Creator":"alisaad@unhabitat","EditDate":"2023-03-28T11:03:54.889","Editor":"alisaad@unhabitat"}},
{"type":"Feature","geometry":{"type":"Point","coordinates":[35.52878121558769,33.89130278095688]},"properties":{"fid":168,"Name":"Achrafieh Public School","OBJECTID":45,"Governance":"YES","URL":" ","GlobalID":"e1c07fb9-5b0a-45dc-8506-b308dbb7ffdf","CreationDate":"2020-05-26T17:38:33.161","Creator":"alisaad@unhabitat","EditDate":"2023-03-28T11:03:54.889","Editor":"alisaad@unhabitat"}},
{"type":"Feature","geometry":{"type":"Point","coordinates":[35.530952167805026,33.89037634533413]},"properties":{"fid":169,"Name":"Saint Hovhannou Garabed Armenian Apostolic Church","OBJECTID":46,"Governance":"YES","URL":" ","GlobalID":"e7788968-0475-4c98-9a54-1f51a5314939","CreationDate":"2020-05-26T17:38:33.161","Creator":"alisaad@unhabitat","EditDate":"2023-03-28T11:03:54.889","Editor":"alisaad@unhabitat"}},
{"type":"Feature","geometry":{"type":"Point","coordinates":[35.52982690195815,33.89313282355186]},"properties":{"fid":170,"Name":"Armenian Catholic Church of the Annunciation","OBJECTID":47,"Governance":"YES","URL":" ","GlobalID":"cffab1d8-209e-4db9-ae5b-c1f80069d7dc","CreationDate":"2020-05-26T17:38:33.161","Creator":"alisaad@unhabitat","EditDate":"2023-03-28T11:03:54.889","Editor":"alisaad@unhabitat"}},
{"type":"Feature","geometry":{"type":"Point","coordinates":[35.53079061775148,33.893992801633054]},"properties":{"fid":171,"Name":"Lebanese Hospital–Geitawoui","OBJECTID":48,"Governance":"YES","URL":" ","GlobalID":"60262f3e-83ad-4db7-8a49-c0fd9899cea7","CreationDate":"2020-05-26T17:38:33.161","Creator":"alisaad@unhabitat","EditDate":"2023-03-28T11:03:54.889","Editor":"alisaad@unhabitat"}},
{"type":"Feature","geometry":{"type":"Point","coordinates":[35.52970042752904,33.894600254184226]},"properties":{"fid":172,"Name":"College Saint Gregoire Church & School","OBJECTID":49,"Governance":"YES","URL":" ","GlobalID":"71b45976-81e4-44bb-bb8c-c874f6e06828","CreationDate":"2020-05-26T17:38:33.161","Creator":"alisaad@unhabitat","EditDate":"2023-03-28T11:03:54.889","Editor":"alisaad@unhabitat"}},
{"type":"Feature","geometry":{"type":"Point","coordinates":[35.5285505104052,33.894184604402184]},"properties":{"fid":173,"Name":"William Hawi Garden","OBJECTID":50,"Governance":" ","URL":" ","GlobalID":"4e2b02b5-0c8c-4eef-b3a9-f4a164829b70","CreationDate":"2020-05-26T17:38:33.161","Creator":"alisaad@unhabitat","EditDate":"2023-03-28T11:03:54.889","Editor":"alisaad@unhabitat"}},
{"type":"Feature","geometry":{"type":"Point","coordinates":[35.52750428558767,33.89456424735089]},"properties":{"fid":174,"Name":"Saint Hagop Armenian Apostolic Church","OBJECTID":51,"Governance":"YES","URL":" ","GlobalID":"cbb834e7-87f4-43ea-a6cd-4837909de573","CreationDate":"2020-05-26T17:38:33.161","Creator":"alisaad@unhabitat","EditDate":"2023-03-28T11:03:54.889","Editor":"alisaad@unhabitat"}},
{"type":"Feature","geometry":{"type":"Point","coordinates":[35.52583862790674,33.893407951374456]},"properties":{"fid":175,"Name":"Jesuite Garden","OBJECTID":52,"Governance":" ","URL":" ","GlobalID":"bc37868a-d077-4b48-87d5-df1739ad385f","CreationDate":"2020-05-26T17:38:33.161","Creator":"alisaad@unhabitat","EditDate":"2023-03-28T11:03:54.889","Editor":"alisaad@unhabitat"}},
{"type":"Feature","geometry":{"type":"Point","coordinates":[35.523797532303625,33.89087560517537]},"properties":{"fid":176,"Name":"Beirut Water Establishment","OBJECTID":53,"Governance":" ","URL":" ","GlobalID":"cadef4b8-8bba-4617-ad2a-b1adb254f89c","CreationDate":"2020-05-26T17:38:33.161","Creator":"alisaad@unhabitat","EditDate":"2023-03-28T11:03:54.889","Editor":"alisaad@unhabitat"}},
{"type":"Feature","geometry":{"type":"Point","coordinates":[35.52343382081497,33.89306584741403]},"properties":{"fid":177,"Name":"Saint Georges Church","OBJECTID":54,"Governance":"YES","URL":" ","GlobalID":"88924f6f-228a-4aca-bbff-3ab34eedafc7","CreationDate":"2020-05-26T17:38:33.161","Creator":"alisaad@unhabitat","EditDate":"2023-03-28T11:03:54.889","Editor":"alisaad@unhabitat"}},
{"type":"Feature","geometry":{"type":"Point","coordinates":[35.52331702776187,33.893931016692726]},"properties":{"fid":178,"Name":"Saint Georges Hospital University Medical Center","OBJECTID":55,"Governance":"YES","URL":" ","GlobalID":"31c8b594-5e03-4668-a432-1f8f88e41309","CreationDate":"2020-05-26T17:38:33.161","Creator":"alisaad@unhabitat","EditDate":"2023-03-28T11:03:54.889","Editor":"alisaad@unhabitat"}},
{"type":"Feature","geometry":{"type":"Point","coordinates":[35.52285588792621,33.895358745462076]},"properties":{"fid":179,"Name":"Tobaggi Garden","OBJECTID":56,"Governance":" ","URL":" ","GlobalID":"76c44516-5a5d-44e6-8f1a-5d449c73f661","CreationDate":"2020-05-26T17:38:33.161","Creator":"alisaad@unhabitat","EditDate":"2023-03-28T11:03:54.889","Editor":"alisaad@unhabitat"}},
{"type":"Feature","geometry":{"type":"Point","coordinates":[35.526136193258544,33.895741765669655]},"properties":{"fid":180,"Name":"Achrafieh Public School","OBJECTID":57,"Governance":"YES","URL":" ","GlobalID":"a019820f-942d-4772-b351-3e8c5b168e04","CreationDate":"2020-05-26T17:38:33.161","Creator":"alisaad@unhabitat","EditDate":"2023-03-28T11:03:54.889","Editor":"alisaad@unhabitat"}},
{"type":"Feature","geometry":{"type":"Point","coordinates":[35.52959837385218,33.896425951031375]},"properties":{"fid":181,"Name":"Old Beer Factory \"La Grande Brasserie du Levant\"","OBJECTID":58,"Governance":" ","URL":" ","GlobalID":"ae7b2f1c-db03-4317-be2a-76f1afb74f30","CreationDate":"2020-05-26T17:38:33.161","Creator":"alisaad@unhabitat","EditDate":"2023-03-28T11:03:54.889","Editor":"alisaad@unhabitat"}},
{"type":"Feature","geometry":{"type":"Point","coordinates":[35.52979741545519,33.89523865864028]},"properties":{"fid":182,"Name":"Military casern","OBJECTID":59,"Governance":" ","URL":" ","GlobalID":"bd7d649f-1597-4988-8c61-c81f07ee5efc","CreationDate":"2020-05-26T17:38:33.161","Creator":"alisaad@unhabitat","EditDate":"2023-03-28T11:03:54.889","Editor":"alisaad@unhabitat"}},
{"type":"Feature","geometry":{"type":"Point","coordinates":[35.527997464655385,33.89638837639433]},"properties":{"fid":183,"Name":"Armenian Evangelical Central High School (AECHS)","OBJECTID":60,"Governance":"YES","URL":" ","GlobalID":"bdef7a77-6a89-45d4-96f9-5317e1539fdc","CreationDate":"2020-05-26T17:38:33.161","Creator":"alisaad@unhabitat","EditDate":"2023-03-28T11:03:54.889","Editor":"alisaad@unhabitat"}},
{"type":"Feature","geometry":{"type":"Point","coordinates":[35.527464723134486,33.89653495976715]},"properties":{"fid":184,"Name":"Armenian Evangelical Church of Achrafieh","OBJECTID":61,"Governance":"YES","URL":" ","GlobalID":"af09111c-c970-4100-bb9a-9bd6fcf4e469","CreationDate":"2020-05-26T17:38:33.161","Creator":"alisaad@unhabitat","EditDate":"2023-03-28T11:03:54.889","Editor":"alisaad@unhabitat"}},
{"type":"Feature","geometry":{"type":"Point","coordinates":[35.523061794531884,33.88874618147163]},"properties":{"fid":185,"Name":"Basilica of our Lady of the Miraculous Medal","OBJECTID":62,"Governance":"YES","URL":" ","GlobalID":"d13c52be-280a-4eaf-bdfd-9431ec1216ca","CreationDate":"2020-05-26T17:38:33.161","Creator":"alisaad@unhabitat","EditDate":"2023-03-28T11:03:54.889","Editor":"alisaad@unhabitat"}},
{"type":"Feature","geometry":{"type":"Point","coordinates":[35.52245340606913,33.8885182505082]},"properties":{"fid":186,"Name":"Lazarist School–Achrafieh","OBJECTID":63,"Governance":"YES","URL":" ","GlobalID":"1ae5deb2-3f14-4cc6-91d6-fc815b902fe6","CreationDate":"2020-05-26T17:38:33.161","Creator":"alisaad@unhabitat","EditDate":"2023-03-28T11:03:54.889","Editor":"alisaad@unhabitat"}},
{"type":"Feature","geometry":{"type":"Point","coordinates":[35.52166354591118,33.89050244815335]},"properties":{"fid":187,"Name":"Saint Demetrius Church","OBJECTID":64,"Governance":" ","URL":" ","GlobalID":"13ae49f9-8654-480f-af52-25b372884d52","CreationDate":"2020-05-26T17:38:33.161","Creator":"alisaad@unhabitat","EditDate":"2023-03-28T11:03:54.889","Editor":"alisaad@unhabitat"}},
{"type":"Feature","geometry":{"type":"Point","coordinates":[35.52116583930376,33.8905805375165]},"properties":{"fid":188,"Name":"Greek Orthodox Cemetery","OBJECTID":65,"Governance":" ","URL":" ","GlobalID":"d6ec28aa-dca9-4c11-9b0c-22e1c4cb6eda","CreationDate":"2020-05-26T17:38:33.161","Creator":"alisaad@unhabitat","EditDate":"2023-03-28T11:03:54.889","Editor":"alisaad@unhabitat"}},
{"type":"Feature","geometry":{"type":"Point","coordinates":[35.52518604876058,33.887586141913324]},"properties":{"fid":189,"Name":"Saydeh Church","OBJECTID":66,"Governance":"YES","URL":" ","GlobalID":"74fa8b92-36b3-47ad-90e9-aea01801bf3a","CreationDate":"2020-05-26T17:38:33.161","Creator":"alisaad@unhabitat","EditDate":"2023-03-28T11:03:54.889","Editor":"alisaad@unhabitat"}},
{"type":"Feature","geometry":{"type":"Point","coordinates":[35.52578761100191,33.886222639987274]},"properties":{"fid":190,"Name":"Saint Coeur Sioufi","OBJECTID":67,"Governance":"YES","URL":" ","GlobalID":"cd9b1a25-129e-45e5-8944-9923281ebca7","CreationDate":"2020-05-26T17:38:33.161","Creator":"alisaad@unhabitat","EditDate":"2023-03-28T11:03:54.889","Editor":"alisaad@unhabitat"}},
{"type":"Feature","geometry":{"type":"Point","coordinates":[35.527520241553894,33.88733535360129]},"properties":{"fid":191,"Name":"Beirut Annunciation Orthodox College (BAC)","OBJECTID":68,"Governance":"YES","URL":" ","GlobalID":"92a56bc2-ee9d-4a4a-aa97-17298ec61d19","CreationDate":"2020-05-26T17:38:33.161","Creator":"alisaad@unhabitat","EditDate":"2023-03-28T11:03:54.889","Editor":"alisaad@unhabitat"}},
{"type":"Feature","geometry":{"type":"Point","coordinates":[35.529020686775496,33.886049835860966]},"properties":{"fid":192,"Name":"Lebanese University","OBJECTID":69,"Governance":"YES","URL":" ","GlobalID":"350ff3bd-87fe-4f11-8196-b09195e0f5ec","CreationDate":"2020-05-26T17:38:33.161","Creator":"alisaad@unhabitat","EditDate":"2023-03-28T11:03:54.889","Editor":"alisaad@unhabitat"}},
{"type":"Feature","geometry":{"type":"Point","coordinates":[35.53829693422862,33.884644743048526]},"properties":{"fid":193,"Name":"Soeur du Rosaire College","OBJECTID":70,"Governance":"YES","URL":" ","GlobalID":"d387c29a-d1af-4a18-a070-40d157482364","CreationDate":"2020-05-26T17:38:33.161","Creator":"alisaad@unhabitat","EditDate":"2023-03-28T11:03:54.889","Editor":"alisaad@unhabitat"}},
{"type":"Feature","geometry":{"type":"Point","coordinates":[35.538763028323714,33.884312410415646]},"properties":{"fid":194,"Name":"Mar Doumit Church","OBJECTID":71,"Governance":"YES","URL":" ","GlobalID":"72fecb19-097b-4e12-8af2-c780000141cc","CreationDate":"2020-05-26T17:38:33.161","Creator":"alisaad@unhabitat","EditDate":"2023-03-28T11:03:54.889","Editor":"alisaad@unhabitat"}},
{"type":"Feature","geometry":{"type":"Point","coordinates":[35.52422317027944,33.88436204521765]},"properties":{"fid":195,"Name":"Greater Beirut Evangelical School","OBJECTID":72,"Governance":"YES","URL":" ","GlobalID":"ea331866-a270-4333-a39d-0b58401cdbc4","CreationDate":"2020-05-26T17:38:33.161","Creator":"alisaad@unhabitat","EditDate":"2023-03-28T11:03:54.889","Editor":"alisaad@unhabitat"}},
{"type":"Feature","geometry":{"type":"Point","coordinates":[35.54707184492065,33.88784909839739]},"properties":{"fid":196,"Name":"Bourj Hammoud Municipal Stadium","OBJECTID":73,"Governance":" ","URL":" ","GlobalID":"df16027c-7e99-4893-a626-a5cf7e32259e","CreationDate":"2020-05-26T17:38:33.161","Creator":"alisaad@unhabitat","EditDate":"2023-03-28T11:03:54.889","Editor":"alisaad@unhabitat"}},
{"type":"Feature","geometry":{"type":"Point","coordinates":[35.54598142407836,33.886564353726165]},"properties":{"fid":197,"Name":"Zavarian Football Field","OBJECTID":74,"Governance":" ","URL":" ","GlobalID":"fba434df-70f8-4405-9fdf-aa12891ec466","CreationDate":"2020-05-26T17:38:33.161","Creator":"alisaad@unhabitat","EditDate":"2023-03-28T11:03:54.889","Editor":"alisaad@unhabitat"}},
{"type":"Feature","geometry":{"type":"Point","coordinates":[35.545761807340526,33.88702324950052]},"properties":{"fid":198,"Name":"Saint Vincent School","OBJECTID":75,"Governance":"YES","URL":" ","GlobalID":"20790dbc-1b35-4dd0-a8a9-49375e9b9a57","CreationDate":"2020-05-26T17:38:33.161","Creator":"alisaad@unhabitat","EditDate":"2023-03-28T11:03:54.889","Editor":"alisaad@unhabitat"}},
{"type":"Feature","geometry":{"type":"Point","coordinates":[35.54183348805867,33.88857851979507]},"properties":{"fid":199,"Name":"Trad Social Center","OBJECTID":76,"Governance":"YES","URL":" ","GlobalID":"6d88fb9f-b5d7-4852-9d45-a4f495724f0b","CreationDate":"2020-05-26T17:38:33.161","Creator":"alisaad@unhabitat","EditDate":"2023-03-28T11:03:54.889","Editor":"alisaad@unhabitat"}},
{"type":"Feature","geometry":{"type":"Point","coordinates":[35.5413429857579,33.887657339892854]},"properties":{"fid":200,"Name":"Saint Sarkis Armenian Apostolic Church","OBJECTID":77,"Governance":"YES","URL":" ","GlobalID":"515cebd9-9545-41a1-8992-d9751f095e72","CreationDate":"2020-05-26T17:38:33.161","Creator":"alisaad@unhabitat","EditDate":"2023-03-28T11:03:54.889","Editor":"alisaad@unhabitat"}},
{"type":"Feature","geometry":{"type":"Point","coordinates":[35.54785120399412,33.88870712300131]},"properties":{"fid":201,"Name":"Providence School","OBJECTID":78,"Governance":"YES","URL":" ","GlobalID":"42cd646f-876d-4c09-a2bb-5f78810308c9","CreationDate":"2020-05-26T17:38:33.161","Creator":"alisaad@unhabitat","EditDate":"2023-03-28T11:03:54.889","Editor":"alisaad@unhabitat"}},
{"type":"Feature","geometry":{"type":"Point","coordinates":[35.54858545797357,33.889277466881275]},"properties":{"fid":202,"Name":"Armenian Evangelical P. & E. Torosian Intermediate School","OBJECTID":79,"Governance":"YES","URL":" ","GlobalID":"93be6dfe-9023-49af-8853-8e2d716b3ab0","CreationDate":"2020-05-26T17:38:33.161","Creator":"alisaad@unhabitat","EditDate":"2023-03-28T11:03:54.889","Editor":"alisaad@unhabitat"}},
{"type":"Feature","geometry":{"type":"Point","coordinates":[35.5466944772426,33.89035559330433]},"properties":{"fid":203,"Name":"Qasr El-Ouloum School","OBJECTID":80,"Governance":"YES","URL":" ","GlobalID":"52aa8607-ecab-4014-a9d5-e6015d3ff9b2","CreationDate":"2020-05-26T17:38:33.161","Creator":"alisaad@unhabitat","EditDate":"2023-03-28T11:03:54.889","Editor":"alisaad@unhabitat"}},
{"type":"Feature","geometry":{"type":"Point","coordinates":[35.543175723365415,33.89101610671178]},"properties":{"fid":204,"Name":"Holy Mother of God Armenian Apostolic Church","OBJECTID":81,"Governance":"YES","URL":" ","GlobalID":"5464a84d-5a0d-4112-a2fa-0f51b7f302a1","CreationDate":"2020-05-26T17:38:33.161","Creator":"alisaad@unhabitat","EditDate":"2023-03-28T11:03:54.889","Editor":"alisaad@unhabitat"}},
{"type":"Feature","geometry":{"type":"Point","coordinates":[35.55077881218703,33.89168976864034]},"properties":{"fid":205,"Name":"Our Lady of Peace School","OBJECTID":82,"Governance":"YES","URL":" ","GlobalID":"97da8d1d-b763-4843-b4a1-16313f0d33ce","CreationDate":"2020-05-26T17:38:33.161","Creator":"alisaad@unhabitat","EditDate":"2023-03-28T11:03:54.889","Editor":"alisaad@unhabitat"}},
{"type":"Feature","geometry":{"type":"Point","coordinates":[35.55172618169126,33.89127601330506]},"properties":{"fid":206,"Name":"Saint Maroun Church","OBJECTID":83,"Governance":"YES","URL":" ","GlobalID":"e081b267-d524-4771-a375-1b812927877c","CreationDate":"2020-05-26T17:38:33.161","Creator":"alisaad@unhabitat","EditDate":"2023-03-28T11:03:54.889","Editor":"alisaad@unhabitat"}},
{"type":"Feature","geometry":{"type":"Point","coordinates":[35.55218996369141,33.89113446695258]},"properties":{"fid":207,"Name":"Saint Maroun School","OBJECTID":84,"Governance":"YES","URL":" ","GlobalID":"eb105ffb-f940-45a2-ba59-25b95bb4e059","CreationDate":"2020-05-26T17:38:33.161","Creator":"alisaad@unhabitat","EditDate":"2023-03-28T11:03:54.889","Editor":"alisaad@unhabitat"}},
{"type":"Feature","geometry":{"type":"Point","coordinates":[35.55465890668017,33.89298443146214]},"properties":{"fid":208,"Name":"Saint Joseph Hospital","OBJECTID":85,"Governance":"YES","URL":" ","GlobalID":"fa715437-68fc-4b03-b0d4-ff85b5871965","CreationDate":"2020-05-26T17:38:33.161","Creator":"alisaad@unhabitat","EditDate":"2023-03-28T11:03:54.889","Editor":"alisaad@unhabitat"}},
{"type":"Feature","geometry":{"type":"Point","coordinates":[35.55550850492125,33.8867237387024]},"properties":{"fid":209,"Name":"Electricity of Lebanon (EDL)","OBJECTID":86,"Governance":" ","URL":" ","GlobalID":"7c8e61a5-5a2e-4dae-973b-849a7b5c5237","CreationDate":"2020-05-26T17:38:33.161","Creator":"alisaad@unhabitat","EditDate":"2023-03-28T11:03:54.889","Editor":"alisaad@unhabitat"}},
{"type":"Feature","geometry":{"type":"Point","coordinates":[35.55984832221388,33.89103840694249]},"properties":{"fid":210,"Name":"El-Akhtal El-Saghir Secondary School","OBJECTID":87,"Governance":"YES","URL":" ","GlobalID":"d00cc55b-ff8f-41e7-93dc-2c3b248bcd0a","CreationDate":"2020-05-26T17:38:33.161","Creator":"alisaad@unhabitat","EditDate":"2023-03-28T11:03:54.889","Editor":"alisaad@unhabitat"}},
{"type":"Feature","geometry":{"type":"Point","coordinates":[35.55906607881573,33.88581344209923]},"properties":{"fid":211,"Name":"Saint Takla Church","OBJECTID":88,"Governance":"YES","URL":" ","GlobalID":"0d19adef-e0ef-4873-ad7b-381ba64af90f","CreationDate":"2020-05-26T17:38:33.161","Creator":"alisaad@unhabitat","EditDate":"2023-03-28T11:03:54.889","Editor":"alisaad@unhabitat"}},
{"type":"Feature","geometry":{"type":"Point","coordinates":[35.5593907739187,33.88421216410451]},"properties":{"fid":212,"Name":"Antonine School","OBJECTID":89,"Governance":"YES","URL":" ","GlobalID":"3c8372d3-a84d-4f69-9b7d-dfd7bc800198","CreationDate":"2020-05-26T17:38:33.161","Creator":"alisaad@unhabitat","EditDate":"2023-03-28T11:03:54.889","Editor":"alisaad@unhabitat"}},
{"type":"Feature","geometry":{"type":"Point","coordinates":[35.55873907705351,33.88474199367132]},"properties":{"fid":213,"Name":"Football field","OBJECTID":90,"Governance":" ","URL":" ","GlobalID":"62530c72-e1f2-4619-8457-57c589a8dfb7","CreationDate":"2020-05-26T17:38:33.161","Creator":"alisaad@unhabitat","EditDate":"2023-03-28T11:03:54.889","Editor":"alisaad@unhabitat"}},
{"type":"Feature","geometry":{"type":"Point","coordinates":[35.84969924377081,34.446518208573224]},"properties":{"fid":214,"Name":"Maakom Foundation","OBJECTID":91,"Governance":"YES","URL":" ","GlobalID":"2cdb3be7-d646-441e-955a-f5e5f96dc7c3","CreationDate":"2020-05-26T17:38:33.161","Creator":"alisaad@unhabitat","EditDate":"2023-03-28T11:03:54.889","Editor":"alisaad@unhabitat"}},
{"type":"Feature","geometry":{"type":"Point","coordinates":[35.849680278187,34.44051893852958]},"properties":{"fid":215,"Name":"Cemetery","OBJECTID":92,"Governance":" ","URL":" ","GlobalID":"a39cf56f-b9ae-4f98-8007-3757646e7715","CreationDate":"2020-05-26T17:38:33.161","Creator":"alisaad@unhabitat","EditDate":"2023-03-28T11:03:54.889","Editor":"alisaad@unhabitat"}},
{"type":"Feature","geometry":{"type":"Point","coordinates":[35.84918733140122,34.442409258931534]},"properties":{"fid":216,"Name":"Rashawani Mosque","OBJECTID":93,"Governance":"YES","URL":" ","GlobalID":"bbf7a181-c4fd-4fdb-a3b6-c6de55c218f2","CreationDate":"2020-05-26T17:38:33.161","Creator":"alisaad@unhabitat","EditDate":"2023-03-28T11:03:54.889","Editor":"alisaad@unhabitat"}},
{"type":"Feature","geometry":{"type":"Point","coordinates":[35.849347244730474,34.44362332356251]},"properties":{"fid":217,"Name":"Gas station","OBJECTID":94,"Governance":" ","URL":" ","GlobalID":"5b3a4d28-562a-4758-a2d3-07ab4eefdb6a","CreationDate":"2020-05-26T17:38:33.161","Creator":"alisaad@unhabitat","EditDate":"2023-03-28T11:03:54.889","Editor":"alisaad@unhabitat"}},
{"type":"Feature","geometry":{"type":"Point","coordinates":[35.84881644995976,34.44592841064552]},"properties":{"fid":218,"Name":"Abu Ali Roundabout","OBJECTID":95,"Governance":"YES","URL":" ","GlobalID":"11dba990-30a7-4f92-867d-cf1dc2f1a18d","CreationDate":"2020-05-26T17:38:33.161","Creator":"alisaad@unhabitat","EditDate":"2023-03-28T11:03:54.889","Editor":"alisaad@unhabitat"}},
{"type":"Feature","geometry":{"type":"Point","coordinates":[35.85272866451966,34.44553939888366]},"properties":{"fid":219,"Name":"Public park (UNDP)","OBJECTID":96,"Governance":"YES","URL":" ","GlobalID":"d72faf7f-e3c5-4a99-8697-feb1237707dd","CreationDate":"2020-05-26T17:38:33.161","Creator":"alisaad@unhabitat","EditDate":"2023-03-28T11:03:54.889","Editor":"alisaad@unhabitat"}},
{"type":"Feature","geometry":{"type":"Point","coordinates":[35.8508130551154,34.44281794814692]},"properties":{"fid":220,"Name":"Souk El-Khodra","OBJECTID":97,"Governance":" ","URL":" ","GlobalID":"53baefa8-99a2-4881-ab4c-3bba7318cee6","CreationDate":"2020-05-26T17:38:33.161","Creator":"alisaad@unhabitat","EditDate":"2023-03-28T11:03:54.889","Editor":"alisaad@unhabitat"}},
{"type":"Feature","geometry":{"type":"Point","coordinates":[35.85215079502445,34.44632326653976]},"properties":{"fid":221,"Name":"Parking","OBJECTID":98,"Governance":" ","URL":" ","GlobalID":"c62d79d7-387a-4633-b8ba-ccaff452be73","CreationDate":"2020-05-26T17:38:33.161","Creator":"alisaad@unhabitat","EditDate":"2023-03-28T11:03:54.889","Editor":"alisaad@unhabitat"}},
{"type":"Feature","geometry":{"type":"Point","coordinates":[35.85356672224758,34.44585573575751]},"properties":{"fid":222,"Name":"El-Likaa El-Nisaei El-Khayri NGO","OBJECTID":99,"Governance":"YES","URL":" ","GlobalID":"2b8584d5-df8b-4957-9d1a-69a776dc95f5","CreationDate":"2020-05-26T17:38:33.161","Creator":"alisaad@unhabitat","EditDate":"2023-03-28T11:03:54.889","Editor":"alisaad@unhabitat"}},
{"type":"Feature","geometry":{"type":"Point","coordinates":[35.85574849650929,34.44751766582266]},"properties":{"fid":223,"Name":"Gas station","OBJECTID":100,"Governance":" ","URL":" ","GlobalID":"8604a6ea-5651-4be6-9190-58774950ce15","CreationDate":"2020-05-26T17:38:33.161","Creator":"alisaad@unhabitat","EditDate":"2023-03-28T11:03:54.889","Editor":"alisaad@unhabitat"}},
{"type":"Feature","geometry":{"type":"Point","coordinates":[35.857098142185315,34.4476969672803]},"properties":{"fid":224,"Name":"Army","OBJECTID":101,"Governance":" ","URL":" ","GlobalID":"cf9ee02c-ed56-4b29-ac62-98de7c7ce232","CreationDate":"2020-05-26T17:38:33.161","Creator":"alisaad@unhabitat","EditDate":"2023-03-28T11:03:54.889","Editor":"alisaad@unhabitat"}},
{"type":"Feature","geometry":{"type":"Point","coordinates":[35.85726691919837,34.447135969167725]},"properties":{"fid":225,"Name":"Rene Moawad Foundation","OBJECTID":102,"Governance":"YES","URL":" ","GlobalID":"2e2f4786-3046-4607-8808-f2692a83bafd","CreationDate":"2020-05-26T17:38:33.161","Creator":"alisaad@unhabitat","EditDate":"2023-03-28T11:03:54.889","Editor":"alisaad@unhabitat"}},
{"type":"Feature","geometry":{"type":"Point","coordinates":[35.85684091465873,34.446759486869304]},"properties":{"fid":226,"Name":"Falcon gas station","OBJECTID":103,"Governance":" ","URL":" ","GlobalID":"77ada6f2-b8bc-4a8a-b99d-2832ea953377","CreationDate":"2020-05-26T17:38:33.161","Creator":"alisaad@unhabitat","EditDate":"2023-03-28T11:03:54.889","Editor":"alisaad@unhabitat"}},
{"type":"Feature","geometry":{"type":"Point","coordinates":[35.8566861428734,34.446075293396284]},"properties":{"fid":227,"Name":"Minifootball field","OBJECTID":104,"Governance":"YES","URL":" ","GlobalID":"88a12f4d-7eb0-4eb7-a7d5-4375116beae9","CreationDate":"2020-05-26T17:38:33.161","Creator":"alisaad@unhabitat","EditDate":"2023-03-28T11:03:54.889","Editor":"alisaad@unhabitat"}},
{"type":"Feature","geometry":{"type":"Point","coordinates":[35.85536353629982,34.44586807699825]},"properties":{"fid":228,"Name":"Khalil El-Rahman Mosque","OBJECTID":105,"Governance":"YES","URL":" ","GlobalID":"18231574-9b6e-4dcb-a629-ad070798b0f0","CreationDate":"2020-05-26T17:38:33.161","Creator":"alisaad@unhabitat","EditDate":"2023-03-28T11:03:54.889","Editor":"alisaad@unhabitat"}},
{"type":"Feature","geometry":{"type":"Point","coordinates":[35.854619865444874,34.445218217420106]},"properties":{"fid":229,"Name":"ABJAD Sociocultural Center","OBJECTID":106,"Governance":"YES","URL":" ","GlobalID":"fe52aa00-b575-484c-a196-1bd4e52ed853","CreationDate":"2020-05-26T17:38:33.161","Creator":"alisaad@unhabitat","EditDate":"2023-03-28T11:03:54.889","Editor":"alisaad@unhabitat"}},
{"type":"Feature","geometry":{"type":"Point","coordinates":[35.854651940706646,34.44461776915796]},"properties":{"fid":230,"Name":"OGERO","OBJECTID":107,"Governance":" ","URL":" ","GlobalID":"86c6d5ab-247a-4da1-a9d2-64c4cff2cfa2","CreationDate":"2020-05-26T17:38:33.161","Creator":"alisaad@unhabitat","EditDate":"2023-03-28T11:03:54.889","Editor":"alisaad@unhabitat"}},
{"type":"Feature","geometry":{"type":"Point","coordinates":[35.85141587866616,34.442519524548274]},"properties":{"fid":231,"Name":"El-Amal El-Nasa Foundation","OBJECTID":108,"Governance":"YES","URL":" ","GlobalID":"0c4de871-6ca2-4c1b-8269-b7308043bd6c","CreationDate":"2020-05-26T17:38:33.161","Creator":"alisaad@unhabitat","EditDate":"2023-03-28T11:03:54.889","Editor":"alisaad@unhabitat"}},
{"type":"Feature","geometry":{"type":"Point","coordinates":[35.8522715369898,34.44229191955943]},"properties":{"fid":232,"Name":"UTOPIA NGO","OBJECTID":109,"Governance":"YES","URL":" ","GlobalID":"03a6a23d-81dd-423a-9879-927fd0abf0a5","CreationDate":"2020-05-26T17:38:33.161","Creator":"alisaad@unhabitat","EditDate":"2023-03-28T11:03:54.889","Editor":"alisaad@unhabitat"}},
{"type":"Feature","geometry":{"type":"Point","coordinates":[35.85037473442799,34.441081392851096]},"properties":{"fid":233,"Name":"El-Nasiri Mosque","OBJECTID":110,"Governance":"YES","URL":" ","GlobalID":"54111283-6528-46e1-b422-652c21b23865","CreationDate":"2020-05-26T17:38:33.161","Creator":"alisaad@unhabitat","EditDate":"2023-03-28T11:03:54.889","Editor":"alisaad@unhabitat"}},
{"type":"Feature","geometry":{"type":"Point","coordinates":[35.8479954130754,34.44055162808556]},"properties":{"fid":234,"Name":"SDC","OBJECTID":111,"Governance":"YES","URL":" ","GlobalID":"9a357046-297a-4787-8968-5be8cc087baf","CreationDate":"2020-05-26T17:38:33.161","Creator":"alisaad@unhabitat","EditDate":"2023-03-28T11:03:54.889","Editor":"alisaad@unhabitat"}},
{"type":"Feature","geometry":{"type":"Point","coordinates":[35.85189904722749,34.442986293015885]},"properties":{"fid":235,"Name":"Army checkpoint","OBJECTID":112,"Governance":"YES","URL":" ","GlobalID":"93d48b84-2ce7-4478-a99f-244dcbf34f9b","CreationDate":"2020-05-26T17:38:33.161","Creator":"alisaad@unhabitat","EditDate":"2023-03-28T11:03:54.889","Editor":"alisaad@unhabitat"}},
{"type":"Feature","geometry":{"type":"Point","coordinates":[35.85215615206774,34.44320996709686]},"properties":{"fid":236,"Name":"Ruwwad Al-Tanmeya NGO","OBJECTID":113,"Governance":"YES","URL":" ","GlobalID":"73adffdc-9a36-4941-94d0-190a7efe99f9","CreationDate":"2020-05-26T17:38:33.161","Creator":"alisaad@unhabitat","EditDate":"2023-03-28T11:03:54.889","Editor":"alisaad@unhabitat"}},
{"type":"Feature","geometry":{"type":"Point","coordinates":[35.85313174162054,34.44415239465097]},"properties":{"fid":237,"Name":"Nashabeh Hospital","OBJECTID":114,"Governance":"YES","URL":" ","GlobalID":"2528691f-e28c-4263-befc-9ce59e914277","CreationDate":"2020-05-26T17:38:33.161","Creator":"alisaad@unhabitat","EditDate":"2023-03-28T11:03:54.889","Editor":"alisaad@unhabitat"}},
{"type":"Feature","geometry":{"type":"Point","coordinates":[35.849811358204725,34.44093373270156]},"properties":{"fid":238,"Name":"Army checkpoint","OBJECTID":115,"Governance":" ","URL":" ","GlobalID":"017aa0a8-6294-4548-aaa7-3d8f1aad1507","CreationDate":"2020-05-26T17:38:33.161","Creator":"alisaad@unhabitat","EditDate":"2023-03-28T11:03:54.889","Editor":"alisaad@unhabitat"}},
{"type":"Feature","geometry":{"type":"Point","coordinates":[35.851336620657285,34.44201201576601]},"properties":{"fid":239,"Name":"Qahwetna (cultural café)","OBJECTID":116,"Governance":"YES","URL":" ","GlobalID":"e7e2d974-2699-4730-b9ed-b9398845a58f","CreationDate":"2020-05-26T17:38:33.161","Creator":"alisaad@unhabitat","EditDate":"2023-03-28T11:03:54.889","Editor":"alisaad@unhabitat"}},
{"type":"Feature","geometry":{"type":"Point","coordinates":[35.36918049713213,33.56101473594504]},"properties":{"fid":240,"Name":"El-Hariri Dispensary","OBJECTID":117,"Governance":"YES","URL":" ","GlobalID":"5908ac16-5d9f-4b76-ac17-05d4e7365ce1","CreationDate":"2020-05-26T17:38:33.161","Creator":"alisaad@unhabitat","EditDate":"2023-03-28T11:03:54.889","Editor":"alisaad@unhabitat"}},
{"type":"Feature","geometry":{"type":"Point","coordinates":[35.36967927635749,33.56149760493357]},"properties":{"fid":241,"Name":"Ahlouna Association","OBJECTID":118,"Governance":"YES","URL":" ","GlobalID":"33cd66c9-df92-4b4c-b8b6-24e7bcd59477","CreationDate":"2020-05-26T17:38:33.161","Creator":"alisaad@unhabitat","EditDate":"2023-03-28T11:03:54.889","Editor":"alisaad@unhabitat"}},
{"type":"Feature","geometry":{"type":"Point","coordinates":[35.36992301397888,33.56182786547533]},"properties":{"fid":242,"Name":"Muslim Scout Association of Lebanon","OBJECTID":119,"Governance":"YES","URL":" ","GlobalID":"ef7e99dd-85fd-4a08-b21f-8c89d2d5fe2d","CreationDate":"2020-05-26T17:38:33.161","Creator":"alisaad@unhabitat","EditDate":"2023-03-28T11:03:54.889","Editor":"alisaad@unhabitat"}},
{"type":"Feature","geometry":{"type":"Point","coordinates":[35.36785391275083,33.561948665259806]},"properties":{"fid":243,"Name":"El-Omari Great Mosque","OBJECTID":120,"Governance":"YES","URL":" ","GlobalID":"f0637c31-2caf-4f39-8323-55692eaed601","CreationDate":"2020-05-26T17:38:33.161","Creator":"alisaad@unhabitat","EditDate":"2023-03-28T11:03:54.889","Editor":"alisaad@unhabitat"}},
{"type":"Feature","geometry":{"type":"Point","coordinates":[35.36826961464769,33.562313372996556]},"properties":{"fid":244,"Name":"Sheikh Zayed Public Garden","OBJECTID":121,"Governance":"YES","URL":" ","GlobalID":"76569659-3b43-432b-9007-2d1879e28d91","CreationDate":"2020-05-26T17:38:33.161","Creator":"alisaad@unhabitat","EditDate":"2023-03-28T11:03:54.889","Editor":"alisaad@unhabitat"}},
{"type":"Feature","geometry":{"type":"Point","coordinates":[35.370783746896294,33.56290844448174]},"properties":{"fid":245,"Name":"Youth RESOLVE community centre","OBJECTID":122,"Governance":"YES","URL":" ","GlobalID":"8e3f7f25-4cd3-4de5-9128-45c545dc57ec","CreationDate":"2020-05-26T17:38:33.161","Creator":"alisaad@unhabitat","EditDate":"2023-03-28T11:03:54.889","Editor":"alisaad@unhabitat"}},
{"type":"Feature","geometry":{"type":"Point","coordinates":[35.36936227017328,33.562730597487786]},"properties":{"fid":246,"Name":"Natasha Saad Dispensary","OBJECTID":123,"Governance":"YES","URL":" ","GlobalID":"5a60cceb-06e3-461d-9d6d-e17ec103a0e8","CreationDate":"2020-05-26T17:38:33.161","Creator":"alisaad@unhabitat","EditDate":"2023-03-28T11:03:54.889","Editor":"alisaad@unhabitat"}},
{"type":"Feature","geometry":{"type":"Point","coordinates":[35.370960197864775,33.563348457325745]},"properties":{"fid":247,"Name":"Serail café","OBJECTID":124,"Governance":"YES","URL":" ","GlobalID":"82710fe2-32b2-4a6e-a9ad-eb0834a4396e","CreationDate":"2020-05-26T17:38:33.161","Creator":"alisaad@unhabitat","EditDate":"2023-03-28T11:03:54.889","Editor":"alisaad@unhabitat"}},
{"type":"Feature","geometry":{"type":"Point","coordinates":[35.370842230033325,33.56350525517581]},"properties":{"fid":248,"Name":"Bab El-Serail square","OBJECTID":125,"Governance":"YES","URL":" ","GlobalID":"fd23676c-71c3-4316-9156-daafbf105e09","CreationDate":"2020-05-26T17:38:33.161","Creator":"alisaad@unhabitat","EditDate":"2023-03-28T11:03:54.889","Editor":"alisaad@unhabitat"}},
{"type":"Feature","geometry":{"type":"Point","coordinates":[35.37057107168315,33.563788165693154]},"properties":{"fid":249,"Name":"UNRWA school","OBJECTID":126,"Governance":"YES","URL":" ","GlobalID":"4b82ce23-3e89-4f9c-a058-eda8db6047e2","CreationDate":"2020-05-26T17:38:33.161","Creator":"alisaad@unhabitat","EditDate":"2023-03-28T11:03:54.889","Editor":"alisaad@unhabitat"}},
{"type":"Feature","geometry":{"type":"Point","coordinates":[35.369779446450536,33.56415695585675]},"properties":{"fid":250,"Name":"Khan El-Franj","OBJECTID":127,"Governance":"YES","URL":" ","GlobalID":"53c49649-6d22-4ce1-b08d-0dfc24defd92","CreationDate":"2020-05-26T17:38:33.161","Creator":"alisaad@unhabitat","EditDate":"2023-03-28T11:03:54.889","Editor":"alisaad@unhabitat"}},
{"type":"Feature","geometry":{"type":"Point","coordinates":[35.370233531361976,33.56497150846215]},"properties":{"fid":251,"Name":"El-Bahr Mosque","OBJECTID":128,"Governance":"YES","URL":" ","GlobalID":"7b358cf7-fc2e-43d8-a7b0-c268be06fad4","CreationDate":"2020-05-26T17:38:33.161","Creator":"alisaad@unhabitat","EditDate":"2023-03-28T11:03:54.889","Editor":"alisaad@unhabitat"}},
{"type":"Feature","geometry":{"type":"Point","coordinates":[35.37158060943103,33.56511088961885]},"properties":{"fid":252,"Name":"Khan El-Kishleh (Khan El-Hammoud)","OBJECTID":129,"Governance":"YES","URL":" ","GlobalID":"e4706def-88ce-42f8-b839-4eab0c43efeb","CreationDate":"2020-05-26T17:38:33.161","Creator":"alisaad@unhabitat","EditDate":"2023-03-28T11:03:54.889","Editor":"alisaad@unhabitat"}},
{"type":"Feature","geometry":{"type":"Point","coordinates":[35.37158246106095,33.56473432627277]},"properties":{"fid":253,"Name":"Debbane Palace Museum","OBJECTID":130,"Governance":"YES","URL":" ","GlobalID":"b72488f1-9595-4ebd-adbc-9a064bf9747c","CreationDate":"2020-05-26T17:38:33.161","Creator":"alisaad@unhabitat","EditDate":"2023-03-28T11:03:54.889","Editor":"alisaad@unhabitat"}},
{"type":"Feature","geometry":{"type":"Point","coordinates":[35.371121948779106,33.56422030566389]},"properties":{"fid":254,"Name":"Mada Community Centre","OBJECTID":131,"Governance":"YES","URL":" ","GlobalID":"c73df1fc-120e-4b4e-b8f1-1102beff945b","CreationDate":"2020-05-26T17:38:33.161","Creator":"alisaad@unhabitat","EditDate":"2023-03-28T11:03:54.889","Editor":"alisaad@unhabitat"}},
{"type":"Feature","geometry":{"type":"Point","coordinates":[35.37136680921481,33.56390276105055]},"properties":{"fid":255,"Name":"Outreach and Leadership Academy (OLA centre)","OBJECTID":132,"Governance":"YES","URL":" ","GlobalID":"6948eb12-8d9f-486d-a44b-6b260bb26bd4","CreationDate":"2020-05-26T17:38:33.161","Creator":"alisaad@unhabitat","EditDate":"2023-03-28T11:03:54.889","Editor":"alisaad@unhabitat"}},
{"type":"Feature","geometry":{"type":"Point","coordinates":[35.37119836814168,33.56344876341423]},"properties":{"fid":256,"Name":"Bab El-Serail Mosque","OBJECTID":133,"Governance":"YES","URL":" ","GlobalID":"39abe9ce-98d5-4758-b445-e8d0cfe1e159","CreationDate":"2020-05-26T17:38:33.161","Creator":"alisaad@unhabitat","EditDate":"2023-03-28T11:03:54.889","Editor":"alisaad@unhabitat"}},
{"type":"Feature","geometry":{"type":"Point","coordinates":[35.37098152807596,33.56314440965777]},"properties":{"fid":257,"Name":"Municipal Office","OBJECTID":134,"Governance":"YES","URL":" ","GlobalID":"d5be813c-4192-4a26-8a5f-86798c344997","CreationDate":"2020-05-26T17:38:33.161","Creator":"alisaad@unhabitat","EditDate":"2023-03-28T11:03:54.889","Editor":"alisaad@unhabitat"}},
{"type":"Feature","geometry":{"type":"Point","coordinates":[35.371097947036404,33.562829409416565]},"properties":{"fid":258,"Name":"El-Maani Sports Club","OBJECTID":135,"Governance":"YES","URL":" ","GlobalID":"79571931-8728-4bbb-8e61-227dac12ad54","CreationDate":"2020-05-26T17:38:33.161","Creator":"alisaad@unhabitat","EditDate":"2023-03-28T11:03:54.889","Editor":"alisaad@unhabitat"}},
{"type":"Feature","geometry":{"type":"Point","coordinates":[35.3712777334573,33.562608252980496]},"properties":{"fid":259,"Name":"Soap Museum","OBJECTID":136,"Governance":"YES","URL":" ","GlobalID":"5ff45570-5c32-4f7d-b44c-e14eb7cf38b9","CreationDate":"2020-05-26T17:38:33.161","Creator":"alisaad@unhabitat","EditDate":"2023-03-28T11:03:54.889","Editor":"alisaad@unhabitat"}},
{"type":"Feature","geometry":{"type":"Point","coordinates":[35.371426667051104,33.562473959399306]},"properties":{"fid":260,"Name":"Audi Foundation","OBJECTID":137,"Governance":"YES","URL":" ","GlobalID":"4b573d78-b140-4ec3-84c7-6bc5008e2719","CreationDate":"2020-05-26T17:38:33.161","Creator":"alisaad@unhabitat","EditDate":"2023-03-28T11:03:54.889","Editor":"alisaad@unhabitat"}},
{"type":"Feature","geometry":{"type":"Point","coordinates":[35.37948990028577,33.572360134275335]},"properties":{"fid":261,"Name":"Development for People and Nature Association (DPNA)","OBJECTID":138,"Governance":"YES","URL":" ","GlobalID":"3b574810-3bc6-4722-9c2f-47149ecd2df2","CreationDate":"2020-05-26T17:38:33.161","Creator":"alisaad@unhabitat","EditDate":"2023-03-28T11:03:54.889","Editor":"alisaad@unhabitat"}},
{"type":"Feature","geometry":{"type":"Point","coordinates":[35.37015429469618,33.56155078506814]},"properties":{"fid":262,"Name":"Firefighting volunteer brigade of Saida Municipality (Old Saida Centre)","OBJECTID":139,"Governance":"YES","URL":" ","GlobalID":"d07d072d-5ff0-480e-bd12-69bb03459fd9","CreationDate":"2020-05-26T17:38:33.161","Creator":"alisaad@unhabitat","EditDate":"2023-03-28T11:03:54.889","Editor":"alisaad@unhabitat"}},
{"type":"Feature","geometry":{"type":"Point","coordinates":[35.3705988700452,33.560525778002685]},"properties":{"fid":263,"Name":"Castle of Saint Louis (Land Citadel)","OBJECTID":140,"Governance":"YES","URL":" ","GlobalID":"1f8b4a2d-a32c-4ca8-9b07-89263b97837f","CreationDate":"2020-05-26T17:38:33.161","Creator":"alisaad@unhabitat","EditDate":"2023-03-28T11:03:54.889","Editor":"alisaad@unhabitat"}},
{"type":"Feature","geometry":{"type":"Point","coordinates":[35.369263297425036,33.56156272014624]},"properties":{"fid":264,"Name":"Al-Moasat Association Old Saida Centre","OBJECTID":141,"Governance":"YES","URL":" ","GlobalID":"84a01a36-89c9-4d90-bb43-4b072eefbda4","CreationDate":"2020-05-26T17:38:33.161","Creator":"alisaad@unhabitat","EditDate":"2023-03-28T11:03:54.889","Editor":"alisaad@unhabitat"}},
{"type":"Feature","geometry":{"type":"Point","coordinates":[35.84985904069157,34.435725750274585]},"properties":{"fid":265,"Name":"El-Diyaa School","OBJECTID":142,"Governance":"YES","URL":" ","GlobalID":"dd5f5035-f21f-4017-a862-20861e5c17f2","CreationDate":"2020-05-26T17:38:33.161","Creator":"alisaad@unhabitat","EditDate":"2023-03-28T11:03:54.889","Editor":"alisaad@unhabitat"}},
{"type":"Feature","geometry":{"type":"Point","coordinates":[35.84888579483493,34.43708246990605]},"properties":{"fid":266,"Name":"Mar Mikhael Greek Orthodox Church","OBJECTID":143,"Governance":"YES","URL":" ","GlobalID":"12ca182c-28cc-4a6d-a164-429763b78560","CreationDate":"2020-05-26T17:38:33.161","Creator":"alisaad@unhabitat","EditDate":"2023-03-28T11:03:54.889","Editor":"alisaad@unhabitat"}},
{"type":"Feature","geometry":{"type":"Point","coordinates":[35.848629830233655,34.43644108503567]},"properties":{"fid":267,"Name":"Hammam El-Hajeb","OBJECTID":144,"Governance":" ","URL":" ","GlobalID":"a582d861-9d89-4ff5-b5c4-edb947e14839","CreationDate":"2020-05-26T17:38:33.161","Creator":"alisaad@unhabitat","EditDate":"2023-03-28T11:03:54.889","Editor":"alisaad@unhabitat"}},
{"type":"Feature","geometry":{"type":"Point","coordinates":[35.85386937747217,34.43370266406431]},"properties":{"fid":268,"Name":"Mukhtar Abd El-Naser Safsoof","OBJECTID":145,"Governance":" ","URL":" ","GlobalID":"43fbf5b6-72aa-4372-9833-c3cccdcc8d2d","CreationDate":"2020-05-26T17:38:33.161","Creator":"alisaad@unhabitat","EditDate":"2023-03-28T11:03:54.889","Editor":"alisaad@unhabitat"}},
{"type":"Feature","geometry":{"type":"Point","coordinates":[35.85303242629127,34.43474445805328]},"properties":{"fid":269,"Name":"El-Bustani School","OBJECTID":146,"Governance":"YES","URL":" ","GlobalID":"c8b8069b-4fa6-4e57-bdc7-f008ec54b70e","CreationDate":"2020-05-26T17:38:33.161","Creator":"alisaad@unhabitat","EditDate":"2023-03-28T11:03:54.889","Editor":"alisaad@unhabitat"}},
{"type":"Feature","geometry":{"type":"Point","coordinates":[35.852938321459824,34.435200076055246]},"properties":{"fid":270,"Name":"Liban Post","OBJECTID":147,"Governance":" ","URL":" ","GlobalID":"e9699664-a9ae-434e-a9a7-fa2b583907bb","CreationDate":"2020-05-26T17:38:33.161","Creator":"alisaad@unhabitat","EditDate":"2023-03-28T11:03:54.889","Editor":"alisaad@unhabitat"}},
{"type":"Feature","geometry":{"type":"Point","coordinates":[35.85250325384129,34.43564774833458]},"properties":{"fid":271,"Name":"Sahat El-Qobbeh","OBJECTID":148,"Governance":" ","URL":" ","GlobalID":"8170bc66-5c12-48d2-a005-e2083e4b9bb0","CreationDate":"2020-05-26T17:38:33.161","Creator":"alisaad@unhabitat","EditDate":"2023-03-28T11:03:54.889","Editor":"alisaad@unhabitat"}},
{"type":"Feature","geometry":{"type":"Point","coordinates":[35.85238242317021,34.43523886522336]},"properties":{"fid":272,"Name":"Gas station","OBJECTID":149,"Governance":" ","URL":" ","GlobalID":"d93215ba-d374-49cb-9f20-9f9614fc114d","CreationDate":"2020-05-26T17:38:33.161","Creator":"alisaad@unhabitat","EditDate":"2023-03-28T11:03:54.889","Editor":"alisaad@unhabitat"}},
{"type":"Feature","geometry":{"type":"Point","coordinates":[35.851151430596936,34.43486583628077]},"properties":{"fid":273,"Name":"Orthodox School","OBJECTID":150,"Governance":"YES","URL":" ","GlobalID":"fa2d74cc-a5f7-40d7-8089-fda9c09dd8b7","CreationDate":"2020-05-26T17:38:33.161","Creator":"alisaad@unhabitat","EditDate":"2023-03-28T11:03:54.889","Editor":"alisaad@unhabitat"}},
{"type":"Feature","geometry":{"type":"Point","coordinates":[35.85014615961035,34.43638151814943]},"properties":{"fid":274,"Name":"National El-Qobbeh School","OBJECTID":151,"Governance":"YES","URL":" ","GlobalID":"7c372f53-8f2e-4fa8-b82c-7b52a270eb88","CreationDate":"2020-05-26T17:38:33.161","Creator":"alisaad@unhabitat","EditDate":"2023-03-28T11:03:54.889","Editor":"alisaad@unhabitat"}},
{"type":"Feature","geometry":{"type":"Point","coordinates":[35.849905931088145,34.43534336491676]},"properties":{"fid":275,"Name":"El-Rahbat School","OBJECTID":152,"Governance":"YES","URL":" ","GlobalID":"d4203147-0446-43be-a31b-07587f064a12","CreationDate":"2020-05-26T17:38:33.161","Creator":"alisaad@unhabitat","EditDate":"2023-03-28T11:03:54.889","Editor":"alisaad@unhabitat"}},
{"type":"Feature","geometry":{"type":"Point","coordinates":[35.84835016394985,34.43531295540261]},"properties":{"fid":276,"Name":"Mosque","OBJECTID":153,"Governance":"YES","URL":" ","GlobalID":"a49f5747-8a35-42ea-a3f5-d0875dbeb502","CreationDate":"2020-05-26T17:38:33.161","Creator":"alisaad@unhabitat","EditDate":"2023-03-28T11:03:54.889","Editor":"alisaad@unhabitat"}},
{"type":"Feature","geometry":{"type":"Point","coordinates":[35.84812900488268,34.43550029757263]},"properties":{"fid":277,"Name":"El-Sebsabie School","OBJECTID":154,"Governance":"YES","URL":" ","GlobalID":"d0215fb7-67fe-4043-907e-66c3b20ae2c9","CreationDate":"2020-05-26T17:38:33.161","Creator":"alisaad@unhabitat","EditDate":"2023-03-28T11:03:54.889","Editor":"alisaad@unhabitat"}},
{"type":"Feature","geometry":{"type":"Point","coordinates":[35.85492438239544,34.435863425208645]},"properties":{"fid":278,"Name":"Lebanese University","OBJECTID":155,"Governance":"YES","URL":" ","GlobalID":"844c77a5-ef4c-45c9-b4a0-617066e3dcaf","CreationDate":"2020-05-26T17:38:33.161","Creator":"alisaad@unhabitat","EditDate":"2023-03-28T11:03:54.889","Editor":"alisaad@unhabitat"}},
{"type":"Feature","geometry":{"type":"Point","coordinates":[35.224340989910814,33.26839076099757]},"properties":{"fid":279,"Name":"Water tank","OBJECTID":156,"Governance":" ","URL":" ","GlobalID":"4a1a1111-fd38-4b4a-bb5d-412f7f142c01","CreationDate":"2020-05-26T17:38:33.161","Creator":"alisaad@unhabitat","EditDate":"2023-03-28T11:03:54.889","Editor":"alisaad@unhabitat"}},
{"type":"Feature","geometry":{"type":"Point","coordinates":[35.223293224037775,33.267585902574]},"properties":{"fid":280,"Name":"Khalil El-Wazir mosque","OBJECTID":157,"Governance":"YES","URL":" ","GlobalID":"34338f8e-2e5a-4302-9521-794a6707cbed","CreationDate":"2020-05-26T17:38:33.161","Creator":"alisaad@unhabitat","EditDate":"2023-03-28T11:03:54.889","Editor":"alisaad@unhabitat"}},
{"type":"Feature","geometry":{"type":"Point","coordinates":[35.22375998700966,33.26904056249864]},"properties":{"fid":281,"Name":"First Aid Clinic at Popular Committee Office","OBJECTID":158,"Governance":"YES","URL":" ","GlobalID":"58c8db13-79c9-4b99-bd9f-9178bdc01692","CreationDate":"2020-05-26T17:38:33.161","Creator":"alisaad@unhabitat","EditDate":"2023-03-28T11:03:54.889","Editor":"alisaad@unhabitat"}},
{"type":"Feature","geometry":{"type":"Point","coordinates":[35.22405211496347,33.26788113348372]},"properties":{"fid":282,"Name":"Tomb","OBJECTID":159,"Governance":" ","URL":" ","GlobalID":"f67af9af-7295-4f4b-9142-debd5ec865bf","CreationDate":"2020-05-26T17:38:33.161","Creator":"alisaad@unhabitat","EditDate":"2023-03-28T11:03:54.889","Editor":"alisaad@unhabitat"}},
{"type":"Feature","geometry":{"type":"Point","coordinates":[35.22393334479956,33.26794464002823]},"properties":{"fid":283,"Name":"Tomb","OBJECTID":160,"Governance":" ","URL":" ","GlobalID":"bf8e22de-3c18-4727-bac9-7591b7d81923","CreationDate":"2020-05-26T17:38:33.161","Creator":"alisaad@unhabitat","EditDate":"2023-03-28T11:03:54.889","Editor":"alisaad@unhabitat"}},
{"type":"Feature","geometry":{"type":"Point","coordinates":[35.22526330000005,33.2683836]},"properties":{"fid":284,"Name":"El-Tantoura Primary School (UNRWA)","OBJECTID":161,"Governance":"YES","URL":" ","GlobalID":"55ae49eb-76a8-4bdc-80d2-cc609a71976a","CreationDate":"2020-05-26T17:38:33.161","Creator":"alisaad@unhabitat","EditDate":"2023-03-28T11:03:54.889","Editor":"alisaad@unhabitat"}},
{"type":"Feature","geometry":{"type":"Point","coordinates":[35.229355465715905,33.267236243286284]},"properties":{"fid":285,"Name":"Canal","OBJECTID":162,"Governance":" ","URL":" ","GlobalID":"9a8bbbcc-9685-4e91-941b-6a80439d1295","CreationDate":"2020-05-26T17:38:33.161","Creator":"alisaad@unhabitat","EditDate":"2023-03-28T11:03:54.889","Editor":"alisaad@unhabitat"}},
{"type":"Feature","geometry":{"type":"Point","coordinates":[35.227163396833326,33.2684108731627]},"properties":{"fid":286,"Name":"Civil defense","OBJECTID":163,"Governance":"YES","URL":" ","GlobalID":"fc01a236-9c68-44ef-b0b7-1845cd989fd8","CreationDate":"2020-05-26T17:38:33.161","Creator":"alisaad@unhabitat","EditDate":"2023-03-28T11:03:54.889","Editor":"alisaad@unhabitat"}},
{"type":"Feature","geometry":{"type":"Point","coordinates":[35.22190202938996,33.26800005447231]},"properties":{"fid":287,"Name":"El-Imam El-Khomeini mosque","OBJECTID":164,"Governance":"YES","URL":" ","GlobalID":"86e6740e-c02c-4243-b4b8-5b9da4c3a6de","CreationDate":"2020-05-26T17:38:33.161","Creator":"alisaad@unhabitat","EditDate":"2023-03-28T11:03:54.889","Editor":"alisaad@unhabitat"}},
{"type":"Feature","geometry":{"type":"Point","coordinates":[35.858821958898616,34.446575572709364]},"properties":{"fid":288,"Name":"Public garden (UNDP)","OBJECTID":165,"Governance":"YES","URL":" ","GlobalID":"89626079-e0ba-46ce-afc8-49d74e1d376b","CreationDate":"2020-05-26T17:38:33.161","Creator":"alisaad@unhabitat","EditDate":"2023-03-28T11:03:54.889","Editor":"alisaad@unhabitat"}},
{"type":"Feature","geometry":{"type":"Point","coordinates":[35.85744706968163,34.44719013721008]},"properties":{"fid":289,"Name":"Kazmouz buildings","OBJECTID":166,"Governance":" ","URL":" ","GlobalID":"5758aff2-08d7-4492-ba3d-8520ce36892f","CreationDate":"2020-05-26T17:38:33.161","Creator":"alisaad@unhabitat","EditDate":"2023-03-28T11:03:54.889","Editor":"alisaad@unhabitat"}},
{"type":"Feature","geometry":{"type":"Point","coordinates":[35.85786972406899,34.44672185799774]},"properties":{"fid":290,"Name":"El-Waheeb Pharmacy","OBJECTID":167,"Governance":" ","URL":" ","GlobalID":"485b35dd-88ae-4418-bf7d-2172dc4046b8","CreationDate":"2020-05-26T17:38:33.161","Creator":"alisaad@unhabitat","EditDate":"2023-03-28T11:03:54.889","Editor":"alisaad@unhabitat"}},
{"type":"Feature","geometry":{"type":"Point","coordinates":[35.85828099214901,34.44682495157498]},"properties":{"fid":291,"Name":"Hamzeh Project","OBJECTID":168,"Governance":" ","URL":" ","GlobalID":"bbcafad6-6cc3-45b9-b602-1f5af5720df1","CreationDate":"2020-05-26T17:38:33.161","Creator":"alisaad@unhabitat","EditDate":"2023-03-28T11:03:54.889","Editor":"alisaad@unhabitat"}},
{"type":"Feature","geometry":{"type":"Point","coordinates":[35.857401323394335,34.44663946896708]},"properties":{"fid":292,"Name":"Abou Hanna buildings","OBJECTID":169,"Governance":" ","URL":" ","GlobalID":"4a83beca-3014-445d-bbfa-f4e7d01002d2","CreationDate":"2020-05-26T17:38:33.161","Creator":"alisaad@unhabitat","EditDate":"2023-03-28T11:03:54.889","Editor":"alisaad@unhabitat"}},
{"type":"Feature","geometry":{"type":"Point","coordinates":[35.857058335833905,34.445146957723274]},"properties":{"fid":293,"Name":"El-Zahraa Dispensary","OBJECTID":170,"Governance":"YES","URL":" ","GlobalID":"dbc6ad25-13fe-4516-877c-e318b87324fd","CreationDate":"2020-05-26T17:38:33.161","Creator":"alisaad@unhabitat","EditDate":"2023-03-28T11:03:54.889","Editor":"alisaad@unhabitat"}},
{"type":"Feature","geometry":{"type":"Point","coordinates":[35.8575590897175,34.44532189211676]},"properties":{"fid":294,"Name":"El-Shatwi buildings","OBJECTID":171,"Governance":" ","URL":" ","GlobalID":"ef3d5003-bc86-4783-8ba6-27e4c0fac61e","CreationDate":"2020-05-26T17:38:33.161","Creator":"alisaad@unhabitat","EditDate":"2023-03-28T11:03:54.889","Editor":"alisaad@unhabitat"}},
{"type":"Feature","geometry":{"type":"Point","coordinates":[35.85671317142665,34.445465521536576]},"properties":{"fid":295,"Name":"Butcher","OBJECTID":172,"Governance":" ","URL":" ","GlobalID":"ee3af755-2b57-4cae-8182-ea7cd41f9366","CreationDate":"2020-05-26T17:38:33.161","Creator":"alisaad@unhabitat","EditDate":"2023-03-28T11:03:54.889","Editor":"alisaad@unhabitat"}},
{"type":"Feature","geometry":{"type":"Point","coordinates":[35.85714054657367,34.44483696130792]},"properties":{"fid":296,"Name":"Mhanaa Pharmacy","OBJECTID":173,"Governance":" ","URL":" ","GlobalID":"7bf0b0f6-bb40-4929-9184-4efbcedfc46c","CreationDate":"2020-05-26T17:38:33.161","Creator":"alisaad@unhabitat","EditDate":"2023-03-28T11:03:54.889","Editor":"alisaad@unhabitat"}},
{"type":"Feature","geometry":{"type":"Point","coordinates":[35.85680469732898,34.444500987692805]},"properties":{"fid":297,"Name":"Alawite Islamic Council","OBJECTID":174,"Governance":"YES","URL":" ","GlobalID":"7da63044-cf2e-43e8-9e3c-0e09badc6489","CreationDate":"2020-05-26T17:38:33.161","Creator":"alisaad@unhabitat","EditDate":"2023-03-28T11:03:54.889","Editor":"alisaad@unhabitat"}},
{"type":"Feature","geometry":{"type":"Point","coordinates":[35.85622105757956,34.44422139652696]},"properties":{"fid":298,"Name":"Talaee El-Nour Dispensary","OBJECTID":175,"Governance":"YES","URL":" ","GlobalID":"63cd6686-078b-4e58-b1d5-f6b64fe731a8","CreationDate":"2020-05-26T17:38:33.161","Creator":"alisaad@unhabitat","EditDate":"2023-03-28T11:03:54.889","Editor":"alisaad@unhabitat"}},
{"type":"Feature","geometry":{"type":"Point","coordinates":[35.85568562785571,34.443662615447124]},"properties":{"fid":299,"Name":"Al Jabal Roastry","OBJECTID":176,"Governance":" ","URL":" ","GlobalID":"847ce397-5dee-4189-8049-c72232fbf304","CreationDate":"2020-05-26T17:38:33.161","Creator":"alisaad@unhabitat","EditDate":"2023-03-28T11:03:54.889","Editor":"alisaad@unhabitat"}},
{"type":"Feature","geometry":{"type":"Point","coordinates":[35.85539897701205,34.44335036267073]},"properties":{"fid":300,"Name":"Toys store","OBJECTID":177,"Governance":" ","URL":" ","GlobalID":"9f21b8ab-f3ad-4cf8-9d60-e1a5f17669d3","CreationDate":"2020-05-26T17:38:33.161","Creator":"alisaad@unhabitat","EditDate":"2023-03-28T11:03:54.889","Editor":"alisaad@unhabitat"}},
{"type":"Feature","geometry":{"type":"Point","coordinates":[35.85508781698327,34.44301132715921]},"properties":{"fid":301,"Name":"OMT","OBJECTID":178,"Governance":" ","URL":" ","GlobalID":"eb2717ae-f213-48d4-9d34-3b20adad9cf8","CreationDate":"2020-05-26T17:38:33.161","Creator":"alisaad@unhabitat","EditDate":"2023-03-28T11:03:54.889","Editor":"alisaad@unhabitat"}},
{"type":"Feature","geometry":{"type":"Point","coordinates":[35.85562822880257,34.4431774888791]},"properties":{"fid":302,"Name":"Green grocery","OBJECTID":179,"Governance":" ","URL":" ","GlobalID":"b6cabbb5-f597-4f7d-a6af-902ab42f242e","CreationDate":"2020-05-26T17:38:33.161","Creator":"alisaad@unhabitat","EditDate":"2023-03-28T11:03:54.889","Editor":"alisaad@unhabitat"}},
{"type":"Feature","geometry":{"type":"Point","coordinates":[35.854931550653816,34.442820046274605]},"properties":{"fid":303,"Name":"Hammoud Sweets","OBJECTID":180,"Governance":" ","URL":" ","GlobalID":"949300d9-727d-44e4-ae4b-60e7e904c6d6","CreationDate":"2020-05-26T17:38:33.161","Creator":"alisaad@unhabitat","EditDate":"2023-03-28T11:03:54.889","Editor":"alisaad@unhabitat"}},
{"type":"Feature","geometry":{"type":"Point","coordinates":[35.855473723634475,34.44267612403422]},"properties":{"fid":304,"Name":"Abi Firas School","OBJECTID":181,"Governance":"YES","URL":" ","GlobalID":"b790bf8f-5c01-47c0-990c-dc87a5f99396","CreationDate":"2020-05-26T17:38:33.161","Creator":"alisaad@unhabitat","EditDate":"2023-03-28T11:03:54.889","Editor":"alisaad@unhabitat"}},
{"type":"Feature","geometry":{"type":"Point","coordinates":[35.855897110780255,34.44253627051591]},"properties":{"fid":305,"Name":"Saleh Company","OBJECTID":182,"Governance":" ","URL":" ","GlobalID":"30484bda-3f21-4b2e-b8a3-575657d7f114","CreationDate":"2020-05-26T17:38:33.161","Creator":"alisaad@unhabitat","EditDate":"2023-03-28T11:03:54.889","Editor":"alisaad@unhabitat"}},
{"type":"Feature","geometry":{"type":"Point","coordinates":[35.854818209912104,34.4423070472514]},"properties":{"fid":306,"Name":"Supermarket Khanat","OBJECTID":183,"Governance":" ","URL":" ","GlobalID":"6f365518-8d6b-4907-b14f-fc63badca3ed","CreationDate":"2020-05-26T17:38:33.161","Creator":"alisaad@unhabitat","EditDate":"2023-03-28T11:03:54.889","Editor":"alisaad@unhabitat"}},
{"type":"Feature","geometry":{"type":"Point","coordinates":[35.85449605172692,34.441918670417536]},"properties":{"fid":307,"Name":"Hammoud Market","OBJECTID":184,"Governance":" ","URL":" ","GlobalID":"2ca3e1d9-cfc6-45f3-a73f-f19053fa415a","CreationDate":"2020-05-26T17:38:33.161","Creator":"alisaad@unhabitat","EditDate":"2023-03-28T11:03:54.889","Editor":"alisaad@unhabitat"}},
{"type":"Feature","geometry":{"type":"Point","coordinates":[35.85392014953049,34.44181541083101]},"properties":{"fid":308,"Name":"Mashawi El-Amine","OBJECTID":185,"Governance":" ","URL":" ","GlobalID":"7cd7d60b-1621-4b8a-9271-343c25b5fa18","CreationDate":"2020-05-26T17:38:33.161","Creator":"alisaad@unhabitat","EditDate":"2023-03-28T11:03:54.889","Editor":"alisaad@unhabitat"}},
{"type":"Feature","geometry":{"type":"Point","coordinates":[35.854368703923654,34.441524680470806]},"properties":{"fid":309,"Name":"Shamseen Pharmacy","OBJECTID":186,"Governance":" ","URL":" ","GlobalID":"0406b6e4-65f9-4034-ab1f-8aea7fd60f41","CreationDate":"2020-05-26T17:38:33.161","Creator":"alisaad@unhabitat","EditDate":"2023-03-28T11:03:54.889","Editor":"alisaad@unhabitat"}},
{"type":"Feature","geometry":{"type":"Point","coordinates":[35.85439085415846,34.441205346995766]},"properties":{"fid":310,"Name":"APEC gas station","OBJECTID":187,"Governance":" ","URL":" ","GlobalID":"9a66c0c4-b614-44e6-8acc-edeccb5a27e9","CreationDate":"2020-05-26T17:38:33.161","Creator":"alisaad@unhabitat","EditDate":"2023-03-28T11:03:54.889","Editor":"alisaad@unhabitat"}},
{"type":"Feature","geometry":{"type":"Point","coordinates":[35.853400323894654,34.44081970194084]},"properties":{"fid":311,"Name":"Valley","OBJECTID":188,"Governance":" ","URL":" ","GlobalID":"876a6b15-466b-405c-85ba-e7f60348af4e","CreationDate":"2020-05-26T17:38:33.161","Creator":"alisaad@unhabitat","EditDate":"2023-03-28T11:03:54.889","Editor":"alisaad@unhabitat"}},
{"type":"Feature","geometry":{"type":"Point","coordinates":[35.852656302043904,34.4404891946389]},"properties":{"fid":312,"Name":"El-American School","OBJECTID":189,"Governance":"YES","URL":" ","GlobalID":"ba457ef6-d6ba-49a7-8f62-b85e32389b25","CreationDate":"2020-05-26T17:38:33.161","Creator":"alisaad@unhabitat","EditDate":"2023-03-28T11:03:54.889","Editor":"alisaad@unhabitat"}},
{"type":"Feature","geometry":{"type":"Point","coordinates":[35.85420993702537,34.4405501508199]},"properties":{"fid":313,"Name":"Ali Eid house","OBJECTID":190,"Governance":"YES","URL":" ","GlobalID":"fa2a1bf8-d214-4f02-b6ae-b78d93100dea","CreationDate":"2020-05-26T17:38:33.161","Creator":"alisaad@unhabitat","EditDate":"2023-03-28T11:03:54.889","Editor":"alisaad@unhabitat"}},
{"type":"Feature","geometry":{"type":"Point","coordinates":[35.853933817357216,34.442438096928406]},"properties":{"fid":314,"Name":"El-Zahraa Hospital","OBJECTID":191,"Governance":"YES","URL":" ","GlobalID":"b585ab0e-7173-41d7-852a-3a34dcda08a3","CreationDate":"2020-05-26T17:38:33.161","Creator":"alisaad@unhabitat","EditDate":"2023-03-28T11:03:54.889","Editor":"alisaad@unhabitat"}},
{"type":"Feature","geometry":{"type":"Point","coordinates":[35.85431776829503,34.442531264978236]},"properties":{"fid":315,"Name":"Alawite Social Hall","OBJECTID":192,"Governance":"YES","URL":" ","GlobalID":"3719e3bc-25bd-4163-818c-83565687db27","CreationDate":"2020-05-26T17:38:33.161","Creator":"alisaad@unhabitat","EditDate":"2023-03-28T11:03:54.889","Editor":"alisaad@unhabitat"}},
{"type":"Feature","geometry":{"type":"Point","coordinates":[35.85497402619357,34.44417202231642]},"properties":{"fid":316,"Name":"Mansour Bros","OBJECTID":193,"Governance":" ","URL":" ","GlobalID":"646ac3df-480b-46cd-8a94-d9d93cc3b284","CreationDate":"2020-05-26T17:38:33.161","Creator":"alisaad@unhabitat","EditDate":"2023-03-28T11:03:54.889","Editor":"alisaad@unhabitat"}},
{"type":"Feature","geometry":{"type":"Point","coordinates":[35.855095083529164,34.444040407852654]},"properties":{"fid":317,"Name":"Ali Abdallah stores","OBJECTID":194,"Governance":" ","URL":" ","GlobalID":"d36ad357-038c-4f0e-b55a-d0fe13ee218a","CreationDate":"2020-05-26T17:38:33.161","Creator":"alisaad@unhabitat","EditDate":"2023-03-28T11:03:54.889","Editor":"alisaad@unhabitat"}},
{"type":"Feature","geometry":{"type":"Point","coordinates":[35.855649604992024,34.444284260922565]},"properties":{"fid":318,"Name":"Al Imam Ali Hall","OBJECTID":195,"Governance":" ","URL":" ","GlobalID":"c1de0184-9e10-48b0-8b01-0b0c81b497c7","CreationDate":"2020-05-26T17:38:33.161","Creator":"alisaad@unhabitat","EditDate":"2023-03-28T11:03:54.889","Editor":"alisaad@unhabitat"}},
{"type":"Feature","geometry":{"type":"Point","coordinates":[35.85531831605309,34.44465915654196]},"properties":{"fid":319,"Name":"Stairs","OBJECTID":196,"Governance":" ","URL":" ","GlobalID":"41c40321-cb24-4b1b-8783-060df3c5d13d","CreationDate":"2020-05-26T17:38:33.161","Creator":"alisaad@unhabitat","EditDate":"2023-03-28T11:03:54.889","Editor":"alisaad@unhabitat"}},
{"type":"Feature","geometry":{"type":"Point","coordinates":[35.856267631196694,34.44626236187277]},"properties":{"fid":320,"Name":"Stairs","OBJECTID":197,"Governance":" ","URL":" ","GlobalID":"35d0c666-f940-4aa0-a5c9-20f1287dcd67","CreationDate":"2020-05-26T17:38:33.161","Creator":"alisaad@unhabitat","EditDate":"2023-03-28T11:03:54.889","Editor":"alisaad@unhabitat"}},
{"type":"Feature","geometry":{"type":"Point","coordinates":[35.8578021459825,34.445514501983645]},"properties":{"fid":321,"Name":"Baal Mohsen Kindergarten","OBJECTID":198,"Governance":"YES","URL":" ","GlobalID":"cc6b5126-5339-4f46-9346-6dbf60396cc5","CreationDate":"2020-05-26T17:38:33.161","Creator":"alisaad@unhabitat","EditDate":"2023-03-28T11:03:54.889","Editor":"alisaad@unhabitat"}},
{"type":"Feature","geometry":{"type":"Point","coordinates":[35.85891612762858,34.444025125018634]},"properties":{"fid":322,"Name":"El-Zahraa Mosque","OBJECTID":199,"Governance":"YES","URL":" ","GlobalID":"1508cb22-24ee-4e2f-ab08-d3a20f553a49","CreationDate":"2020-05-26T17:38:33.161","Creator":"alisaad@unhabitat","EditDate":"2023-03-28T11:03:54.889","Editor":"alisaad@unhabitat"}},
{"type":"Feature","geometry":{"type":"Point","coordinates":[35.85817438298075,34.4435278794969]},"properties":{"fid":323,"Name":"El-Shohada Cemetery","OBJECTID":200,"Governance":" ","URL":" ","GlobalID":"2f08628b-c304-4414-82f2-af9c77c7ade6","CreationDate":"2020-05-26T17:38:33.161","Creator":"alisaad@unhabitat","EditDate":"2023-03-28T11:03:54.889","Editor":"alisaad@unhabitat"}},
{"type":"Feature","geometry":{"type":"Point","coordinates":[35.85777034578453,34.443315741871395]},"properties":{"fid":324,"Name":"Water tank","OBJECTID":201,"Governance":" ","URL":" ","GlobalID":"47e22b4a-12fe-4d09-a1dc-86c89df6df9f","CreationDate":"2020-05-26T17:38:33.161","Creator":"alisaad@unhabitat","EditDate":"2023-03-28T11:03:54.889","Editor":"alisaad@unhabitat"}},
{"type":"Feature","geometry":{"type":"Point","coordinates":[35.85486111454235,34.439869575832276]},"properties":{"fid":325,"Name":"El-Deir School","OBJECTID":202,"Governance":"YES","URL":" ","GlobalID":"20000b72-f151-4e90-8780-74848aedc07c","CreationDate":"2020-05-26T17:38:33.161","Creator":"alisaad@unhabitat","EditDate":"2023-03-28T11:03:54.889","Editor":"alisaad@unhabitat"}},
{"type":"Feature","geometry":{"type":"Point","coordinates":[35.85790928497723,34.44526965514483]},"properties":{"fid":326,"Name":"El-Harakeh sportsfield","OBJECTID":203,"Governance":"YES","URL":" ","GlobalID":"effb8188-ff30-43f2-9eb7-27e1c0f66806","CreationDate":"2020-05-26T17:38:33.161","Creator":"alisaad@unhabitat","EditDate":"2023-03-28T11:03:54.889","Editor":"alisaad@unhabitat"}},
{"type":"Feature","geometry":{"type":"Point","coordinates":[35.85600969565552,34.43833348690424]},"properties":{"fid":327,"Name":"Army","OBJECTID":204,"Governance":" ","URL":" ","GlobalID":"2765459b-74ff-4b6c-b620-98182d9f76da","CreationDate":"2020-05-26T17:38:33.161","Creator":"alisaad@unhabitat","EditDate":"2023-03-28T11:03:54.889","Editor":"alisaad@unhabitat"}},
{"type":"Feature","geometry":{"type":"Point","coordinates":[35.85814365490132,34.44702548372052]},"properties":{"fid":328,"Name":"Al Jabal Roastry","OBJECTID":205,"Governance":" ","URL":" ","GlobalID":"136aa93b-050b-4f99-8ba0-377aaf5e597d","CreationDate":"2020-05-26T17:38:33.161","Creator":"alisaad@unhabitat","EditDate":"2023-03-28T11:03:54.889","Editor":"alisaad@unhabitat"}},
{"type":"Feature","geometry":{"type":"Point","coordinates":[35.8554674597648,34.444423855496034]},"properties":{"fid":329,"Name":"El-Sheikh COOP supermarket","OBJECTID":206,"Governance":" ","URL":" ","GlobalID":"5167d90b-6325-4ca5-8470-5bc8285af1a0","CreationDate":"2020-05-26T17:38:33.161","Creator":"alisaad@unhabitat","EditDate":"2023-03-28T11:03:54.889","Editor":"alisaad@unhabitat"}},
{"type":"Feature","geometry":{"type":"Point","coordinates":[35.856789240459925,34.44814287754362]},"properties":{"fid":330,"Name":"Mallouleh Roundabout","OBJECTID":207,"Governance":" ","URL":" ","GlobalID":"73780fd4-8423-4365-8216-e0446dcf2202","CreationDate":"2020-05-26T17:38:33.161","Creator":"alisaad@unhabitat","EditDate":"2023-03-28T11:03:54.889","Editor":"alisaad@unhabitat"}},
{"type":"Feature","geometry":{"type":"Point","coordinates":[35.85682997169587,34.44490550783206]},"properties":{"fid":331,"Name":"Al Nemer stores","OBJECTID":208,"Governance":" ","URL":" ","GlobalID":"3ddc608c-5a4b-4399-8590-edff63b49ea6","CreationDate":"2020-05-26T17:38:33.161","Creator":"alisaad@unhabitat","EditDate":"2023-03-28T11:03:54.889","Editor":"alisaad@unhabitat"}},
{"type":"Feature","geometry":{"type":"Point","coordinates":[35.45501281361281,33.74609853195292]},"properties":{"fid":332,"Name":"Mar Elias Church","OBJECTID":209,"Governance":"YES","URL":" ","GlobalID":"e94b2611-5db9-4ad2-9840-e512f1de4d1e","CreationDate":"2020-05-26T17:38:33.161","Creator":"alisaad@unhabitat","EditDate":"2023-03-28T11:03:54.889","Editor":"alisaad@unhabitat"}},
{"type":"Feature","geometry":{"type":"Point","coordinates":[35.44904190567423,33.74200551544348]},"properties":{"fid":333,"Name":"Swimming pool","OBJECTID":210,"Governance":" ","URL":" ","GlobalID":"04fa42c6-2f2a-4fd2-b151-11f75cf52cba","CreationDate":"2020-05-26T17:38:33.161","Creator":"alisaad@unhabitat","EditDate":"2023-03-28T11:03:54.889","Editor":"alisaad@unhabitat"}},
{"type":"Feature","geometry":{"type":"Point","coordinates":[35.45584708322254,33.7388572370045]},"properties":{"fid":334,"Name":"Mosque","OBJECTID":211,"Governance":"YES","URL":" ","GlobalID":"3b535991-68ce-4726-8466-7a87a82b2e42","CreationDate":"2020-05-26T17:38:33.161","Creator":"alisaad@unhabitat","EditDate":"2023-03-28T11:03:54.889","Editor":"alisaad@unhabitat"}},
{"type":"Feature","geometry":{"type":"Point","coordinates":[35.455696258877744,33.73671933841747]},"properties":{"fid":335,"Name":"Cemetery","OBJECTID":212,"Governance":" ","URL":" ","GlobalID":"5750c77e-4af8-4d13-bd44-dcd90113ed57","CreationDate":"2020-05-26T17:38:33.161","Creator":"alisaad@unhabitat","EditDate":"2023-03-28T11:03:54.889","Editor":"alisaad@unhabitat"}},
{"type":"Feature","geometry":{"type":"Point","coordinates":[35.45551098001732,33.73372252134601]},"properties":{"fid":336,"Name":"Mar Maroun Church","OBJECTID":213,"Governance":"YES","URL":" ","GlobalID":"1ad491c1-1b69-4971-ac5d-473c98d40c4a","CreationDate":"2020-05-26T17:38:33.161","Creator":"alisaad@unhabitat","EditDate":"2023-03-28T11:03:54.889","Editor":"alisaad@unhabitat"}},
{"type":"Feature","geometry":{"type":"Point","coordinates":[35.45169492196723,33.74904975921464]},"properties":{"fid":337,"Name":"Ayanapa","OBJECTID":214,"Governance":" ","URL":" ","GlobalID":"f7aa51b7-5997-47cf-a98b-7806eb5bebe1","CreationDate":"2020-05-26T17:38:33.161","Creator":"alisaad@unhabitat","EditDate":"2023-03-28T11:03:54.889","Editor":"alisaad@unhabitat"}},
{"type":"Feature","geometry":{"type":"Point","coordinates":[35.473493440952,33.74853134285186]},"properties":{"fid":338,"Name":"Mar Gerges","OBJECTID":215,"Governance":"YES","URL":" ","GlobalID":"58e6f9c4-3203-4b00-867b-c4dc7e0dfe1f","CreationDate":"2020-05-26T17:38:33.161","Creator":"alisaad@unhabitat","EditDate":"2023-03-28T11:03:54.889","Editor":"alisaad@unhabitat"}},
{"type":"Feature","geometry":{"type":"Point","coordinates":[35.90013889000922,33.83281729036701]},"properties":{"fid":339,"Name":"Saint Maron Maronite Cathedral","OBJECTID":216,"Governance":"YES","URL":" ","GlobalID":"e452e76b-96cb-4c24-b5b9-7ea2a9731288","CreationDate":"2020-05-26T17:38:33.161","Creator":"alisaad@unhabitat","EditDate":"2023-03-28T11:03:54.889","Editor":"alisaad@unhabitat"}},
{"type":"Feature","geometry":{"type":"Point","coordinates":[35.90003106557503,33.83317239510698]},"properties":{"fid":340,"Name":"Maronite Eparchy Seat of Zahle and Bekaa","OBJECTID":217,"Governance":"YES","URL":" ","GlobalID":"0b884981-5374-4820-948d-8dceee923d7b","CreationDate":"2020-05-26T17:38:33.161","Creator":"alisaad@unhabitat","EditDate":"2023-03-28T11:03:54.889","Editor":"alisaad@unhabitat"}},
{"type":"Feature","geometry":{"type":"Point","coordinates":[35.901462268672944,33.83689993079824]},"properties":{"fid":341,"Name":"Haoush El-Oumara Muslim Cemetery","OBJECTID":218,"Governance":" ","URL":" ","GlobalID":"8bba5286-0321-4ea5-92a1-56c380a6d948","CreationDate":"2020-05-26T17:38:33.161","Creator":"alisaad@unhabitat","EditDate":"2023-03-28T11:03:54.889","Editor":"alisaad@unhabitat"}},
{"type":"Feature","geometry":{"type":"Point","coordinates":[35.90305470830157,33.83766500546204]},"properties":{"fid":342,"Name":"Mosque","OBJECTID":220,"Governance":"YES","URL":" ","GlobalID":"a42160b4-1e16-4fba-87c8-238a80407454","CreationDate":"2020-05-26T17:38:33.161","Creator":"alisaad@unhabitat","EditDate":"2023-03-28T11:03:54.889","Editor":"alisaad@unhabitat"}},
{"type":"Feature","geometry":{"type":"Point","coordinates":[35.90180382878612,33.84124373112141]},"properties":{"fid":343,"Name":"Lady of Zahle","OBJECTID":221,"Governance":"YES","URL":" ","GlobalID":"f15edd73-690a-4985-8685-696ed1b60dc5","CreationDate":"2020-05-26T17:38:33.161","Creator":"alisaad@unhabitat","EditDate":"2023-03-28T11:03:54.889","Editor":"alisaad@unhabitat"}},
{"type":"Feature","geometry":{"type":"Point","coordinates":[35.90560785383985,33.8411931704376]},"properties":{"fid":344,"Name":"Tal Chiha Hospital","OBJECTID":222,"Governance":"YES","URL":" ","GlobalID":"68cf4c58-6c4a-44a3-b02c-a81c30e0e867","CreationDate":"2020-05-26T17:38:33.161","Creator":"alisaad@unhabitat","EditDate":"2023-03-28T11:03:54.889","Editor":"alisaad@unhabitat"}},
{"type":"Feature","geometry":{"type":"Point","coordinates":[35.902413428929826,33.84229572420074]},"properties":{"fid":345,"Name":"Technical Institute of Zahle","OBJECTID":223,"Governance":"YES","URL":" ","GlobalID":"d9f2eb41-bff3-4866-a3b7-397c95e0630c","CreationDate":"2020-05-26T17:38:33.161","Creator":"alisaad@unhabitat","EditDate":"2023-03-28T11:03:54.889","Editor":"alisaad@unhabitat"}},
{"type":"Feature","geometry":{"type":"Point","coordinates":[35.90487196991269,33.842689874677184]},"properties":{"fid":346,"Name":"Joseph Tohme (Skaff Park)","OBJECTID":224,"Governance":" ","URL":" ","GlobalID":"85ff8a8e-718d-48b4-ba54-404bf7b4787f","CreationDate":"2020-05-26T17:38:33.161","Creator":"alisaad@unhabitat","EditDate":"2023-03-28T11:03:54.889","Editor":"alisaad@unhabitat"}},
{"type":"Feature","geometry":{"type":"Point","coordinates":[35.90688714256365,33.84294343314304]},"properties":{"fid":347,"Name":"Zahle Central Cemetery","OBJECTID":225,"Governance":" ","URL":" ","GlobalID":"139736ac-afcc-48bb-b00b-69a8c8ab0a04","CreationDate":"2020-05-26T17:38:33.161","Creator":"alisaad@unhabitat","EditDate":"2023-03-28T11:03:54.889","Editor":"alisaad@unhabitat"}},
{"type":"Feature","geometry":{"type":"Point","coordinates":[35.90958220408588,33.84237009367968]},"properties":{"fid":348,"Name":"Zahle Courthouse","OBJECTID":226,"Governance":" ","URL":" ","GlobalID":"d678f0dc-2253-4a9f-8599-363231e75b5c","CreationDate":"2020-05-26T17:38:33.161","Creator":"alisaad@unhabitat","EditDate":"2023-03-28T11:03:54.889","Editor":"alisaad@unhabitat"}},
{"type":"Feature","geometry":{"type":"Point","coordinates":[35.911998664706005,33.843114500480155]},"properties":{"fid":349,"Name":"Saint Joseph Sakhra Church Annex","OBJECTID":227,"Governance":"YES","URL":" ","GlobalID":"8ff4ab09-1e49-4fd8-85d8-535fef573994","CreationDate":"2020-05-26T17:38:33.161","Creator":"alisaad@unhabitat","EditDate":"2023-03-28T11:03:54.889","Editor":"alisaad@unhabitat"}},
{"type":"Feature","geometry":{"type":"Point","coordinates":[35.912281402610134,33.84289762100674]},"properties":{"fid":350,"Name":"Saint Joseph Sakhra Church","OBJECTID":228,"Governance":"YES","URL":" ","GlobalID":"4486b8e1-03e6-42e5-b8dc-c1c2ace3a4fd","CreationDate":"2020-05-26T17:38:33.161","Creator":"alisaad@unhabitat","EditDate":"2023-03-28T11:03:54.889","Editor":"alisaad@unhabitat"}},
{"type":"Feature","geometry":{"type":"Point","coordinates":[35.91274091408412,33.842694936503975]},"properties":{"fid":351,"Name":"Saint Joseph Sakhra School","OBJECTID":229,"Governance":"YES","URL":" ","GlobalID":"135d318e-c5ec-440a-9f0e-c5ac09a368c3","CreationDate":"2020-05-26T17:38:33.161","Creator":"alisaad@unhabitat","EditDate":"2023-03-28T11:03:54.889","Editor":"alisaad@unhabitat"}},
{"type":"Feature","geometry":{"type":"Point","coordinates":[35.91300895537237,33.84150404134043]},"properties":{"fid":352,"Name":"Prophet Elijah Church (Muallaqa)","OBJECTID":230,"Governance":"YES","URL":" ","GlobalID":"61116419-21d6-43cb-b784-57c4113caab1","CreationDate":"2020-05-26T17:38:33.161","Creator":"alisaad@unhabitat","EditDate":"2023-03-28T11:03:54.889","Editor":"alisaad@unhabitat"}},
{"type":"Feature","geometry":{"type":"Point","coordinates":[35.91325411398452,33.841524805561775]},"properties":{"fid":353,"Name":"Our Lady of Relief Church","OBJECTID":231,"Governance":"YES","URL":" ","GlobalID":"68bf2983-db1f-45e5-ba06-6e34bf6b8b38","CreationDate":"2020-05-26T17:38:33.161","Creator":"alisaad@unhabitat","EditDate":"2023-03-28T11:03:54.889","Editor":"alisaad@unhabitat"}},
{"type":"Feature","geometry":{"type":"Point","coordinates":[35.91415802027665,33.84190687975403]},"properties":{"fid":354,"Name":"Saint Georges Maronite Church (Muallaqa)","OBJECTID":232,"Governance":"YES","URL":" ","GlobalID":"2dc7caf8-d1f2-4877-b245-50ef70e068e4","CreationDate":"2020-05-26T17:38:33.161","Creator":"alisaad@unhabitat","EditDate":"2023-03-28T11:03:54.889","Editor":"alisaad@unhabitat"}},
{"type":"Feature","geometry":{"type":"Point","coordinates":[35.916340001068434,33.842922925842124]},"properties":{"fid":355,"Name":"New Muallaqa Mosque","OBJECTID":233,"Governance":"YES","URL":" ","GlobalID":"7649f70c-b5a2-48c3-a8c5-38cfc018d688","CreationDate":"2020-05-26T17:38:33.161","Creator":"alisaad@unhabitat","EditDate":"2023-03-28T11:03:54.889","Editor":"alisaad@unhabitat"}},
{"type":"Feature","geometry":{"type":"Point","coordinates":[35.91637272990179,33.84273765049262]},"properties":{"fid":356,"Name":"Evangelical Church (Muallaqa)","OBJECTID":234,"Governance":"YES","URL":" ","GlobalID":"0c6a652b-1aad-4cad-95ff-3135951d48fd","CreationDate":"2020-05-26T17:38:33.161","Creator":"alisaad@unhabitat","EditDate":"2023-03-28T11:03:54.889","Editor":"alisaad@unhabitat"}},
{"type":"Feature","geometry":{"type":"Point","coordinates":[35.91668064261718,33.84117075313477]},"properties":{"fid":357,"Name":"Elias El-Hrawi Public Hospital","OBJECTID":235,"Governance":"YES","URL":" ","GlobalID":"96861054-01fd-4b8a-b874-38b0dfc0cb44","CreationDate":"2020-05-26T17:38:33.161","Creator":"alisaad@unhabitat","EditDate":"2023-03-28T11:03:54.889","Editor":"alisaad@unhabitat"}},
{"type":"Feature","geometry":{"type":"Point","coordinates":[35.915228109585854,33.84033078394606]},"properties":{"fid":358,"Name":"Garda Hotel","OBJECTID":236,"Governance":" ","URL":" ","GlobalID":"7675941b-878e-4cfe-b058-93f59cec0ed9","CreationDate":"2020-05-26T17:38:33.161","Creator":"alisaad@unhabitat","EditDate":"2023-03-28T11:03:54.889","Editor":"alisaad@unhabitat"}},
{"type":"Feature","geometry":{"type":"Point","coordinates":[35.91317089865206,33.84039626476897]},"properties":{"fid":359,"Name":"Saint Anthony Orthodox Church","OBJECTID":237,"Governance":"YES","URL":" ","GlobalID":"e256df82-7995-4309-ada3-cb055782a0d4","CreationDate":"2020-05-26T17:38:33.161","Creator":"alisaad@unhabitat","EditDate":"2023-03-28T11:03:54.889","Editor":"alisaad@unhabitat"}},
{"type":"Feature","geometry":{"type":"Point","coordinates":[35.91287864159488,33.83935714712179]},"properties":{"fid":360,"Name":"Former Muallaqa Public Hospital (Police Station)","OBJECTID":238,"Governance":" ","URL":" ","GlobalID":"ead558b5-4a8e-4297-aa9d-7a2c56a3cbce","CreationDate":"2020-05-26T17:38:33.161","Creator":"alisaad@unhabitat","EditDate":"2023-03-28T11:03:54.889","Editor":"alisaad@unhabitat"}},
{"type":"Feature","geometry":{"type":"Point","coordinates":[35.91283374731946,33.83911706090427]},"properties":{"fid":361,"Name":"Muallaqa Sunni Mosque","OBJECTID":239,"Governance":"YES","URL":" ","GlobalID":"dfad5a74-de4c-474f-926c-1e7ff5b4a7f2","CreationDate":"2020-05-26T17:38:33.161","Creator":"alisaad@unhabitat","EditDate":"2023-03-28T11:03:54.889","Editor":"alisaad@unhabitat"}},
{"type":"Feature","geometry":{"type":"Point","coordinates":[35.912796583927516,33.83862449812816]},"properties":{"fid":362,"Name":"General Security Directorate","OBJECTID":240,"Governance":" ","URL":" ","GlobalID":"908997f7-c1e6-4a4d-8671-11e5ea576867","CreationDate":"2020-05-26T17:38:33.161","Creator":"alisaad@unhabitat","EditDate":"2023-03-28T11:03:54.889","Editor":"alisaad@unhabitat"}},
{"type":"Feature","geometry":{"type":"Point","coordinates":[35.91505262347986,33.836796774594816]},"properties":{"fid":363,"Name":"Notre Dame Syriac Orthodox Church","OBJECTID":241,"Governance":"YES","URL":" ","GlobalID":"e7ea89a1-b949-41eb-9108-fe42c01d19c3","CreationDate":"2020-05-26T17:38:33.161","Creator":"alisaad@unhabitat","EditDate":"2023-03-28T11:03:54.889","Editor":"alisaad@unhabitat"}},
{"type":"Feature","geometry":{"type":"Point","coordinates":[35.91046287949494,33.8360944376492]},"properties":{"fid":364,"Name":"Zahle Extreme Sports","OBJECTID":242,"Governance":" ","URL":" ","GlobalID":"b54987d2-3195-45a5-8762-67310e1c4170","CreationDate":"2020-05-26T17:38:33.161","Creator":"alisaad@unhabitat","EditDate":"2023-03-28T11:03:54.889","Editor":"alisaad@unhabitat"}},
{"type":"Feature","geometry":{"type":"Point","coordinates":[35.912540883329605,33.833566456008555]},"properties":{"fid":365,"Name":"French Lebanese Hospital","OBJECTID":243,"Governance":"YES","URL":" ","GlobalID":"79f9392c-64c4-4eae-806c-0abb2a485cad","CreationDate":"2020-05-26T17:38:33.161","Creator":"alisaad@unhabitat","EditDate":"2023-03-28T11:03:54.889","Editor":"alisaad@unhabitat"}},
{"type":"Feature","geometry":{"type":"Point","coordinates":[35.904952775498614,33.83300871208041]},"properties":{"fid":366,"Name":"Stargate Zahle","OBJECTID":244,"Governance":" ","URL":" ","GlobalID":"e1f120a0-5e9b-4ed0-9c18-718e9d746611","CreationDate":"2020-05-26T17:38:33.161","Creator":"alisaad@unhabitat","EditDate":"2023-03-28T11:03:54.889","Editor":"alisaad@unhabitat"}},
{"type":"Feature","geometry":{"type":"Point","coordinates":[35.9038878991316,33.83439812415608]},"properties":{"fid":367,"Name":"Elias Hrawi Garden","OBJECTID":245,"Governance":" ","URL":" ","GlobalID":"435db834-8244-47ad-8546-3fc4fc2f0eca","CreationDate":"2020-05-26T17:38:33.161","Creator":"alisaad@unhabitat","EditDate":"2023-03-28T11:03:54.889","Editor":"alisaad@unhabitat"}},
{"type":"Feature","geometry":{"type":"Point","coordinates":[35.904107946152344,33.834934517090375]},"properties":{"fid":368,"Name":"Lebanese University - Faculty of Science - 4th Branch","OBJECTID":246,"Governance":"YES","URL":" ","GlobalID":"911c0056-0023-434e-957f-1cc6a2bfdb97","CreationDate":"2020-05-26T17:38:33.161","Creator":"alisaad@unhabitat","EditDate":"2023-03-28T11:03:54.889","Editor":"alisaad@unhabitat"}},
{"type":"Feature","geometry":{"type":"Point","coordinates":[35.905926088899875,33.83612635807296]},"properties":{"fid":369,"Name":"Housseinieh El-Zahra'","OBJECTID":247,"Governance":"YES","URL":" ","GlobalID":"244bc330-ddcd-46a7-8ea9-eed3b609d650","CreationDate":"2020-05-26T17:38:33.161","Creator":"alisaad@unhabitat","EditDate":"2023-03-28T11:03:54.889","Editor":"alisaad@unhabitat"}},
{"type":"Feature","geometry":{"type":"Point","coordinates":[35.90649151147862,33.836587642020696]},"properties":{"fid":370,"Name":"Haoush El-Oumara Secondary Public School","OBJECTID":248,"Governance":"YES","URL":" ","GlobalID":"849ef997-071f-45b0-b738-eae064e385c2","CreationDate":"2020-05-26T17:38:33.161","Creator":"alisaad@unhabitat","EditDate":"2023-03-28T11:03:54.889","Editor":"alisaad@unhabitat"}},
{"type":"Feature","geometry":{"type":"Point","coordinates":[35.90905521060782,33.836473205418194]},"properties":{"fid":371,"Name":"American Lebanese Language Center (ALLC)","OBJECTID":249,"Governance":"YES","URL":" ","GlobalID":"5be3dba2-fec9-445c-ad20-dc1d9cf911ce","CreationDate":"2020-05-26T17:38:33.161","Creator":"alisaad@unhabitat","EditDate":"2023-03-28T11:03:54.889","Editor":"alisaad@unhabitat"}},
{"type":"Feature","geometry":{"type":"Point","coordinates":[35.90725882115529,33.836619788279954]},"properties":{"fid":372,"Name":"Nusroto Association","OBJECTID":250,"Governance":"YES","URL":" ","GlobalID":"ad692633-9412-4719-bd2e-f7b1a728347d","CreationDate":"2020-05-26T17:38:33.161","Creator":"alisaad@unhabitat","EditDate":"2023-03-28T11:03:54.889","Editor":"alisaad@unhabitat"}},
{"type":"Feature","geometry":{"type":"Point","coordinates":[35.907071631973196,33.8370324670766]},"properties":{"fid":373,"Name":"Saint Georges Church","OBJECTID":251,"Governance":"YES","URL":" ","GlobalID":"b61484a2-6f18-4b12-8445-92ece01feb8d","CreationDate":"2020-05-26T17:38:33.161","Creator":"alisaad@unhabitat","EditDate":"2023-03-28T11:03:54.889","Editor":"alisaad@unhabitat"}},
{"type":"Feature","geometry":{"type":"Point","coordinates":[35.907531395635324,33.83735181863978]},"properties":{"fid":374,"Name":"Holy Family School for Maronites Sisters","OBJECTID":252,"Governance":" ","URL":" ","GlobalID":"9be63ee6-23e4-44e5-aa2c-248f3ab4f218","CreationDate":"2020-05-26T17:38:33.161","Creator":"alisaad@unhabitat","EditDate":"2023-03-28T11:03:54.889","Editor":"alisaad@unhabitat"}},
{"type":"Feature","geometry":{"type":"Point","coordinates":[35.90827682630768,33.83809510891206]},"properties":{"fid":375,"Name":"President Elias Hrawi Palace","OBJECTID":253,"Governance":" ","URL":" ","GlobalID":"8e546ee0-5f17-4278-bbf6-d6ccc739a321","CreationDate":"2020-05-26T17:38:33.161","Creator":"alisaad@unhabitat","EditDate":"2023-03-28T11:03:54.889","Editor":"alisaad@unhabitat"}},
{"type":"Feature","geometry":{"type":"Point","coordinates":[35.90847401518291,33.83736113198733]},"properties":{"fid":376,"Name":"Mar Elias Church","OBJECTID":254,"Governance":"YES","URL":" ","GlobalID":"20573971-871e-4e99-910d-5aa2a92c4ec8","CreationDate":"2020-05-26T17:38:33.161","Creator":"alisaad@unhabitat","EditDate":"2023-03-28T11:03:54.889","Editor":"alisaad@unhabitat"}},
{"type":"Feature","geometry":{"type":"Point","coordinates":[35.909084618599216,33.837869988472356]},"properties":{"fid":377,"Name":"Nadi El-Shabeb","OBJECTID":255,"Governance":" ","URL":" ","GlobalID":"202777af-d5c1-4e25-9ca9-c4bde6e5a4cd","CreationDate":"2020-05-26T17:38:33.161","Creator":"alisaad@unhabitat","EditDate":"2023-03-28T11:03:54.889","Editor":"alisaad@unhabitat"}},
{"type":"Feature","geometry":{"type":"Point","coordinates":[35.90887557153481,33.83774047241927]},"properties":{"fid":378,"Name":"Saint Joseph Church","OBJECTID":256,"Governance":"YES","URL":" ","GlobalID":"d84e7a4a-168a-4d0e-a605-46962c2cb7e9","CreationDate":"2020-05-26T17:38:33.161","Creator":"alisaad@unhabitat","EditDate":"2023-03-28T11:03:54.889","Editor":"alisaad@unhabitat"}},
{"type":"Feature","geometry":{"type":"Point","coordinates":[35.91079912059917,33.84042919417148]},"properties":{"fid":379,"Name":"Haoush El-Oumara Cemetery","OBJECTID":257,"Governance":" ","URL":" ","GlobalID":"22ba8724-f299-44a8-926f-24e501b08f5a","CreationDate":"2020-05-26T17:38:33.161","Creator":"alisaad@unhabitat","EditDate":"2023-03-28T11:03:54.889","Editor":"alisaad@unhabitat"}},
{"type":"Feature","geometry":{"type":"Point","coordinates":[35.914096765799535,33.84086923803534]},"properties":{"fid":380,"Name":"Saint Georges Catholic Church (Muallaqa)","OBJECTID":258,"Governance":"YES","URL":" ","GlobalID":"8c7266fc-58a6-408f-aa01-e215ab72538f","CreationDate":"2020-05-26T17:38:33.161","Creator":"alisaad@unhabitat","EditDate":"2023-03-28T11:03:54.889","Editor":"alisaad@unhabitat"}},
{"type":"Feature","geometry":{"type":"Point","coordinates":[35.499377550790264,33.87500555246601]},"properties":{"fid":381,"Name":"Mohamad Chamel School","OBJECTID":259,"Governance":"YES","URL":" ","GlobalID":"13855d5b-b384-409c-bcdb-e02708c79ed6","CreationDate":"2020-05-26T17:38:33.161","Creator":"alisaad@unhabitat","EditDate":"2023-03-28T11:03:54.889","Editor":"alisaad@unhabitat"}},
{"type":"Feature","geometry":{"type":"Point","coordinates":[35.50004826977672,33.87815539722497]},"properties":{"fid":382,"Name":"Jamal Abdul Nasser Mosque","OBJECTID":260,"Governance":"YES","URL":" ","GlobalID":"4a9cb75f-c121-449e-b03d-85e636053082","CreationDate":"2020-05-26T17:38:33.161","Creator":"alisaad@unhabitat","EditDate":"2023-03-28T11:03:54.889","Editor":"alisaad@unhabitat"}},
{"type":"Feature","geometry":{"type":"Point","coordinates":[35.50158853878767,33.87813281304225]},"properties":{"fid":383,"Name":"Corniche El-Mazraa (Saeb Slam)","OBJECTID":261,"Governance":" ","URL":" ","GlobalID":"db514835-f9d4-4201-a160-36cfd0f20254","CreationDate":"2020-05-26T17:38:33.161","Creator":"alisaad@unhabitat","EditDate":"2023-03-28T11:03:54.889","Editor":"alisaad@unhabitat"}},
{"type":"Feature","geometry":{"type":"Point","coordinates":[35.49922335017228,33.87810523608848]},"properties":{"fid":384,"Name":"El-Sheikh Abdallah El-Alayli High School","OBJECTID":262,"Governance":"YES","URL":" ","GlobalID":"fb8b6b14-8562-4bfa-9666-3ca7f8087171","CreationDate":"2020-05-26T17:38:33.161","Creator":"alisaad@unhabitat","EditDate":"2023-03-28T11:03:54.889","Editor":"alisaad@unhabitat"}},
{"type":"Feature","geometry":{"type":"Point","coordinates":[35.50004022760473,33.87793132892517]},"properties":{"fid":385,"Name":"Al-Mourabitoun main centre","OBJECTID":263,"Governance":" ","URL":" ","GlobalID":"968e3c66-e912-43dc-adfa-5e01a3ad138a","CreationDate":"2020-05-26T17:38:33.161","Creator":"alisaad@unhabitat","EditDate":"2023-03-28T11:03:54.889","Editor":"alisaad@unhabitat"}},
{"type":"Feature","geometry":{"type":"Point","coordinates":[35.50235898290817,33.87533852199466]},"properties":{"fid":386,"Name":"Makassed Hospital parking lot","OBJECTID":264,"Governance":" ","URL":" ","GlobalID":"87d967e5-4699-441d-946b-52f157550cfe","CreationDate":"2020-05-26T17:38:33.161","Creator":"alisaad@unhabitat","EditDate":"2023-03-28T11:03:54.889","Editor":"alisaad@unhabitat"}},
{"type":"Feature","geometry":{"type":"Point","coordinates":[35.503724933802886,33.87545160945147]},"properties":{"fid":387,"Name":"Makassed Hospital","OBJECTID":265,"Governance":"YES","URL":" ","GlobalID":"fb621b49-0429-43c8-90c2-b4295189949e","CreationDate":"2020-05-26T17:38:33.161","Creator":"alisaad@unhabitat","EditDate":"2023-03-28T11:03:54.889","Editor":"alisaad@unhabitat"}},
{"type":"Feature","geometry":{"type":"Point","coordinates":[35.502802413388316,33.87608393420279]},"properties":{"fid":388,"Name":"The Social Welfare Institution","OBJECTID":266,"Governance":" ","URL":" ","GlobalID":"98701e65-164f-4d2d-a09a-5d868aaa35d8","CreationDate":"2020-05-26T17:38:33.161","Creator":"alisaad@unhabitat","EditDate":"2023-03-28T11:03:54.889","Editor":"alisaad@unhabitat"}},
{"type":"Feature","geometry":{"type":"Point","coordinates":[35.49864381372366,33.874698231248345]},"properties":{"fid":389,"Name":"Beirut Municipal Stadium","OBJECTID":267,"Governance":" ","URL":" ","GlobalID":"1829c6e5-fcbd-4869-9b67-16e6879b5d96","CreationDate":"2020-05-26T17:38:33.161","Creator":"alisaad@unhabitat","EditDate":"2023-03-28T11:03:54.889","Editor":"alisaad@unhabitat"}},
{"type":"Feature","geometry":{"type":"Point","coordinates":[35.49829537802054,33.87532145202232]},"properties":{"fid":390,"Name":"Fire Department","OBJECTID":268,"Governance":" ","URL":" ","GlobalID":"9de2855a-cf93-436c-8224-5a55c365a173","CreationDate":"2020-05-26T17:38:33.161","Creator":"alisaad@unhabitat","EditDate":"2023-03-28T11:03:54.889","Editor":"alisaad@unhabitat"}},
{"type":"Feature","geometry":{"type":"Point","coordinates":[35.937365505972124,34.470101940091595]},"properties":{"fid":391,"Name":"National College–Minieh","OBJECTID":269,"Governance":"YES","URL":" ","GlobalID":"72acb160-f547-4fc0-9ec6-2e97faa95137","CreationDate":"2020-05-26T17:38:33.161","Creator":"alisaad@unhabitat","EditDate":"2023-03-28T11:03:54.889","Editor":"alisaad@unhabitat"}},
{"type":"Feature","geometry":{"type":"Point","coordinates":[35.93480164269599,34.4668793008833]},"properties":{"fid":392,"Name":"Mosque","OBJECTID":270,"Governance":"YES","URL":" ","GlobalID":"c6b403ee-3576-4261-9227-3e1fdd500224","CreationDate":"2020-05-26T17:38:33.161","Creator":"alisaad@unhabitat","EditDate":"2023-03-28T11:03:54.889","Editor":"alisaad@unhabitat"}},
{"type":"Feature","geometry":{"type":"Point","coordinates":[35.93465403331187,34.46716177922356]},"properties":{"fid":393,"Name":"Islamic Minieh School","OBJECTID":271,"Governance":"YES","URL":" ","GlobalID":"59323a33-b080-4828-9243-8aba7b79bb91","CreationDate":"2020-05-26T17:38:33.161","Creator":"alisaad@unhabitat","EditDate":"2023-03-28T11:03:54.889","Editor":"alisaad@unhabitat"}},
{"type":"Feature","geometry":{"type":"Point","coordinates":[35.93694696108997,34.46898742274026]},"properties":{"fid":394,"Name":"School","OBJECTID":272,"Governance":"YES","URL":" ","GlobalID":"ed6197d4-9ae3-4e21-94fd-9a2636fc0f0d","CreationDate":"2020-05-26T17:38:33.161","Creator":"alisaad@unhabitat","EditDate":"2023-03-28T11:03:54.889","Editor":"alisaad@unhabitat"}},
{"type":"Feature","geometry":{"type":"Point","coordinates":[36.20652058125665,33.9966769327667]},"properties":{"fid":395,"Name":"Main Syrian military base in Lebanon","OBJECTID":273,"Governance":" ","URL":" ","GlobalID":"367c937d-2b6d-4edb-ac1a-90bd96e00455","CreationDate":"2020-05-26T17:38:33.161","Creator":"alisaad@unhabitat","EditDate":"2023-03-28T11:03:54.889","Editor":"alisaad@unhabitat"}},
{"type":"Feature","geometry":{"type":"Point","coordinates":[36.20525249316501,34.00648595965073]},"properties":{"fid":396,"Name":"Archaeological site","OBJECTID":274,"Governance":" ","URL":" ","GlobalID":"58fe199b-9e4b-419a-9bad-bca75b05dcf6","CreationDate":"2020-05-26T17:38:33.161","Creator":"alisaad@unhabitat","EditDate":"2023-03-28T11:03:54.889","Editor":"alisaad@unhabitat"}},
{"type":"Feature","geometry":{"type":"Point","coordinates":[36.203967494483486,34.01015348108005]},"properties":{"fid":397,"Name":"Thakanet Gourou","OBJECTID":275,"Governance":" ","URL":" ","GlobalID":"cf686f8d-e668-4493-8b31-1da7cf271b8c","CreationDate":"2020-05-26T17:38:33.161","Creator":"alisaad@unhabitat","EditDate":"2023-03-28T11:03:54.889","Editor":"alisaad@unhabitat"}},
{"type":"Feature","geometry":{"type":"Point","coordinates":[36.205370928572364,34.010935019803256]},"properties":{"fid":398,"Name":"Al Tatari Place","OBJECTID":276,"Governance":" ","URL":" ","GlobalID":"813a17b2-9def-42a9-a8d0-9874d5bbbdd1","CreationDate":"2020-05-26T17:38:33.161","Creator":"alisaad@unhabitat","EditDate":"2023-03-28T11:03:54.889","Editor":"alisaad@unhabitat"}},
{"type":"Feature","geometry":{"type":"Point","coordinates":[36.21368535770795,33.999028214565676]},"properties":{"fid":399,"Name":"Governmental Hospital","OBJECTID":277,"Governance":"YES","URL":" ","GlobalID":"a316c104-6d18-4c9b-8f51-c6b1c0d5b98d","CreationDate":"2020-05-26T17:38:33.161","Creator":"alisaad@unhabitat","EditDate":"2023-03-28T11:03:54.889","Editor":"alisaad@unhabitat"}},
{"type":"Feature","geometry":{"type":"Point","coordinates":[36.21595666066894,33.999056358463825]},"properties":{"fid":400,"Name":"Dar Al Moallimine","OBJECTID":278,"Governance":" ","URL":" ","GlobalID":"4094d34d-26d3-4fcd-b2ca-eb7c61dd0f74","CreationDate":"2020-05-26T17:38:33.161","Creator":"alisaad@unhabitat","EditDate":"2023-03-28T11:03:54.889","Editor":"alisaad@unhabitat"}},
{"type":"Feature","geometry":{"type":"Point","coordinates":[36.21563338983344,34.00050827864043]},"properties":{"fid":401,"Name":"Marjat Ras El-Ein","OBJECTID":280,"Governance":" ","URL":" ","GlobalID":"917fec81-5824-42d4-bb56-6823aaf1a1df","CreationDate":"2020-05-26T17:38:33.161","Creator":"alisaad@unhabitat","EditDate":"2023-03-28T11:03:54.889","Editor":"alisaad@unhabitat"}},
{"type":"Feature","geometry":{"type":"Point","coordinates":[36.216002198040606,34.00385247510896]},"properties":{"fid":402,"Name":"Martyrs Cemetery","OBJECTID":281,"Governance":" ","URL":" ","GlobalID":"ded4268b-5e3a-47d8-8809-a42ce9a7d52e","CreationDate":"2020-05-26T17:38:33.161","Creator":"alisaad@unhabitat","EditDate":"2023-03-28T11:03:54.889","Editor":"alisaad@unhabitat"}},
{"type":"Feature","geometry":{"type":"Point","coordinates":[36.21181882740095,34.00464729213519]},"properties":{"fid":403,"Name":"Yaghi Square","OBJECTID":282,"Governance":" ","URL":" ","GlobalID":"d2e31a00-2a03-48be-a797-d399372f937d","CreationDate":"2020-05-26T17:38:33.161","Creator":"alisaad@unhabitat","EditDate":"2023-03-28T11:03:54.889","Editor":"alisaad@unhabitat"}},
{"type":"Feature","geometry":{"type":"Point","coordinates":[36.20999246852701,34.006164532738666]},"properties":{"fid":404,"Name":"El-Mortada Square","OBJECTID":283,"Governance":" ","URL":" ","GlobalID":"315f4b26-9f59-4c9b-b750-d777d7084796","CreationDate":"2020-05-26T17:38:33.161","Creator":"alisaad@unhabitat","EditDate":"2023-03-28T11:03:54.889","Editor":"alisaad@unhabitat"}},
{"type":"Feature","geometry":{"type":"Point","coordinates":[36.20848113794469,34.00775852333252]},"properties":{"fid":405,"Name":"Nasser Square","OBJECTID":284,"Governance":" ","URL":" ","GlobalID":"fca5963a-5279-4558-909b-45da5492bd95","CreationDate":"2020-05-26T17:38:33.161","Creator":"alisaad@unhabitat","EditDate":"2023-03-28T11:03:54.889","Editor":"alisaad@unhabitat"}},
{"type":"Feature","geometry":{"type":"Point","coordinates":[36.20760165656753,34.00609279003363]},"properties":{"fid":406,"Name":"Municipality building","OBJECTID":285,"Governance":" ","URL":" ","GlobalID":"c3d4cb4f-7372-4626-a307-5f75e816c626","CreationDate":"2020-05-26T17:38:33.161","Creator":"alisaad@unhabitat","EditDate":"2023-03-28T11:03:54.889","Editor":"alisaad@unhabitat"}},
{"type":"Feature","geometry":{"type":"Point","coordinates":[36.20916602630151,34.00549998732646]},"properties":{"fid":407,"Name":"El-Saray Square","OBJECTID":286,"Governance":" ","URL":" ","GlobalID":"e16de49d-476e-4a7e-93fa-7162b13fc7f2","CreationDate":"2020-05-26T17:38:33.161","Creator":"alisaad@unhabitat","EditDate":"2023-03-28T11:03:54.889","Editor":"alisaad@unhabitat"}},
{"type":"Feature","geometry":{"type":"Point","coordinates":[36.20809469963266,34.00508571800802]},"properties":{"fid":408,"Name":"El-Ajami","OBJECTID":287,"Governance":" ","URL":" ","GlobalID":"49df5731-98b5-4bc1-9a5f-01885f91abc0","CreationDate":"2020-05-26T17:38:33.161","Creator":"alisaad@unhabitat","EditDate":"2023-03-28T11:03:54.889","Editor":"alisaad@unhabitat"}},
{"type":"Feature","geometry":{"type":"Point","coordinates":[36.20703027262805,34.004423900522845]},"properties":{"fid":409,"Name":"Old souk","OBJECTID":288,"Governance":" ","URL":" ","GlobalID":"2e953c95-b7a7-4685-a22c-60a90ab2fb84","CreationDate":"2020-05-26T17:38:33.161","Creator":"alisaad@unhabitat","EditDate":"2023-03-28T11:03:54.889","Editor":"alisaad@unhabitat"}},
{"type":"Feature","geometry":{"type":"Point","coordinates":[36.207502608183894,34.00542550274882]},"properties":{"fid":410,"Name":"Husseiniyyeh","OBJECTID":289,"Governance":"YES","URL":" ","GlobalID":"6840f68d-aab4-4dcb-999e-4f2333d3854e","CreationDate":"2020-05-26T17:38:33.161","Creator":"alisaad@unhabitat","EditDate":"2023-03-28T11:03:54.889","Editor":"alisaad@unhabitat"}},
{"type":"Feature","geometry":{"type":"Point","coordinates":[36.20530832810208,34.00441524950326]},"properties":{"fid":411,"Name":"Al Moutran Square","OBJECTID":290,"Governance":" ","URL":" ","GlobalID":"3766abf6-cc10-42bf-8a8a-f194efbff7c2","CreationDate":"2020-05-26T17:38:33.161","Creator":"alisaad@unhabitat","EditDate":"2023-03-28T11:03:54.889","Editor":"alisaad@unhabitat"}},
{"type":"Feature","geometry":{"type":"Point","coordinates":[36.20461320483509,34.00340845693843]},"properties":{"fid":412,"Name":"Hotel Palmera","OBJECTID":291,"Governance":" ","URL":" ","GlobalID":"29efc77d-42e7-4045-a45e-9e243ae131af","CreationDate":"2020-05-26T17:38:33.161","Creator":"alisaad@unhabitat","EditDate":"2023-03-28T11:03:54.889","Editor":"alisaad@unhabitat"}},
{"type":"Feature","geometry":{"type":"Point","coordinates":[36.19940930159483,33.999808431405285]},"properties":{"fid":413,"Name":"Banque du Liban","OBJECTID":292,"Governance":" ","URL":" ","GlobalID":"7a79e10e-3165-4703-a34c-43371d4e7326","CreationDate":"2020-05-26T17:38:33.161","Creator":"alisaad@unhabitat","EditDate":"2023-03-28T11:03:54.889","Editor":"alisaad@unhabitat"}},
{"type":"Feature","geometry":{"type":"Point","coordinates":[36.20047187006708,34.000837790243914]},"properties":{"fid":414,"Name":"El-Sayyida Khawla","OBJECTID":293,"Governance":" ","URL":" ","GlobalID":"32b31eb1-7aa7-4af9-a0b3-9862cc0aa676","CreationDate":"2020-05-26T17:38:33.161","Creator":"alisaad@unhabitat","EditDate":"2023-03-28T11:03:54.889","Editor":"alisaad@unhabitat"}},
{"type":"Feature","geometry":{"type":"Point","coordinates":[36.20729230104532,34.006974546407356]},"properties":{"fid":415,"Name":"El-Waleed Amawi Mosque","OBJECTID":294,"Governance":"YES","URL":" ","GlobalID":"5ccb7be8-12e0-4dfc-806e-c290117761f6","CreationDate":"2020-05-26T17:38:33.161","Creator":"alisaad@unhabitat","EditDate":"2023-03-28T11:03:54.889","Editor":"alisaad@unhabitat"}},
{"type":"Feature","geometry":{"type":"Point","coordinates":[36.20951833349862,34.005196241841695]},"properties":{"fid":416,"Name":"Baalbak Police Station","OBJECTID":295,"Governance":" ","URL":" ","GlobalID":"36f92abd-dc4e-4fed-9de8-f19be791be3c","CreationDate":"2020-05-26T17:38:33.161","Creator":"alisaad@unhabitat","EditDate":"2023-03-28T11:03:54.889","Editor":"alisaad@unhabitat"}},
{"type":"Feature","geometry":{"type":"Point","coordinates":[36.20498752601995,34.00505078151178]},"properties":{"fid":417,"Name":"Saydet El-Maounet Church","OBJECTID":296,"Governance":"YES","URL":" ","GlobalID":"35203980-e18d-426b-afed-f880f52e2ddb","CreationDate":"2020-05-26T17:38:33.161","Creator":"alisaad@unhabitat","EditDate":"2023-03-28T11:03:54.889","Editor":"alisaad@unhabitat"}},
{"type":"Feature","geometry":{"type":"Point","coordinates":[36.2052636422,34.00394024985041]},"properties":{"fid":418,"Name":"BSL Bank","OBJECTID":297,"Governance":" ","URL":" ","GlobalID":"63fadc75-fed0-4c74-b0cf-8259c3c265e7","CreationDate":"2020-05-26T17:38:33.161","Creator":"alisaad@unhabitat","EditDate":"2023-03-28T11:03:54.889","Editor":"alisaad@unhabitat"}},
{"type":"Feature","geometry":{"type":"Point","coordinates":[36.20306475861025,34.00212308966257]},"properties":{"fid":419,"Name":"BBAC Bank","OBJECTID":298,"Governance":" ","URL":" ","GlobalID":"911ddc05-fdaf-4d76-bfbd-b1c7581a3378","CreationDate":"2020-05-26T17:38:33.161","Creator":"alisaad@unhabitat","EditDate":"2023-03-28T11:03:54.889","Editor":"alisaad@unhabitat"}},
{"type":"Feature","geometry":{"type":"Point","coordinates":[36.22982454338772,33.99315516716664]},"properties":{"fid":420,"Name":"Special Olympic Center Baalbek, Lebanon","OBJECTID":299,"Governance":" ","URL":" ","GlobalID":"f60e1e07-d1be-4759-86ed-76f62d2ad659","CreationDate":"2020-05-26T17:38:33.161","Creator":"alisaad@unhabitat","EditDate":"2023-03-28T11:03:54.889","Editor":"alisaad@unhabitat"}},
{"type":"Feature","geometry":{"type":"Point","coordinates":[36.21236842811757,34.01721199511214]},"properties":{"fid":421,"Name":"El-Imam El-Shafii Mosque","OBJECTID":300,"Governance":"YES","URL":" ","GlobalID":"1b60833a-25b3-48bc-8062-5bc7e52bcdef","CreationDate":"2020-05-26T17:38:33.161","Creator":"alisaad@unhabitat","EditDate":"2023-03-28T11:03:54.889","Editor":"alisaad@unhabitat"}},
{"type":"Feature","geometry":{"type":"Point","coordinates":[36.21815043814434,33.99808070326424]},"properties":{"fid":422,"Name":"Kanaan Group Hotel","OBJECTID":301,"Governance":" ","URL":" ","GlobalID":"016ce88f-3d9d-478b-86de-0feb2872d37d","CreationDate":"2020-05-26T17:38:33.161","Creator":"alisaad@unhabitat","EditDate":"2023-03-28T11:03:54.889","Editor":"alisaad@unhabitat"}},
{"type":"Feature","geometry":{"type":"Point","coordinates":[36.219284826868034,34.000702241662516]},"properties":{"fid":423,"Name":"Hotel Khawam Baalbek","OBJECTID":302,"Governance":" ","URL":" ","GlobalID":"07bd5aee-3859-400d-afbf-b4cc3c214fd5","CreationDate":"2020-05-26T17:38:33.161","Creator":"alisaad@unhabitat","EditDate":"2023-03-28T11:03:54.889","Editor":"alisaad@unhabitat"}},
{"type":"Feature","geometry":{"type":"Point","coordinates":[36.20394923585757,34.00615320707978]},"properties":{"fid":424,"Name":"Bacchus Temple","OBJECTID":303,"Governance":" ","URL":" ","GlobalID":"0ff12027-bc71-4218-9780-3fcfa488e6e2","CreationDate":"2020-05-26T17:38:33.161","Creator":"alisaad@unhabitat","EditDate":"2023-03-28T11:03:54.889","Editor":"alisaad@unhabitat"}},
{"type":"Feature","geometry":{"type":"Point","coordinates":[36.2035765130298,34.0068942652439]},"properties":{"fid":425,"Name":"Jupiter Temple","OBJECTID":304,"Governance":" ","URL":" ","GlobalID":"c22cd6ea-4651-4fdc-8dd5-ec6343fe34cf","CreationDate":"2020-05-26T17:38:33.161","Creator":"alisaad@unhabitat","EditDate":"2023-03-28T11:03:54.889","Editor":"alisaad@unhabitat"}},
{"type":"Feature","geometry":{"type":"Point","coordinates":[36.20450569028912,34.00712052566568]},"properties":{"fid":426,"Name":"Baalbek Roman ruins","OBJECTID":305,"Governance":" ","URL":" ","GlobalID":"bd4f9aff-7479-4dd1-961a-c7d899e7ff53","CreationDate":"2020-05-26T17:38:33.161","Creator":"alisaad@unhabitat","EditDate":"2023-03-28T11:03:54.889","Editor":"alisaad@unhabitat"}},
{"type":"Feature","geometry":{"type":"Point","coordinates":[36.20531252884771,34.0074047047419]},"properties":{"fid":427,"Name":"Propylaea","OBJECTID":306,"Governance":" ","URL":" ","GlobalID":"1d00ad34-f00c-4472-902b-01cb9b5d6f02","CreationDate":"2020-05-26T17:38:33.161","Creator":"alisaad@unhabitat","EditDate":"2023-03-28T11:03:54.889","Editor":"alisaad@unhabitat"}},
{"type":"Feature","geometry":{"type":"Point","coordinates":[36.21092997809928,34.00266365889064]},"properties":{"fid":428,"Name":"Al Moustafa Mosque","OBJECTID":307,"Governance":"YES","URL":" ","GlobalID":"f3f22d26-87ff-48f0-a946-2a2ce25d1c01","CreationDate":"2020-05-26T17:38:33.161","Creator":"alisaad@unhabitat","EditDate":"2023-03-28T11:03:54.889","Editor":"alisaad@unhabitat"}},
{"type":"Feature","geometry":{"type":"Point","coordinates":[36.210803051185565,34.002223633340904]},"properties":{"fid":429,"Name":"Sadirat Iran","OBJECTID":308,"Governance":" ","URL":" ","GlobalID":"d3bdfcee-e3d8-41c1-a88d-25598f01cd68","CreationDate":"2020-05-26T17:38:33.161","Creator":"alisaad@unhabitat","EditDate":"2023-03-28T11:03:54.889","Editor":"alisaad@unhabitat"}},
{"type":"Feature","geometry":{"type":"Point","coordinates":[36.211557000296835,34.00192901893766]},"properties":{"fid":430,"Name":"Fransabank","OBJECTID":309,"Governance":" ","URL":" ","GlobalID":"23657996-dc66-46da-975c-60c5d49c0460","CreationDate":"2020-05-26T17:38:33.161","Creator":"alisaad@unhabitat","EditDate":"2023-03-28T11:03:54.889","Editor":"alisaad@unhabitat"}},
{"type":"Feature","geometry":{"type":"Point","coordinates":[36.20291057091344,34.0040129536539]},"properties":{"fid":431,"Name":"Temple Museum","OBJECTID":310,"Governance":" ","URL":" ","GlobalID":"1af0b813-518e-4d22-8d93-7a0720872ab1","CreationDate":"2020-05-26T17:38:33.161","Creator":"alisaad@unhabitat","EditDate":"2023-03-28T11:03:54.889","Editor":"alisaad@unhabitat"}},
{"type":"Feature","geometry":{"type":"Point","coordinates":[36.21644979393748,34.00731567701587]},"properties":{"fid":432,"Name":"Mosque","OBJECTID":311,"Governance":"YES","URL":" ","GlobalID":"f3e19dc9-0927-4baf-87d9-a3ceb6e76dff","CreationDate":"2020-05-26T17:38:33.161","Creator":"alisaad@unhabitat","EditDate":"2023-03-28T11:03:54.889","Editor":"alisaad@unhabitat"}},
{"type":"Feature","geometry":{"type":"Point","coordinates":[36.213824738674695,34.01200964424884]},"properties":{"fid":433,"Name":"Baalbek Central Cemetery","OBJECTID":312,"Governance":" ","URL":" ","GlobalID":"1a3084c4-f0d6-4bd0-aa6a-6bca70a766d4","CreationDate":"2020-05-26T17:38:33.161","Creator":"alisaad@unhabitat","EditDate":"2023-03-28T11:03:54.889","Editor":"alisaad@unhabitat"}},
{"type":"Feature","geometry":{"type":"Point","coordinates":[36.21238687060208,34.01157444819127]},"properties":{"fid":434,"Name":"Al Makassed","OBJECTID":313,"Governance":" ","URL":" ","GlobalID":"166d977e-88e0-4193-9d16-46c3b849e6b7","CreationDate":"2020-05-26T17:38:33.161","Creator":"alisaad@unhabitat","EditDate":"2023-03-28T11:03:54.889","Editor":"alisaad@unhabitat"}},
{"type":"Feature","geometry":{"type":"Point","coordinates":[36.21272988350561,34.011790837753544]},"properties":{"fid":435,"Name":"Mosque","OBJECTID":314,"Governance":"YES","URL":" ","GlobalID":"d0232732-034b-4a2c-9764-2c61f09acb0c","CreationDate":"2020-05-26T17:38:33.161","Creator":"alisaad@unhabitat","EditDate":"2023-03-28T11:03:54.889","Editor":"alisaad@unhabitat"}},
{"type":"Feature","geometry":{"type":"Point","coordinates":[36.227806629279485,34.018751420226934]},"properties":{"fid":436,"Name":"Baalbek Stadium","OBJECTID":315,"Governance":" ","URL":" ","GlobalID":"f925f651-cb0b-455d-9a27-15a479f90bef","CreationDate":"2020-05-26T17:38:33.161","Creator":"alisaad@unhabitat","EditDate":"2023-03-28T11:03:54.889","Editor":"alisaad@unhabitat"}},
{"type":"Feature","geometry":{"type":"Point","coordinates":[36.23025072081823,34.01197545382705]},"properties":{"fid":437,"Name":"Lakkis Farms","OBJECTID":316,"Governance":" ","URL":" ","GlobalID":"6bed096a-eec2-4975-b874-c42042a2e098","CreationDate":"2020-05-26T17:38:33.161","Creator":"alisaad@unhabitat","EditDate":"2023-03-28T11:03:54.889","Editor":"alisaad@unhabitat"}},
{"type":"Feature","geometry":{"type":"Point","coordinates":[36.2124076539567,34.01771732882429]},"properties":{"fid":438,"Name":"El-Salah School","OBJECTID":317,"Governance":"YES","URL":" ","GlobalID":"5ec18062-d825-43b6-a77d-b838b4eabca2","CreationDate":"2020-05-26T17:38:33.161","Creator":"alisaad@unhabitat","EditDate":"2023-03-28T11:03:54.889","Editor":"alisaad@unhabitat"}},
{"type":"Feature","geometry":{"type":"Point","coordinates":[36.21364763045817,34.01091010016683]},"properties":{"fid":439,"Name":"Baalbek Cemetery","OBJECTID":318,"Governance":" ","URL":" ","GlobalID":"d5a973e4-20a2-4062-8cdc-8a3781b5deb3","CreationDate":"2020-05-26T17:38:33.161","Creator":"alisaad@unhabitat","EditDate":"2023-03-28T11:03:54.889","Editor":"alisaad@unhabitat"}},
{"type":"Feature","geometry":{"type":"Point","coordinates":[36.21607117425661,34.004616079045505]},"properties":{"fid":440,"Name":"Mosque","OBJECTID":319,"Governance":"YES","URL":" ","GlobalID":"c4e512a8-c5b4-4c6a-8c7d-1b986f602a5e","CreationDate":"2020-05-26T17:38:33.161","Creator":"alisaad@unhabitat","EditDate":"2023-03-28T11:03:54.889","Editor":"alisaad@unhabitat"}},
{"type":"Feature","geometry":{"type":"Point","coordinates":[36.22322734925046,34.017908155154515]},"properties":{"fid":441,"Name":"Mosque","OBJECTID":320,"Governance":"YES","URL":" ","GlobalID":"5d29040f-94fd-49c4-84e5-b0135c05f06a","CreationDate":"2020-05-26T17:38:33.161","Creator":"alisaad@unhabitat","EditDate":"2023-03-28T11:03:54.889","Editor":"alisaad@unhabitat"}},
{"type":"Feature","geometry":{"type":"Point","coordinates":[35.88560993393583,34.43200303078139]},"properties":{"fid":442,"Name":"El-Fouwar Mixed School","OBJECTID":321,"Governance":"YES","URL":" ","GlobalID":"8f8c5519-e9a0-432a-86e7-1b6f238cd871","CreationDate":"2020-05-26T17:38:33.161","Creator":"alisaad@unhabitat","EditDate":"2023-03-28T11:03:54.889","Editor":"alisaad@unhabitat"}},
{"type":"Feature","geometry":{"type":"Point","coordinates":[35.888383643176155,34.43258049701734]},"properties":{"fid":443,"Name":"Haret El-Fouwar Mosque","OBJECTID":322,"Governance":"YES","URL":" ","GlobalID":"fffa9c2c-3fd3-4d31-9b44-452735418099","CreationDate":"2020-05-26T17:38:33.161","Creator":"alisaad@unhabitat","EditDate":"2023-03-28T11:03:54.889","Editor":"alisaad@unhabitat"}},
{"type":"Feature","geometry":{"type":"Point","coordinates":[35.886892939734054,34.43170599043489]},"properties":{"fid":444,"Name":"Haret El-Fouwar Municipality","OBJECTID":323,"Governance":"YES","URL":" ","GlobalID":"9c86a078-734f-496d-891f-a7cc79fe61a8","CreationDate":"2020-05-26T17:38:33.161","Creator":"alisaad@unhabitat","EditDate":"2023-03-28T11:03:54.889","Editor":"alisaad@unhabitat"}},
{"type":"Feature","geometry":{"type":"Point","coordinates":[35.88369712861442,34.424743334140196]},"properties":{"fid":445,"Name":"Carmelites School–Mejdlaya","OBJECTID":324,"Governance":"YES","URL":" ","GlobalID":"6a78611a-3857-4e77-ba1f-4699a59ef4cb","CreationDate":"2020-05-26T17:38:33.161","Creator":"alisaad@unhabitat","EditDate":"2023-03-28T11:03:54.889","Editor":"alisaad@unhabitat"}},
{"type":"Feature","geometry":{"type":"Point","coordinates":[35.89892394400739,34.430170293132164]},"properties":{"fid":446,"Name":"Aalma Cemetery","OBJECTID":325,"Governance":" ","URL":" ","GlobalID":"7f4e0ec6-1e98-4413-bf65-d01303749a6a","CreationDate":"2020-05-26T17:38:33.161","Creator":"alisaad@unhabitat","EditDate":"2023-03-28T11:03:54.889","Editor":"alisaad@unhabitat"}},
{"type":"Feature","geometry":{"type":"Point","coordinates":[35.88070541250693,34.42876346782098]},"properties":{"fid":447,"Name":"Vehicle Registration Center – Tripoli","OBJECTID":326,"Governance":" ","URL":" ","GlobalID":"e8206c90-5912-4069-ac03-172a14d836a1","CreationDate":"2020-05-26T17:38:33.161","Creator":"alisaad@unhabitat","EditDate":"2023-03-28T11:03:54.889","Editor":"alisaad@unhabitat"}},
{"type":"Feature","geometry":{"type":"Point","coordinates":[35.88569501551046,34.435251412264485]},"properties":{"fid":448,"Name":"El-Fouwar Maronite School","OBJECTID":327,"Governance":"YES","URL":" ","GlobalID":"687c4958-0cb1-4124-ad9e-adaf2dd17b60","CreationDate":"2020-05-26T17:38:33.161","Creator":"alisaad@unhabitat","EditDate":"2023-03-28T11:03:54.889","Editor":"alisaad@unhabitat"}},
{"type":"Feature","geometry":{"type":"Point","coordinates":[35.87732986119259,34.43277239687961]},"properties":{"fid":449,"Name":"Mosque","OBJECTID":328,"Governance":"YES","URL":" ","GlobalID":"5c027a3d-81e9-4663-99d7-66c43e8e2797","CreationDate":"2020-05-26T17:38:33.161","Creator":"alisaad@unhabitat","EditDate":"2023-03-28T11:03:54.889","Editor":"alisaad@unhabitat"}},
{"type":"Feature","geometry":{"type":"Point","coordinates":[35.875514700814946,34.43762285846753]},"properties":{"fid":450,"Name":"El-Fajr School","OBJECTID":329,"Governance":"YES","URL":" ","GlobalID":"f2325bb0-d2e8-48d7-95b4-f6116a7720aa","CreationDate":"2020-05-26T17:38:33.161","Creator":"alisaad@unhabitat","EditDate":"2023-03-28T11:03:54.889","Editor":"alisaad@unhabitat"}},
{"type":"Feature","geometry":{"type":"Point","coordinates":[35.87230656894354,34.4396956965323]},"properties":{"fid":451,"Name":"Al-Nour Islamic School","OBJECTID":330,"Governance":"YES","URL":" ","GlobalID":"1e9bc5d4-1045-4c8a-a5c8-83fc0da5352f","CreationDate":"2020-05-26T17:38:33.161","Creator":"alisaad@unhabitat","EditDate":"2023-03-28T11:03:54.889","Editor":"alisaad@unhabitat"}},
{"type":"Feature","geometry":{"type":"Point","coordinates":[35.87216481995815,34.42368324790351]},"properties":{"fid":452,"Name":"Sports court (Majliyeh)","OBJECTID":331,"Governance":" ","URL":" ","GlobalID":"24f71dd9-aa30-44bd-9f9a-a6fcfd4e7112","CreationDate":"2020-05-26T17:38:33.161","Creator":"alisaad@unhabitat","EditDate":"2023-03-28T11:03:54.889","Editor":"alisaad@unhabitat"}},
{"type":"Feature","geometry":{"type":"Point","coordinates":[35.898155590235106,34.427343732291675]},"properties":{"fid":453,"Name":"Saint John Church Aalma","OBJECTID":332,"Governance":" ","URL":" ","GlobalID":"33d8d452-198a-4321-ac0e-c324b44fd6a1","CreationDate":"2020-05-26T17:38:33.161","Creator":"alisaad@unhabitat","EditDate":"2023-03-28T11:03:54.889","Editor":"alisaad@unhabitat"}},
{"type":"Feature","geometry":{"type":"Point","coordinates":[35.49878699478949,33.86812833173458]},"properties":{"fid":454,"Name":"Islamic Elderly Hospital","OBJECTID":333,"Governance":"YES","URL":" ","GlobalID":"6e5a0bbb-cc6d-4bcd-b721-35a04698cc53","CreationDate":"2020-05-26T17:38:33.161","Creator":"alisaad@unhabitat","EditDate":"2023-03-28T11:03:54.889","Editor":"alisaad@unhabitat"}},
{"type":"Feature","geometry":{"type":"Point","coordinates":[35.496801386380824,33.867699815965835]},"properties":{"fid":455,"Name":"Camille Chamoun Sports City Stadium","OBJECTID":334,"Governance":" ","URL":" ","GlobalID":"0eca8a6f-7b04-41bf-83cf-3f7a8d93580c","CreationDate":"2020-05-26T17:38:33.161","Creator":"alisaad@unhabitat","EditDate":"2023-03-28T11:03:54.889","Editor":"alisaad@unhabitat"}},
{"type":"Feature","geometry":{"type":"Point","coordinates":[35.5019185243057,33.87013732350032]},"properties":{"fid":456,"Name":"Omar Hamad Public School","OBJECTID":335,"Governance":"YES","URL":" ","GlobalID":"b9133a67-7b23-40d1-b198-bb44046c84ba","CreationDate":"2020-05-26T17:38:33.161","Creator":"alisaad@unhabitat","EditDate":"2023-03-28T11:03:54.889","Editor":"alisaad@unhabitat"}},
{"type":"Feature","geometry":{"type":"Point","coordinates":[35.502736094394926,33.8687060120338]},"properties":{"fid":457,"Name":"Jalloul Football Field","OBJECTID":336,"Governance":" ","URL":" ","GlobalID":"f78335ce-c7bd-45a0-8dbc-e72c015e3a14","CreationDate":"2020-05-26T17:38:33.161","Creator":"alisaad@unhabitat","EditDate":"2023-03-28T11:03:54.889","Editor":"alisaad@unhabitat"}},
{"type":"Feature","geometry":{"type":"Point","coordinates":[35.50287368833094,33.86979606830438]},"properties":{"fid":458,"Name":"Sabra Cooperative","OBJECTID":337,"Governance":"YES","URL":" ","GlobalID":"10988881-4a6c-464e-8e52-a288dbaa4b8b","CreationDate":"2020-05-26T17:38:33.161","Creator":"alisaad@unhabitat","EditDate":"2023-03-28T11:03:54.889","Editor":"alisaad@unhabitat"}},
{"type":"Feature","geometry":{"type":"Point","coordinates":[35.501991524061715,33.870511285688316]},"properties":{"fid":459,"Name":"El-Dana Station","OBJECTID":338,"Governance":" ","URL":" ","GlobalID":"be29bb56-04b3-4d6e-81af-78c74087157a","CreationDate":"2020-05-26T17:38:33.161","Creator":"alisaad@unhabitat","EditDate":"2023-03-28T11:03:54.889","Editor":"alisaad@unhabitat"}},
{"type":"Feature","geometry":{"type":"Point","coordinates":[35.50123164459935,33.87082164062738]},"properties":{"fid":460,"Name":"Tarik El-Jdideh Police","OBJECTID":339,"Governance":" ","URL":" ","GlobalID":"00d22790-4d4f-48ad-ae59-17f85b0a6e51","CreationDate":"2020-05-26T17:38:33.161","Creator":"alisaad@unhabitat","EditDate":"2023-03-28T11:03:54.889","Editor":"alisaad@unhabitat"}},
{"type":"Feature","geometry":{"type":"Point","coordinates":[35.50067835364653,33.868466655656995]},"properties":{"fid":461,"Name":"Sabra Street","OBJECTID":340,"Governance":" ","URL":" ","GlobalID":"0992c22b-3111-4299-b307-9e9ba570d9ef","CreationDate":"2020-05-26T17:38:33.161","Creator":"alisaad@unhabitat","EditDate":"2023-03-28T11:03:54.889","Editor":"alisaad@unhabitat"}},
{"type":"Feature","geometry":{"type":"Point","coordinates":[35.49798418654604,33.870679470233675]},"properties":{"fid":462,"Name":"Garage Darwiche","OBJECTID":341,"Governance":" ","URL":" ","GlobalID":"eecbc79d-3384-4fde-94ac-0a3ea932f913","CreationDate":"2020-05-26T17:38:33.161","Creator":"alisaad@unhabitat","EditDate":"2023-03-28T11:03:54.889","Editor":"alisaad@unhabitat"}},
{"type":"Feature","geometry":{"type":"Point","coordinates":[35.49661837188466,33.86945951547741]},"properties":{"fid":463,"Name":"Abdel Rahman El-Hout Street","OBJECTID":342,"Governance":" ","URL":" ","GlobalID":"3d538869-897e-40ef-ac0e-ed7fb0decde7","CreationDate":"2020-05-26T17:38:33.161","Creator":"alisaad@unhabitat","EditDate":"2023-03-28T11:03:54.889","Editor":"alisaad@unhabitat"}},
{"type":"Feature","geometry":{"type":"Point","coordinates":[35.499097778582396,33.869512235843466]},"properties":{"fid":464,"Name":"Abu Sahl Street","OBJECTID":343,"Governance":" ","URL":" ","GlobalID":"6b1ccab6-29d3-4010-b3f8-ac26406ab0ac","CreationDate":"2020-05-26T17:38:33.161","Creator":"alisaad@unhabitat","EditDate":"2023-03-28T11:03:54.889","Editor":"alisaad@unhabitat"}},
{"type":"Feature","geometry":{"type":"Point","coordinates":[35.49967348975194,33.870015526623895]},"properties":{"fid":465,"Name":"Hittine Street","OBJECTID":344,"Governance":" ","URL":" ","GlobalID":"6e9fa652-3986-41da-8349-baa77c989b1c","CreationDate":"2020-05-26T17:38:33.161","Creator":"alisaad@unhabitat","EditDate":"2023-03-28T11:03:54.889","Editor":"alisaad@unhabitat"}},
{"type":"Feature","geometry":{"type":"Point","coordinates":[35.50415963950203,33.86955485049301]},"properties":{"fid":466,"Name":"EDL Beirut","OBJECTID":345,"Governance":" ","URL":" ","GlobalID":"d98e25db-d277-434f-b41f-da74d4095670","CreationDate":"2020-05-26T17:38:33.161","Creator":"alisaad@unhabitat","EditDate":"2023-03-28T11:03:54.889","Editor":"alisaad@unhabitat"}},
{"type":"Feature","geometry":{"type":"Point","coordinates":[35.50448475557909,33.86758125515254]},"properties":{"fid":467,"Name":"Martyr Cemetery","OBJECTID":346,"Governance":" ","URL":" ","GlobalID":"71da2783-ce80-4a45-9225-013c265676e0","CreationDate":"2020-05-26T17:38:33.161","Creator":"alisaad@unhabitat","EditDate":"2023-03-28T11:03:54.889","Editor":"alisaad@unhabitat"}},
{"type":"Feature","geometry":{"type":"Point","coordinates":[35.80737638133605,33.798004817015304]},"properties":{"fid":468,"Name":"Mechelany vineyards","OBJECTID":347,"Governance":" ","URL":" ","GlobalID":"e66c64c7-a5eb-4181-9e97-eba6b64f8991","CreationDate":"2020-05-26T17:38:33.161","Creator":"alisaad@unhabitat","EditDate":"2023-03-28T11:03:54.889","Editor":"alisaad@unhabitat"}},
{"type":"Feature","geometry":{"type":"Point","coordinates":[35.811879243479005,33.79841065941725]},"properties":{"fid":469,"Name":"Estirahat El-Aayn","OBJECTID":348,"Governance":" ","URL":" ","GlobalID":"b81eb737-c889-4cb4-88d5-23be060877e6","CreationDate":"2020-05-26T17:38:33.161","Creator":"alisaad@unhabitat","EditDate":"2023-03-28T11:03:54.889","Editor":"alisaad@unhabitat"}},
{"type":"Feature","geometry":{"type":"Point","coordinates":[35.8134221555241,33.79717608417591]},"properties":{"fid":470,"Name":"Waterfall","OBJECTID":349,"Governance":" ","URL":" ","GlobalID":"ba865464-3689-407d-8125-42a87aeebb16","CreationDate":"2020-05-26T17:38:33.161","Creator":"alisaad@unhabitat","EditDate":"2023-03-28T11:03:54.889","Editor":"alisaad@unhabitat"}},
{"type":"Feature","geometry":{"type":"Point","coordinates":[35.80566729194667,33.780400685897874]},"properties":{"fid":471,"Name":"Qab El-Elias quarries","OBJECTID":350,"Governance":" ","URL":" ","GlobalID":"d51ad2be-fc16-456b-a0c2-0fb3c91026e6","CreationDate":"2020-05-26T17:38:33.161","Creator":"alisaad@unhabitat","EditDate":"2023-03-28T11:03:54.889","Editor":"alisaad@unhabitat"}},
{"type":"Feature","geometry":{"type":"Point","coordinates":[35.822589948038654,33.79030472235798]},"properties":{"fid":472,"Name":"Qabb Elias vegetable market","OBJECTID":351,"Governance":" ","URL":" ","GlobalID":"62493a52-a17d-49fe-951f-4c492c275681","CreationDate":"2020-05-26T17:38:33.161","Creator":"alisaad@unhabitat","EditDate":"2023-03-28T11:03:54.889","Editor":"alisaad@unhabitat"}},
{"type":"Feature","geometry":{"type":"Point","coordinates":[35.828397569330264,33.788589506023285]},"properties":{"fid":473,"Name":"Old river restaurant","OBJECTID":352,"Governance":" ","URL":" ","GlobalID":"731fcbed-f903-4af7-8353-e35dc0100ebf","CreationDate":"2020-05-26T17:38:33.161","Creator":"alisaad@unhabitat","EditDate":"2023-03-28T11:03:54.889","Editor":"alisaad@unhabitat"}},
{"type":"Feature","geometry":{"type":"Point","coordinates":[35.81595854935129,33.786189748993074]},"properties":{"fid":474,"Name":"Mosque of Bohsasa","OBJECTID":353,"Governance":"YES","URL":" ","GlobalID":"c527cce3-65db-4117-94ef-dd6ec15512d8","CreationDate":"2020-05-26T17:38:33.161","Creator":"alisaad@unhabitat","EditDate":"2023-03-28T11:03:54.889","Editor":"alisaad@unhabitat"}},
{"type":"Feature","geometry":{"type":"Point","coordinates":[35.81817317381488,33.78638096255384]},"properties":{"fid":475,"Name":"Zoo","OBJECTID":354,"Governance":" ","URL":" ","GlobalID":"5b39be33-a57a-4b7a-9097-78daa9e901f7","CreationDate":"2020-05-26T17:38:33.161","Creator":"alisaad@unhabitat","EditDate":"2023-03-28T11:03:54.889","Editor":"alisaad@unhabitat"}},
{"type":"Feature","geometry":{"type":"Point","coordinates":[35.81711334850367,33.7888340683635]},"properties":{"fid":476,"Name":"Football field","OBJECTID":355,"Governance":" ","URL":" ","GlobalID":"827bb668-53ba-4bb3-bb0f-d346509b185f","CreationDate":"2020-05-26T17:38:33.161","Creator":"alisaad@unhabitat","EditDate":"2023-03-28T11:03:54.889","Editor":"alisaad@unhabitat"}},
{"type":"Feature","geometry":{"type":"Point","coordinates":[35.818838185284264,33.78816496018224]},"properties":{"fid":477,"Name":"Qabb Elias Technical School","OBJECTID":356,"Governance":"YES","URL":" ","GlobalID":"df087ea8-6f02-4cd0-a217-8651eebb5819","CreationDate":"2020-05-26T17:38:33.161","Creator":"alisaad@unhabitat","EditDate":"2023-03-28T11:03:54.889","Editor":"alisaad@unhabitat"}},
{"type":"Feature","geometry":{"type":"Point","coordinates":[35.821194135052195,33.789362101247896]},"properties":{"fid":478,"Name":"Mosque","OBJECTID":357,"Governance":"YES","URL":" ","GlobalID":"710e5c54-3b88-4078-8ac4-8fe3ac8dba30","CreationDate":"2020-05-26T17:38:33.161","Creator":"alisaad@unhabitat","EditDate":"2023-03-28T11:03:54.889","Editor":"alisaad@unhabitat"}},
{"type":"Feature","geometry":{"type":"Point","coordinates":[35.819151688048436,33.78943842099399]},"properties":{"fid":479,"Name":"Qabb Elias Intermediate School","OBJECTID":358,"Governance":"YES","URL":" ","GlobalID":"621a2dda-9c03-4a57-9e52-cdd0cd6f20f8","CreationDate":"2020-05-26T17:38:33.161","Creator":"alisaad@unhabitat","EditDate":"2023-03-28T11:03:54.889","Editor":"alisaad@unhabitat"}},
{"type":"Feature","geometry":{"type":"Point","coordinates":[35.81768799718249,33.79022773951129]},"properties":{"fid":480,"Name":"Army base","OBJECTID":359,"Governance":" ","URL":" ","GlobalID":"dfca1701-3122-4cb0-abb3-8f57e7333d09","CreationDate":"2020-05-26T17:38:33.161","Creator":"alisaad@unhabitat","EditDate":"2023-03-28T11:03:54.889","Editor":"alisaad@unhabitat"}},
{"type":"Feature","geometry":{"type":"Point","coordinates":[35.81830472171489,33.79164235294043]},"properties":{"fid":481,"Name":"Christian cemetery","OBJECTID":360,"Governance":" ","URL":" ","GlobalID":"6b75264d-4dca-486b-b104-4848f3b5b86d","CreationDate":"2020-05-26T17:38:33.161","Creator":"alisaad@unhabitat","EditDate":"2023-03-28T11:03:54.889","Editor":"alisaad@unhabitat"}},
{"type":"Feature","geometry":{"type":"Point","coordinates":[35.821313857327155,33.791692080877226]},"properties":{"fid":482,"Name":"Al Ahlia School","OBJECTID":361,"Governance":"YES","URL":" ","GlobalID":"fa4d6946-aa61-45f5-94c6-e0da9218034e","CreationDate":"2020-05-26T17:38:33.161","Creator":"alisaad@unhabitat","EditDate":"2023-03-28T11:03:54.889","Editor":"alisaad@unhabitat"}},
{"type":"Feature","geometry":{"type":"Point","coordinates":[35.82004085383106,33.79418783213183]},"properties":{"fid":483,"Name":"Municipal Library","OBJECTID":362,"Governance":" ","URL":" ","GlobalID":"c7b47bf1-cc38-465f-8dac-6094261e2701","CreationDate":"2020-05-26T17:38:33.161","Creator":"alisaad@unhabitat","EditDate":"2023-03-28T11:03:54.889","Editor":"alisaad@unhabitat"}},
{"type":"Feature","geometry":{"type":"Point","coordinates":[35.82148522018278,33.793647015602396]},"properties":{"fid":484,"Name":"Qabb Elias cemetery","OBJECTID":363,"Governance":" ","URL":" ","GlobalID":"47c3621a-53cd-4a1e-be12-4bc526ea21bf","CreationDate":"2020-05-26T17:38:33.161","Creator":"alisaad@unhabitat","EditDate":"2023-03-28T11:03:54.889","Editor":"alisaad@unhabitat"}},
{"type":"Feature","geometry":{"type":"Point","coordinates":[35.82291135980455,33.79490260580097]},"properties":{"fid":485,"Name":"Hamze Trading Center","OBJECTID":364,"Governance":" ","URL":" ","GlobalID":"c753be1f-d062-4e6e-a10f-c7a75228ce5b","CreationDate":"2020-05-26T17:38:33.161","Creator":"alisaad@unhabitat","EditDate":"2023-03-28T11:03:54.889","Editor":"alisaad@unhabitat"}},
{"type":"Feature","geometry":{"type":"Point","coordinates":[35.823476872246246,33.79358631042742]},"properties":{"fid":486,"Name":"Gymnasium","OBJECTID":365,"Governance":" ","URL":" ","GlobalID":"f0b36fde-623a-467f-98fc-0df04fd57a44","CreationDate":"2020-05-26T17:38:33.161","Creator":"alisaad@unhabitat","EditDate":"2023-03-28T11:03:54.889","Editor":"alisaad@unhabitat"}},
{"type":"Feature","geometry":{"type":"Point","coordinates":[35.82448449651144,33.795698463870465]},"properties":{"fid":487,"Name":"Saint Mary's Orthodox School","OBJECTID":366,"Governance":"YES","URL":" ","GlobalID":"ca73d080-3f49-4357-91de-17b7db50a701","CreationDate":"2020-05-26T17:38:33.161","Creator":"alisaad@unhabitat","EditDate":"2023-03-28T11:03:54.889","Editor":"alisaad@unhabitat"}},
{"type":"Feature","geometry":{"type":"Point","coordinates":[35.822383079990814,33.79658501496678]},"properties":{"fid":488,"Name":"Old mosque","OBJECTID":367,"Governance":"YES","URL":" ","GlobalID":"097f16ea-4d1a-4bc0-8037-a1bba78ab648","CreationDate":"2020-05-26T17:38:33.161","Creator":"alisaad@unhabitat","EditDate":"2023-03-28T11:03:54.889","Editor":"alisaad@unhabitat"}},
{"type":"Feature","geometry":{"type":"Point","coordinates":[35.82261672804385,33.79741461872194]},"properties":{"fid":489,"Name":"Heritage winery","OBJECTID":368,"Governance":" ","URL":" ","GlobalID":"096ddbe4-cc4b-42ba-9873-b79de94a1a5d","CreationDate":"2020-05-26T17:38:33.161","Creator":"alisaad@unhabitat","EditDate":"2023-03-28T11:03:54.889","Editor":"alisaad@unhabitat"}},
{"type":"Feature","geometry":{"type":"Point","coordinates":[35.819968404475816,33.79450802821257]},"properties":{"fid":490,"Name":"Church","OBJECTID":369,"Governance":"YES","URL":" ","GlobalID":"2c3e9671-53e8-4bee-a0ea-77706712e3e8","CreationDate":"2020-05-26T17:38:33.161","Creator":"alisaad@unhabitat","EditDate":"2023-03-28T11:03:54.889","Editor":"alisaad@unhabitat"}},
{"type":"Feature","geometry":{"type":"Point","coordinates":[35.82431241638863,33.799553930124105]},"properties":{"fid":491,"Name":"Notre Dame des Apotres School","OBJECTID":370,"Governance":"YES","URL":" ","GlobalID":"92960997-90f7-4da0-83df-ed0c4da2f37f","CreationDate":"2020-05-26T17:38:33.161","Creator":"alisaad@unhabitat","EditDate":"2023-03-28T11:03:54.889","Editor":"alisaad@unhabitat"}},
{"type":"Feature","geometry":{"type":"Point","coordinates":[35.82653020817898,33.798214768496265]},"properties":{"fid":492,"Name":"The tennis club","OBJECTID":371,"Governance":" ","URL":" ","GlobalID":"e7d671a8-4628-496e-a877-9322a57b8901","CreationDate":"2020-05-26T17:38:33.161","Creator":"alisaad@unhabitat","EditDate":"2023-03-28T11:03:54.889","Editor":"alisaad@unhabitat"}},
{"type":"Feature","geometry":{"type":"Point","coordinates":[35.8276584178636,33.79853158574008]},"properties":{"fid":493,"Name":"Sports club","OBJECTID":372,"Governance":" ","URL":" ","GlobalID":"521ab01e-dd6f-4ed4-9874-539b8ca569d3","CreationDate":"2020-05-26T17:38:33.161","Creator":"alisaad@unhabitat","EditDate":"2023-03-28T11:03:54.889","Editor":"alisaad@unhabitat"}},
{"type":"Feature","geometry":{"type":"Point","coordinates":[35.83160460895338,33.7993754105878]},"properties":{"fid":494,"Name":"Hay El-Arayesh Mosque","OBJECTID":373,"Governance":"YES","URL":" ","GlobalID":"133dc8fa-359a-43d9-b6a6-8f9b41d5169a","CreationDate":"2020-05-26T17:38:33.161","Creator":"alisaad@unhabitat","EditDate":"2023-03-28T11:03:54.889","Editor":"alisaad@unhabitat"}},
{"type":"Feature","geometry":{"type":"Point","coordinates":[35.539569301123656,33.88568690236438]},"properties":{"fid":495,"Name":"Hawouz El-May (Nabaa Tower)","OBJECTID":374,"Governance":" ","URL":" ","GlobalID":"99567636-2321-47fe-b33e-08a81dee1589","CreationDate":"2020-05-26T17:38:33.161","Creator":"alisaad@unhabitat","EditDate":"2023-03-28T11:03:54.889","Editor":"alisaad@unhabitat"}},
{"type":"Feature","geometry":{"type":"Point","coordinates":[35.53943821681125,33.88594554848689]},"properties":{"fid":496,"Name":"Saint Takla School","OBJECTID":376,"Governance":"YES","URL":" ","GlobalID":"3b68f4ff-ebae-4738-861b-9649361028e6","CreationDate":"2020-05-26T17:38:33.161","Creator":"alisaad@unhabitat","EditDate":"2023-03-28T11:03:54.889","Editor":"alisaad@unhabitat"}},
{"type":"Feature","geometry":{"type":"Point","coordinates":[35.5409989934338,33.886387466389024]},"properties":{"fid":497,"Name":"El-Ahliah School","OBJECTID":377,"Governance":"YES","URL":" ","GlobalID":"ffc5a0cf-4638-48d7-9fc7-6c51ac8cf955","CreationDate":"2020-05-26T17:38:33.161","Creator":"alisaad@unhabitat","EditDate":"2023-03-28T11:03:54.889","Editor":"alisaad@unhabitat"}},
{"type":"Feature","geometry":{"type":"Point","coordinates":[35.541237321246676,33.88657104320947]},"properties":{"fid":498,"Name":"El-Fahrat Mosque","OBJECTID":378,"Governance":"YES","URL":" ","GlobalID":"8d0c067a-540a-409a-9e20-7b4d4715ba36","CreationDate":"2020-05-26T17:38:33.161","Creator":"alisaad@unhabitat","EditDate":"2023-03-28T11:03:54.889","Editor":"alisaad@unhabitat"}},
{"type":"Feature","geometry":{"type":"Point","coordinates":[35.54037152221364,33.88796788038273]},"properties":{"fid":499,"Name":"Armenian Social Centre","OBJECTID":379,"Governance":"YES","URL":" ","GlobalID":"357abb7c-079f-4f21-8874-64aa64175822","CreationDate":"2020-05-26T17:38:33.161","Creator":"alisaad@unhabitat","EditDate":"2023-03-28T11:03:54.889","Editor":"alisaad@unhabitat"}},
{"type":"Feature","geometry":{"type":"Point","coordinates":[35.54259071667486,33.88847980189082]},"properties":{"fid":500,"Name":"Armenian Evangelical School and Christian Social Centre","OBJECTID":380,"Governance":"YES","URL":" ","GlobalID":"295145e8-f056-41ad-872c-ed3acf761763","CreationDate":"2020-05-26T17:38:33.161","Creator":"alisaad@unhabitat","EditDate":"2023-03-28T11:03:54.889","Editor":"alisaad@unhabitat"}},
{"type":"Feature","geometry":{"type":"Point","coordinates":[35.540934480622546,33.88676635632499]},"properties":{"fid":501,"Name":"UN-Habitat public garden","OBJECTID":381,"Governance":"YES","URL":" ","GlobalID":"cac71e06-67dc-4cea-ba4a-4ac025d51d74","CreationDate":"2020-05-26T17:38:33.161","Creator":"alisaad@unhabitat","EditDate":"2023-03-28T11:03:54.889","Editor":"alisaad@unhabitat"}},
{"type":"Feature","geometry":{"type":"Point","coordinates":[35.54080498017946,33.88607752231981]},"properties":{"fid":503,"Name":"Malhamet Ouweid butcher shop","OBJECTID":383,"Governance":" ","URL":" ","GlobalID":"2d13bf66-c817-4ffb-b822-a46dbeeb006c","CreationDate":"2020-05-26T17:38:33.161","Creator":"alisaad@unhabitat","EditDate":"2023-03-28T11:03:54.889","Editor":"alisaad@unhabitat"}},
{"type":"Feature","geometry":{"type":"Point","coordinates":[35.54136194708452,33.884404358344256]},"properties":{"fid":504,"Name":"The Cross Greek Orthodox Church and Dispensary","OBJECTID":384,"Governance":"YES","URL":" ","GlobalID":"8f029a76-2829-4bef-a71f-f014bfceb59a","CreationDate":"2020-05-26T17:38:33.161","Creator":"alisaad@unhabitat","EditDate":"2023-03-28T11:03:54.889","Editor":"alisaad@unhabitat"}},
{"type":"Feature","geometry":{"type":"Point","coordinates":[35.50097847353261,33.8686500339171]},"properties":{"fid":505,"Name":"Gaza Buildings","OBJECTID":385,"Governance":" ","URL":" ","GlobalID":"aa3a77b3-e261-4a06-8996-499fbf0bd381","CreationDate":"2020-05-26T17:38:33.161","Creator":"alisaad@unhabitat","EditDate":"2023-03-28T11:03:54.889","Editor":"alisaad@unhabitat"}},
{"type":"Feature","geometry":{"type":"Point","coordinates":[35.50052852734968,33.869054263542026]},"properties":{"fid":506,"Name":"Ibrahim El-Khalil NGO","OBJECTID":386,"Governance":"YES","URL":" ","GlobalID":"3d243bfa-770d-4320-a65e-7422fb8a151f","CreationDate":"2020-05-26T17:38:33.161","Creator":"alisaad@unhabitat","EditDate":"2023-03-28T11:03:54.889","Editor":"alisaad@unhabitat"}},
{"type":"Feature","geometry":{"type":"Point","coordinates":[35.500939168106534,33.86823124513636]},"properties":{"fid":507,"Name":"Women Committee NGO","OBJECTID":0,"Governance":"YES","URL":" ","GlobalID":"12eb60df-27f7-413d-ae22-c7c01a1e90e7","CreationDate":"2020-05-26T17:38:33.161","Creator":"alisaad@unhabitat","EditDate":"2023-03-28T11:03:54.889","Editor":"alisaad@unhabitat"}},
{"type":"Feature","geometry":{"type":"Point","coordinates":[35.499213192375734,33.86920900677174]},"properties":{"fid":508,"Name":"Mukhtar's Office","OBJECTID":0,"Governance":"YES","URL":" ","GlobalID":"25ca726a-031f-4390-ad04-27566aabcda4","CreationDate":"2020-05-26T17:38:33.161","Creator":"alisaad@unhabitat","EditDate":"2023-03-28T11:03:54.889","Editor":"alisaad@unhabitat"}},
{"type":"Feature","geometry":{"type":"Point","coordinates":[35.500021791247164,33.868779661572056]},"properties":{"fid":509,"Name":"El-Jazzar Street","OBJECTID":0,"Governance":" ","URL":" ","GlobalID":"67d9ab4d-1231-48ae-b4a0-19eeb4e91e7c","CreationDate":"2020-05-26T17:38:33.161","Creator":"alisaad@unhabitat","EditDate":"2023-03-28T11:03:54.889","Editor":"alisaad@unhabitat"}},
{"type":"Feature","geometry":{"type":"Point","coordinates":[35.50066043571648,33.86964882186024]},"properties":{"fid":510,"Name":"Salah El-Dine Mosque","OBJECTID":0,"Governance":"YES","URL":" ","GlobalID":"98374f9f-3d84-4376-917b-a2d1cf59c700","CreationDate":"2020-05-26T17:38:33.161","Creator":"alisaad@unhabitat","EditDate":"2023-03-28T11:03:54.889","Editor":"alisaad@unhabitat"}},
{"type":"Feature","geometry":{"type":"Point","coordinates":[35.368460153176336,33.56110273136263]},"properties":{"fid":511,"Name":"Fakhreddine II Palace","OBJECTID":0,"Governance":"YES","URL":" ","GlobalID":"2bec3769-2063-4be8-84ff-6afe6d7648ed","CreationDate":"2020-05-26T17:38:33.161","Creator":"alisaad@unhabitat","EditDate":"2023-03-28T11:03:54.889","Editor":"alisaad@unhabitat"}},
{"type":"Feature","geometry":{"type":"Point","coordinates":[35.371191364607554,33.56174206963766]},"properties":{"fid":512,"Name":"Archaeological excavation area","OBJECTID":0,"Governance":" ","URL":" ","GlobalID":"4bb2d642-3cf7-4ca9-9f6f-c85d8bd4ff9d","CreationDate":"2020-05-26T17:38:33.161","Creator":"alisaad@unhabitat","EditDate":"2023-03-28T11:03:54.889","Editor":"alisaad@unhabitat"}},
{"type":"Feature","geometry":{"type":"Point","coordinates":[35.37091194831979,33.56511606072851]},"properties":{"fid":513,"Name":"Khan El-Riz","OBJECTID":0,"Governance":" ","URL":" ","GlobalID":"9782e99d-a52a-45c7-ad9b-a992019fa1a1","CreationDate":"2020-05-26T17:38:33.161","Creator":"alisaad@unhabitat","EditDate":"2023-03-28T11:03:54.889","Editor":"alisaad@unhabitat"}},
{"type":"Feature","geometry":{"type":"Point","coordinates":[35.37151327803066,33.56396638131468]},"properties":{"fid":514,"Name":"Khan El-Chakrieh","OBJECTID":0,"Governance":" ","URL":" ","GlobalID":"f229ac2b-9236-4248-b7f7-39252dbd6a8e","CreationDate":"2020-05-26T17:38:33.161","Creator":"alisaad@unhabitat","EditDate":"2023-03-28T11:03:54.889","Editor":"alisaad@unhabitat"}},
{"type":"Feature","geometry":{"type":"Point","coordinates":[35.37061484866028,33.56499426079201]},"properties":{"fid":515,"Name":"Khan El-Kaysaria","OBJECTID":0,"Governance":" ","URL":" ","GlobalID":"5bd025e7-2e26-4c2e-88e5-11efde5bc842","CreationDate":"2020-05-26T17:38:33.161","Creator":"alisaad@unhabitat","EditDate":"2023-03-28T11:03:54.889","Editor":"alisaad@unhabitat"}},
{"type":"Feature","geometry":{"type":"Point","coordinates":[35.37134214862678,33.56479522150162]},"properties":{"fid":516,"Name":"Khan Sassi","OBJECTID":0,"Governance":" ","URL":" ","GlobalID":"5534c1d7-0b84-4ee8-8a56-abdb1e64db71","CreationDate":"2020-05-26T17:38:33.161","Creator":"alisaad@unhabitat","EditDate":"2023-03-28T11:03:54.889","Editor":"alisaad@unhabitat"}},
{"type":"Feature","geometry":{"type":"Point","coordinates":[35.37026545946068,33.563491057188095]},"properties":{"fid":517,"Name":"Bab El-Serail Mosque","OBJECTID":0,"Governance":"YES","URL":" ","GlobalID":"5bebff4e-3d7a-4c3c-a3e0-585261c5a23e","CreationDate":"2020-05-26T17:38:33.161","Creator":"alisaad@unhabitat","EditDate":"2023-03-28T11:03:54.889","Editor":"alisaad@unhabitat"}},
{"type":"Feature","geometry":{"type":"Point","coordinates":[35.36951142052482,33.56334350812501]},"properties":{"fid":518,"Name":"Abou Nakhle Mosque","OBJECTID":0,"Governance":"YES","URL":" ","GlobalID":"1358e60b-e1f3-4deb-bdbf-857f1dd4dfdb","CreationDate":"2020-05-26T17:38:33.161","Creator":"alisaad@unhabitat","EditDate":"2023-03-28T11:03:54.889","Editor":"alisaad@unhabitat"}},
{"type":"Feature","geometry":{"type":"Point","coordinates":[35.36936584169165,33.56286570489879]},"properties":{"fid":519,"Name":"El-Kikhia Mosque","OBJECTID":0,"Governance":"YES","URL":" ","GlobalID":"04ecd5d5-6087-40af-9cd7-cbc6d6dd9305","CreationDate":"2020-05-26T17:38:33.161","Creator":"alisaad@unhabitat","EditDate":"2023-03-28T11:03:54.889","Editor":"alisaad@unhabitat"}},
{"type":"Feature","geometry":{"type":"Point","coordinates":[35.369321276742724,33.56235323943298]},"properties":{"fid":520,"Name":"El-Qtaishieh Mosque","OBJECTID":0,"Governance":"YES","URL":" ","GlobalID":"9a2f2119-46c6-475a-ac78-f22e3edd3516","CreationDate":"2020-05-26T17:38:33.161","Creator":"alisaad@unhabitat","EditDate":"2023-03-28T11:03:54.889","Editor":"alisaad@unhabitat"}},
{"type":"Feature","geometry":{"type":"Point","coordinates":[35.37009967785067,33.56195712877668]},"properties":{"fid":521,"Name":"Battah Mosque","OBJECTID":0,"Governance":"YES","URL":" ","GlobalID":"37f1b2bf-b810-4bec-9472-09b8c83d1c74","CreationDate":"2020-05-26T17:38:33.161","Creator":"alisaad@unhabitat","EditDate":"2023-03-28T11:03:54.889","Editor":"alisaad@unhabitat"}},
{"type":"Feature","geometry":{"type":"Point","coordinates":[35.37067747726851,33.564591725633406]},"properties":{"fid":522,"Name":"El-Naquib Mosque","OBJECTID":0,"Governance":"YES","URL":" ","GlobalID":"e38178b5-c276-4916-a17b-a907b1e1e01c","CreationDate":"2020-05-26T17:38:33.161","Creator":"alisaad@unhabitat","EditDate":"2023-03-28T11:03:54.889","Editor":"alisaad@unhabitat"}},
{"type":"Feature","geometry":{"type":"Point","coordinates":[35.371284630132706,33.56425702092393]},"properties":{"fid":523,"Name":"Saint Nicholaos Greek Orthodox Cathedral","OBJECTID":0,"Governance":"YES","URL":" ","GlobalID":"b4c10ef5-d15a-495c-9f5e-648bd2d1d214","CreationDate":"2020-05-26T17:38:33.161","Creator":"alisaad@unhabitat","EditDate":"2023-03-28T11:03:54.889","Editor":"alisaad@unhabitat"}},
{"type":"Feature","geometry":{"type":"Point","coordinates":[35.37125848536267,33.56410848291536]},"properties":{"fid":524,"Name":"Saint Nicholaos Greek Catholic Church","OBJECTID":0,"Governance":"YES","URL":" ","GlobalID":"e75c3615-25ab-4201-bc50-92e1259356d8","CreationDate":"2020-05-26T17:38:33.161","Creator":"alisaad@unhabitat","EditDate":"2023-03-28T11:03:54.889","Editor":"alisaad@unhabitat"}},
{"type":"Feature","geometry":{"type":"Point","coordinates":[35.370162781818344,33.56396984721016]},"properties":{"fid":525,"Name":"The Latin Church/Our Lady of the Annunciation","OBJECTID":0,"Governance":"YES","URL":" ","GlobalID":"44a645d9-85c8-4e04-a98b-4756efde977e","CreationDate":"2020-05-26T17:38:33.161","Creator":"alisaad@unhabitat","EditDate":"2023-03-28T11:03:54.889","Editor":"alisaad@unhabitat"}},
{"type":"Feature","geometry":{"type":"Point","coordinates":[35.369266729245204,33.561250561882765]},"properties":{"fid":526,"Name":"Saint Elias Maronite Church","OBJECTID":0,"Governance":"YES","URL":" ","GlobalID":"659914e3-4fe2-4fe4-93dd-6718a98d923f","CreationDate":"2020-05-26T17:38:33.161","Creator":"alisaad@unhabitat","EditDate":"2023-03-28T11:03:54.889","Editor":"alisaad@unhabitat"}},
{"type":"Feature","geometry":{"type":"Point","coordinates":[35.37132836320252,33.56343589961478]},"properties":{"fid":527,"Name":"Hammam El-Jadid","OBJECTID":0,"Governance":" ","URL":" ","GlobalID":"5d9f807e-d59e-41cb-b2c0-0b3cd4c1dec1","CreationDate":"2020-05-26T17:38:33.161","Creator":"alisaad@unhabitat","EditDate":"2023-03-28T11:03:54.889","Editor":"alisaad@unhabitat"}},
{"type":"Feature","geometry":{"type":"Point","coordinates":[35.36969609767313,33.56271498590255]},"properties":{"fid":528,"Name":"Hammam El-Sheikh","OBJECTID":0,"Governance":" ","URL":" ","GlobalID":"269d118a-c50a-4eb5-bc59-38cac27118e8","CreationDate":"2020-05-26T17:38:33.161","Creator":"alisaad@unhabitat","EditDate":"2023-03-28T11:03:54.889","Editor":"alisaad@unhabitat"}},
{"type":"Feature","geometry":{"type":"Point","coordinates":[35.368448279103156,33.5621950924713]},"properties":{"fid":529,"Name":"Hammam El-Ward","OBJECTID":0,"Governance":" ","URL":" ","GlobalID":"54dcccc5-2e90-485c-ad3b-f81f6797cf43","CreationDate":"2020-05-26T17:38:33.161","Creator":"alisaad@unhabitat","EditDate":"2023-03-28T11:03:54.889","Editor":"alisaad@unhabitat"}},
{"type":"Feature","geometry":{"type":"Point","coordinates":[35.37016729773313,33.56202852785667]},"properties":{"fid":530,"Name":"Hammam El-Sabeh Banat or \"The Seven Venuses\"","OBJECTID":0,"Governance":" ","URL":" ","GlobalID":"d49b7ead-9928-49aa-826f-0b47cbf1c803","CreationDate":"2020-05-26T17:38:33.161","Creator":"alisaad@unhabitat","EditDate":"2023-03-28T11:03:54.889","Editor":"alisaad@unhabitat"}},
{"type":"Feature","geometry":{"type":"Point","coordinates":[35.37120976101845,33.56386329561688]},"properties":{"fid":531,"Name":"Aisha School or Hammoud Palace","OBJECTID":0,"Governance":"YES","URL":" ","GlobalID":"de3dfeed-435d-4be9-9a4b-bfe31c5c5203","CreationDate":"2020-05-26T17:38:33.161","Creator":"alisaad@unhabitat","EditDate":"2023-03-28T11:03:54.889","Editor":"alisaad@unhabitat"}},
{"type":"Feature","geometry":{"type":"Point","coordinates":[35.369951009180994,33.560444068373194]},"properties":{"fid":532,"Name":"Riad El-Solh Palace","OBJECTID":0,"Governance":"YES","URL":" ","GlobalID":"126a6081-bae9-4f18-ab9e-33b08ef7d913","CreationDate":"2020-05-26T17:38:33.161","Creator":"alisaad@unhabitat","EditDate":"2023-03-28T11:03:54.889","Editor":"alisaad@unhabitat"}},
{"type":"Feature","geometry":{"type":"Point","coordinates":[35.90723138290746,33.8370557222508]},"properties":{"fid":533,"Name":"Caritas Patriarch Sfeir Center","OBJECTID":0,"Governance":"YES","URL":" ","GlobalID":"282e3632-8a3d-4d55-b561-5ef82b9424ea","CreationDate":"2020-05-26T17:38:33.161","Creator":"alisaad@unhabitat","EditDate":"2023-03-28T11:03:54.889","Editor":"alisaad@unhabitat"}},
{"type":"Feature","geometry":{"type":"Point","coordinates":[35.90566703270402,33.83589695374366]},"properties":{"fid":534,"Name":"Khoulafaa' El-Rashidin Mosque","OBJECTID":0,"Governance":"YES","URL":" ","GlobalID":"db842311-f5c7-4dfc-878c-d8da74e9d7b3","CreationDate":"2020-05-26T17:38:33.161","Creator":"alisaad@unhabitat","EditDate":"2023-03-28T11:03:54.889","Editor":"alisaad@unhabitat"}},
{"type":"Feature","geometry":{"type":"Point","coordinates":[35.9107474368818,33.838996474514396]},"properties":{"fid":535,"Name":"UN-Habitat Parking","OBJECTID":0,"Governance":" ","URL":" ","GlobalID":"278da3e9-5a9c-4535-a2ff-f29f3b6291d8","CreationDate":"2020-05-26T17:38:33.161","Creator":"alisaad@unhabitat","EditDate":"2023-03-28T11:03:54.889","Editor":"alisaad@unhabitat"}},
{"type":"Feature","geometry":{"type":"Point","coordinates":[35.90883454202869,33.837343116952084]},"properties":{"fid":536,"Name":"Caritas","OBJECTID":0,"Governance":"YES","URL":" ","GlobalID":"3a6264eb-5db7-4231-aaa2-643ef78fb6be","CreationDate":"2020-05-26T17:38:33.161","Creator":"alisaad@unhabitat","EditDate":"2023-03-28T11:03:54.889","Editor":"alisaad@unhabitat"}},
{"type":"Feature","geometry":{"type":"Point","coordinates":[35.88748880298452,34.429937029972216]},"properties":{"fid":537,"Name":"El-Arab Mosque","OBJECTID":0,"Governance":"YES","URL":" ","GlobalID":"1c577a6e-342d-4e6c-9d4a-e3931dabe834","CreationDate":"2020-05-26T17:38:33.161","Creator":"alisaad@unhabitat","EditDate":"2023-03-28T11:03:54.889","Editor":"alisaad@unhabitat"}},
{"type":"Feature","geometry":{"type":"Point","coordinates":[35.22499976448206,33.268601398065954]},"properties":{"fid":538,"Name":"El-Hussainiat","OBJECTID":0,"Governance":" ","URL":" ","GlobalID":"6ec1f0ac-c87a-4e35-aeb5-6c87ca900eb5","CreationDate":"2020-05-26T17:38:33.161","Creator":"alisaad@unhabitat","EditDate":"2023-03-28T11:03:54.889","Editor":"alisaad@unhabitat"}},
{"type":"Feature","geometry":{"type":"Point","coordinates":[35.226251148247954,33.26842353816252]},"properties":{"fid":539,"Name":"Hussainiat Kashafat El-Risala","OBJECTID":0,"Governance":" ","URL":" ","GlobalID":"282ae2da-cf4c-44b4-b54b-141de76a3d7a","CreationDate":"2020-05-26T17:38:33.161","Creator":"alisaad@unhabitat","EditDate":"2023-03-28T11:03:54.889","Editor":"alisaad@unhabitat"}},
{"type":"Feature","geometry":{"type":"Point","coordinates":[35.817993020565325,33.7888354872161]},"properties":{"fid":540,"Name":"Qabb Elias Public High School","OBJECTID":0,"Governance":"YES","URL":" ","GlobalID":"28fb9d36-2078-4fda-b9a8-f106cc101c45","CreationDate":"2020-05-26T17:38:33.161","Creator":"alisaad@unhabitat","EditDate":"2023-03-28T11:03:54.889","Editor":"alisaad@unhabitat"}},
{"type":"Feature","geometry":{"type":"Point","coordinates":[35.819948442236175,33.78880259341044]},"properties":{"fid":541,"Name":"Fayad Ali Haidar public garden","OBJECTID":0,"Governance":" ","URL":" ","GlobalID":"db9f0aa2-9955-4941-a4c3-2d03fa644000","CreationDate":"2020-05-26T17:38:33.161","Creator":"alisaad@unhabitat","EditDate":"2023-03-28T11:03:54.889","Editor":"alisaad@unhabitat"}},
{"type":"Feature","geometry":{"type":"Point","coordinates":[35.82055690233887,33.788533946750974]},"properties":{"fid":542,"Name":"Qabb Elias new municipality","OBJECTID":0,"Governance":" ","URL":" ","GlobalID":"87d3dba6-8735-4490-8dd6-8c45cab77a14","CreationDate":"2020-05-26T17:38:33.161","Creator":"alisaad@unhabitat","EditDate":"2023-03-28T11:03:54.889","Editor":"alisaad@unhabitat"}},
{"type":"Feature","geometry":{"type":"Point","coordinates":[35.82088014676844,33.79365389097027]},"properties":{"fid":543,"Name":"Islamic Charitable Organization","OBJECTID":0,"Governance":"YES","URL":" ","GlobalID":"1cdf119b-5fc7-47e7-a420-c7777e08e15b","CreationDate":"2020-05-26T17:38:33.161","Creator":"alisaad@unhabitat","EditDate":"2023-03-28T11:03:54.889","Editor":"alisaad@unhabitat"}},
{"type":"Feature","geometry":{"type":"Point","coordinates":[35.822021009461004,33.795660699155526]},"properties":{"fid":544,"Name":"Lebanese Red Cross Dispensary","OBJECTID":0,"Governance":"YES","URL":" ","GlobalID":"57fdb8d8-736f-4434-9343-a9378701a7c9","CreationDate":"2020-05-26T17:38:33.161","Creator":"alisaad@unhabitat","EditDate":"2023-03-28T11:03:54.889","Editor":"alisaad@unhabitat"}},
{"type":"Feature","geometry":{"type":"Point","coordinates":[35.818961857748555,33.790100527665416]},"properties":{"fid":545,"Name":"Qabb Elias primary school","OBJECTID":0,"Governance":"YES","URL":" ","GlobalID":"a4246dbd-924e-4693-85c8-d97992636765","CreationDate":"2020-05-26T17:38:33.161","Creator":"alisaad@unhabitat","EditDate":"2023-03-28T11:03:54.889","Editor":"alisaad@unhabitat"}},
{"type":"Feature","geometry":{"type":"Point","coordinates":[36.0794924864489,34.54721184359496]},"properties":{"fid":546,"Name":"El-Qalaa Mosque","OBJECTID":0,"Governance":"YES","URL":" ","GlobalID":"e084ae0b-b236-46b0-a996-f52921eb062b","CreationDate":"2020-05-26T17:38:33.161","Creator":"alisaad@unhabitat","EditDate":"2023-03-28T11:03:54.889","Editor":"alisaad@unhabitat"}},
{"type":"Feature","geometry":{"type":"Point","coordinates":[36.078705291191035,34.54371615299022]},"properties":{"fid":547,"Name":"Halba Islamic Cemetery","OBJECTID":0,"Governance":" ","URL":" ","GlobalID":"24ea0858-f6cc-434f-9ad8-17bc5dedba89","CreationDate":"2020-05-26T17:38:33.161","Creator":"alisaad@unhabitat","EditDate":"2023-03-28T11:03:54.889","Editor":"alisaad@unhabitat"}},
{"type":"Feature","geometry":{"type":"Point","coordinates":[36.07798654769472,34.543575194644276]},"properties":{"fid":548,"Name":"El-Najda El-Shaabiya","OBJECTID":0,"Governance":"YES","URL":" ","GlobalID":"451ed57b-8c98-4634-8439-74259258b284","CreationDate":"2020-05-26T17:38:33.161","Creator":"alisaad@unhabitat","EditDate":"2023-03-28T11:03:54.889","Editor":"alisaad@unhabitat"}},
{"type":"Feature","geometry":{"type":"Point","coordinates":[36.07455255099014,34.546422506937944]},"properties":{"fid":549,"Name":"Concern World Wide","OBJECTID":0,"Governance":" ","URL":" ","GlobalID":"9889abc3-0c6c-4e4c-ba35-24f5e6410920","CreationDate":"2020-05-26T17:38:33.161","Creator":"alisaad@unhabitat","EditDate":"2023-03-28T11:03:54.889","Editor":"alisaad@unhabitat"}},
{"type":"Feature","geometry":{"type":"Point","coordinates":[36.07863683942953,34.5425790821954]},"properties":{"fid":550,"Name":"Halba Municipality","OBJECTID":0,"Governance":" ","URL":" ","GlobalID":"959e43d5-f64d-49ed-9f4d-a137a8f764aa","CreationDate":"2020-05-26T17:38:33.161","Creator":"alisaad@unhabitat","EditDate":"2023-03-28T11:03:54.889","Editor":"alisaad@unhabitat"}},
{"type":"Feature","geometry":{"type":"Point","coordinates":[36.074541142363245,34.543048948043506]},"properties":{"fid":551,"Name":"El Youssef Hospital Center","OBJECTID":0,"Governance":"YES","URL":" ","GlobalID":"9c01830a-9696-40f0-963d-0c1e2b632974","CreationDate":"2020-05-26T17:38:33.161","Creator":"alisaad@unhabitat","EditDate":"2023-03-28T11:03:54.889","Editor":"alisaad@unhabitat"}},
{"type":"Feature","geometry":{"type":"Point","coordinates":[36.074712271767126,34.54186488102624]},"properties":{"fid":552,"Name":"Halba Secondary Public School","OBJECTID":0,"Governance":"YES","URL":" ","GlobalID":"631dcfa3-d73d-4de2-857c-0c7f6391deb5","CreationDate":"2020-05-26T17:38:33.161","Creator":"alisaad@unhabitat","EditDate":"2023-03-28T11:03:54.889","Editor":"alisaad@unhabitat"}},
{"type":"Feature","geometry":{"type":"Point","coordinates":[36.06950993788908,34.53856631980315]},"properties":{"fid":553,"Name":"Lycée Abdallah Al Rassi","OBJECTID":0,"Governance":"YES","URL":" ","GlobalID":"342b619e-66bc-495f-b568-81ad5c4a13a0","CreationDate":"2020-05-26T17:38:33.161","Creator":"alisaad@unhabitat","EditDate":"2023-03-28T11:03:54.889","Editor":"alisaad@unhabitat"}},
{"type":"Feature","geometry":{"type":"Point","coordinates":[36.0679127301195,34.536743127313805]},"properties":{"fid":554,"Name":"Saint John the Baptist Church - Jdeideh","OBJECTID":0,"Governance":"YES","URL":" ","GlobalID":"b9836d3f-9d2c-4472-a004-f4fe1c09e616","CreationDate":"2020-05-26T17:38:33.161","Creator":"alisaad@unhabitat","EditDate":"2023-03-28T11:03:54.889","Editor":"alisaad@unhabitat"}},
{"type":"Feature","geometry":{"type":"Point","coordinates":[36.081238006368615,34.536949883108555]},"properties":{"fid":555,"Name":"Ecole nationale orthodox","OBJECTID":0,"Governance":"YES","URL":" ","GlobalID":"8f3da09f-eec8-4788-9209-0ff5f358dd9f","CreationDate":"2020-05-26T17:38:33.161","Creator":"alisaad@unhabitat","EditDate":"2023-03-28T11:03:54.889","Editor":"alisaad@unhabitat"}},
{"type":"Feature","geometry":{"type":"Point","coordinates":[36.089087141693426,34.53616044912976]},"properties":{"fid":556,"Name":"Halba Governmental Hospital","OBJECTID":0,"Governance":"YES","URL":" ","GlobalID":"746bc780-945e-46f1-96c3-d3bbef77a6df","CreationDate":"2020-05-26T17:38:33.161","Creator":"alisaad@unhabitat","EditDate":"2023-03-28T11:03:54.889","Editor":"alisaad@unhabitat"}},
{"type":"Feature","geometry":{"type":"Point","coordinates":[36.083702269784595,34.54941067051885]},"properties":{"fid":557,"Name":"Saint Georges Orthodox Church","OBJECTID":0,"Governance":"YES","URL":" ","GlobalID":"a00229db-06d9-47f7-8c2c-a2953e50d682","CreationDate":"2020-05-26T17:38:33.161","Creator":"alisaad@unhabitat","EditDate":"2023-03-28T11:03:54.889","Editor":"alisaad@unhabitat"}},
{"type":"Feature","geometry":{"type":"Point","coordinates":[36.079058958625886,34.549936876893156]},"properties":{"fid":558,"Name":"Rahal Akkar Hospital","OBJECTID":0,"Governance":"YES","URL":" ","GlobalID":"4908e96c-0825-46e7-92b0-584ee74cbdb9","CreationDate":"2020-05-26T17:38:33.161","Creator":"alisaad@unhabitat","EditDate":"2023-03-28T11:03:54.889","Editor":"alisaad@unhabitat"}},
{"type":"Feature","geometry":{"type":"Point","coordinates":[36.213480471563855,34.00872004009194]},"properties":{"fid":559,"Name":"AUS School","OBJECTID":0,"Governance":"YES","URL":" ","GlobalID":"0f21dffa-5c7a-4237-b85c-16d0033e4345","CreationDate":"2020-05-26T17:38:33.161","Creator":"alisaad@unhabitat","EditDate":"2023-03-28T11:03:54.889","Editor":"alisaad@unhabitat"}},
{"type":"Feature","geometry":{"type":"Point","coordinates":[36.211189238989625,34.010477486638386]},"properties":{"fid":560,"Name":"The Lebanese Democratic Women's Gathering RDFL","OBJECTID":0,"Governance":" ","URL":" ","GlobalID":"fe3183ad-dce0-4084-a35c-f4a3a567d9c1","CreationDate":"2020-05-26T17:38:33.161","Creator":"alisaad@unhabitat","EditDate":"2023-03-28T11:03:54.889","Editor":"alisaad@unhabitat"}},
{"type":"Feature","geometry":{"type":"Point","coordinates":[36.077676450427006,34.5446636249983]},"properties":{"fid":561,"Name":"Halba Public School for Boys","OBJECTID":0,"Governance":"YES","URL":" ","GlobalID":"e86856e8-e8b1-4f85-b9ab-b56de7fe7091","CreationDate":"2020-05-26T17:38:33.161","Creator":"alisaad@unhabitat","EditDate":"2023-03-28T11:03:54.889","Editor":"alisaad@unhabitat"}},
{"type":"Feature","geometry":{"type":"Point","coordinates":[36.077085098985854,34.54491332576239]},"properties":{"fid":562,"Name":"Halba Mixed public Kindergarten","OBJECTID":0,"Governance":"YES","URL":" ","GlobalID":"6d0366d5-e891-42bd-8b6d-8aeb09c32ad5","CreationDate":"2020-05-26T17:38:33.161","Creator":"alisaad@unhabitat","EditDate":"2023-03-28T11:03:54.889","Editor":"alisaad@unhabitat"}},
{"type":"Feature","geometry":{"type":"Point","coordinates":[36.08333983254609,34.54348955531776]},"properties":{"fid":563,"Name":"Abdallah Rassi Governmental Hospital","OBJECTID":0,"Governance":"YES","URL":" ","GlobalID":"8798c412-6738-4a39-9055-d60891a28a02","CreationDate":"2020-05-26T17:38:33.161","Creator":"alisaad@unhabitat","EditDate":"2023-03-28T11:03:54.889","Editor":"alisaad@unhabitat"}},
{"type":"Feature","geometry":{"type":"Point","coordinates":[36.07695513335564,34.54133590717254]},"properties":{"fid":564,"Name":"Markaz El-Sohi El-Houkoumi PHCC","OBJECTID":0,"Governance":"YES","URL":" ","GlobalID":"251a85c4-1bd7-443c-82a7-543a8359add8","CreationDate":"2020-05-26T17:38:33.161","Creator":"alisaad@unhabitat","EditDate":"2023-03-28T11:03:54.889","Editor":"alisaad@unhabitat"}},
{"type":"Feature","geometry":{"type":"Point","coordinates":[35.82448545561247,33.794754489862456]},"properties":{"fid":565,"Name":"Omar Al Mokhtar Educational Center","OBJECTID":0,"Governance":"YES","URL":" ","GlobalID":"b7122dbe-2219-4f54-855d-46f065454774","CreationDate":"2020-05-26T17:38:33.161","Creator":"alisaad@unhabitat","EditDate":"2023-03-28T11:03:54.889","Editor":"alisaad@unhabitat"}},
{"type":"Feature","geometry":{"type":"Point","coordinates":[35.89878514269157,34.42638030605538]},"properties":{"fid":566,"Name":"Alma Mixed Elementary Public School","OBJECTID":0,"Governance":"YES","URL":" ","GlobalID":"7effb756-1ca1-42d8-8847-671bf99b0b25","CreationDate":"2020-05-26T17:38:33.161","Creator":"alisaad@unhabitat","EditDate":"2023-03-28T11:03:54.889","Editor":"alisaad@unhabitat"}},
{"type":"Feature","geometry":{"type":"Point","coordinates":[35.87850297569157,34.42678390662616]},"properties":{"fid":567,"Name":"El Ayrouniyeh Mixed Public School","OBJECTID":0,"Governance":" ","URL":" ","GlobalID":"57e46bac-9d73-45b3-9c34-83012f0fb22b","CreationDate":"2020-05-26T17:38:33.161","Creator":"alisaad@unhabitat","EditDate":"2023-03-28T11:03:54.889","Editor":"alisaad@unhabitat"}},
{"type":"Feature","geometry":{"type":"Point","coordinates":[35.879536109098055,34.42359805019894]},"properties":{"fid":568,"Name":"Family Medical Center (FMC) hospital","OBJECTID":0,"Governance":"YES","URL":" ","GlobalID":"4adb0940-0945-421d-8b4e-54db7a71d5f1","CreationDate":"2020-05-26T17:38:33.161","Creator":"alisaad@unhabitat","EditDate":"2023-03-28T11:03:54.889","Editor":"alisaad@unhabitat"}},
{"type":"Feature","geometry":{"type":"Point","coordinates":[35.90838511869157,33.83508012806499]},"properties":{"fid":569,"Name":"Al Maalaqa Intermediate Public School for Girls","OBJECTID":0,"Governance":"YES","URL":" ","GlobalID":"d0cde968-3d5c-4dd9-9b9a-0f1fd46c87b3","CreationDate":"2020-05-26T17:38:33.161","Creator":"alisaad@unhabitat","EditDate":"2023-03-28T11:03:54.889","Editor":"alisaad@unhabitat"}},
{"type":"Feature","geometry":{"type":"Point","coordinates":[35.908381596293474,33.836159667767696]},"properties":{"fid":570,"Name":"Haoush El-Oumara Mixed Intermediate","OBJECTID":0,"Governance":"YES","URL":" ","GlobalID":"83054b90-7da9-4372-a168-07d5467aeb63","CreationDate":"2020-05-26T17:38:33.161","Creator":"alisaad@unhabitat","EditDate":"2023-03-28T11:03:54.889","Editor":"alisaad@unhabitat"}},
{"type":"Feature","geometry":{"type":"Point","coordinates":[35.9072945897706,33.843855799207795]},"properties":{"fid":571,"Name":"Zahle Third Intermediate Mixed Public School","OBJECTID":0,"Governance":"YES","URL":" ","GlobalID":"2df06496-c811-4e5f-8021-a4f8dfbffc09","CreationDate":"2020-05-26T17:38:33.161","Creator":"alisaad@unhabitat","EditDate":"2023-03-28T11:03:54.889","Editor":"alisaad@unhabitat"}},
{"type":"Feature","geometry":{"type":"Point","coordinates":[35.91755883254599,33.84118830908077]},"properties":{"fid":572,"Name":"Heraoui Governmental Hospital","OBJECTID":0,"Governance":"YES","URL":" ","GlobalID":"6bd4d8f9-c7a5-45cd-8915-eb637ef61477","CreationDate":"2020-05-26T17:38:33.161","Creator":"alisaad@unhabitat","EditDate":"2023-03-28T11:03:54.889","Editor":"alisaad@unhabitat"}},
{"type":"Feature","geometry":{"type":"Point","coordinates":[35.91107957790772,33.83864732415894]},"properties":{"fid":573,"Name":"Mar Takla Church","OBJECTID":0,"Governance":" ","URL":" ","GlobalID":"b50266f5-da4f-4788-afe6-4713e18c6775","CreationDate":"2020-05-26T17:38:33.161","Creator":"alisaad@unhabitat","EditDate":"2023-03-28T11:03:54.889","Editor":"alisaad@unhabitat"}},
{"type":"Feature","geometry":{"type":"Point","coordinates":[35.90873163509616,33.836919567235924]},"properties":{"fid":574,"Name":"Sfeir clinic","OBJECTID":0,"Governance":" ","URL":" ","GlobalID":"51324875-05b0-4133-ad06-bdc4c863e31d","CreationDate":"2020-05-26T17:38:33.161","Creator":"alisaad@unhabitat","EditDate":"2023-03-28T11:03:54.889","Editor":"alisaad@unhabitat"}},
{"type":"Feature","geometry":{"type":"Point","coordinates":[35.90623727233301,33.836489931660786]},"properties":{"fid":575,"Name":"Haoush El-Oumara Intermediate Mixed Public School","OBJECTID":0,"Governance":" ","URL":" ","GlobalID":"eadb2854-7804-46dd-9a2a-e0510928ea54","CreationDate":"2020-05-26T17:38:33.161","Creator":"alisaad@unhabitat","EditDate":"2023-03-28T11:03:54.889","Editor":"alisaad@unhabitat"}},
{"type":"Feature","geometry":{"type":"Point","coordinates":[35.45476662442913,33.61423433891788]},"properties":{"fid":576,"Name":"The Awareness and Consolation Association","OBJECTID":0,"Governance":" ","URL":" ","GlobalID":"ce28ab25-0276-46c5-aac1-8e24522017d9","CreationDate":"2020-05-26T17:38:33.161","Creator":"alisaad@unhabitat","EditDate":"2023-03-28T11:03:54.889","Editor":"alisaad@unhabitat"}},
{"type":"Feature","geometry":{"type":"Point","coordinates":[35.537964446280235,33.89211350837712]},"properties":{"fid":577,"Name":"Maraash Street","OBJECTID":0,"Governance":" ","URL":" ","GlobalID":"24480edd-d53b-487a-88c2-aeb664d9153c","CreationDate":"2020-05-26T17:38:33.161","Creator":"alisaad@unhabitat","EditDate":"2023-03-28T11:03:54.889","Editor":"alisaad@unhabitat"}},
{"type":"Feature","geometry":{"type":"Point","coordinates":[35.53893977921824,33.892029973094544]},"properties":{"fid":578,"Name":"Arax Street","OBJECTID":0,"Governance":" ","URL":" ","GlobalID":"c6f5b3a4-5f5f-45d0-9c04-4ca599e89c55","CreationDate":"2020-05-26T17:38:33.161","Creator":"alisaad@unhabitat","EditDate":"2023-03-28T11:03:54.889","Editor":"alisaad@unhabitat"}},
{"type":"Feature","geometry":{"type":"Point","coordinates":[35.53746462995093,33.89020866234467]},"properties":{"fid":579,"Name":"El-Sekke Street","OBJECTID":0,"Governance":" ","URL":" ","GlobalID":"6c1d8d78-d51d-4ca5-87b9-ebbcb4f5819a","CreationDate":"2020-05-26T17:38:33.161","Creator":"alisaad@unhabitat","EditDate":"2023-03-28T11:03:54.889","Editor":"alisaad@unhabitat"}},
{"type":"Feature","geometry":{"type":"Point","coordinates":[36.20922159260127,34.0139891615396]},"properties":{"fid":580,"Name":"Mogher El-Taheen Caves","OBJECTID":0,"Governance":" ","URL":" ","GlobalID":"ea4543a4-f547-4997-9cdc-3c66270e5b7b","CreationDate":"2020-05-26T17:38:33.161","Creator":"alisaad@unhabitat","EditDate":"2023-03-28T11:03:54.889","Editor":"alisaad@unhabitat"}},
{"type":"Feature","geometry":{"type":"Point","coordinates":[35.22472845425168,33.27110697782807]},"properties":{"fid":581,"Name":"Maachouk Socio-cultural Community Centre","OBJECTID":0,"Governance":" ","URL":"http://un-habitat.maps.arcgis.com/sharing/rest/content/items/29def90643514b069c2148d54a5d76c8/data","GlobalID":"606a4fed-0cc7-49e6-90ab-af68df149676","CreationDate":"2020-05-26T17:38:33.161","Creator":"alisaad@unhabitat","EditDate":"2023-03-28T11:03:54.889","Editor":"alisaad@unhabitat"}},
{"type":"Feature","geometry":{"type":"Point","coordinates":[35.498720169387184,33.87826092539574]},"properties":{"fid":582,"Name":"El-Alama Adballah El-Alayli Secondary Public School","OBJECTID":0,"Governance":" ","URL":" ","GlobalID":"399a23f1-b67f-477c-b522-cad9e7974154","CreationDate":"2020-05-26T17:38:33.161","Creator":"alisaad@unhabitat","EditDate":"2023-03-28T11:03:54.889","Editor":"alisaad@unhabitat"}},
{"type":"Feature","geometry":{"type":"Point","coordinates":[35.49903825108149,33.87509685754201]},"properties":{"fid":583,"Name":"Omar El-Zini Public School","OBJECTID":0,"Governance":" ","URL":" ","GlobalID":"987232d3-de37-4feb-a782-c2187a18887a","CreationDate":"2020-05-26T17:38:33.161","Creator":"alisaad@unhabitat","EditDate":"2023-03-28T11:03:54.889","Editor":"alisaad@unhabitat"}},
{"type":"Feature","geometry":{"type":"Point","coordinates":[35.49985189870081,33.86799935454868]},"properties":{"fid":584,"Name":"Yasser Arafat Community Centre","OBJECTID":0,"Governance":" ","URL":" ","GlobalID":"1c44baad-7d0c-4c47-9032-0f630c8ba5b7","CreationDate":"2020-05-26T17:38:33.161","Creator":"alisaad@unhabitat","EditDate":"2023-03-28T11:03:54.889","Editor":"alisaad@unhabitat"}},
{"type":"Feature","geometry":{"type":"Point","coordinates":[35.543430234043775,33.887825847134444]},"properties":{"fid":585,"Name":"Howard Karagheusian Commemorative Corporation","OBJECTID":0,"Governance":" ","URL":" ","GlobalID":"dc5c3cb6-4c8e-44cd-956b-b56b5827fec8","CreationDate":"2020-05-26T17:38:33.161","Creator":"alisaad@unhabitat","EditDate":"2023-03-28T11:03:54.889","Editor":"alisaad@unhabitat"}},
{"type":"Feature","geometry":{"type":"Point","coordinates":[35.85344700053082,34.41723629975341]},"properties":{"fid":586,"Name":"Harmouch Market","OBJECTID":null,"Governance":" ","URL":" ","GlobalID":"66239dc0-a065-4353-9593-cbd71f22333a","CreationDate":"2020-05-26T17:39:39.678","Creator":"alisaad@unhabitat","EditDate":"2023-03-28T11:03:54.889","Editor":"alisaad@unhabitat"}},
{"type":"Feature","geometry":{"type":"Point","coordinates":[35.852822700455114,34.419380000063235]},"properties":{"fid":587,"Name":"Pharmacy","OBJECTID":null,"Governance":" ","URL":" ","GlobalID":"2aad95af-1c6d-4974-a73e-19472d7b5ee5","CreationDate":"2020-06-16T12:24:27.837","Creator":"alisaad@unhabitat","EditDate":"2023-03-28T11:03:54.889","Editor":"alisaad@unhabitat"}},
{"type":"Feature","geometry":{"type":"Point","coordinates":[35.884350902064114,33.76200121184974]},"properties":{"fid":588,"Name":"Abdul Nasser Educational Center","OBJECTID":null,"Governance":" ","URL":" ","GlobalID":"5d51ade1-fead-4a04-aaa7-3942f2900a31","CreationDate":"2023-03-28T11:03:54.889","Creator":"alisaad@unhabitat","EditDate":"2023-03-28T11:03:54.889","Editor":"alisaad@unhabitat"}},
{"type":"Feature","geometry":{"type":"Point","coordinates":[35.54232049134705,33.88596447342848]},"properties":{"fid":589,"Name":"Lalipco gas station","OBJECTID":null,"Governance":" ","URL":" ","GlobalID":"d233ecf8-936e-47a9-9e52-a9d20963a941","CreationDate":"2023-03-28T11:03:54.889","Creator":"alisaad@unhabitat","EditDate":"2023-03-28T11:03:54.889","Editor":"alisaad@unhabitat"}},
{"type":"Feature","geometry":{"type":"Point","coordinates":[35.85263859996953,34.419450599765526]},"properties":{"fid":590,"Name":"Dental Clinic","OBJECTID":null,"Governance":" ","URL":" ","GlobalID":"3ad585d1-bc2c-4f19-90fa-6400685822d5","CreationDate":"2023-03-28T11:03:54.889","Creator":"alisaad@unhabitat","EditDate":"2023-03-28T11:03:54.889","Editor":"alisaad@unhabitat"}},
{"type":"Feature","geometry":{"type":"Point","coordinates":[35.85225000047935,34.419694000110134]},"properties":{"fid":591,"Name":"Al Nakhle Supermarket","OBJECTID":null,"Governance":" ","URL":" ","GlobalID":"b522f991-7eba-43c8-9b91-34ce22ea4d9c","CreationDate":"2023-03-28T11:03:54.889","Creator":"alisaad@unhabitat","EditDate":"2023-03-28T11:03:54.889","Editor":"alisaad@unhabitat"}},
{"type":"Feature","geometry":{"type":"Point","coordinates":[35.85178450027254,34.42046229996802]},"properties":{"fid":592,"Name":"Barber Shop","OBJECTID":null,"Governance":" ","URL":" ","GlobalID":"f0eb5c19-f227-4477-87ee-54e0e8db1543","CreationDate":"2023-03-28T11:03:54.889","Creator":"alisaad@unhabitat","EditDate":"2023-03-28T11:03:54.889","Editor":"alisaad@unhabitat"}},
{"type":"Feature","geometry":{"type":"Point","coordinates":[35.85217319984121,34.42054470027985]},"properties":{"fid":593,"Name":"Al Islah Mosque","OBJECTID":null,"Governance":" ","URL":" ","GlobalID":"ec67ac41-736f-4b2e-897f-30d6a59f038b","CreationDate":"2023-03-28T11:03:54.889","Creator":"alisaad@unhabitat","EditDate":"2023-03-28T11:03:54.889","Editor":"alisaad@unhabitat"}},
{"type":"Feature","geometry":{"type":"Point","coordinates":[35.852240000486454,34.420946999862714]},"properties":{"fid":594,"Name":"University of Tripoli","OBJECTID":null,"Governance":" ","URL":" ","GlobalID":"6468539f-cff2-432f-a25a-a74c0e8007f4","CreationDate":"2023-03-28T11:03:54.889","Creator":"alisaad@unhabitat","EditDate":"2023-03-28T11:03:54.889","Editor":"alisaad@unhabitat"}},
{"type":"Feature","geometry":{"type":"Point","coordinates":[35.852611100349606,34.422050600440365]},"properties":{"fid":595,"Name":"Gaz Station","OBJECTID":null,"Governance":" ","URL":" ","GlobalID":"a981b132-3d68-43c3-bbec-af013f27fe40","CreationDate":"2023-03-28T11:03:54.889","Creator":"alisaad@unhabitat","EditDate":"2023-03-28T11:03:54.889","Editor":"alisaad@unhabitat"}},
{"type":"Feature","geometry":{"type":"Point","coordinates":[35.851846400096804,34.422790999972406]},"properties":{"fid":596,"Name":"Garden","OBJECTID":null,"Governance":" ","URL":" ","GlobalID":"44b81ba7-012d-423b-b227-587479350852","CreationDate":"2023-03-28T11:03:54.889","Creator":"alisaad@unhabitat","EditDate":"2023-03-28T11:03:54.889","Editor":"alisaad@unhabitat"}},
{"type":"Feature","geometry":{"type":"Point","coordinates":[35.851039800134586,34.421058600190996]},"properties":{"fid":597,"Name":"Al Islah School","OBJECTID":null,"Governance":" ","URL":" ","GlobalID":"1100b3e4-e75f-4e52-8645-c626b23436ad","CreationDate":"2023-03-28T11:03:54.889","Creator":"alisaad@unhabitat","EditDate":"2023-03-28T11:03:54.889","Editor":"alisaad@unhabitat"}},
{"type":"Feature","geometry":{"type":"Point","coordinates":[35.84967999976824,34.42301980028266]},"properties":{"fid":598,"Name":"Pharmacy","OBJECTID":null,"Governance":" ","URL":" ","GlobalID":"36e909c0-0a1a-4624-8098-542b61062bbe","CreationDate":"2023-03-28T11:03:54.889","Creator":"alisaad@unhabitat","EditDate":"2023-03-28T11:03:54.889","Editor":"alisaad@unhabitat"}},
{"type":"Feature","geometry":{"type":"Point","coordinates":[35.84993770014864,34.41422140022384]},"properties":{"fid":599,"Name":"Ibn Khaldoun Public School","OBJECTID":null,"Governance":" ","URL":" ","GlobalID":"8fcd51cc-e482-4708-b9a8-2ba19aa2bc5f","CreationDate":"2023-03-28T11:03:54.889","Creator":"alisaad@unhabitat","EditDate":"2023-03-28T11:03:54.889","Editor":"alisaad@unhabitat"}},
{"type":"Feature","geometry":{"type":"Point","coordinates":[35.845812000247946,34.41364100031463]},"properties":{"fid":600,"Name":"Al-Rahma Medical Complex","OBJECTID":null,"Governance":" ","URL":" ","GlobalID":"1b8158e2-1db7-4d92-acd0-220aef6a05c1","CreationDate":"2023-03-28T11:03:54.889","Creator":"alisaad@unhabitat","EditDate":"2023-03-28T11:03:54.889","Editor":"alisaad@unhabitat"}},
{"type":"Feature","geometry":{"type":"Point","coordinates":[35.84316450027712,34.415914700400485]},"properties":{"fid":601,"Name":"Dar Al Shifaa Hospital","OBJECTID":null,"Governance":" ","URL":" ","GlobalID":"092388ae-dc96-414a-bc69-133e08d55938","CreationDate":"2023-03-28T11:03:54.889","Creator":"alisaad@unhabitat","EditDate":"2023-03-28T11:03:54.889","Editor":"alisaad@unhabitat"}},
{"type":"Feature","geometry":{"type":"Point","coordinates":[35.844277200110774,34.41878419996258]},"properties":{"fid":602,"Name":"Tripoli Park","OBJECTID":null,"Governance":" ","URL":" ","GlobalID":"955690c0-6131-414c-a7e2-6609ddd4cc21","CreationDate":"2023-03-28T11:03:54.889","Creator":"alisaad@unhabitat","EditDate":"2023-03-28T11:03:54.889","Editor":"alisaad@unhabitat"}},
{"type":"Feature","geometry":{"type":"Point","coordinates":[35.868004700202476,34.41620250001037]},"properties":{"fid":603,"Name":"Gaz Station","OBJECTID":null,"Governance":" ","URL":" ","GlobalID":"7efcc6d7-661e-4cb6-b1bd-6da289411b43","CreationDate":"2023-03-28T11:03:54.889","Creator":"alisaad@unhabitat","EditDate":"2023-03-28T11:03:54.889","Editor":"alisaad@unhabitat"}},
{"type":"Feature","geometry":{"type":"Point","coordinates":[35.858137199922055,34.41843610016273]},"properties":{"fid":604,"Name":"Al Anwar Mosque","OBJECTID":null,"Governance":" ","URL":" ","GlobalID":"04900f64-fa24-4f08-b9a2-56bab7d61c97","CreationDate":"2023-03-28T11:03:54.889","Creator":"alisaad@unhabitat","EditDate":"2023-03-28T11:03:54.889","Editor":"alisaad@unhabitat"}},
{"type":"Feature","geometry":{"type":"Point","coordinates":[35.8595389999541,34.42280960039995]},"properties":{"fid":605,"Name":"Educational Guidance School","OBJECTID":null,"Governance":" ","URL":" ","GlobalID":"190f1a43-2d36-4ccb-a09a-59e5fe58ed22","CreationDate":"2023-03-28T11:03:54.889","Creator":"alisaad@unhabitat","EditDate":"2023-03-28T11:03:54.889","Editor":"alisaad@unhabitat"}},
{"type":"Feature","geometry":{"type":"Point","coordinates":[35.85388989967361,34.42727589977181]},"properties":{"fid":606,"Name":"Al Qoubbe Park","OBJECTID":null,"Governance":" ","URL":" ","GlobalID":"694ac938-571b-4bb3-b213-5ec0f058c6a3","CreationDate":"2023-03-28T11:03:54.889","Creator":"alisaad@unhabitat","EditDate":"2023-03-28T11:03:54.889","Editor":"alisaad@unhabitat"}},
{"type":"Feature","geometry":{"type":"Point","coordinates":[35.8539133995701,34.42852869961439]},"properties":{"fid":607,"Name":"Al Risala High School","OBJECTID":null,"Governance":" ","URL":" ","GlobalID":"2720d618-1192-472c-b744-ccd07f7dc768","CreationDate":"2023-03-28T11:03:54.889","Creator":"alisaad@unhabitat","EditDate":"2023-03-28T11:03:54.889","Editor":"alisaad@unhabitat"}},
{"type":"Feature","geometry":{"type":"Point","coordinates":[35.846456999817356,34.42971700037778]},"properties":{"fid":608,"Name":"Tripoli Al-Haddadin Official Secondary School for Girls","OBJECTID":null,"Governance":" ","URL":" ","GlobalID":"4544733d-688b-4692-b1b3-50ca4beba232","CreationDate":"2023-03-28T11:03:54.889","Creator":"alisaad@unhabitat","EditDate":"2023-03-28T11:03:54.889","Editor":"alisaad@unhabitat"}},
{"type":"Feature","geometry":{"type":"Point","coordinates":[35.843906800218654,34.42095350037745]},"properties":{"fid":609,"Name":"Pharmacy","OBJECTID":null,"Governance":" ","URL":" ","GlobalID":"c6fca34a-ea02-4896-bd70-620892786c89","CreationDate":"2023-03-28T11:03:54.889","Creator":"alisaad@unhabitat","EditDate":"2023-03-28T11:03:54.889","Editor":"alisaad@unhabitat"}},
{"type":"Feature","geometry":{"type":"Point","coordinates":[35.84347620046154,34.41222580033193]},"properties":{"fid":610,"Name":"School","OBJECTID":null,"Governance":" ","URL":" ","GlobalID":"a2224243-3fe2-4454-b4c6-513b426f8ee4","CreationDate":"2023-03-28T11:03:54.889","Creator":"alisaad@unhabitat","EditDate":"2023-03-28T11:03:54.889","Editor":"alisaad@unhabitat"}}
]}