{"type":"FeatureCollection", "features": [
{"type":"Feature","geometry":{"type":"LineString","coordinates":[[35.54262127468115,33.88860637249918],[35.54263560255462,33.88860216350362]]},"properties":{"fid":1221,"LAYER":"CROP DIDEWALK FOR DISABLED PEOLE"}},
{"type":"Feature","geometry":{"type":"LineString","coordinates":[[35.53780535710875,33.88985973120228],[35.53777434128783,33.88969987379112],[35.53787225210519,33.8896818742055],[35.53803564917346,33.88965372456559],[35.538034643853365,33.8896498709679],[35.53817166167587,33.889629460717785],[35.538181705671555,33.889651049587094]]},"properties":{"fid":1222,"LAYER":"Wall"}},
{"type":"Feature","geometry":{"type":"LineString","coordinates":[[35.537812531951275,33.88988542482821],[35.53781263603311,33.889885961271034]]},"properties":{"fid":1223,"LAYER":"Wall"}},
{"type":"Feature","geometry":{"type":"LineString","coordinates":[[35.53777688785956,33.88970171310824],[35.53780740861341,33.88985901889072]]},"properties":{"fid":1224,"LAYER":"Wall"}},
{"type":"Feature","geometry":{"type":"LineString","coordinates":[[35.543871596013574,33.88845982074959],[35.54389224941522,33.888472829724215]]},"properties":{"fid":1225,"LAYER":"Side Walk"}},
{"type":"Feature","geometry":{"type":"LineString","coordinates":[[35.543872130574826,33.888459037370275],[35.54389302071455,33.8884719774809]]},"properties":{"fid":1226,"LAYER":"Road"}},
{"type":"Feature","geometry":{"type":"LineString","coordinates":[[35.54425868559119,33.88821416961963],[35.54424865734345,33.8882029536334]]},"properties":{"fid":1227,"LAYER":"Side Walk"}},
{"type":"Feature","geometry":{"type":"LineString","coordinates":[[35.5444495637967,33.88826918493583],[35.54441998614109,33.88816876320505],[35.544309034635155,33.88819243006142],[35.54433870624886,33.88829564302507],[35.5444495637967,33.88826918493583]]},"properties":{"fid":1228,"LAYER":"buildings"}},
{"type":"Feature","geometry":{"type":"LineString","coordinates":[[35.5444495637967,33.88826918493583],[35.54441998614109,33.88816876320505],[35.544309034635155,33.88819243006142],[35.54433870624886,33.88829564302507],[35.5444495637967,33.88826918493583]]},"properties":{"fid":1229,"LAYER":"buildings"}},
{"type":"Feature","geometry":null,"properties":{"fid":1230,"LAYER":"nj"}},
{"type":"Feature","geometry":null,"properties":{"fid":1231,"LAYER":"manhole telephone"}},
{"type":"Feature","geometry":null,"properties":{"fid":1232,"LAYER":"manhole telephone"}},
{"type":"Feature","geometry":{"type":"LineString","coordinates":[[35.544439900081805,33.888662397726485],[35.544439900081805,33.88866239772648]]},"properties":{"fid":1233,"LAYER":"manhole telephone"}},
{"type":"Feature","geometry":null,"properties":{"fid":1234,"LAYER":"nj"}},
{"type":"Feature","geometry":null,"properties":{"fid":1235,"LAYER":"gully"}},
{"type":"Feature","geometry":null,"properties":{"fid":1236,"LAYER":"manhole"}},
{"type":"Feature","geometry":null,"properties":{"fid":1237,"LAYER":"manhole"}},
{"type":"Feature","geometry":{"type":"LineString","coordinates":[[35.544451786617536,33.88859871066852],[35.54444168836084,33.8886022769233],[35.54443886972615,33.88860650598156],[35.54443844271201,33.88860920564269],[35.544483570803884,33.888753732896305],[35.544485523797384,33.8887558915712],[35.54448813949041,33.88875746538858],[35.54449095895043,33.88875805307963],[35.54449631964674,33.88875684829307]]},"properties":{"fid":1238,"LAYER":"Side Walk"}},
{"type":"Feature","geometry":{"type":"LineString","coordinates":[[35.54438985321282,33.888413366656536],[35.544437275046995,33.888562741255036]]},"properties":{"fid":1239,"LAYER":"Side Walk"}},
{"type":"Feature","geometry":{"type":"LineString","coordinates":[[35.544331556703746,33.88826049900307],[35.5443627685837,33.88836497929768],[35.54436394709349,33.888367295659236],[35.54436620802684,33.88836907554045],[35.54436979829193,33.888370362253355],[35.544374982667314,33.88837026165037]]},"properties":{"fid":1240,"LAYER":"Side Walk"}},
{"type":"Feature","geometry":{"type":"LineString","coordinates":[[35.544111626183096,33.88828539404436],[35.54406100250711,33.88835507033055],[35.544060194106336,33.888385162212614],[35.54408140983424,33.88844373152426],[35.54431720925354,33.888665223787086],[35.54437677349956,33.888628827718726],[35.54427806671873,33.88831525514113],[35.544209427425734,33.88824133451558],[35.544111626183096,33.88828539404436]]},"properties":{"fid":1241,"LAYER":"Side Walk"}},
{"type":"Feature","geometry":{"type":"LineString","coordinates":[[35.543929425740494,33.8884105603749],[35.54429964930339,33.88875627076468],[35.544397463999836,33.888847452023484],[35.54440467955369,33.88884200852132],[35.54400173176737,33.88846521566177],[35.543988146695504,33.88839725565334],[35.54399664169109,33.88833758193296]]},"properties":{"fid":1242,"LAYER":"Side Walk"}},
{"type":"Feature","geometry":{"type":"LineString","coordinates":[[35.54389224941522,33.888472829724215],[35.54428297013946,33.888837449632604],[35.544301510818286,33.888875070382845]]},"properties":{"fid":1243,"LAYER":"Side Walk"}},
{"type":"Feature","geometry":{"type":"LineString","coordinates":[[35.544451975028785,33.88859783232113],[35.54444448776066,33.88860022843735],[35.54444117546991,33.888602097527865],[35.54443837257463,33.888606506885544],[35.54443803769203,33.8886103482144],[35.544482870972296,33.88875417236048],[35.544487333165016,33.8887578656558],[35.544491185949695,33.88875831226569],[35.544497348528836,33.888758096018336]]},"properties":{"fid":1244,"LAYER":"Road"}},
{"type":"Feature","geometry":{"type":"LineString","coordinates":[[35.544382076637504,33.88841518608937],[35.54438028687198,33.888418136989564],[35.5443801654176,33.888421019532515],[35.54442275014665,33.888558915412496],[35.54442420928537,33.88856150155031],[35.54442849666984,33.88856344002553],[35.54443289195514,33.88856410095482],[35.54443689866682,33.88856346076984]]},"properties":{"fid":1245,"LAYER":"Road"}},
{"type":"Feature","geometry":{"type":"LineString","coordinates":[[35.54433083338281,33.888260775065916],[35.54436036512945,33.88836966191256],[35.54436365751697,33.888370831667324],[35.54436757505849,33.888371794265765],[35.54437436100791,33.88837218253228],[35.54440883941526,33.888363668798]]},"properties":{"fid":1246,"LAYER":"Road"}},
{"type":"Feature","geometry":{"type":"LineString","coordinates":[[35.54407895428911,33.88831722122295],[35.54405981142728,33.88835472065676],[35.54405900460149,33.88838593004766],[35.544080260563874,33.88844354451735],[35.54408770257328,33.88845223153319],[35.54431552599339,33.88866487682818],[35.54431871542314,33.88866720702679]]},"properties":{"fid":1247,"LAYER":"Road"}},
{"type":"Feature","geometry":{"type":"LineString","coordinates":[[35.54392921437627,33.888411726658994],[35.54439693567378,33.88884767103651],[35.54440697385202,33.888846846843975],[35.544405078265235,33.88884178570985],[35.54400170909441,33.88846421388056],[35.543988146695504,33.88839725565334],[35.54399733389582,33.88833783671632]]},"properties":{"fid":1248,"LAYER":"Road"}},
{"type":"Feature","geometry":{"type":"LineString","coordinates":[[35.544301822708675,33.88887536813338],[35.54428584964698,33.88883840886997],[35.54389302071455,33.8884719774809]]},"properties":{"fid":1249,"LAYER":"Road"}},
{"type":"Feature","geometry":{"type":"LineString","coordinates":[[35.54444723775126,33.8886085112523],[35.544657392004744,33.88855833045669],[35.544706734771104,33.88871588836471],[35.544494760078216,33.88876070949181],[35.54444723775126,33.8886085112523]]},"properties":{"fid":1250,"LAYER":"building"}},
{"type":"Feature","geometry":{"type":"LineString","coordinates":[[35.544381548700535,33.88841314065955],[35.5445945943556,33.888372667726564],[35.54464294346407,33.888530048787494],[35.544436045460316,33.888570380029385],[35.544381548700535,33.88841314065955]]},"properties":{"fid":1251,"LAYER":"building"}},
{"type":"Feature","geometry":{"type":"LineString","coordinates":[[35.54431791963207,33.88820266216871],[35.5444248459819,33.88817684261695],[35.54443736638146,33.88821525253412],[35.544545336547735,33.88817335456795],[35.5445961112568,33.88833800230622],[35.54436710937101,33.88838160001892],[35.54431791963207,33.88820266216871]]},"properties":{"fid":1252,"LAYER":"building"}},
{"type":"Feature","geometry":null,"properties":{"fid":1253,"LAYER":"manhole telephone"}},
{"type":"Feature","geometry":null,"properties":{"fid":1254,"LAYER":"manhole telephone"}},
{"type":"Feature","geometry":{"type":"LineString","coordinates":[[35.54440586218848,33.88868227036751],[35.544407696459935,33.88868904332796]]},"properties":{"fid":1255,"LAYER":"manhole"}},
{"type":"Feature","geometry":{"type":"LineString","coordinates":[[35.54439281399389,33.88868471997355],[35.54440586218848,33.88868227036751]]},"properties":{"fid":1256,"LAYER":"manhole"}},
{"type":"Feature","geometry":{"type":"LineString","coordinates":[[35.54439281399389,33.88868471997355],[35.54439464826432,33.88869149293411]]},"properties":{"fid":1257,"LAYER":"manhole"}},
{"type":"Feature","geometry":{"type":"LineString","coordinates":[[35.54439464826432,33.88869149293411],[35.544407696459935,33.88868904332796]]},"properties":{"fid":1258,"LAYER":"manhole"}},
{"type":"Feature","geometry":null,"properties":{"fid":1259,"LAYER":"gully"}},
{"type":"Feature","geometry":{"type":"LineString","coordinates":[[35.54431162132589,33.88820367149062],[35.54427411792565,33.88821776052215],[35.54425868559119,33.88821416961963]]},"properties":{"fid":1260,"LAYER":"Side Walk"}},
{"type":"Feature","geometry":{"type":"LineString","coordinates":[[35.544376575575264,33.888369929530434],[35.54437251162465,33.88837090174165],[35.54436666505897,33.888369521849384],[35.54436467794966,33.88836765980204],[35.5443631852419,33.888365613823886],[35.54435378946547,33.888333483120846],[35.544347484047655,33.88831219371321],[35.544327751951435,33.88825280209499],[35.54431162132589,33.88820367149062]]},"properties":{"fid":1261,"LAYER":"Side Walk"}},
{"type":"Feature","geometry":{"type":"LineString","coordinates":[[35.54443649777381,33.88856219537101],[35.54438781911733,33.88841441639203]]},"properties":{"fid":1262,"LAYER":"Side Walk"}},
{"type":"Feature","geometry":{"type":"LineString","coordinates":[[35.544494561248605,33.88875494785479],[35.54448694182129,33.88875534688634],[35.544481500341355,33.88875128216874],[35.544465478055194,33.88869444657043],[35.54445673647069,33.888669114273625],[35.54443840102546,33.88860916834474],[35.5444383797859,33.88860633573453],[35.544444772529225,33.888600913212706],[35.54445204923018,33.88859915127971]]},"properties":{"fid":1263,"LAYER":"Side Walk"}},
{"type":"Feature","geometry":{"type":"LineString","coordinates":[[35.54437682869826,33.88837059534042],[35.54437251646792,33.88837167864152],[35.54436538546665,33.888370074937306],[35.544362859748226,33.88836585807972],[35.54435380306536,33.8883341870068],[35.544346995719216,33.8883122335168],[35.54432732311641,33.888252969908955],[35.54431011950636,33.88820602903982],[35.544274950306665,33.88821879505197],[35.544262467687794,33.888217319885946],[35.54424980283774,33.888208876656336]]},"properties":{"fid":1264,"LAYER":"Road"}},
{"type":"Feature","geometry":{"type":"LineString","coordinates":[[35.54443027279011,33.88856363638001],[35.54442650756254,33.88856316527689],[35.544422543537195,33.88855971232909],[35.5444184452397,33.888552259450265],[35.54437970040454,33.88842393710268],[35.54437976887491,33.8884199075852],[35.54438216046857,33.88841704647438],[35.544387520891824,33.888413794355706]]},"properties":{"fid":1265,"LAYER":"Road"}},
{"type":"Feature","geometry":{"type":"LineString","coordinates":[[35.544493624898244,33.88875586741772],[35.54448824680569,33.888756458397665],[35.544482138071736,33.88875308663291],[35.54445542329501,33.88866563050668],[35.544439064374025,33.88861344478494],[35.544437254930834,33.88860967590258],[35.54443793731727,33.888606313748916],[35.54444186822143,33.88860280556105],[35.54444675755676,33.88859974479038]]},"properties":{"fid":1266,"LAYER":"Road"}},
{"type":"Feature","geometry":{"type":"LineString","coordinates":[[35.54431673123643,33.88866556152204],[35.544347373665126,33.88866413260565],[35.54437792484482,33.88862922222225],[35.54427711324241,33.88831071948195],[35.544206971862955,33.88823698751173]]},"properties":{"fid":1267,"LAYER":"Road"}},
{"type":"Feature","geometry":null,"properties":{"fid":1268,"LAYER":"gully"}},
{"type":"Feature","geometry":{"type":"LineString","coordinates":[[35.536332596846385,33.889770847072135],[35.536318546734556,33.889763034371484],[35.53630060082583,33.88974641861885],[35.53629067136581,33.88971106098363],[35.53634645853716,33.88955082773715],[35.53638351898847,33.88939801422408]]},"properties":{"fid":1269,"LAYER":"Side Walk"}},
{"type":"Feature","geometry":{"type":"LineString","coordinates":[[35.535841945505524,33.889978851134266],[35.53584888542728,33.88997625516299],[35.53585779097281,33.889971006698616],[35.535865295212965,33.889947511039004],[35.53583137317081,33.88992883509244],[35.53545156111347,33.890006158366695]]},"properties":{"fid":1270,"LAYER":"Side Walk"}},
{"type":"Feature","geometry":{"type":"LineString","coordinates":[[35.53547012666355,33.89005693058472],[35.53560806730253,33.8900276140572],[35.53584230557401,33.8899787471437]]},"properties":{"fid":1271,"LAYER":"Side Walk"}},
{"type":"Feature","geometry":{"type":"LineString","coordinates":[[35.536611302725674,33.89017839824071],[35.5366598678432,33.89019560263251],[35.53672331572383,33.89021227113341]]},"properties":{"fid":1272,"LAYER":"Side Walk"}},
{"type":"Feature","geometry":{"type":"LineString","coordinates":[[35.53661183214811,33.89017738561585],[35.536660169660266,33.89019543198717]]},"properties":{"fid":1273,"LAYER":"Road"}},
{"type":"Feature","geometry":{"type":"LineString","coordinates":[[35.53633205539287,33.889772098952974],[35.536317148197014,33.88976443304274],[35.53629876818479,33.8897474153622],[35.536288499421424,33.88971092926058],[35.536344368247555,33.88955035328423],[35.53638140030696,33.889397656856374]]},"properties":{"fid":1274,"LAYER":"Road"}},
{"type":"Feature","geometry":{"type":"LineString","coordinates":[[35.53778917665323,33.88985904958938],[35.53777441640244,33.889849304608084],[35.53776109434278,33.889713243926984]]},"properties":{"fid":1275,"LAYER":"Side Walk"}},
{"type":"Feature","geometry":{"type":"LineString","coordinates":[[35.53535926595869,33.8899358179178],[35.535440140888795,33.889918253140394],[35.535370152758624,33.889841848685975]]},"properties":{"fid":1276,"LAYER":"Wall"}},
{"type":"Feature","geometry":{"type":"LineString","coordinates":[[35.53535981071857,33.88993756242641],[35.535443832926674,33.889919314107956],[35.53537187047886,33.889840754340035]]},"properties":{"fid":1277,"LAYER":"Wall"}},
{"type":"Feature","geometry":null,"properties":{"fid":1278,"LAYER":"new jersey"}},
{"type":"Feature","geometry":null,"properties":{"fid":1279,"LAYER":"gully"}},
{"type":"Feature","geometry":null,"properties":{"fid":1280,"LAYER":"new jersey"}},
{"type":"Feature","geometry":{"type":"LineString","coordinates":[[35.535297741454954,33.89017907324702],[35.53547668401027,33.89014603115575],[35.53549896550572,33.89015922653264],[35.535496800948465,33.8902053495751],[35.53543775026074,33.8902665948975]]},"properties":{"fid":1281,"LAYER":"building"}},
{"type":"Feature","geometry":{"type":"LineString","coordinates":[[35.53538342288679,33.88974981177678],[35.53555236091242,33.88989262228474],[35.535846968660266,33.88982848392259],[35.53564939725536,33.889668932052366],[35.535556178806274,33.88958255976041]]},"properties":{"fid":1282,"LAYER":"building"}},
{"type":"Feature","geometry":null,"properties":{"fid":1283,"LAYER":"gully"}},
{"type":"Feature","geometry":{"type":"LineString","coordinates":[[35.53621794389569,33.88934116763036],[35.53616378253796,33.88956860694519],[35.53615329144418,33.88965697424986],[35.536092574892244,33.88970339773293],[35.5360722592053,33.88970788774784],[35.53602751366928,33.889706221669556],[35.53593000928277,33.88965883945555]]},"properties":{"fid":1284,"LAYER":"Side Walk"}},
{"type":"Feature","geometry":null,"properties":{"fid":1285,"LAYER":"new jersey"}},
{"type":"Feature","geometry":{"type":"LineString","coordinates":[[35.53607296815328,33.88982656895877],[35.53610876802979,33.88987603376458]]},"properties":{"fid":1286,"LAYER":"Side Walk"}},
{"type":"Feature","geometry":{"type":"LineString","coordinates":[[35.53612407122267,33.889781147278825],[35.536111190994845,33.88987589303397]]},"properties":{"fid":1287,"LAYER":"Road"}},
{"type":"Feature","geometry":{"type":"LineString","coordinates":[[35.53579764162735,33.889689403525],[35.53587774835246,33.8897574515563]]},"properties":{"fid":1288,"LAYER":"Wall"}},
{"type":"Feature","geometry":{"type":"LineString","coordinates":[[35.53579609914526,33.889690666432585],[35.53587620587025,33.889758714464854]]},"properties":{"fid":1289,"LAYER":"Wall"}},
{"type":"Feature","geometry":{"type":"LineString","coordinates":[[35.53587774346282,33.8897574474161],[35.53594263265105,33.88981221425921]]},"properties":{"fid":1290,"LAYER":"Wall"}},
{"type":"Feature","geometry":{"type":"LineString","coordinates":[[35.53587620587025,33.889758714464854],[35.53594109505836,33.88981348130877]]},"properties":{"fid":1291,"LAYER":"Wall"}},
{"type":"Feature","geometry":{"type":"LineString","coordinates":[[35.53595534866029,33.889819185392625],[35.535942287894606,33.88981197794193]]},"properties":{"fid":1292,"LAYER":"Wall"}},
{"type":"Feature","geometry":{"type":"LineString","coordinates":[[35.53595493959215,33.889821121273926],[35.53594109505836,33.88981348130877]]},"properties":{"fid":1293,"LAYER":"Wall"}},
{"type":"Feature","geometry":{"type":"LineString","coordinates":[[35.535781005063505,33.88961249672525],[35.53604825589161,33.889761026510165]]},"properties":{"fid":1294,"LAYER":"Road"}},
{"type":"Feature","geometry":{"type":"LineString","coordinates":[[35.53610876802979,33.88987603376458],[35.53607221255331,33.88992234417402],[35.53604175879922,33.88993624553566],[35.53595142852982,33.889956430693225],[35.53593676256266,33.88993362389066],[35.53594686233763,33.8899038113798],[35.53607296815328,33.88982656895877]]},"properties":{"fid":1295,"LAYER":"Side Walk"}},
{"type":"Feature","geometry":{"type":"LineString","coordinates":[[35.536111190994845,33.88987589303397],[35.53607358867592,33.889923771079054],[35.53604256897483,33.889937930781166],[35.53595156980857,33.88995826540995],[35.5359436046347,33.88995737304611]]},"properties":{"fid":1296,"LAYER":"Road"}},
{"type":"Feature","geometry":{"type":"LineString","coordinates":[[35.5359436046347,33.88995737304611],[35.53593450540994,33.889933656190934],[35.53594497006258,33.889902766636496],[35.53612407122267,33.889781147278825]]},"properties":{"fid":1297,"LAYER":"Road"}},
{"type":"Feature","geometry":{"type":"LineString","coordinates":[[35.535838356015034,33.889652230172814],[35.53582907092813,33.88965012097641],[35.53580946130686,33.88965310523305],[35.53579503629133,33.88966496824464],[35.5357937417384,33.889680488665476],[35.535798117864715,33.88969002193304]]},"properties":{"fid":1298,"LAYER":"Wall"}},
{"type":"Feature","geometry":{"type":"LineString","coordinates":[[35.53583892409986,33.88965049084623],[35.53582916558879,33.88964827410697],[35.53580855015098,33.889651411432055],[35.53579303229665,33.88966418655565],[35.535791612896105,33.889680893264924],[35.53579609914526,33.889690666432585]]},"properties":{"fid":1299,"LAYER":"Wall"}},
{"type":"Feature","geometry":null,"properties":{"fid":1300,"LAYER":"gully"}},
{"type":"Feature","geometry":{"type":"LineString","coordinates":[[35.535377035058595,33.8897435813348],[35.53549267241524,33.88984275205074],[35.53555312453398,33.88990091520112],[35.53559966463742,33.8899097682532],[35.53586870932074,33.889850173056],[35.53587074290593,33.889825069599546],[35.535753930074435,33.88973963682174],[35.53552504844076,33.88955331948019]]},"properties":{"fid":1301,"LAYER":"Road"}},
{"type":"Feature","geometry":{"type":"LineString","coordinates":[[35.53579492080505,33.89005552517244],[35.53577537554816,33.89006097575231],[35.535755757329134,33.890076859244374],[35.5357020414042,33.890132660569854],[35.5355319858105,33.89030756938406]]},"properties":{"fid":1302,"LAYER":"Side Walk"}},
{"type":"Feature","geometry":{"type":"LineString","coordinates":[[35.535385724306956,33.89014003513888],[35.53551270841066,33.89011499491769],[35.535541615933525,33.890149818976525],[35.535495950308714,33.89020526145144],[35.53542858211948,33.890276510593004]]},"properties":{"fid":1303,"LAYER":"Side Walk"}},
{"type":"Feature","geometry":{"type":"LineString","coordinates":[[35.53547066046894,33.8900586774472],[35.5358428301466,33.88998049595052]]},"properties":{"fid":1304,"LAYER":"Road"}},
{"type":"Feature","geometry":{"type":"LineString","coordinates":[[35.5358428301466,33.88998049595052],[35.53585942195471,33.8899722528823],[35.53586747984823,33.88994713699032],[35.53583131213189,33.88992699021441],[35.535451056615905,33.89000440545703]]},"properties":{"fid":1305,"LAYER":"Road"}},
{"type":"Feature","geometry":{"type":"LineString","coordinates":[[35.53579416023309,33.890055096972226],[35.53577504588651,33.89006058726749],[35.53575502749107,33.8900762154892],[35.535733086840224,33.89009638696241],[35.53553161814758,33.89030733130374]]},"properties":{"fid":1306,"LAYER":"Road"}},
{"type":"Feature","geometry":{"type":"LineString","coordinates":[[35.535385583068475,33.890139282407034],[35.53551328848924,33.890114831577904],[35.53554271210625,33.890150238999354],[35.535496800948465,33.8902053495751],[35.535429562281564,33.89027660902326]]},"properties":{"fid":1307,"LAYER":"Road"}},
{"type":"Feature","geometry":{"type":"LineString","coordinates":[[35.535447839184656,33.889938837525094],[35.535466417635654,33.889915729333005],[35.53529735875848,33.88976372581233]]},"properties":{"fid":1308,"LAYER":"Side Walk"}},
{"type":"Feature","geometry":{"type":"LineString","coordinates":[[35.53544868069255,33.8899404980075],[35.53546847034222,33.88991492410553],[35.53529894357324,33.889762499899646]]},"properties":{"fid":1309,"LAYER":"Road"}},
{"type":"Feature","geometry":{"type":"LineString","coordinates":[[35.536045099289716,33.889764673218586],[35.53595534866029,33.889819185392625]]},"properties":{"fid":1310,"LAYER":"Wall"}},
{"type":"Feature","geometry":{"type":"LineString","coordinates":[[35.53604835199698,33.889764384425575],[35.53595493959215,33.889821121273926]]},"properties":{"fid":1311,"LAYER":"Wall"}},
{"type":"Feature","geometry":null,"properties":{"fid":1312,"LAYER":"gully"}},
{"type":"Feature","geometry":{"type":"LineString","coordinates":[[35.536026686142066,33.88970737885964],[35.535927793655226,33.88965906298263],[35.53593540595703,33.889647056737],[35.5358011648582,33.889569193139096]]},"properties":{"fid":1313,"LAYER":"Road"}},
{"type":"Feature","geometry":{"type":"LineString","coordinates":[[35.53618339327678,33.88940616334415],[35.536158990161304,33.88949591681399],[35.536099958467126,33.88958439158047],[35.536040224918516,33.88970612605417],[35.53592931388789,33.88965379540899]]},"properties":{"fid":1314,"LAYER":"building"}},
{"type":"Feature","geometry":{"type":"LineString","coordinates":[[35.536393311832825,33.88938909586973],[35.53635777228355,33.889522327898135],[35.53641016524461,33.889532407777075],[35.53638817146381,33.88966780539593],[35.536435769309,33.88970590195152],[35.536718159951036,33.88965548142891]]},"properties":{"fid":1315,"LAYER":"building"}},
{"type":"Feature","geometry":{"type":"LineString","coordinates":[[35.536045099289716,33.889764673218586],[35.53599660313618,33.889736052692044]]},"properties":{"fid":1316,"LAYER":"Wall"}},
{"type":"Feature","geometry":{"type":"LineString","coordinates":[[35.53604835199698,33.889764384425575],[35.53599785177546,33.889734581177876]]},"properties":{"fid":1317,"LAYER":"Wall"}},
{"type":"Feature","geometry":null,"properties":{"fid":1318,"LAYER":"gully"}},
{"type":"Feature","geometry":{"type":"LineString","coordinates":[[35.53598743593886,33.88973124053216],[35.535837765711605,33.88965201283181]]},"properties":{"fid":1319,"LAYER":"Wall"}},
{"type":"Feature","geometry":{"type":"LineString","coordinates":[[35.53598859432565,33.88972971854509],[35.53583892409986,33.88965049084623]]},"properties":{"fid":1320,"LAYER":"Wall"}},
{"type":"Feature","geometry":null,"properties":{"fid":1321,"LAYER":"gully"}},
{"type":"Feature","geometry":null,"properties":{"fid":1322,"LAYER":"gully"}},
{"type":"Feature","geometry":{"type":"LineString","coordinates":[[35.536218003780675,33.89028724232847],[35.536204348463905,33.890273583215155],[35.536240627051484,33.89005910214979],[35.53629187185353,33.890056684007504],[35.53651797068815,33.89014743648323],[35.536611302725674,33.89017839824071]]},"properties":{"fid":1323,"LAYER":"Side Walk"}},
{"type":"Feature","geometry":{"type":"LineString","coordinates":[[35.53620319190692,33.89027869011166],[35.5362177502418,33.89028838030277]]},"properties":{"fid":1324,"LAYER":"Road"}},
{"type":"Feature","geometry":{"type":"LineString","coordinates":[[35.53661248534199,33.89012196460329],[35.53661410362354,33.89011104494673]]},"properties":{"fid":1325,"LAYER":"Road"}},
{"type":"Feature","geometry":null,"properties":{"fid":1326,"LAYER":"Side Walk"}},
{"type":"Feature","geometry":{"type":"LineString","coordinates":[[35.53661410362354,33.89011104494673],[35.53661248534199,33.89012196460329]]},"properties":{"fid":1327,"LAYER":"Road"}},
{"type":"Feature","geometry":{"type":"LineString","coordinates":[[35.53620319190692,33.89027869011166],[35.53624021196899,33.890058431566224],[35.536292209437505,33.890056116702674],[35.53651837422006,33.89014684405748],[35.53661183214811,33.89017738561585]]},"properties":{"fid":1328,"LAYER":"Road"}},
{"type":"Feature","geometry":{"type":"LineString","coordinates":[[35.5361087117038,33.89028720684364],[35.53611757722462,33.89028803545204]]},"properties":{"fid":1329,"LAYER":"Side Walk"}},
{"type":"Feature","geometry":{"type":"LineString","coordinates":[[35.53610742854692,33.89028762912567],[35.53614442609205,33.8900830180274],[35.536156000680535,33.89008243805999],[35.536119079749724,33.89028805252855]]},"properties":{"fid":1330,"LAYER":"Road"}},
{"type":"Feature","geometry":{"type":"LineString","coordinates":[[35.53602880028043,33.890264963515136],[35.53605194339157,33.89013770787015]]},"properties":{"fid":1331,"LAYER":"Side Walk"}},
{"type":"Feature","geometry":{"type":"LineString","coordinates":[[35.53579492080505,33.89005552517244],[35.53600695763338,33.890012924484054],[35.536079266591074,33.89004923973608],[35.53605194339157,33.89013770787015]]},"properties":{"fid":1332,"LAYER":"Side Walk"}},
{"type":"Feature","geometry":{"type":"LineString","coordinates":[[35.53606031823095,33.890049007844944],[35.53601683824217,33.89027318025691]]},"properties":{"fid":1333,"LAYER":"building"}},
{"type":"Feature","geometry":{"type":"LineString","coordinates":[[35.53606031823095,33.890049007844944],[35.53603545768701,33.89003025750924],[35.535778798265326,33.8900805664976]]},"properties":{"fid":1334,"LAYER":"building"}},
{"type":"Feature","geometry":null,"properties":{"fid":1335,"LAYER":"manhole"}},
{"type":"Feature","geometry":null,"properties":{"fid":1336,"LAYER":"manhole"}},
{"type":"Feature","geometry":null,"properties":{"fid":1337,"LAYER":"manhole"}},
{"type":"Feature","geometry":null,"properties":{"fid":1338,"LAYER":"Sewer Manhole"}},
{"type":"Feature","geometry":{"type":"LineString","coordinates":[[35.53579416023309,33.890055096972226],[35.536006753103635,33.89001213381751],[35.53608058092474,33.890049359514],[35.53602994057228,33.89026561932529]]},"properties":{"fid":1339,"LAYER":"Road"}},
{"type":"Feature","geometry":null,"properties":{"fid":1340,"LAYER":"Road"}},
{"type":"Feature","geometry":{"type":"LineString","coordinates":[[35.536026686142066,33.88970737885964],[35.536072083028365,33.88970873036512],[35.53609312163827,33.889704279622926],[35.536154303106144,33.889657346689546],[35.53616560827248,33.88956660422474],[35.53621956917119,33.889341350654185]]},"properties":{"fid":1341,"LAYER":"Road"}},
{"type":"Feature","geometry":{"type":"LineString","coordinates":[[35.53630189896136,33.88937691537303],[35.536295427552,33.88937485590917]]},"properties":{"fid":1342,"LAYER":"Side Walk"}},
{"type":"Feature","geometry":{"type":"LineString","coordinates":[[35.53630401739775,33.889377273747556],[35.53621010952842,33.88979428086753],[35.53619884865085,33.889796908363444],[35.53625602343083,33.88952756477664],[35.53629330923902,33.88937449702785]]},"properties":{"fid":1343,"LAYER":"Road"}},
{"type":"Feature","geometry":null,"properties":{"fid":1344,"LAYER":"gully"}},
{"type":"Feature","geometry":null,"properties":{"fid":1345,"LAYER":"manhole"}},
{"type":"Feature","geometry":{"type":"LineString","coordinates":[[35.53749050050198,33.88996309149113],[35.53769467513222,33.88992430658932]]},"properties":{"fid":1346,"LAYER":"Side Walk"}},
{"type":"Feature","geometry":null,"properties":{"fid":1347,"LAYER":"new jersey"}},
{"type":"Feature","geometry":{"type":"LineString","coordinates":[[35.53780470766218,33.88989372462873],[35.53781227813952,33.889918385807206],[35.5378230452668,33.8899196967717],[35.53804371706664,33.889875618597245]]},"properties":{"fid":1348,"LAYER":"Side Walk"}},
{"type":"Feature","geometry":{"type":"LineString","coordinates":[[35.53770165810378,33.88981934929846],[35.53768542087362,33.88973032760657]]},"properties":{"fid":1349,"LAYER":"Side Walk"}},
{"type":"Feature","geometry":{"type":"LineString","coordinates":[[35.53770165810378,33.88981934929846],[35.537698954587434,33.88985832239761],[35.53767957095881,33.88987681967913],[35.53767550790864,33.88988519634725],[35.53748316273845,33.88992120795596]]},"properties":{"fid":1350,"LAYER":"Side Walk"}},
{"type":"Feature","geometry":null,"properties":{"fid":1351,"LAYER":"Sewer Manhole"}},
{"type":"Feature","geometry":null,"properties":{"fid":1352,"LAYER":"new jersey"}},
{"type":"Feature","geometry":{"type":"LineString","coordinates":[[35.53769467513222,33.88992430658932],[35.53772196233043,33.88997012190054]]},"properties":{"fid":1353,"LAYER":"Side Walk"}},
{"type":"Feature","geometry":{"type":"LineString","coordinates":[[35.53771152767721,33.89002388484086],[35.53772704464978,33.89003341359836],[35.53773723887497,33.8901336076601]]},"properties":{"fid":1354,"LAYER":"Side Walk"}},
{"type":"Feature","geometry":null,"properties":{"fid":1355,"LAYER":"new jersey"}},
{"type":"Feature","geometry":null,"properties":{"fid":1356,"LAYER":"water Manhole"}},
{"type":"Feature","geometry":null,"properties":{"fid":1357,"LAYER":"water Manhole"}},
{"type":"Feature","geometry":null,"properties":{"fid":1358,"LAYER":"Sewer Manhole"}},
{"type":"Feature","geometry":null,"properties":{"fid":1359,"LAYER":"manhole"}},
{"type":"Feature","geometry":null,"properties":{"fid":1360,"LAYER":"manhole"}},
{"type":"Feature","geometry":{"type":"LineString","coordinates":[[35.53803805477311,33.889874854680066],[35.53781619800517,33.88990649585591],[35.53781263603311,33.889885961271034]]},"properties":{"fid":1361,"LAYER":"Wall"}},
{"type":"Feature","geometry":{"type":"LineString","coordinates":[[35.53803842047326,33.88987663139096],[35.537814376000235,33.88990858329414],[35.53781049670679,33.88988621936508]]},"properties":{"fid":1362,"LAYER":"Wall"}},
{"type":"Feature","geometry":{"type":"LineString","coordinates":[[35.538411222412165,33.88980099749937],[35.53838658433772,33.88983905099825],[35.53804371706664,33.889875618597245]]},"properties":{"fid":1363,"LAYER":"Side Walk"}},
{"type":"Feature","geometry":{"type":"LineString","coordinates":[[35.53778783495193,33.88986046299054],[35.53777233297248,33.889850228306464],[35.53775983460605,33.88971350118162]]},"properties":{"fid":1364,"LAYER":"Road"}},
{"type":"Feature","geometry":{"type":"LineString","coordinates":[[35.538437257048635,33.889893082799055],[35.53842151702613,33.88987719890096],[35.53816267506533,33.88991238698435],[35.538140199428646,33.88993858596016],[35.53816519709482,33.890009241208666]]},"properties":{"fid":1365,"LAYER":"Road"}},
{"type":"Feature","geometry":{"type":"LineString","coordinates":[[35.53796058032286,33.8897965212283],[35.53789957770083,33.88984836678174],[35.53784410094801,33.88987707777463],[35.53780965458682,33.889886185622075],[35.53780383503954,33.889893644894805],[35.53780929255348,33.88991807543015],[35.5378169149452,33.88992170842406],[35.53803841350253,33.88987910241048],[35.53839263061927,33.889839030064]]},"properties":{"fid":1366,"LAYER":"Road"}},
{"type":"Feature","geometry":{"type":"LineString","coordinates":[[35.53778783495193,33.88986046299054],[35.537805461491764,33.88985972684288],[35.53787647164131,33.889833908299885],[35.537947038268236,33.88976578458744]]},"properties":{"fid":1367,"LAYER":"Road"}},
{"type":"Feature","geometry":{"type":"LineString","coordinates":[[35.53748225505584,33.88992247103119],[35.537669398582295,33.88988747918068],[35.53767706284066,33.88988576510628],[35.537680646831596,33.88987746456348],[35.537696810058435,33.88986499647254],[35.53770257394365,33.889849614731745],[35.53770263448299,33.8898200453759],[35.53768658858614,33.889729856921605]]},"properties":{"fid":1368,"LAYER":"Road"}},
{"type":"Feature","geometry":{"type":"LineString","coordinates":[[35.53773893051409,33.89012555820501],[35.537721327037694,33.88993452470265],[35.53769438592398,33.88992321581018],[35.53749011126934,33.88996180837425]]},"properties":{"fid":1369,"LAYER":"Road"}},
{"type":"Feature","geometry":{"type":"LineString","coordinates":[[35.53812391286383,33.89000592646716],[35.53807596925676,33.88992556182481],[35.53781508233777,33.88996230355145],[35.53779332926298,33.88998624185323],[35.537804027019554,33.89011454549789],[35.53780470494296,33.89014299308334]]},"properties":{"fid":1370,"LAYER":"Road"}},
{"type":"Feature","geometry":{"type":"LineString","coordinates":[[35.538415357547144,33.88980180805654],[35.53839263061927,33.889839030064]]},"properties":{"fid":1371,"LAYER":"Road"}},
{"type":"Feature","geometry":{"type":"LineString","coordinates":[[35.536354934620604,33.88973689486655],[35.53635389432175,33.88973316817336],[35.536352980126345,33.889729918763344]]},"properties":{"fid":1372,"LAYER":"stairs"}},
{"type":"Feature","geometry":{"type":"LineString","coordinates":[[35.53671579527599,33.889663483416875],[35.53635389720975,33.889733170757665]]},"properties":{"fid":1373,"LAYER":"stairs"}},
{"type":"Feature","geometry":{"type":"LineString","coordinates":[[35.53672194112112,33.88966622391155],[35.536354934620604,33.88973689486655]]},"properties":{"fid":1374,"LAYER":"stairs"}},
{"type":"Feature","geometry":{"type":"LineString","coordinates":[[35.53672033529622,33.88966027496432],[35.53672194112112,33.88966622391155]]},"properties":{"fid":1375,"LAYER":"stairs"}},
{"type":"Feature","geometry":{"type":"LineString","coordinates":[[35.536352980126345,33.889729918763344],[35.53671493714519,33.88966130287469],[35.53672033529622,33.88966027496432]]},"properties":{"fid":1376,"LAYER":"stairs"}},
{"type":"Feature","geometry":{"type":"LineString","coordinates":[[35.53671493714519,33.88966130287469],[35.53671579527599,33.889663483416875]]},"properties":{"fid":1377,"LAYER":"stairs"}},
{"type":"Feature","geometry":null,"properties":{"fid":1378,"LAYER":"clotted texture"}},
{"type":"Feature","geometry":null,"properties":{"fid":1379,"LAYER":"flower bed"}},
{"type":"Feature","geometry":{"type":"LineString","coordinates":[[35.53977640420795,33.88910942254563],[35.53977164697125,33.88911025153341]]},"properties":{"fid":1380,"LAYER":"flower bed"}},
{"type":"Feature","geometry":{"type":"LineString","coordinates":[[35.53977408567475,33.88911957341842],[35.53977887234244,33.88911870108412]]},"properties":{"fid":1381,"LAYER":"flower bed"}},
{"type":"Feature","geometry":{"type":"LineString","coordinates":[[35.53977412412308,33.88911957914447],[35.53977166744146,33.88911033940432]]},"properties":{"fid":1382,"LAYER":"flower bed"}},
{"type":"Feature","geometry":{"type":"LineString","coordinates":[[35.53977887234244,33.88911870108412],[35.53977641566034,33.88910946134403]]},"properties":{"fid":1383,"LAYER":"flower bed"}},
{"type":"Feature","geometry":null,"properties":{"fid":1384,"LAYER":"flower bed"}},
{"type":"Feature","geometry":null,"properties":{"fid":1385,"LAYER":"flower bed"}},
{"type":"Feature","geometry":null,"properties":{"fid":1386,"LAYER":"flower bed"}},
{"type":"Feature","geometry":null,"properties":{"fid":1387,"LAYER":"flower bed"}},
{"type":"Feature","geometry":{"type":"LineString","coordinates":[[35.539683016678715,33.88912683179201],[35.53968774437887,33.889125892603616]]},"properties":{"fid":1388,"LAYER":"flower bed"}},
{"type":"Feature","geometry":{"type":"LineString","coordinates":[[35.539690297105885,33.889135193232185],[35.539685520645165,33.889136103650486]]},"properties":{"fid":1389,"LAYER":"flower bed"}},
{"type":"Feature","geometry":{"type":"LineString","coordinates":[[35.53969026524041,33.8891352120661],[35.53968777071978,33.889125979380104]]},"properties":{"fid":1390,"LAYER":"flower bed"}},
{"type":"Feature","geometry":{"type":"LineString","coordinates":[[35.539685520645165,33.889136103650486],[35.539683026125005,33.88912687096436]]},"properties":{"fid":1391,"LAYER":"flower bed"}},
{"type":"Feature","geometry":{"type":"LineString","coordinates":[[35.537795825268695,33.88965906692091],[35.537807326529126,33.88965663573576],[35.538050276908066,33.8896153990672],[35.538451323403045,33.88954757875099],[35.53906692336411,33.88944304228474],[35.5394990949574,33.88937081076506]]},"properties":{"fid":1392,"LAYER":"Wall"}},
{"type":"Feature","geometry":{"type":"LineString","coordinates":[[35.5394990949574,33.88937081076506],[35.53933128248947,33.889401619675574],[35.53906954476794,33.889445247719806],[35.538453099567086,33.889550336608416],[35.53805075105153,33.889618001458835],[35.53780774118125,33.88965911011473],[35.53779617990198,33.88966116975612]]},"properties":{"fid":1393,"LAYER":"Wall"}},
{"type":"Feature","geometry":{"type":"LineString","coordinates":[[35.541863132252864,33.888737630200254],[35.54186361705967,33.88874071040425]]},"properties":{"fid":1394,"LAYER":"new jersey"}},
{"type":"Feature","geometry":{"type":"LineString","coordinates":[[35.5418738189903,33.8887395935923],[35.541873334183144,33.88873651338835]]},"properties":{"fid":1395,"LAYER":"new jersey"}},
{"type":"Feature","geometry":{"type":"LineString","coordinates":[[35.54186361705967,33.88874071040425],[35.5418738189903,33.8887395935923]]},"properties":{"fid":1396,"LAYER":"new jersey"}},
{"type":"Feature","geometry":{"type":"LineString","coordinates":[[35.541863132252864,33.888737630200254],[35.541873334183144,33.88873651338835]]},"properties":{"fid":1397,"LAYER":"new jersey"}},
{"type":"Feature","geometry":{"type":"LineString","coordinates":[[35.5418784377728,33.888737303409755],[35.54187888215677,33.888740370563305]]},"properties":{"fid":1398,"LAYER":"new jersey"}},
{"type":"Feature","geometry":{"type":"LineString","coordinates":[[35.541886808245,33.888739367390464],[35.54188636386074,33.888736300236936]]},"properties":{"fid":1399,"LAYER":"new jersey"}},
{"type":"Feature","geometry":{"type":"LineString","coordinates":[[35.541886808245,33.888739367390464],[35.54187888215677,33.888740370563305]]},"properties":{"fid":1400,"LAYER":"new jersey"}},
{"type":"Feature","geometry":{"type":"LineString","coordinates":[[35.54188636386074,33.888736300236936],[35.5418784377728,33.888737303409755]]},"properties":{"fid":1401,"LAYER":"new jersey"}},
{"type":"Feature","geometry":null,"properties":{"fid":1402,"LAYER":"new jersey"}},
{"type":"Feature","geometry":null,"properties":{"fid":1403,"LAYER":"new jersey"}},
{"type":"Feature","geometry":null,"properties":{"fid":1404,"LAYER":"new jersey"}},
{"type":"Feature","geometry":null,"properties":{"fid":1405,"LAYER":"new jersey"}},
{"type":"Feature","geometry":null,"properties":{"fid":1406,"LAYER":"new jersey"}},
{"type":"Feature","geometry":null,"properties":{"fid":1407,"LAYER":"new jersey"}},
{"type":"Feature","geometry":null,"properties":{"fid":1408,"LAYER":"new jersey"}},
{"type":"Feature","geometry":null,"properties":{"fid":1409,"LAYER":"new jersey"}},
{"type":"Feature","geometry":null,"properties":{"fid":1410,"LAYER":"new jersey"}},
{"type":"Feature","geometry":{"type":"LineString","coordinates":[[35.54150684695735,33.88889382955148],[35.541519022977845,33.88889057869408]]},"properties":{"fid":1411,"LAYER":"CROP DIDEWALK FOR DISABLED PEOLE"}},
{"type":"Feature","geometry":null,"properties":{"fid":1412,"LAYER":"clotted texture"}},
{"type":"Feature","geometry":null,"properties":{"fid":1413,"LAYER":"clotted texture"}},
{"type":"Feature","geometry":{"type":"LineString","coordinates":[[35.541780913348205,33.88870840924816],[35.54168499202093,33.88871645496402]]},"properties":{"fid":1414,"LAYER":"Fence"}},
{"type":"Feature","geometry":{"type":"LineString","coordinates":[[35.541843603001055,33.88862484615424],[35.54186572434106,33.88870011865983],[35.54182457842849,33.88870414306667]]},"properties":{"fid":1415,"LAYER":"Fence"}},
{"type":"Feature","geometry":{"type":"LineString","coordinates":[[35.541867182840754,33.88874441407948],[35.541874483585254,33.88874252725642]]},"properties":{"fid":1416,"LAYER":"clotted texture"}},
{"type":"Feature","geometry":{"type":"LineString","coordinates":[[35.5418925815057,33.888791196071004],[35.54188522003678,33.88879321270938]]},"properties":{"fid":1417,"LAYER":"clotted texture"}},
{"type":"Feature","geometry":{"type":"LineString","coordinates":[[35.5418925815057,33.888791196071004],[35.541874483585254,33.88874252725642]]},"properties":{"fid":1418,"LAYER":"clotted texture"}},
{"type":"Feature","geometry":{"type":"LineString","coordinates":[[35.54188522003678,33.88879321270938],[35.541867182840754,33.88874441407948]]},"properties":{"fid":1419,"LAYER":"clotted texture"}},
{"type":"Feature","geometry":{"type":"LineString","coordinates":[[35.54507504073076,33.88782996799536],[35.545074411841384,33.88782674373988]]},"properties":{"fid":1420,"LAYER":"new jersey"}},
{"type":"Feature","geometry":{"type":"LineString","coordinates":[[35.54508315723417,33.88782897697134],[35.54508252834447,33.88782575271589]]},"properties":{"fid":1421,"LAYER":"new jersey"}},
{"type":"Feature","geometry":{"type":"LineString","coordinates":[[35.54507504073076,33.88782996799536],[35.54508315723417,33.88782897697134]]},"properties":{"fid":1422,"LAYER":"new jersey"}},
{"type":"Feature","geometry":{"type":"LineString","coordinates":[[35.545074411841384,33.88782674373988],[35.54508252834447,33.88782575271589]]},"properties":{"fid":1423,"LAYER":"new jersey"}},
{"type":"Feature","geometry":null,"properties":{"fid":1424,"LAYER":"bomb speed"}},
{"type":"Feature","geometry":null,"properties":{"fid":1425,"LAYER":"CROP DIDEWALK FOR DISABLED PEOLE"}},
{"type":"Feature","geometry":{"type":"LineString","coordinates":[[35.545337916295786,33.88762275948768],[35.54534522017052,33.88763381084629]]},"properties":{"fid":1426,"LAYER":"bomb speed"}},
{"type":"Feature","geometry":{"type":"LineString","coordinates":[[35.54538917405003,33.88759919721123],[35.54539647792966,33.887610248566986]]},"properties":{"fid":1427,"LAYER":"bomb speed"}},
{"type":"Feature","geometry":{"type":"LineString","coordinates":[[35.545337916295786,33.88762275948768],[35.54538917405003,33.88759919721123]]},"properties":{"fid":1428,"LAYER":"bomb speed"}},
{"type":"Feature","geometry":{"type":"LineString","coordinates":[[35.54534522017052,33.88763381084629],[35.54539647792966,33.887610248566986]]},"properties":{"fid":1429,"LAYER":"bomb speed"}},
{"type":"Feature","geometry":null,"properties":{"fid":1430,"LAYER":"gully"}},
{"type":"Feature","geometry":{"type":"LineString","coordinates":[[35.54006273165109,33.88982017462582],[35.540064231001,33.88982308668118]]},"properties":{"fid":1453,"LAYER":"manhole"}},
{"type":"Feature","geometry":{"type":"LineString","coordinates":[[35.54005886287412,33.88982190100246],[35.540060362223905,33.88982481305787]]},"properties":{"fid":1454,"LAYER":"manhole"}},
{"type":"Feature","geometry":{"type":"LineString","coordinates":[[35.540064231001,33.88982308668118],[35.540060362223905,33.88982481305787]]},"properties":{"fid":1455,"LAYER":"manhole"}},
{"type":"Feature","geometry":{"type":"LineString","coordinates":[[35.54005886287412,33.88982190100246],[35.54006273165109,33.88982017462582]]},"properties":{"fid":1456,"LAYER":"manhole"}},
{"type":"Feature","geometry":{"type":"LineString","coordinates":[[35.540574588545994,33.889943781404085],[35.54057121214048,33.889931812500016]]},"properties":{"fid":1457,"LAYER":"entrance"}},
{"type":"Feature","geometry":{"type":"LineString","coordinates":[[35.540561225632466,33.88994676251189],[35.54055630957988,33.8899338176978]]},"properties":{"fid":1458,"LAYER":"entrance"}},
{"type":"Feature","geometry":{"type":"LineString","coordinates":[[35.54021302331295,33.88995398978074],[35.54028401133154,33.88992888133021]]},"properties":{"fid":1459,"LAYER":"Side Walk"}},
{"type":"Feature","geometry":{"type":"LineString","coordinates":[[35.540299555165625,33.889992230120235],[35.54029887269055,33.88998931087968],[35.54038767092084,33.889977801246324],[35.54050832333856,33.88994976514989],[35.54061771327921,33.88992183145113]]},"properties":{"fid":1460,"LAYER":"Road"}},
{"type":"Feature","geometry":{"type":"LineString","coordinates":[[35.53966851079405,33.890002021131146],[35.53971745038315,33.88997785207445]]},"properties":{"fid":1461,"LAYER":"Road"}},
{"type":"Feature","geometry":{"type":"LineString","coordinates":[[35.53953506466508,33.88903410544967],[35.539272768671935,33.889098384234345],[35.53930021970244,33.889173676932536],[35.539556916522606,33.88911638407387],[35.53953506466508,33.88903410544967]]},"properties":{"fid":10838,"LAYER":"buildings"}},
{"type":"Feature","geometry":{"type":"LineString","coordinates":[[35.539668997145846,33.88902064776965],[35.53975611531879,33.88900254623519],[35.539775458908714,33.88908892136291],[35.5396890049851,33.88910322109057]]},"properties":{"fid":10839,"LAYER":"buildings"}},
{"type":"Feature","geometry":{"type":"LineString","coordinates":[[35.541621936014124,33.88873337099606],[35.54140713274186,33.88849433171571],[35.5413912248621,33.88844156587669],[35.541533054822104,33.888399040440255],[35.54157770291924,33.88855139029921],[35.54164689641694,33.8885904931416],[35.541687788697466,33.88872706176357],[35.541621936014124,33.88873337099606]]},"properties":{"fid":10840,"LAYER":"buildings"}},
{"type":"Feature","geometry":{"type":"LineString","coordinates":[[35.541902688405905,33.88853993510239],[35.54208545082883,33.88849888616221],[35.542121311983195,33.88864428076238],[35.54194261208984,33.888685237170584],[35.541902688405905,33.88853993510239]]},"properties":{"fid":10841,"LAYER":"buildings"}},
{"type":"Feature","geometry":{"type":"LineString","coordinates":[[35.54213203282576,33.88889421897395],[35.54201610750325,33.88891580548311],[35.54204041518379,33.88900011869723],[35.54215116529204,33.888973240628125],[35.54213203282576,33.88889421897395]]},"properties":{"fid":10842,"LAYER":"buildings"}},
{"type":"Feature","geometry":{"type":"LineString","coordinates":[[35.54181199204487,33.88905713557344],[35.54185291862503,33.88904097876579],[35.54196683596381,33.88901839944758],[35.54192581739933,33.88895177736087],[35.541787937297755,33.88896952925882]]},"properties":{"fid":10843,"LAYER":"buildings"}},
{"type":"Feature","geometry":{"type":"LineString","coordinates":[[35.539659349254265,33.889018954253906],[35.539643590758466,33.888950649727754],[35.53970808752534,33.888934329750015],[35.53972582671841,33.88900778905069],[35.539659349254265,33.889018954253906]]},"properties":{"fid":10844,"LAYER":"buildings"}},
{"type":"Feature","geometry":{"type":"LineString","coordinates":[[35.53931328037239,33.888952735499416],[35.53934597323928,33.889071187955956],[35.53951739269395,33.8890327524248],[35.53950753305257,33.88897191955942],[35.53945654645472,33.88894065253645],[35.53931328037239,33.888952735499416]]},"properties":{"fid":10845,"LAYER":"buildings"}},
{"type":"Feature","geometry":{"type":"LineString","coordinates":[[35.53930287725871,33.888890475896936],[35.53945642685724,33.88888597429384],[35.53948038508696,33.88886050402846],[35.53944697592128,33.888766017637685],[35.53941125682285,33.88860761334451],[35.539322584415636,33.88862152022965],[35.539307442548555,33.88866154126547],[35.5393248156788,33.88875701956296],[35.53928326729275,33.88875580024501],[35.53930287725871,33.888890475896936]]},"properties":{"fid":10846,"LAYER":"buildings"}},
{"type":"Feature","geometry":{"type":"LineString","coordinates":[[35.539534376261415,33.888768623816894],[35.5397058984394,33.88874145122831],[35.53973456149658,33.88882893713963],[35.53964607743253,33.888849673063866],[35.53956023110209,33.888864551727615],[35.53955176205166,33.88886099320649],[35.539534376261415,33.888768623816894]]},"properties":{"fid":10847,"LAYER":"buildings"}},
{"type":"Feature","geometry":{"type":"LineString","coordinates":[[35.539534376261415,33.888768623816894],[35.53951403712391,33.88868832546085],[35.53948367410129,33.88860210504746],[35.53970612875184,33.88855915491162],[35.53974339128487,33.888714197183404],[35.539534376261415,33.888768623816894]]},"properties":{"fid":10848,"LAYER":"buildings"}},
{"type":"Feature","geometry":{"type":"LineString","coordinates":[[35.53940033036782,33.888581512893964],[35.539363097966394,33.888452800451205],[35.53915991419466,33.88850027539815],[35.53918518167544,33.88864409020755],[35.53940033036782,33.888581512893964]]},"properties":{"fid":10849,"LAYER":"buildings"}},
{"type":"Feature","geometry":{"type":"LineString","coordinates":[[35.539468278212915,33.88856921412861],[35.53943343890347,33.88846143398011],[35.53944947884638,33.88843684914862],[35.539676816651955,33.88840398144245],[35.539704101726805,33.888535242403826],[35.539468278212915,33.88856921412861]]},"properties":{"fid":10850,"LAYER":"buildings"}},
{"type":"Feature","geometry":{"type":"LineString","coordinates":[[35.539337384207016,33.88839584438065],[35.53928983556362,33.88819391050712],[35.53906164779262,33.888226930322126],[35.53910708909409,33.888445346108796],[35.539337384207016,33.88839584438065]]},"properties":{"fid":10851,"LAYER":"buildings"}},
{"type":"Feature","geometry":{"type":"LineString","coordinates":[[35.53950362603062,33.88816141285661],[35.53951803201545,33.88821467483308],[35.539489025776305,33.88824407224455],[35.539404296029325,33.888255838949775],[35.539407675182304,33.888177268333806],[35.53950362603062,33.88816141285661],[35.53961469225067,33.88815173146306]]},"properties":{"fid":10852,"LAYER":"buildings"}},
{"type":"Feature","geometry":{"type":"LineString","coordinates":[[35.53962794924999,33.888363448893315],[35.539473108988894,33.88838841529664],[35.539437867183985,33.88836391107224],[35.539404296029325,33.888255838949775]]},"properties":{"fid":10853,"LAYER":"buildings"}},
{"type":"Feature","geometry":{"type":"LineString","coordinates":[[35.53955207131836,33.88809411233399],[35.53938021106456,33.88812380670392],[35.53934938185964,33.88810769960618],[35.5393102813372,33.88792064506714],[35.53952028612743,33.88789011258677],[35.53955207131836,33.88809411233399]]},"properties":{"fid":10854,"LAYER":"buildings"}},
{"type":"Feature","geometry":{"type":"LineString","coordinates":[[35.53927589231399,33.88814332225234],[35.53923094277678,33.88792420449865],[35.539019483789346,33.887977472231036],[35.538940114219514,33.88797514276907],[35.53893128426204,33.88818439336468],[35.53927589231399,33.88814332225234]]},"properties":{"fid":10855,"LAYER":"buildings"}},
{"type":"Feature","geometry":{"type":"LineString","coordinates":[[35.53961469225067,33.88815173146306],[35.539715312033074,33.88813467558359],[35.53976781866979,33.888340993914156],[35.53962794924999,33.888363448893315],[35.53961039611688,33.888304675789186]]},"properties":{"fid":10856,"LAYER":"buildings"}},
{"type":"Feature","geometry":{"type":"LineString","coordinates":[[35.53964084054973,33.88823840218843],[35.53961469225067,33.88815173146306]]},"properties":{"fid":10857,"LAYER":"buildings"}},
{"type":"Feature","geometry":{"type":"LineString","coordinates":[[35.54004427145879,33.88808128955465],[35.54009343766007,33.88829200266129],[35.53976781866979,33.888340993914156]]},"properties":{"fid":10858,"LAYER":"buildings"}},
{"type":"Feature","geometry":{"type":"LineString","coordinates":[[35.539970612536,33.88820848297508],[35.54006958335062,33.88818976963044]]},"properties":{"fid":10859,"LAYER":"buildings"}},
{"type":"Feature","geometry":{"type":"LineString","coordinates":[[35.5399788507207,33.88824220218855],[35.54000724270058,33.8882373775626],[35.540021403722484,33.88830284066204]]},"properties":{"fid":10860,"LAYER":"buildings"}},
{"type":"Feature","geometry":{"type":"LineString","coordinates":[[35.539930628206825,33.888316498397344],[35.53990591186688,33.88821367667241],[35.53996925179235,33.88820291339555]]},"properties":{"fid":10861,"LAYER":"buildings"}},
{"type":"Feature","geometry":{"type":"LineString","coordinates":[[35.53974156532244,33.888237834751244],[35.53980238679153,33.88822706892398],[35.539793879879355,33.88812192508497]]},"properties":{"fid":10862,"LAYER":"buildings"}},
{"type":"Feature","geometry":{"type":"LineString","coordinates":[[35.540090095478256,33.88827767899988],[35.540152400390596,33.88826547807028],[35.54019800883168,33.88825648316113],[35.54017960173146,33.88816665369981],[35.540068400553906,33.8881847004822]]},"properties":{"fid":10863,"LAYER":"buildings"}},
{"type":"Feature","geometry":{"type":"LineString","coordinates":[[35.54015278778474,33.88806367849297],[35.540174172143075,33.8881675348675]]},"properties":{"fid":10864,"LAYER":"buildings"}},
{"type":"Feature","geometry":{"type":"LineString","coordinates":[[35.54019123785263,33.88822343976877],[35.540297367686314,33.888206906050485],[35.54028432143827,33.888148660156126],[35.54017960173146,33.88816665369981]]},"properties":{"fid":10865,"LAYER":"buildings"}},
{"type":"Feature","geometry":{"type":"LineString","coordinates":[[35.54020788743833,33.88805473635722],[35.54023325826459,33.88815743413721]]},"properties":{"fid":10866,"LAYER":"buildings"}},
{"type":"Feature","geometry":{"type":"LineString","coordinates":[[35.53951803201545,33.88821467483308],[35.53953138081648,33.88826416144078]]},"properties":{"fid":10867,"LAYER":"buildings"}},
{"type":"Feature","geometry":{"type":"LineString","coordinates":[[35.53955273729543,33.88837713107501],[35.53954547842851,33.888340305952184],[35.53958394787301,33.8883350317922],[35.53961039611688,33.888304675789186]]},"properties":{"fid":10868,"LAYER":"buildings"}},
{"type":"Feature","geometry":{"type":"LineString","coordinates":[[35.54020788743833,33.88805473635722],[35.54026221522268,33.888041718010086],[35.540284332416,33.88814865826987]]},"properties":{"fid":10869,"LAYER":"buildings"}},
{"type":"Feature","geometry":{"type":"LineString","coordinates":[[35.54026436441367,33.888047123406636],[35.54026872304904,33.8880413208863],[35.54036398094169,33.88802409208836],[35.54035421223661,33.888138771750896],[35.54028994448215,33.88814989744149]]},"properties":{"fid":10870,"LAYER":"buildings"}},
{"type":"Feature","geometry":{"type":"LineString","coordinates":[[35.54037070225396,33.88802272713203],[35.540463314454776,33.88800786600821],[35.54051194926821,33.88801575949212],[35.54054019953685,33.88815308055978],[35.5404212950695,33.88817240493972],[35.54037070225396,33.88802272713203]]},"properties":{"fid":10871,"LAYER":"buildings"}},
{"type":"Feature","geometry":{"type":"LineString","coordinates":[[35.53955094551188,33.88789157045749],[35.539658105628355,33.88787041278306],[35.53968715974454,33.88797276295269],[35.539582673242286,33.88799339274735],[35.53955094551188,33.88789157045749]]},"properties":{"fid":10872,"LAYER":"buildings"}},
{"type":"Feature","geometry":{"type":"LineString","coordinates":[[35.539653457245215,33.888085073600685],[35.539684628093475,33.88808391317797],[35.539818191285825,33.888055668871694],[35.53977067676363,33.887846252162035],[35.53965666610059,33.88786477709696],[35.5396805407085,33.887966975280435],[35.53963347697148,33.88797744217506],[35.539653457245215,33.888085073600685]]},"properties":{"fid":10873,"LAYER":"buildings"}},
{"type":"Feature","geometry":{"type":"LineString","coordinates":[[35.53981721116162,33.888048519945634],[35.53986794721203,33.888039895345585],[35.53987083593766,33.888051714838255],[35.539980989631765,33.888031686830054],[35.53998142995404,33.88802124910997],[35.540016046949745,33.888016483574255],[35.54000025064755,33.887947542761516],[35.53989349405144,33.887938579450505],[35.539797706925725,33.88794882216699]]},"properties":{"fid":10874,"LAYER":"buildings"}},
{"type":"Feature","geometry":{"type":"LineString","coordinates":[[35.540011105735616,33.887922931169456],[35.54003411624725,33.88802572312918],[35.54009035854673,33.88801764445244],[35.540085657249115,33.8879948800812],[35.54010186185196,33.88799160869852],[35.54009157449305,33.8879077451442],[35.540011105735616,33.887922931169456]]},"properties":{"fid":10875,"LAYER":"buildings"}},
{"type":"Feature","geometry":{"type":"LineString","coordinates":[[35.5402477713315,33.887993293750355],[35.5402246854458,33.887889830759356],[35.54011758579473,33.88790645205191],[35.54014101685863,33.88801302735083],[35.5402477713315,33.887993293750355]]},"properties":{"fid":10876,"LAYER":"buildings"}},
{"type":"Feature","geometry":{"type":"LineString","coordinates":[[35.5402477713315,33.887993293750355],[35.54047482975171,33.88795266768995],[35.540483706055745,33.88793272836279],[35.54044622345135,33.887748366825114],[35.54020664088819,33.88778375416651],[35.5402246854458,33.887889830759356]]},"properties":{"fid":10877,"LAYER":"buildings"}},
{"type":"Feature","geometry":{"type":"LineString","coordinates":[[35.54020664088819,33.88778375416651],[35.54008867922184,33.887797612111925],[35.54011758579473,33.88790645205191]]},"properties":{"fid":10878,"LAYER":"buildings"}},
{"type":"Feature","geometry":{"type":"LineString","coordinates":[[35.540067942408136,33.887912204985966],[35.54004682883141,33.88781146884868],[35.53993876710472,33.88782722188892],[35.53995538657816,33.88792983111249],[35.540011105735616,33.887922931169456]]},"properties":{"fid":10879,"LAYER":"buildings"}},
{"type":"Feature","geometry":{"type":"LineString","coordinates":[[35.54056225458536,33.88792097477183],[35.5405446012957,33.887898357341896],[35.5405305949542,33.88783771835009],[35.540754667051154,33.88780172017664],[35.54077639694155,33.88790773028868],[35.540598359820045,33.88793748197008],[35.54056225458536,33.88792097477183]]},"properties":{"fid":10880,"LAYER":"buildings"}},
{"type":"Feature","geometry":{"type":"LineString","coordinates":[[35.5408041173736,33.88789208631634],[35.54077009047499,33.88777249337228],[35.54083161254727,33.8877662577921],[35.54081269974498,33.88767837302072],[35.54092023425637,33.88766227730568],[35.541027807093094,33.887669783040344],[35.54102454760717,33.88786343999633],[35.5408041173736,33.88789208631634]]},"properties":{"fid":10881,"LAYER":"buildings"}},
{"type":"Feature","geometry":{"type":"LineString","coordinates":[[35.54107708015528,33.887854697483654],[35.541199702792404,33.88783551207443],[35.54130182292589,33.887818837055804],[35.54132256004517,33.887766700888726],[35.541246001080204,33.88773494442848],[35.54121933554304,33.88777965725952],[35.54114608310862,33.88776531884499],[35.54112567205377,33.887635044144226],[35.54108304072812,33.8876337936735],[35.54107700160087,33.88777699447007],[35.541051355746035,33.887792334272035],[35.54106468133629,33.88785696200828],[35.54107708015528,33.887854697483654]]},"properties":{"fid":10882,"LAYER":"buildings"}},
{"type":"Feature","geometry":{"type":"LineString","coordinates":[[35.541383411194666,33.887798314299324],[35.54151730844978,33.88778172146467],[35.54152225769343,33.887702154774985],[35.54145073488748,33.887472679555906],[35.54110603390633,33.88750966021447],[35.54110073900164,33.88763521511126]]},"properties":{"fid":10883,"LAYER":"buildings"}},
{"type":"Feature","geometry":{"type":"LineString","coordinates":[[35.54074591158902,33.88818225215727],[35.540631368858676,33.88819932429533],[35.54060901645339,33.88811839409359],[35.54060959042149,33.888071858118956],[35.54059338453776,33.888070567362526],[35.54059017485787,33.887995903542844],[35.54069885203196,33.88797624571716],[35.54074744576659,33.88818202349345]]},"properties":{"fid":10884,"LAYER":"buildings"}},
{"type":"Feature","geometry":{"type":"LineString","coordinates":[[35.5407255035886,33.88807963000273],[35.540830791172546,33.888064685167485],[35.54080985458693,33.88795604959117],[35.54069885203196,33.88797624571716]]},"properties":{"fid":10885,"LAYER":"buildings"}},
{"type":"Feature","geometry":{"type":"LineString","coordinates":[[35.54080985458693,33.88795604959117],[35.540819041304346,33.88795358077305],[35.54090334485555,33.88793833128009],[35.540913567794405,33.88801053527846],[35.54082270260535,33.888022715308495]]},"properties":{"fid":10886,"LAYER":"buildings"}},
{"type":"Feature","geometry":{"type":"LineString","coordinates":[[35.540941128106624,33.888040903289934],[35.54092149984667,33.8879391994083],[35.54101786652933,33.88792019814767],[35.54103827527402,33.88802935572618],[35.540941128106624,33.888040903289934]]},"properties":{"fid":10887,"LAYER":"buildings"}},
{"type":"Feature","geometry":{"type":"LineString","coordinates":[[35.54102494995304,33.88793021935626],[35.54130115539556,33.887879209979445],[35.54133101481591,33.88799166458574],[35.54104533687179,33.88804151318633]]},"properties":{"fid":10888,"LAYER":"buildings"}},
{"type":"Feature","geometry":{"type":"LineString","coordinates":[[35.54130115539556,33.887879209979445],[35.541389041747,33.88785756178766],[35.54142674355904,33.887852110708536],[35.541428507599186,33.88785156718852]]},"properties":{"fid":10889,"LAYER":"buildings"}},
{"type":"Feature","geometry":{"type":"LineString","coordinates":[[35.54142872362032,33.887851573524316],[35.541564793748954,33.88782867284083],[35.54160603838241,33.88790847126419],[35.541404506435114,33.88795682818042],[35.54139142256687,33.88786612431332],[35.54138155002008,33.887859407154934]]},"properties":{"fid":10890,"LAYER":"buildings"}},
{"type":"Feature","geometry":{"type":"LineString","coordinates":[[35.541785890305704,33.887792349179776],[35.54166985892334,33.88783834375534],[35.54170691100127,33.887954739196154],[35.54183539867979,33.88793200650634],[35.54178610632672,33.88779235551495]]},"properties":{"fid":10891,"LAYER":"buildings"}},
{"type":"Feature","geometry":{"type":"LineString","coordinates":[[35.541601240187106,33.88793474127284],[35.54163414970444,33.88802916657376],[35.54148921672604,33.88806277020401],[35.541469137561386,33.88797922828518],[35.541601240187106,33.88793474127284]]},"properties":{"fid":10892,"LAYER":"buildings"}},
{"type":"Feature","geometry":{"type":"LineString","coordinates":[[35.54179808230512,33.88798164858253],[35.541717992172686,33.88800325989181],[35.54173375733757,33.888047954844595],[35.541809025773595,33.88803007059789],[35.54179808230512,33.88798164858253]]},"properties":{"fid":10893,"LAYER":"buildings"}},
{"type":"Feature","geometry":{"type":"LineString","coordinates":[[35.54173375715479,33.88804795477338],[35.5417658668761,33.88813882017064],[35.541783872172154,33.88814323250373],[35.541851495827345,33.88812444229048],[35.54181587373763,33.88802961454582]]},"properties":{"fid":10894,"LAYER":"buildings"}},
{"type":"Feature","geometry":{"type":"LineString","coordinates":[[35.54166470841863,33.888088985955214],[35.541550571320705,33.88810426901103],[35.54156249815947,33.88816407776939],[35.54152048059687,33.888175389468884],[35.54152666836531,33.88825247283578],[35.541690448305935,33.88822006755946],[35.541653582802645,33.88809047568973]]},"properties":{"fid":10895,"LAYER":"buildings"}},
{"type":"Feature","geometry":{"type":"LineString","coordinates":[[35.54180922983539,33.888263083521636],[35.54185557667481,33.888252694109866],[35.54186588560395,33.88828204695007],[35.5419480162463,33.888261984568466],[35.54191186826557,33.88815905982829],[35.541787960849305,33.888187475859745],[35.54179930524096,33.8882182131726],[35.54178992391182,33.88822370695823],[35.54179375370418,33.88823706849519],[35.541798210705316,33.888236179959],[35.54180922983539,33.888263083521636]]},"properties":{"fid":10896,"LAYER":"buildings"}},
{"type":"Feature","geometry":{"type":"LineString","coordinates":[[35.54171470973426,33.888244143646816],[35.541557521087164,33.88827153502758],[35.541685369923954,33.8883379785849],[35.541745698731255,33.888321076866596],[35.54171470973426,33.888244143646816]]},"properties":{"fid":10897,"LAYER":"buildings"}},
{"type":"Feature","geometry":{"type":"LineString","coordinates":[[35.54212544592066,33.88827090389446],[35.54184332768314,33.88834554066068],[35.541861440227045,33.88840200809555],[35.542153419432985,33.88833686805457],[35.54212544592066,33.88827090389446]]},"properties":{"fid":10898,"LAYER":"buildings"}},
{"type":"Feature","geometry":{"type":"LineString","coordinates":[[35.541902688405905,33.88853993510239],[35.54208545082883,33.88849888616221],[35.542194776171044,33.88845282735745],[35.542174437099106,33.88839051767594],[35.5418830570545,33.88847154771451],[35.541902688405905,33.88853993510239]]},"properties":{"fid":10899,"LAYER":"buildings"}},
{"type":"Feature","geometry":{"type":"LineString","coordinates":[[35.542042049877594,33.88901000761303],[35.54206225408403,33.88906480988066],[35.54207210366836,33.88906281688942],[35.54210840180275,33.8890710277116],[35.542177077154406,33.88905291477685],[35.542163638374525,33.88900977183509],[35.542105702305754,33.88899574402243],[35.542042049877594,33.88901000761303]]},"properties":{"fid":10900,"LAYER":"buildings"}},
{"type":"Feature","geometry":{"type":"LineString","coordinates":[[35.5420743925702,33.889111224947456],[35.54210964860895,33.88918596166571],[35.54220630971257,33.889163387321716],[35.54220203794547,33.88908434134804],[35.5420743925702,33.889111224947456]]},"properties":{"fid":10901,"LAYER":"buildings"}},
{"type":"Feature","geometry":{"type":"LineString","coordinates":[[35.54211196552295,33.88920663592438],[35.54212392489244,33.8892521608229],[35.5421680485098,33.889241899450184],[35.54221170855207,33.88924521773712],[35.54217467573251,33.889192857830366],[35.54211196552295,33.88920663592438]]},"properties":{"fid":10902,"LAYER":"buildings"}},
{"type":"Feature","geometry":{"type":"LineString","coordinates":[[35.54220121998173,33.889376116717735],[35.54218086963559,33.88930228059086],[35.54213700460246,33.889312635572054],[35.54216044248773,33.88938427558221],[35.54220121998173,33.889376116717735]]},"properties":{"fid":10903,"LAYER":"buildings"}},
{"type":"Feature","geometry":{"type":"LineString","coordinates":[[35.54220121998173,33.889376116717735],[35.54225764639525,33.88936483517524],[35.54223855381705,33.88927313853385],[35.54218086963559,33.88930228059086]]},"properties":{"fid":10904,"LAYER":"buildings"}},
{"type":"Feature","geometry":{"type":"LineString","coordinates":[[35.54216025312031,33.88938986275871],[35.542190697889275,33.889448820266004],[35.542212763634275,33.88945924397621],[35.54227849763325,33.88946388131249],[35.54246545554874,33.88942227160515],[35.54246272129943,33.88941284509466],[35.54248301085293,33.8894082234303],[35.54245832240738,33.88934372323387],[35.54227249134157,33.889403845823125],[35.5422622538734,33.889365349006205],[35.54216025312031,33.88938986275871]]},"properties":{"fid":10905,"LAYER":"buildings"}},
{"type":"Feature","geometry":{"type":"LineString","coordinates":[[35.542295334422775,33.88952791849087],[35.54222362418398,33.88954837090379],[35.54221795015267,33.88955075997899],[35.54221432705493,33.88955335228249],[35.54221277558406,33.8895548685163],[35.542212301259845,33.88955540267704],[35.54221142028666,33.88955651033327],[35.54221101468652,33.889557082510045],[35.54221063299714,33.88955766601575],[35.54220801422248,33.88956728092428],[35.54221934573277,33.8895964661987],[35.542228643182426,33.88959474932212],[35.54224147373038,33.88959351297159],[35.54223527698192,33.88961397531145],[35.5422468067668,33.88964519768608],[35.54232853251995,33.88963639247542],[35.542295334422775,33.88952791849087]]},"properties":{"fid":10906,"LAYER":"buildings"}},
{"type":"Feature","geometry":{"type":"LineString","coordinates":[[35.54244908536137,33.88977732356074],[35.54243486808832,33.88972296979215],[35.54236004984517,33.88974225186148],[35.542264700666124,33.88976402206004],[35.542278315875755,33.88981538815973],[35.54229125998278,33.88981230599436],[35.54229960232112,33.889847050017664],[35.5424689207342,33.889810734170524],[35.54245687221827,33.889775597576254],[35.54229125998278,33.88981230599436]]},"properties":{"fid":10907,"LAYER":"buildings"}},
{"type":"Feature","geometry":{"type":"LineString","coordinates":[[35.54232386870194,33.88995013747781],[35.542348488776874,33.89003265873926],[35.542358913128254,33.890030183542756],[35.5423792502366,33.890107743058024],[35.542420151436765,33.890106835571466],[35.54261211069424,33.890056181789156],[35.542547342029415,33.889898649929634],[35.54232386870194,33.88995013747781]]},"properties":{"fid":10908,"LAYER":"buildings"}},
{"type":"Feature","geometry":{"type":"LineString","coordinates":[[35.54238169769244,33.890149197622705],[35.54247091991266,33.89012793267792],[35.542495692896765,33.89020390350787],[35.542414186269305,33.89021828968592],[35.54241445261614,33.890211972071704],[35.54240230759959,33.89021520597085],[35.54238169769244,33.890149197622705]]},"properties":{"fid":10909,"LAYER":"buildings"}},
{"type":"Feature","geometry":{"type":"LineString","coordinates":[[35.54240732255936,33.89023503387998],[35.54242753662733,33.89030326658938],[35.54254979680541,33.89028065435012],[35.54266149930166,33.89024693947601],[35.542642862684296,33.8901879160705],[35.54240732255936,33.89023503387998]]},"properties":{"fid":10910,"LAYER":"buildings"}},
{"type":"Feature","geometry":{"type":"LineString","coordinates":[[35.54257869826703,33.890392380841284],[35.54255612944133,33.890308844929315],[35.542438693823115,33.89033471505278],[35.54246163268542,33.89041365779088],[35.54257869826703,33.890392380841284]]},"properties":{"fid":10911,"LAYER":"buildings"}},
{"type":"Feature","geometry":{"type":"LineString","coordinates":[[35.542471457065716,33.89041187219103],[35.542495971135175,33.89049841322459],[35.54259981748705,33.89048343553705],[35.54257869826703,33.890392380841284]]},"properties":{"fid":10912,"LAYER":"buildings"}},
{"type":"Feature","geometry":{"type":"LineString","coordinates":[[35.54260129597685,33.89050676505413],[35.54255455523563,33.89053772449379],[35.542509639289584,33.89054580871331],[35.542522256017165,33.8905895152631],[35.542523431123655,33.890593707507996],[35.542525693363054,33.89060263958139],[35.54253338499955,33.890628749827876],[35.54256884619728,33.89064658307048],[35.54264125346918,33.890631524732456],[35.54260129597685,33.89050676505413]]},"properties":{"fid":10913,"LAYER":"buildings"}},
{"type":"Feature","geometry":{"type":"LineString","coordinates":[[35.54264642496195,33.89063020713146],[35.54260651698692,33.89050560208531],[35.542704724130445,33.890482324009135],[35.542735932366504,33.89056749127778],[35.54272185050976,33.890610990063244],[35.54264642496195,33.89063020713146]]},"properties":{"fid":10914,"LAYER":"buildings"}},
{"type":"Feature","geometry":{"type":"LineString","coordinates":[[35.54270989223656,33.89048100691165],[35.54275613772211,33.89059794193839],[35.54277751021852,33.890601986779245],[35.542851971730414,33.890585779988854],[35.54281567460059,33.890468208137406],[35.54270989223656,33.89048100691165]]},"properties":{"fid":10915,"LAYER":"buildings"}},
{"type":"Feature","geometry":{"type":"LineString","coordinates":[[35.54286027770804,33.890575768824036],[35.5428209079669,33.89046708446409],[35.54289618060601,33.89042692860366],[35.543031558694146,33.890412166846325],[35.54306727221022,33.89054503991633],[35.542966023949695,33.89056598110041],[35.54291462473086,33.89057488661978],[35.54288453422681,33.89058169299425],[35.54286027770804,33.890575768824036]]},"properties":{"fid":10916,"LAYER":"buildings"}},
{"type":"Feature","geometry":{"type":"LineString","coordinates":[[35.54307029431534,33.89054173332156],[35.543032435422475,33.890400878323774],[35.543131735546865,33.89038231579973],[35.54317294989093,33.89052013484847],[35.54307029431534,33.89054173332156]]},"properties":{"fid":10917,"LAYER":"buildings"}},
{"type":"Feature","geometry":{"type":"LineString","coordinates":[[35.54317442040849,33.89050794053383],[35.54313804577494,33.890387253469825],[35.543670125154925,33.890271380185915],[35.54369762071365,33.89035678611131],[35.54366574002145,33.890416900376124],[35.543661788830136,33.890418455135354],[35.543659766975665,33.89041914558181],[35.543657717535346,33.89041977693416],[35.543653545857794,33.890420859369925],[35.54364929400435,33.89042169719949],[35.543647144435255,33.89042202307188],[35.54363190045867,33.89042253943429],[35.54362888038431,33.890409948163466],[35.54353892176938,33.89043500007845],[35.54348125354245,33.890447683379705],[35.54339403458282,33.8904722753196],[35.543339891140114,33.89048411638574],[35.54330461674153,33.8904785882635],[35.54317442040849,33.89050794053383]]},"properties":{"fid":10918,"LAYER":"buildings"}},
{"type":"Feature","geometry":{"type":"LineString","coordinates":[[35.54374253595703,33.89026935117257],[35.54377453619408,33.890371753631364],[35.54380922663881,33.890389536867325],[35.54413352021912,33.89032468921648],[35.544098370639816,33.8901908245768],[35.54374253595703,33.89026935117257]]},"properties":{"fid":10919,"LAYER":"buildings"}},
{"type":"Feature","geometry":{"type":"LineString","coordinates":[[35.54384031952686,33.89056248691739],[35.54381401643287,33.89047091199946],[35.54382887307201,33.89044993618267],[35.54396574972345,33.890421326],[35.54399728888985,33.89053112975478],[35.54384031952686,33.89056248691739]]},"properties":{"fid":10920,"LAYER":"buildings"}},
{"type":"Feature","geometry":{"type":"LineString","coordinates":[[35.543449755542326,33.89052501886973],[35.54370421815974,33.89047441294916],[35.54372905051584,33.89048694676906],[35.54377342321499,33.89059447394095],[35.543741555094456,33.890644650967936],[35.54366096853205,33.8906641608509],[35.543583975059775,33.890644608032346],[35.54354748004294,33.890563405892706],[35.543449755542326,33.89052501886973]]},"properties":{"fid":10921,"LAYER":"buildings"}},
{"type":"Feature","geometry":{"type":"LineString","coordinates":[[35.54392218165354,33.89079315893938],[35.543927965381506,33.89081852765499],[35.543956395562184,33.89088888890932],[35.543979728294424,33.89095009972737],[35.544085177635615,33.89094490438273],[35.544199791826216,33.89091356442132],[35.544140248806556,33.89073353531019],[35.54392218165354,33.89079315893938]]},"properties":{"fid":10922,"LAYER":"buildings"}},
{"type":"Feature","geometry":{"type":"LineString","coordinates":[[35.54418436708834,33.8911261337565],[35.544063777765146,33.891136236394786],[35.54401020232283,33.89099788301263],[35.54412572404126,33.890966948759],[35.54418436708834,33.8911261337565]]},"properties":{"fid":10923,"LAYER":"buildings"}},
{"type":"Feature","geometry":{"type":"LineString","coordinates":[[35.54392103766549,33.89099306499466],[35.54382090915077,33.891019869541516],[35.54375539405515,33.89100425636256],[35.543839183811514,33.891226924289754],[35.54399594345519,33.89118820925339],[35.54392103766549,33.89099306499466]]},"properties":{"fid":10965,"LAYER":"buildings"}},
{"type":"Feature","geometry":{"type":"LineString","coordinates":[[35.54392103766549,33.89099306499466],[35.54388968290785,33.89093717941182],[35.54385826643082,33.8908503883273],[35.54386914894158,33.89084723581572],[35.54385738714674,33.89080340844879],[35.54375887410781,33.89078798124068],[35.54371343758718,33.89068488087933],[35.54357542750767,33.89072571797135],[35.54366011613147,33.89084651778912],[35.543713749695534,33.89089222147471],[35.54385826643082,33.8908503883273]]},"properties":{"fid":10966,"LAYER":"buildings"}},
{"type":"Feature","geometry":{"type":"LineString","coordinates":[[35.54381074452691,33.89100007280102],[35.543740477339405,33.89088448466048]]},"properties":{"fid":10967,"LAYER":"buildings"}},
{"type":"Feature","geometry":{"type":"LineString","coordinates":[[35.54338679546491,33.890538280233386],[35.54317843770242,33.890572676958286],[35.543093478258264,33.89059060547999],[35.54296262738833,33.890618642761765],[35.542799278134446,33.89065334821678],[35.54271080482919,33.89067381603798],[35.54266296891203,33.89068198091114],[35.542703554454505,33.89079934053444],[35.5428033198528,33.89076945656824]]},"properties":{"fid":10968,"LAYER":"buildings"}},
{"type":"Feature","geometry":{"type":"LineString","coordinates":[[35.542595288853185,33.89081064147813],[35.542675803579606,33.890794761730135],[35.54264559839861,33.890684945792074],[35.54259118617055,33.89069194559959],[35.54258360452804,33.890698370356795],[35.54256385052083,33.890723657847445],[35.54258421549899,33.89079495542097],[35.542595288853185,33.89081064147813]]},"properties":{"fid":10969,"LAYER":"buildings"}},
{"type":"Feature","geometry":{"type":"LineString","coordinates":[[35.54277154290236,33.89065976462087],[35.5428033198528,33.89076945656824],[35.543015551701046,33.89071748594108]]},"properties":{"fid":10970,"LAYER":"buildings"}},
{"type":"Feature","geometry":{"type":"LineString","coordinates":[[35.54296262738833,33.890618642761765],[35.543015551701046,33.89071748594108],[35.54311617733548,33.890692732223734],[35.543093478258264,33.89059060547999]]},"properties":{"fid":10971,"LAYER":"buildings"}},
{"type":"Feature","geometry":{"type":"LineString","coordinates":[[35.54317843770242,33.890572676958286],[35.543214423002524,33.89066034525068],[35.54311617733548,33.890692732223734]]},"properties":{"fid":10972,"LAYER":"buildings"}},
{"type":"Feature","geometry":{"type":"LineString","coordinates":[[35.543214423002524,33.89066034525068],[35.54333179500127,33.890637897235685],[35.54332704017911,33.890548144969394]]},"properties":{"fid":10973,"LAYER":"buildings"}},
{"type":"Feature","geometry":{"type":"LineString","coordinates":[[35.54250988703273,33.890843789981034],[35.54247290281057,33.89071739258373],[35.54242505110436,33.89070886722562],[35.54228665548804,33.89073286578684],[35.542337560746546,33.89088749726184],[35.54250988703273,33.890843789981034]]},"properties":{"fid":10974,"LAYER":"buildings"}},
{"type":"Feature","geometry":{"type":"LineString","coordinates":[[35.542229894470815,33.89056485743939],[35.542270421198815,33.89068267256954],[35.542410394866565,33.89065297944562],[35.54243533699641,33.89061673261232],[35.542407439079824,33.89052456760724]]},"properties":{"fid":10975,"LAYER":"buildings"}},
{"type":"Feature","geometry":{"type":"LineString","coordinates":[[35.54231926790656,33.89032753001085],[35.542324137864284,33.89035493217385],[35.54234273847389,33.890351732805236],[35.54235720618132,33.89040446840872],[35.54237297773688,33.89040179898226],[35.542408450077865,33.89051898752519],[35.54223073808319,33.89055931534632],[35.54216132297153,33.890357518141485]]},"properties":{"fid":10976,"LAYER":"buildings"}},
{"type":"Feature","geometry":{"type":"LineString","coordinates":[[35.54240760867951,33.89052512790613],[35.54223604304788,33.890564060946105]]},"properties":{"fid":10977,"LAYER":"buildings"}},
{"type":"Feature","geometry":{"type":"LineString","coordinates":[[35.542163716589585,33.89035357640532],[35.542129201165636,33.89025323601012],[35.542281354012225,33.890212618296424],[35.54234966097889,33.89031372145938],[35.542163716589585,33.89035357640532]]},"properties":{"fid":10978,"LAYER":"buildings"}},
{"type":"Feature","geometry":{"type":"LineString","coordinates":[[35.542323558959986,33.89032785008329],[35.542164916201315,33.890357970711015]]},"properties":{"fid":10979,"LAYER":"buildings"}},
{"type":"Feature","geometry":{"type":"LineString","coordinates":[[35.54212771033356,33.890248901980826],[35.54210671506869,33.8902063976048],[35.542239181567076,33.8901668162377],[35.54227785663943,33.89020881992113],[35.54212771033356,33.890248901980826]]},"properties":{"fid":10980,"LAYER":"buildings"}},
{"type":"Feature","geometry":{"type":"LineString","coordinates":[[35.54214887571361,33.88999215563485],[35.54226435742863,33.88996398472847],[35.54231286848962,33.89012732860992],[35.54225928314549,33.890138281411495],[35.54214887571361,33.88999215563485]]},"properties":{"fid":10981,"LAYER":"buildings"}},
{"type":"Feature","geometry":{"type":"LineString","coordinates":[[35.5421556353599,33.889956258008986],[35.542254353107225,33.88993414458915],[35.54220069018836,33.88977228451178],[35.541984920186984,33.88981740880866],[35.5420280512625,33.88988351069966],[35.5421034735324,33.889871196808805],[35.542117635538595,33.88992697356905],[35.5421556353599,33.889956258008986]]},"properties":{"fid":10982,"LAYER":"buildings"}},
{"type":"Feature","geometry":{"type":"LineString","coordinates":[[35.54183699627492,33.88963285470416],[35.5418943817521,33.889733919629705],[35.54195085448089,33.889792581867965],[35.542025744409,33.88977661212724],[35.54197159573914,33.8896030556151],[35.54183699627492,33.88963285470416]]},"properties":{"fid":10983,"LAYER":"buildings"}},
{"type":"Feature","geometry":{"type":"LineString","coordinates":[[35.54199251399851,33.88958618638329],[35.54211635763909,33.88957118464332],[35.54214348306833,33.88958472400938],[35.54219332861661,33.889733881323885],[35.542049109100525,33.8897709013889],[35.54199251399851,33.88958618638329]]},"properties":{"fid":10984,"LAYER":"buildings"}},
{"type":"Feature","geometry":{"type":"LineString","coordinates":[[35.542088754954484,33.8894845768265],[35.54210593703016,33.889460521754465],[35.54208342977486,33.889388493863166],[35.54206899819764,33.889313455917375],[35.541938429815644,33.88933559184214],[35.54180932386521,33.889367293416676],[35.54187020179882,33.889534669831036],[35.542088754954484,33.8894845768265]]},"properties":{"fid":10985,"LAYER":"buildings"}},
{"type":"Feature","geometry":{"type":"LineString","coordinates":[[35.54155786840634,33.88920953084582],[35.541650019093964,33.889358986604236],[35.5417217797711,33.889350775458645],[35.54205452431349,33.88928346799866],[35.541995692640334,33.88911957899724],[35.5417362383117,33.889185780924954],[35.54155786840634,33.88920953084582]]},"properties":{"fid":10986,"LAYER":"buildings"}},
{"type":"Feature","geometry":{"type":"LineString","coordinates":[[35.53964034610489,33.88975567715479],[35.539711453897255,33.88974261126292],[35.53975877008269,33.88984965830391],[35.53980872844094,33.88985527366782],[35.53974868195073,33.8896620820224],[35.539642908322,33.889679948507094],[35.53965236490978,33.88973709393303],[35.53964034610489,33.88975567715479]]},"properties":{"fid":10987,"LAYER":"buildings"}},
{"type":"Feature","geometry":{"type":"LineString","coordinates":[[35.539863744578255,33.88973859390426],[35.54001246941501,33.889705183277776],[35.539986568250846,33.889590256036946],[35.539889004832595,33.88961731921735],[35.53987056390543,33.88956597453376],[35.53981119446958,33.88957842459589],[35.53984381024333,33.889673297175754],[35.539863744578255,33.88973859390426]]},"properties":{"fid":10988,"LAYER":"buildings"}},
{"type":"Feature","geometry":{"type":"LineString","coordinates":[[35.54175852888102,33.887728765017194],[35.541699885734026,33.887548261074784],[35.54159749974482,33.88757277053386],[35.54164495955573,33.887725091607614],[35.541676014718085,33.887747494824914],[35.54175852888102,33.887728765017194]]},"properties":{"fid":10992,"LAYER":"buildings"}},
{"type":"Feature","geometry":{"type":"LineString","coordinates":[[35.54414190862864,33.89069414670533],[35.543958602506095,33.89073506722265],[35.54392689474374,33.890636282133336],[35.544118952738636,33.890593407870895],[35.54414190862864,33.89069414670533]]},"properties":{"fid":10993,"LAYER":"buildings"}},
{"type":"Feature","geometry":{"type":"LineString","coordinates":[[35.539907281854205,33.89010855460237],[35.53993653124305,33.89019263627363],[35.539755217724846,33.89023694242743],[35.53972719031515,33.890146054094956],[35.539907281854205,33.89010855460237]]},"properties":{"fid":10995,"LAYER":"buildings"}},
{"type":"Feature","geometry":{"type":"LineString","coordinates":[[35.539761703573426,33.89033220707178],[35.5399660409308,33.89028334376609],[35.5399379897343,33.890194927521755],[35.53974828515017,33.890243252785275],[35.539761703573426,33.89033220707178]]},"properties":{"fid":10996,"LAYER":"buildings"}},
{"type":"Feature","geometry":{"type":"LineString","coordinates":[[35.53999694558017,33.8903670518976],[35.540008683770104,33.890364004240304],[35.53998083048597,33.89028202350573],[35.53997372921129,33.89028356935215],[35.53975219077055,33.89033558969603],[35.53978721190949,33.89041993692116],[35.53999694558017,33.8903670518976]]},"properties":{"fid":10997,"LAYER":"buildings"}},
{"type":"Feature","geometry":{"type":"LineString","coordinates":[[35.53999694558017,33.8903670518976],[35.539971619162415,33.890284064823575]]},"properties":{"fid":10998,"LAYER":"buildings"}},
{"type":"Feature","geometry":{"type":"LineString","coordinates":[[35.5399708987157,33.89028170413355],[35.539970844809964,33.89028152750044]]},"properties":{"fid":10999,"LAYER":"buildings"}},
{"type":"Feature","geometry":{"type":"LineString","coordinates":[[35.540219952455416,33.89026184954789],[35.54006416870575,33.89029655516975],[35.54002910315094,33.89019898853742],[35.540184820087674,33.89015888052119],[35.540219952455416,33.89026184954789]]},"properties":{"fid":11000,"LAYER":"buildings"}},
{"type":"Feature","geometry":{"type":"LineString","coordinates":[[35.54006416870575,33.89029655516975],[35.540087608471865,33.89036533278082],[35.540241415165085,33.890329836585614],[35.540219952455416,33.89026184954789]]},"properties":{"fid":11001,"LAYER":"buildings"}},
{"type":"Feature","geometry":{"type":"LineString","coordinates":[[35.540087608471865,33.89036533278082],[35.54011393746476,33.89044455770829],[35.54025940777123,33.890408566663574],[35.540241415165085,33.890329836585614]]},"properties":{"fid":11002,"LAYER":"buildings"}},
{"type":"Feature","geometry":{"type":"LineString","coordinates":[[35.54011393746476,33.89044455770829],[35.540152005446096,33.89054081428338],[35.540307958951594,33.89050376302784],[35.54027721905618,33.89039832658496],[35.540258045669205,33.89040260653122]]},"properties":{"fid":11003,"LAYER":"buildings"}},
{"type":"Feature","geometry":{"type":"LineString","coordinates":[[35.540272246864795,33.890615153593586],[35.540170570158075,33.890639087068145],[35.54014937731209,33.89057913063613],[35.54024967690661,33.89055617454106],[35.540272246864795,33.890615153593586]]},"properties":{"fid":11004,"LAYER":"buildings"}},
{"type":"Feature","geometry":{"type":"LineString","coordinates":[[35.54017021146226,33.890637848147186],[35.54017468208487,33.89065013250672],[35.54020164190018,33.89072504322626],[35.540249052212225,33.89071332126401],[35.54029679173558,33.890704933564315],[35.540272246864795,33.890615153593586]]},"properties":{"fid":11005,"LAYER":"buildings"}},
{"type":"Feature","geometry":{"type":"LineString","coordinates":[[35.5400389498545,33.89045331701241],[35.54000997618169,33.89036802768671],[35.53984657074869,33.8904129847442],[35.53987426614282,33.89049555968847],[35.5400389498545,33.89045331701241]]},"properties":{"fid":11006,"LAYER":"buildings"}},
{"type":"Feature","geometry":{"type":"LineString","coordinates":[[35.5400389498545,33.89045331701241],[35.540070334324156,33.890540961594866],[35.539890727588705,33.89057990736347],[35.53994884148948,33.89053095070556],[35.53992991440032,33.89048128549954]]},"properties":{"fid":11007,"LAYER":"buildings"}},
{"type":"Feature","geometry":{"type":"LineString","coordinates":[[35.54009561465014,33.89061615572846],[35.540070334324156,33.890540961594866],[35.540070509445364,33.89054057891318],[35.540096123711486,33.890616060631984],[35.54009561465014,33.89061615572846],[35.53991822779449,33.89065384772911],[35.539890727588705,33.89057990736347]]},"properties":{"fid":11008,"LAYER":"buildings"}},
{"type":"Feature","geometry":{"type":"LineString","coordinates":[[35.54009833608023,33.890624861411695],[35.54012887186657,33.89070642657814],[35.54010961077355,33.89072652413175],[35.53997477671803,33.89072505632924],[35.53994557479785,33.890648036927175]]},"properties":{"fid":11009,"LAYER":"buildings"}},
{"type":"Feature","geometry":{"type":"LineString","coordinates":[[35.540231678457495,33.89080860663937],[35.5402666212191,33.89090907154922],[35.54044756555788,33.89087276270692],[35.540425601053286,33.89078671266199],[35.540354461990106,33.89078169705036],[35.540231678457495,33.89080860663937]]},"properties":{"fid":11010,"LAYER":"buildings"}},
{"type":"Feature","geometry":{"type":"LineString","coordinates":[[35.54001070250398,33.89090111053122],[35.53998950509062,33.890795070576765],[35.54014456780347,33.89078762938857],[35.54017817462645,33.89088884249139],[35.54001070250398,33.89090111053122]]},"properties":{"fid":11011,"LAYER":"buildings"}},
{"type":"Feature","geometry":{"type":"LineString","coordinates":[[35.540177908455476,33.890891203990606],[35.540213112518934,33.89098052631008],[35.540000789533835,33.890996641554864],[35.540002980952316,33.89094469806494],[35.54001070250398,33.89090111053122]]},"properties":{"fid":11012,"LAYER":"buildings"}},
{"type":"Feature","geometry":{"type":"LineString","coordinates":[[35.540199526368134,33.89093021525959],[35.54019950230183,33.89093012979839]]},"properties":{"fid":11013,"LAYER":"buildings"}},
{"type":"Feature","geometry":{"type":"LineString","coordinates":[[35.540195975072756,33.890917604350776],[35.54019571897543,33.89091669493035],[35.54018921250604,33.8908954751776],[35.54018046515297,33.89089769103633]]},"properties":{"fid":11014,"LAYER":"buildings"}},
{"type":"Feature","geometry":{"type":"LineString","coordinates":[[35.54019571897543,33.89091669493035],[35.540188505963,33.89091809277981]]},"properties":{"fid":11015,"LAYER":"buildings"}},
{"type":"Feature","geometry":{"type":"LineString","coordinates":[[35.540217035832946,33.89098027704817],[35.54021926916293,33.89105317221877],[35.539921286016394,33.89106050164741],[35.53990756532022,33.890950864931646],[35.540002980952316,33.89094469806494]]},"properties":{"fid":11016,"LAYER":"buildings"}},
{"type":"Feature","geometry":{"type":"LineString","coordinates":[[35.540294093835854,33.890947377944414],[35.54028367660078,33.89096007780677],[35.54030929293622,33.89103549189674],[35.54046535194622,33.891024159157496],[35.5404396763628,33.89093488610925],[35.540294093835854,33.890947377944414]]},"properties":{"fid":11025,"LAYER":"buildings"}},
{"type":"Feature","geometry":{"type":"LineString","coordinates":[[35.539719288372346,33.8901084522692],[35.53968082175568,33.89000863147754],[35.53986980732722,33.89001790314566],[35.53987640766833,33.89006764799293],[35.539719288372346,33.8901084522692]]},"properties":{"fid":11090,"LAYER":"buildings"}},
{"type":"Feature","geometry":{"type":"LineString","coordinates":[[35.539502037670324,33.88921036582587],[35.5395099084681,33.88920897712556],[35.539584506870185,33.88916285154469],[35.53956599213705,33.88910549157359]]},"properties":{"fid":11096,"LAYER":"Road"}},
{"type":"Feature","geometry":{"type":"LineString","coordinates":[[35.539710107824384,33.889180569262365],[35.53965635882257,33.88915775519046],[35.5396415619644,33.889138090468755]]},"properties":{"fid":11097,"LAYER":"Road"}},
{"type":"Feature","geometry":{"type":"LineString","coordinates":[[35.539742709850564,33.88940431569951],[35.53976241286732,33.88937560051715]]},"properties":{"fid":11098,"LAYER":"Road"}},
{"type":"Feature","geometry":{"type":"LineString","coordinates":[[35.539718291035484,33.88928169306446],[35.53970674659012,33.889277240435504],[35.53969702778345,33.88924331270815],[35.539707048923205,33.889230460197744]]},"properties":{"fid":11099,"LAYER":"Road"}},
{"type":"Feature","geometry":{"type":"LineString","coordinates":[[35.53953700964479,33.88925857033623],[35.53954966580904,33.88931185658501],[35.539613446876196,33.88930014947841],[35.53961039907332,33.889253886946655],[35.53953700964479,33.88925857033623]]},"properties":{"fid":11100,"LAYER":"Road"}},
{"type":"Feature","geometry":{"type":"LineString","coordinates":[[35.54174130391305,33.88886617992481],[35.5418395672686,33.88884852845953],[35.541793125507134,33.888818119282384],[35.54190393295437,33.88880137108179],[35.54191372319628,33.888842253165414]]},"properties":{"fid":11101,"LAYER":"Road"}},
{"type":"Feature","geometry":{"type":"LineString","coordinates":[[35.54196381252571,33.888786196595625],[35.54196809231012,33.888782255244394],[35.541994796619285,33.88877704656046],[35.54206900483567,33.88876514264673]]},"properties":{"fid":11102,"LAYER":"Road"}},
{"type":"Feature","geometry":{"type":"LineString","coordinates":[[35.542018955152436,33.88882906528282],[35.541971693805706,33.88882604396544]]},"properties":{"fid":11103,"LAYER":"Road"}},
{"type":"Feature","geometry":{"type":"LineString","coordinates":[[35.54191372319628,33.888842253165414],[35.54185071538192,33.88885942612433],[35.541744711300026,33.88887858952478]]},"properties":{"fid":11104,"LAYER":"Road"}},
{"type":"Feature","geometry":{"type":"LineString","coordinates":[[35.54201130532954,33.888897734752376],[35.5419952701709,33.888915289130914]]},"properties":{"fid":11105,"LAYER":"Road"}},
{"type":"Feature","geometry":{"type":"LineString","coordinates":[[35.54188124440468,33.88893496959498],[35.54190709357089,33.88893086979633],[35.541924967440586,33.888940571014544],[35.541937141435476,33.88895354437755]]},"properties":{"fid":11106,"LAYER":"Road"}},
{"type":"Feature","geometry":{"type":"LineString","coordinates":[[35.542075491305916,33.88949982694325],[35.54209731785954,33.8894923507059],[35.542108050767176,33.88948301936949],[35.5421186406481,33.88946093208937],[35.5420737947228,33.88931768221026],[35.54207091617961,33.889310264843274],[35.54206674684782,33.88930862783001],[35.54206049736368,33.889307569717865]]},"properties":{"fid":11107,"LAYER":"Road"}},
{"type":"Feature","geometry":{"type":"LineString","coordinates":[[35.54200381362234,33.88912017781604],[35.54200977129228,33.88912097483972],[35.54201416815882,33.88912518941501],[35.54201489678817,33.889129197210075],[35.54205738788431,33.88926419309294],[35.5420542675821,33.889272699697095]]},"properties":{"fid":11108,"LAYER":"Road"}},
{"type":"Feature","geometry":{"type":"LineString","coordinates":[[35.54210248647873,33.88955852097141],[35.54215386210998,33.88957479171974],[35.54219910206357,33.889722227212246],[35.54219749513366,33.889726482187],[35.54219283107007,33.889728347654014],[35.54218849151574,33.88972918544373]]},"properties":{"fid":11109,"LAYER":"Road"}},
{"type":"Feature","geometry":{"type":"LineString","coordinates":[[35.5419952701709,33.888915289130914],[35.542055301992065,33.88906348764987],[35.5420656353483,33.88906797551745],[35.54208000499065,33.88906573627264]]},"properties":{"fid":11110,"LAYER":"Road"}},
{"type":"Feature","geometry":{"type":"LineString","coordinates":[[35.541937141435476,33.88895354437755],[35.54198093829249,33.88901904741388],[35.54199334870437,33.88908469656697]]},"properties":{"fid":11111,"LAYER":"Road"}},
{"type":"Feature","geometry":{"type":"LineString","coordinates":[[35.542139825550315,33.889296466555436],[35.54213143950132,33.88930606946662],[35.5421763657378,33.889450681822034],[35.542238677518995,33.88946714695367]]},"properties":{"fid":11112,"LAYER":"Road"}},
{"type":"Feature","geometry":{"type":"LineString","coordinates":[[35.54227041799365,33.889712638719594],[35.54225518519535,33.88970713235406],[35.54221110389378,33.88955786391017],[35.542212776928324,33.889547423792976],[35.54222091861945,33.88953694788067],[35.54225553696707,33.88952846591623]]},"properties":{"fid":11113,"LAYER":"Road"}},
{"type":"Feature","geometry":{"type":"LineString","coordinates":[[35.54224811821147,33.88992015392734],[35.54225475163349,33.889917236860306],[35.542256313113114,33.88991482946097],[35.54221646140487,33.88977938500907],[35.54220141484786,33.88977202617011]]},"properties":{"fid":11114,"LAYER":"Road"}},
{"type":"Feature","geometry":{"type":"LineString","coordinates":[[35.5423286908127,33.88990468582975],[35.542312282754594,33.88989652948039],[35.54227247778747,33.88976305257356],[35.542274138654975,33.88975520959047],[35.54228323683811,33.889750263352475]]},"properties":{"fid":11115,"LAYER":"Road"}},
{"type":"Feature","geometry":{"type":"LineString","coordinates":[[35.54238737979274,33.890101489141664],[35.542379027436255,33.89010208300844],[35.54237398515961,33.890099067095875],[35.542371722000674,33.890094518259154],[35.54232971586842,33.889954248605946],[35.54234112476071,33.88994759336271]]},"properties":{"fid":11116,"LAYER":"Road"}},
{"type":"Feature","geometry":{"type":"LineString","coordinates":[[35.53948125130684,33.88893021932346],[35.53951269917489,33.88894741257058],[35.53956599213705,33.88910549157359]]},"properties":{"fid":11117,"LAYER":"Road"}},
{"type":"Feature","geometry":{"type":"LineString","coordinates":[[35.53964180931292,33.88913851721291],[35.53958079386444,33.88896210140794],[35.53959105374612,33.888936030727045],[35.53978415552381,33.888902518239846]]},"properties":{"fid":11118,"LAYER":"Road"}},
{"type":"Feature","geometry":{"type":"LineString","coordinates":[[35.539576312842605,33.88981625564184],[35.53955301879171,33.889744213224716],[35.53955030082555,33.889710385313435],[35.53956853145389,33.889670171747476],[35.53967118593042,33.889551206769205],[35.53968259335615,33.889534779275316],[35.53969121190346,33.8895172092305],[35.53969913152374,33.88948470586942],[35.53969900511451,33.889460987278746],[35.53968490829903,33.8894142066004],[35.53967397560548,33.889385989817775]]},"properties":{"fid":11119,"LAYER":"Road"}},
{"type":"Feature","geometry":{"type":"LineString","coordinates":[[35.539667928542315,33.88939935901188],[35.53968812422133,33.88947493703511],[35.53968492518993,33.889500644901645],[35.53967753639772,33.88952129475947],[35.53967556087799,33.889525282737964],[35.53967112912401,33.889533079645645],[35.539660417924296,33.88954783327056],[35.539627112452045,33.88958523478794],[35.53955619080085,33.88966838322943],[35.539538126719826,33.88973063543648],[35.539569078112656,33.889818812193816]]},"properties":{"fid":11120,"LAYER":"Road"}},
{"type":"Feature","geometry":{"type":"LineString","coordinates":[[35.539625972167315,33.88943795355223],[35.53962525913741,33.88950530546084],[35.5395951337511,33.88954396312249]]},"properties":{"fid":11121,"LAYER":"Road"}},
{"type":"Feature","geometry":{"type":"LineString","coordinates":[[35.53945259445554,33.88838773398186],[35.539425977990334,33.888370411283695],[35.53938704730439,33.88819788485208],[35.53938531162537,33.88818775961736],[35.5393899138747,33.88817966928594],[35.539402309412985,33.8881747478736],[35.539487633403354,33.88815697364563]]},"properties":{"fid":11141,"LAYER":"Road"}},
{"type":"Feature","geometry":{"type":"LineString","coordinates":[[35.539487633403354,33.88815697364563],[35.53949703964694,33.88815664802796],[35.539690564333256,33.88812640460555],[35.53986217562875,33.88809970669346],[35.54048545838184,33.888002426972264],[35.5405190894004,33.88801467346769],[35.540523809877946,33.888024299829844],[35.54052804097472,33.888042518441225]]},"properties":{"fid":11142,"LAYER":"Road"}},
{"type":"Feature","geometry":{"type":"LineString","coordinates":[[35.539283263408834,33.888145540914635],[35.5392978564786,33.88814305861575],[35.53930706496396,33.88813460634686],[35.5393020366334,33.88810224114348]]},"properties":{"fid":11143,"LAYER":"Road"}},
{"type":"Feature","geometry":{"type":"LineString","coordinates":[[35.539299993768324,33.88819243500612],[35.53932677374376,33.88820952738894],[35.53936832909403,33.88837187040123]]},"properties":{"fid":11144,"LAYER":"Road"}},
{"type":"Feature","geometry":{"type":"LineString","coordinates":[[35.53936161430906,33.88808581612872],[35.539368416030385,33.888116842909874],[35.53937420517624,33.88812522015229],[35.53938313329856,33.88812712363012],[35.539412876114625,33.88812269325522],[35.53953153746507,33.888102320001856],[35.53985379187535,33.88805066294595],[35.54050031914967,33.88794196265499]]},"properties":{"fid":11145,"LAYER":"Road"}},
{"type":"Feature","geometry":{"type":"LineString","coordinates":[[35.539455013470764,33.88844088116764],[35.53944734768053,33.888447249148115],[35.53944674531612,33.8884548616027],[35.53944842604513,33.888463470020405],[35.539470507509996,33.88855967594898],[35.539473493709124,33.88856476916332],[35.53947819531481,33.88856739639712],[35.53948289504504,33.888568273876565]]},"properties":{"fid":11146,"LAYER":"Road"}},
{"type":"Feature","geometry":{"type":"LineString","coordinates":[[35.539400805983654,33.88858179779635],[35.539386983184755,33.88846624849419],[35.53936416963727,33.88845203236]]},"properties":{"fid":11147,"LAYER":"Road"}},
{"type":"Feature","geometry":{"type":"LineString","coordinates":[[35.53941144582664,33.88861829161759],[35.53941396043203,33.88861815797272],[35.53941677306756,33.88861839383656],[35.53942156048243,33.88862129416275],[35.53942356215923,33.888625627942],[35.539487044555855,33.888865635573644],[35.53946176472138,33.88889167133451]]},"properties":{"fid":11148,"LAYER":"Road"}},
{"type":"Feature","geometry":{"type":"LineString","coordinates":[[35.539487377894986,33.88860563765989],[35.5394843997115,33.88860958178708],[35.53948394332957,33.88861501591127],[35.5395126028833,33.888736451996714],[35.53954784192214,33.88886038459219],[35.5395610965343,33.88887303947936],[35.53957520765889,33.88887615928757],[35.53978069428841,33.88883974970299]]},"properties":{"fid":11149,"LAYER":"Road"}},
{"type":"Feature","geometry":{"type":"LineString","coordinates":[[35.53995352471043,33.89004858901578],[35.53995883990696,33.890068065084215],[35.54003411561984,33.89025744158581],[35.540129906151115,33.89053592612151],[35.540139077463984,33.890541486623995]]},"properties":{"fid":11150,"LAYER":"Road"}},
{"type":"Feature","geometry":{"type":"LineString","coordinates":[[35.54029545331119,33.89095196226696],[35.5402857556279,33.890956449734965],[35.54028255100056,33.89096463251131],[35.54030732969385,33.89103818583891],[35.540320970723144,33.891046356877155]]},"properties":{"fid":11155,"LAYER":"Road"}},
{"type":"Feature","geometry":{"type":"LineString","coordinates":[[35.540250515007784,33.89077847372263],[35.54022535903028,33.89078421089939],[35.54022283913265,33.890794564831644],[35.54026561777736,33.89091852158396]]},"properties":{"fid":11156,"LAYER":"Road"}},
{"type":"Feature","geometry":{"type":"LineString","coordinates":[[35.540139346771234,33.89077684274316],[35.540143259146866,33.890777325491285],[35.54015167363229,33.89077968870283],[35.54015627200501,33.89078317690821],[35.54016281221359,33.89079828994116],[35.54024422028315,33.89102885853433],[35.5402281081345,33.891045219900214]]},"properties":{"fid":11157,"LAYER":"Road"}},
{"type":"Feature","geometry":{"type":"LineString","coordinates":[[35.54015808244433,33.890577874219694],[35.54015190295714,33.89058015421645],[35.5401491396334,33.89058584895042],[35.54019599340814,33.89071603392233],[35.54019852723237,33.89071861925324],[35.540200384557394,33.89072021872968],[35.54020236664774,33.89072171042991],[35.54020446453076,33.89072308760116],[35.540206668709715,33.890724344009264],[35.54021595885409,33.89072822994529]]},"properties":{"fid":11158,"LAYER":"Road"}},
{"type":"Feature","geometry":{"type":"LineString","coordinates":[[35.5399069850022,33.890106451803206],[35.5399210079219,33.890112718441806],[35.540106270874325,33.890634587987456]]},"properties":{"fid":11159,"LAYER":"Road"}},
{"type":"Feature","geometry":{"type":"LineString","coordinates":[[35.54055990761231,33.88792162480868],[35.54056813122626,33.887934077880786],[35.54059751227813,33.88793950346592],[35.541001411965404,33.887871478311524],[35.541028157398046,33.887863496298834]]},"properties":{"fid":11160,"LAYER":"Road"}},
{"type":"Feature","geometry":{"type":"LineString","coordinates":[[35.54059283409146,33.888065667313604],[35.54057991320737,33.888010043531345],[35.54058915431621,33.88799298900195],[35.5406056421733,33.88798872866544],[35.54157378157851,33.887826044870685],[35.5415945878738,33.88784016564928],[35.54164235117872,33.88796186281833],[35.54166196922879,33.88802082917727],[35.54163756273252,33.88803669043806]]},"properties":{"fid":11161,"LAYER":"Road"}},
{"type":"Feature","geometry":{"type":"LineString","coordinates":[[35.54162066275192,33.88769482220198],[35.541660874592715,33.88776073661907],[35.54172860800142,33.88774821939975]]},"properties":{"fid":11162,"LAYER":"Road"}},
{"type":"Feature","geometry":{"type":"LineString","coordinates":[[35.5415464006251,33.887707679484436],[35.541534989346474,33.887782829807946],[35.541082133749555,33.88785662513583],[35.54107688676834,33.88785590302789],[35.54107428397206,33.88785325624687]]},"properties":{"fid":11163,"LAYER":"Road"}},
{"type":"Feature","geometry":{"type":"LineString","coordinates":[[35.54163878607917,33.888086307315746],[35.541673140989474,33.88808161214912],[35.54168573800316,33.888091789018084],[35.54171175546449,33.888208386774544]]},"properties":{"fid":11164,"LAYER":"Road"}},
{"type":"Feature","geometry":{"type":"LineString","coordinates":[[35.54173062028599,33.888007676932055],[35.54172174350703,33.88801353153028],[35.54173375715479,33.88804795477338],[35.54176652844427,33.88814105541749],[35.54177687565645,33.88814392930246]]},"properties":{"fid":11165,"LAYER":"Road"}},
{"type":"Feature","geometry":{"type":"LineString","coordinates":[[35.54171588013145,33.88795558232197],[35.5417080639771,33.887957057699694],[35.54170043092424,33.88795342476034],[35.54166040473039,33.88783880342279],[35.54167106178718,33.88781252775323]]},"properties":{"fid":11166,"LAYER":"Road"}},
{"type":"Feature","geometry":{"type":"LineString","coordinates":[[35.541793280904564,33.88818275004255],[35.5417853502636,33.88818847906812],[35.5417854874743,33.88819240638698],[35.54179540733367,33.88822205387954]]},"properties":{"fid":11167,"LAYER":"Road"}},
{"type":"Feature","geometry":{"type":"LineString","coordinates":[[35.541739606404555,33.8882423908446],[35.541742429528846,33.88824391668946]]},"properties":{"fid":11168,"LAYER":"Road"}},
{"type":"Feature","geometry":{"type":"LineString","coordinates":[[35.541742429528846,33.88824391668946],[35.54183631478838,33.88854105344496],[35.54187599213747,33.88866202322526],[35.541885561190625,33.88869265592887]]},"properties":{"fid":11169,"LAYER":"Road"}},
{"type":"Feature","geometry":{"type":"LineString","coordinates":[[35.54193882516248,33.888703668024135],[35.54192155614328,33.88863767890612],[35.541861819499225,33.8884264343563],[35.54185913477118,33.888416895684124]]},"properties":{"fid":11170,"LAYER":"Road"}},
{"type":"Feature","geometry":{"type":"LineString","coordinates":[[35.54208547475105,33.88910221645707],[35.542070360741356,33.88911108092761],[35.542113495391725,33.88924816396348],[35.54211593926611,33.889253042790955],[35.54212693585347,33.88925359975012]]},"properties":{"fid":11171,"LAYER":"Road"}},
{"type":"Feature","geometry":{"type":"LineString","coordinates":[[35.54244435250475,33.890294372919584],[35.54243750590966,33.89029465017853],[35.54243087207267,33.89028885482413],[35.54240442048816,33.89019955707603],[35.54238783095475,33.89014258546531],[35.542397700810156,33.89013654223907]]},"properties":{"fid":11172,"LAYER":"Road"}},
{"type":"Feature","geometry":{"type":"LineString","coordinates":[[35.54409257841808,33.89115854586524],[35.54405122612134,33.89113767234203],[35.543999777798106,33.89099426748639],[35.544019751739725,33.8909878129335]]},"properties":{"fid":11197,"LAYER":"Road"}},
{"type":"Feature","geometry":{"type":"LineString","coordinates":[[35.54400050526137,33.89117666336466],[35.54398701425913,33.89113340935362],[35.54391929648431,33.89096033290495],[35.54382034072479,33.890704978269035],[35.543807289196266,33.89066842100305],[35.54378498115104,33.89066742522167]]},"properties":{"fid":11198,"LAYER":"Road"}},
{"type":"Feature","geometry":{"type":"LineString","coordinates":[[35.54377250679216,33.8906269968947],[35.54378218562079,33.89060570697636],[35.54374133735616,33.890482553857765],[35.54370485489657,33.89046341031203],[35.54336400952294,33.89053364390216],[35.543023684294454,33.8906048658497],[35.54290175484327,33.89063009812903],[35.54257743007121,33.89069654589184]]},"properties":{"fid":11199,"LAYER":"Road"}},
{"type":"Feature","geometry":{"type":"LineString","coordinates":[[35.54256322669357,33.89064943969202],[35.542815666041086,33.890597080713235],[35.543297985597356,33.890496948983085],[35.5436580130011,33.890422173038445],[35.54369074059334,33.8904155943631],[35.543711225921925,33.89037921465663]]},"properties":{"fid":11200,"LAYER":"Road"}},
{"type":"Feature","geometry":{"type":"LineString","coordinates":[[35.54381403649105,33.89043861530615],[35.54379773344321,33.89046722395305],[35.54385672391517,33.89061410584121]]},"properties":{"fid":11201,"LAYER":"Road"}},
{"type":"Feature","geometry":{"type":"LineString","coordinates":[[35.54387183711628,33.890648631861765],[35.54386060810624,33.890652261386],[35.54389185030578,33.89073138214545],[35.54389746832766,33.89074218359789]]},"properties":{"fid":11202,"LAYER":"Road"}},
{"type":"Feature","geometry":{"type":"LineString","coordinates":[[35.54391931518751,33.89078692384574],[35.54391667828059,33.89079278110609],[35.54397866341823,33.890952616999634],[35.54398889626829,33.89095426768124]]},"properties":{"fid":11203,"LAYER":"Road"}},
{"type":"Feature","geometry":{"type":"LineString","coordinates":[[35.54245531810616,33.890328759462605],[35.54244940101055,33.89033110228551],[35.542445997413715,33.89033795618843],[35.542487945546306,33.890478070773234],[35.54249109767829,33.89048462084897],[35.54249636816183,33.89048735483778],[35.54250248917994,33.890487101396346]]},"properties":{"fid":11204,"LAYER":"Road"}},
{"type":"Feature","geometry":{"type":"LineString","coordinates":[[35.54226780880466,33.8899622911752],[35.54227206881636,33.889965392382784],[35.54232074354266,33.89012503296145]]},"properties":{"fid":11205,"LAYER":"Road"}},
{"type":"Feature","geometry":{"type":"LineString","coordinates":[[35.542335103659845,33.890258168779916],[35.54234104452614,33.89027013991933],[35.54244880903628,33.89062552139524],[35.542439613821735,33.89064944091683]]},"properties":{"fid":11206,"LAYER":"Road"}},
{"type":"Feature","geometry":{"type":"LineString","coordinates":[[35.54256322669357,33.89064943969202],[35.54255029367959,33.890650431388494],[35.54253762469912,33.89064185701097],[35.54250865885201,33.890545464298754],[35.54250362490204,33.89053052414907],[35.54250507769386,33.89052541140246],[35.54251082255182,33.8905211805789]]},"properties":{"fid":11207,"LAYER":"Road"}},
{"type":"Feature","geometry":{"type":"LineString","coordinates":[[35.54247524466089,33.890714944929734],[35.54246149588061,33.89070219469672]]},"properties":{"fid":11208,"LAYER":"Road"}},
{"type":"Feature","geometry":{"type":"LineString","coordinates":[[35.54257743007121,33.89069654589184],[35.54256647376926,33.89071453531372],[35.542564104025764,33.890719696890834]]},"properties":{"fid":11209,"LAYER":"Road"}},
{"type":"Feature","geometry":{"type":"LineString","coordinates":[[35.53950963388876,33.88920792001196],[35.53958320860943,33.88916299050971],[35.53956473977295,33.889105772727]]},"properties":{"fid":11213,"LAYER":"Side Walk"}},
{"type":"Feature","geometry":{"type":"LineString","coordinates":[[35.539710147081834,33.88917946837319],[35.53964266052256,33.88913751554687]]},"properties":{"fid":11214,"LAYER":"Side Walk"}},
{"type":"Feature","geometry":{"type":"LineString","coordinates":[[35.53956084478279,33.88942262452904],[35.539551954322015,33.889424029488424]]},"properties":{"fid":11215,"LAYER":"Side Walk"}},
{"type":"Feature","geometry":{"type":"LineString","coordinates":[[35.54174159343178,33.888867234343365],[35.54184254131078,33.888849100644535],[35.5417961957577,33.888818754464836]]},"properties":{"fid":11216,"LAYER":"Side Walk"}},
{"type":"Feature","geometry":{"type":"LineString","coordinates":[[35.54196460014549,33.888793300619454],[35.54196623420607,33.88878481108844]]},"properties":{"fid":11217,"LAYER":"Side Walk"}},
{"type":"Feature","geometry":{"type":"LineString","coordinates":[[35.54199510308089,33.8887785825588],[35.541995119334274,33.888778592609114]]},"properties":{"fid":11218,"LAYER":"Side Walk"}},
{"type":"Feature","geometry":{"type":"LineString","coordinates":[[35.54205943804753,33.88881836423537],[35.54206060275124,33.88882036544847],[35.54205066815734,33.88882227206868]]},"properties":{"fid":11219,"LAYER":"Side Walk"}},
{"type":"Feature","geometry":{"type":"LineString","coordinates":[[35.541850373345696,33.88885838121771],[35.54174442178589,33.888877535123214]]},"properties":{"fid":11220,"LAYER":"Side Walk"}},
{"type":"Feature","geometry":{"type":"LineString","coordinates":[[35.54193632544537,33.88895363597986],[35.541924735999324,33.88894079501844],[35.54190693758185,33.88893133140535],[35.541881356678644,33.888935339963794]]},"properties":{"fid":11221,"LAYER":"Side Walk"}},
{"type":"Feature","geometry":{"type":"LineString","coordinates":[[35.542011505316026,33.88889805221518],[35.541995627563196,33.888915311893555]]},"properties":{"fid":11222,"LAYER":"Side Walk"}},
{"type":"Feature","geometry":{"type":"LineString","coordinates":[[35.541874680927286,33.88866173970996],[35.54183609838832,33.888541105576266],[35.54174167283188,33.88824445905773],[35.541721776633175,33.888237177798835]]},"properties":{"fid":11223,"LAYER":"Side Walk"}},
{"type":"Feature","geometry":{"type":"LineString","coordinates":[[35.54193632544537,33.88895363597986],[35.5419803675242,33.88901937860216],[35.54199273101563,33.88908395692776]]},"properties":{"fid":11224,"LAYER":"Side Walk"}},
{"type":"Feature","geometry":{"type":"LineString","coordinates":[[35.54201330427412,33.889124902528756],[35.54203776809519,33.88920592570644],[35.54205662244178,33.88926429984726],[35.54205401312481,33.88927253923951]]},"properties":{"fid":11225,"LAYER":"Side Walk"}},
{"type":"Feature","geometry":{"type":"LineString","coordinates":[[35.542067044679165,33.88930925887943],[35.542070618067385,33.8893106894698],[35.54207321487368,33.88931758403495],[35.54211779074193,33.88946101365825],[35.54210743264071,33.889482761538005],[35.54209671240134,33.8894918089689],[35.54207504736043,33.889499326895155]]},"properties":{"fid":11226,"LAYER":"Side Walk"}},
{"type":"Feature","geometry":{"type":"LineString","coordinates":[[35.54210219610485,33.88955925202003],[35.542153567391615,33.88957536931689],[35.54219868933549,33.889722269224094],[35.54219699922179,33.889726059015395],[35.542192765145636,33.88972789549087],[35.54218857172925,33.889728640612624]]},"properties":{"fid":11227,"LAYER":"Side Walk"}},
{"type":"Feature","geometry":{"type":"LineString","coordinates":[[35.542079894353414,33.88906542660471],[35.54206562141337,33.88906734413049],[35.54205597339936,33.88906320970927],[35.541995627563196,33.888915311893555]]},"properties":{"fid":11228,"LAYER":"Side Walk"}},
{"type":"Feature","geometry":{"type":"LineString","coordinates":[[35.54213991328813,33.88929674082928],[35.54213184842947,33.889306117534254],[35.54214853955524,33.88936039670322],[35.542177010775326,33.88945077288935],[35.54223869726758,33.889466678541204]]},"properties":{"fid":11229,"LAYER":"Side Walk"}},
{"type":"Feature","geometry":{"type":"LineString","coordinates":[[35.54225552917189,33.88952898690261],[35.54222118181522,33.88953711794158],[35.54221345698383,33.889547966840325],[35.54221206314124,33.88955768459981],[35.54225569583755,33.88970678759926],[35.54227044990401,33.88971205282114]]},"properties":{"fid":11230,"LAYER":"Side Walk"}},
{"type":"Feature","geometry":{"type":"LineString","coordinates":[[35.542201345880144,33.8897726831965],[35.542216197023826,33.88977975605739],[35.542255620131485,33.889914653803075],[35.54225414950782,33.88991692312021],[35.54224802037716,33.88991966997956]]},"properties":{"fid":11231,"LAYER":"Side Walk"}},
{"type":"Feature","geometry":{"type":"LineString","coordinates":[[35.54228334062022,33.88975061907306],[35.542274909132985,33.88975540354528],[35.5422732682264,33.8897625165692],[35.54231278476467,33.88989616539974],[35.54232858997575,33.88990411780371]]},"properties":{"fid":11232,"LAYER":"Side Walk"}},
{"type":"Feature","geometry":{"type":"LineString","coordinates":[[35.54234092383619,33.889948254882164],[35.542330146403984,33.88995429727018],[35.5423727527302,33.89009392616649],[35.54237438161308,33.89009873859838],[35.5423791015804,33.890101447431],[35.54238725525975,33.89010067523301]]},"properties":{"fid":11233,"LAYER":"Side Walk"}},
{"type":"Feature","geometry":{"type":"LineString","coordinates":[[35.53956473977295,33.889105772727],[35.53951068617444,33.888948706818226],[35.53947923830634,33.888931513570576]]},"properties":{"fid":11234,"LAYER":"Side Walk"}},
{"type":"Feature","geometry":{"type":"LineString","coordinates":[[35.53978513540117,33.88890339447107],[35.5395920336218,33.88893690695981],[35.539581773740274,33.88896297764077],[35.53964266052256,33.88913751554687]]},"properties":{"fid":11235,"LAYER":"Side Walk"}},
{"type":"Feature","geometry":{"type":"LineString","coordinates":[[35.539780289223216,33.88883831498235],[35.539576031418406,33.88887377289917],[35.53956192029417,33.88887065309105],[35.53955238695242,33.888864637209345],[35.53954866568225,33.888857998204],[35.53951411328378,33.88873624600248],[35.539485215769965,33.88861529107019],[35.53948567215184,33.88860985694599],[35.53948865033527,33.888605912818804]]},"properties":{"fid":11236,"LAYER":"Side Walk"}},
{"type":"Feature","geometry":{"type":"LineString","coordinates":[[35.53948394107778,33.8885673263375],[35.539479241347586,33.88856644885811],[35.53947453974192,33.88856382162433],[35.539471553542754,33.888558728410004],[35.53944717514386,33.88845538001075],[35.53945573895959,33.888441169763105]]},"properties":{"fid":11237,"LAYER":"Side Walk"}},
{"type":"Feature","geometry":{"type":"LineString","coordinates":[[35.53945997250809,33.888890623953436],[35.53948525234277,33.88886458819294],[35.53942313879545,33.88862609607226],[35.539421264071834,33.888621829152044],[35.53941634970381,33.88861886196679],[35.53941353706824,33.888618626102975],[35.53941102246286,33.88861875974777]]},"properties":{"fid":11238,"LAYER":"Side Walk"}},
{"type":"Feature","geometry":{"type":"LineString","coordinates":[[35.53940033036782,33.888581512893964],[35.53938591151389,33.888467016585565],[35.539363097966394,33.888452800451205]]},"properties":{"fid":11240,"LAYER":"Side Walk"}},
{"type":"Feature","geometry":{"type":"LineString","coordinates":[[35.53945285891546,33.88838665517122],[35.53942743197666,33.88837004445645],[35.53941713350143,33.888326288368305],[35.5393911632012,33.888214393284834],[35.53938741622065,33.888198112136],[35.53938556172968,33.88818798341462],[35.539391044567616,33.88817978363913],[35.53940204328414,33.88817541649385],[35.53949729840564,33.88815744091105],[35.539690888685655,33.8881269191911],[35.539862295505024,33.88810082398697],[35.540485525421396,33.88800329557858],[35.54051852663188,33.88801519485064],[35.540522681613254,33.888024371890104],[35.54052715681778,33.88804262248773]]},"properties":{"fid":11241,"LAYER":"Side Walk"}},
{"type":"Feature","geometry":{"type":"LineString","coordinates":[[35.539260665295004,33.88793806400126],[35.53930593249911,33.88813447237671],[35.53929729536205,33.88814258859838],[35.53928305673046,33.88814505683862]]},"properties":{"fid":11242,"LAYER":"Side Walk"}},
{"type":"Feature","geometry":{"type":"LineString","coordinates":[[35.53930005265244,33.88819283357315],[35.53932634147925,33.88820977625636],[35.5393672498918,33.888371919072036]]},"properties":{"fid":11243,"LAYER":"Side Walk"}},
{"type":"Feature","geometry":{"type":"LineString","coordinates":[[35.53936241906826,33.88808596601251],[35.53936893188327,33.8881164070949],[35.539374462943584,33.888124749706215],[35.53938324387244,33.88812629712079],[35.53953112366473,33.88810187494359],[35.539853569072584,33.88805030466473],[35.540498509033185,33.88793887695211]]},"properties":{"fid":11244,"LAYER":"Side Walk"}},
{"type":"Feature","geometry":{"type":"LineString","coordinates":[[35.5399582207366,33.890062902456556],[35.53995555448115,33.89004969478438]]},"properties":{"fid":11245,"LAYER":"Side Walk"}},
{"type":"Feature","geometry":{"type":"LineString","coordinates":[[35.54059359692475,33.88806553193386],[35.54058110401645,33.88801020323237],[35.54059034512505,33.88799314870287],[35.540606832982135,33.887988888366216],[35.540952892499035,33.88793099110135],[35.54157352345019,33.887826562494304],[35.54159432974557,33.88784068327295],[35.54164112005446,33.88796208131095],[35.541661274958656,33.888020376412264],[35.54163686846239,33.8880362376729]]},"properties":{"fid":11246,"LAYER":"Side Walk"}},
{"type":"Feature","geometry":{"type":"LineString","coordinates":[[35.54056071177117,33.88792063188157],[35.54056893538513,33.88793308495358]]},"properties":{"fid":11247,"LAYER":"Side Walk"}},
{"type":"Feature","geometry":{"type":"LineString","coordinates":[[35.54056893538513,33.88793308495358],[35.540598316436736,33.88793851053855],[35.54100085469336,33.88787072559582],[35.541027600125766,33.88786274358321]]},"properties":{"fid":11248,"LAYER":"Side Walk"}},
{"type":"Feature","geometry":{"type":"LineString","coordinates":[[35.541074439353395,33.88785295189441],[35.54107704214967,33.88785559867544],[35.54108228913086,33.88785632078339],[35.541533803928594,33.887782151142375],[35.54154532978953,33.88770834341288]]},"properties":{"fid":11249,"LAYER":"Side Walk"}},
{"type":"Feature","geometry":{"type":"LineString","coordinates":[[35.54162114339575,33.88769463922056],[35.541661625008786,33.88775996105914],[35.54172847722062,33.88774770760665]]},"properties":{"fid":11250,"LAYER":"Side Walk"}},
{"type":"Feature","geometry":{"type":"LineString","coordinates":[[35.541672722459104,33.887812750446145],[35.5416620654028,33.887839026115884],[35.54170091541077,33.88795304815794],[35.54170854860887,33.88795668122721],[35.5417163647632,33.8879552058495]]},"properties":{"fid":11251,"LAYER":"Side Walk"}},
{"type":"Feature","geometry":{"type":"LineString","coordinates":[[35.54173107818346,33.8880079028572],[35.5417222014045,33.88801375745548],[35.54173418333001,33.888047623711195],[35.54176667698673,33.88814081466874],[35.54177702419888,33.888143688553704]]},"properties":{"fid":11252,"LAYER":"Side Walk"}},
{"type":"Feature","geometry":{"type":"LineString","coordinates":[[35.541794325694084,33.88818296892583],[35.541789637779985,33.88818540187986],[35.54178639505316,33.888188697951456],[35.54178653226391,33.88819262527034],[35.54179594058101,33.88822187043355]]},"properties":{"fid":11253,"LAYER":"Side Walk"}},
{"type":"Feature","geometry":{"type":"LineString","coordinates":[[35.54163904420581,33.88808697061198],[35.5416726333071,33.888082032663334],[35.54168529923034,33.88809206105833],[35.54171097748233,33.88820813194848]]},"properties":{"fid":11254,"LAYER":"Side Walk"}},
{"type":"Feature","geometry":{"type":"LineString","coordinates":[[35.542085263238405,33.88910261611265],[35.54207122120796,33.88911144888487],[35.542114014081754,33.88924792907171],[35.542116601767525,33.88925252115578],[35.5421265284967,33.88925311176238]]},"properties":{"fid":11255,"LAYER":"Side Walk"}},
{"type":"Feature","geometry":{"type":"LineString","coordinates":[[35.54239766587131,33.8901373709688],[35.54238811964759,33.89014268287849],[35.542404971781444,33.89019905013498],[35.54243256831183,33.89028838145443],[35.54244400989896,33.890294290721386]]},"properties":{"fid":11256,"LAYER":"Side Walk"}},
{"type":"Feature","geometry":{"type":"LineString","coordinates":[[35.54245482929804,33.89032983643727],[35.54245004613335,33.890331456009335],[35.54244710102571,33.890338003186834],[35.5424887212396,33.89047789873533],[35.54249164223627,33.890484327896814],[35.54249677865862,33.8904868527871],[35.54250159401495,33.89048678653917]]},"properties":{"fid":11257,"LAYER":"Side Walk"}},
{"type":"Feature","geometry":{"type":"LineString","coordinates":[[35.54231628720054,33.89011483622893],[35.54227277928022,33.8899704332411],[35.54226768471471,33.88996275655299],[35.542260089729616,33.88996325534711]]},"properties":{"fid":11258,"LAYER":"Side Walk"}},
{"type":"Feature","geometry":{"type":"LineString","coordinates":[[35.54243982402976,33.89064881574574],[35.542447905515154,33.89062540471212],[35.542364492692734,33.890348589866974],[35.54234043339051,33.89027027063968],[35.54233486126025,33.89025853145399]]},"properties":{"fid":11259,"LAYER":"Side Walk"}},
{"type":"Feature","geometry":{"type":"LineString","coordinates":[[35.5425067333032,33.89052598076937],[35.54250503709019,33.89053055781641],[35.54250948279688,33.890545416304946],[35.542538595934786,33.89064110541346],[35.542561668842545,33.890649195595735],[35.54282454729032,33.89059471654776],[35.5433657177134,33.89048233940572],[35.54364544568456,33.89042423981986],[35.54368995559758,33.8904148298139],[35.54371093010834,33.890379305195786]]},"properties":{"fid":11260,"LAYER":"Side Walk"}},
{"type":"Feature","geometry":{"type":"LineString","coordinates":[[35.54246130293007,33.890702667049744],[35.542474785136555,33.89071481420811]]},"properties":{"fid":11261,"LAYER":"Side Walk"}},
{"type":"Feature","geometry":{"type":"LineString","coordinates":[[35.54256672519679,33.890714984619976],[35.54257923222185,33.890698087182884],[35.542751537121674,33.890661923602536],[35.54279835478127,33.890652419238734],[35.54303813130642,33.890602592685426],[35.54337318383205,33.890532280384946],[35.543705109538244,33.890464040091494],[35.54374098905371,33.89048260678222],[35.54378177212971,33.89060576700931],[35.543772202661934,33.89062677152287]]},"properties":{"fid":11262,"LAYER":"Side Walk"}},
{"type":"Feature","geometry":null,"properties":{"fid":11264,"LAYER":"gully"}},
{"type":"Feature","geometry":null,"properties":{"fid":11286,"LAYER":"gully"}},
{"type":"Feature","geometry":null,"properties":{"fid":11287,"LAYER":"gully"}},
{"type":"Feature","geometry":{"type":"LineString","coordinates":[[35.5394543510958,33.88839845080584],[35.539447949874905,33.88839945347435]]},"properties":{"fid":11298,"LAYER":"gully"}},
{"type":"Feature","geometry":{"type":"LineString","coordinates":[[35.539447949874905,33.88839945347435],[35.539452125914494,33.88841710007228]]},"properties":{"fid":11299,"LAYER":"gully"}},
{"type":"Feature","geometry":{"type":"LineString","coordinates":[[35.5394543510958,33.88839845080584],[35.53945852713668,33.88841609740362]]},"properties":{"fid":11300,"LAYER":"gully"}},
{"type":"Feature","geometry":{"type":"LineString","coordinates":[[35.53945852713668,33.88841609740362],[35.539452125914494,33.88841710007228]]},"properties":{"fid":11301,"LAYER":"gully"}},
{"type":"Feature","geometry":{"type":"LineString","coordinates":[[35.53949113704645,33.888569530720304],[35.53948439907757,33.888570568604]]},"properties":{"fid":11302,"LAYER":"gully"}},
{"type":"Feature","geometry":{"type":"LineString","coordinates":[[35.53948439907757,33.888570568604],[35.53948881654493,33.888593002391204]]},"properties":{"fid":11303,"LAYER":"gully"}},
{"type":"Feature","geometry":{"type":"LineString","coordinates":[[35.53949113704645,33.888569530720304],[35.53949555451554,33.88859196450734]]},"properties":{"fid":11304,"LAYER":"gully"}},
{"type":"Feature","geometry":{"type":"LineString","coordinates":[[35.53949555451554,33.88859196450734],[35.53948881654493,33.888593002391204]]},"properties":{"fid":11305,"LAYER":"gully"}},
{"type":"Feature","geometry":{"type":"LineString","coordinates":[[35.53938482222553,33.88817936654104],[35.53938308355126,33.88817366958083]]},"properties":{"fid":11306,"LAYER":"gully"}},
{"type":"Feature","geometry":{"type":"LineString","coordinates":[[35.53938308355126,33.88817366958083],[35.53938482222553,33.88817936654104]]},"properties":{"fid":11307,"LAYER":"gully"}},
{"type":"Feature","geometry":null,"properties":{"fid":11308,"LAYER":"gully"}},
{"type":"Feature","geometry":null,"properties":{"fid":11309,"LAYER":"gully"}},
{"type":"Feature","geometry":null,"properties":{"fid":11310,"LAYER":"gully"}},
{"type":"Feature","geometry":null,"properties":{"fid":11311,"LAYER":"gully"}},
{"type":"Feature","geometry":null,"properties":{"fid":11312,"LAYER":"gully"}},
{"type":"Feature","geometry":null,"properties":{"fid":11313,"LAYER":"gully"}},
{"type":"Feature","geometry":null,"properties":{"fid":11314,"LAYER":"gully"}},
{"type":"Feature","geometry":null,"properties":{"fid":11315,"LAYER":"gully"}},
{"type":"Feature","geometry":null,"properties":{"fid":11316,"LAYER":"gully"}},
{"type":"Feature","geometry":null,"properties":{"fid":11317,"LAYER":"gully"}},
{"type":"Feature","geometry":{"type":"LineString","coordinates":[[35.5421861329562,33.8894850152122],[35.54218800024135,33.88948946225348]]},"properties":{"fid":11318,"LAYER":"gully"}},
{"type":"Feature","geometry":{"type":"LineString","coordinates":[[35.54218800024135,33.88948946225348],[35.542192374443694,33.88948831542086]]},"properties":{"fid":11319,"LAYER":"gully"}},
{"type":"Feature","geometry":{"type":"LineString","coordinates":[[35.5421861329562,33.8894850152122],[35.542190507158324,33.88948386837966]]},"properties":{"fid":11320,"LAYER":"gully"}},
{"type":"Feature","geometry":{"type":"LineString","coordinates":[[35.542190507158324,33.88948386837966],[35.542192374443694,33.88948831542086]]},"properties":{"fid":11321,"LAYER":"gully"}},
{"type":"Feature","geometry":{"type":"LineString","coordinates":[[35.54219397691467,33.88949211775349],[35.5421969901567,33.88950221727724]]},"properties":{"fid":11322,"LAYER":"gully"}},
{"type":"Feature","geometry":{"type":"LineString","coordinates":[[35.5421969901567,33.88950221727724],[35.54219112269764,33.88950312751174]]},"properties":{"fid":11323,"LAYER":"gully"}},
{"type":"Feature","geometry":{"type":"LineString","coordinates":[[35.54219397691467,33.88949211775349],[35.54218810945629,33.889493027987875]]},"properties":{"fid":11324,"LAYER":"gully"}},
{"type":"Feature","geometry":{"type":"LineString","coordinates":[[35.54218810945629,33.889493027987875],[35.54219112269764,33.88950312751174]]},"properties":{"fid":11325,"LAYER":"gully"}},
{"type":"Feature","geometry":null,"properties":{"fid":11326,"LAYER":"gully"}},
{"type":"Feature","geometry":{"type":"LineString","coordinates":[[35.54226023365253,33.88971718332562],[35.54225475224489,33.889717401395956]]},"properties":{"fid":11327,"LAYER":"gully"}},
{"type":"Feature","geometry":{"type":"LineString","coordinates":[[35.54225475224489,33.889717401395956],[35.54226569916211,33.88975581893272]]},"properties":{"fid":11328,"LAYER":"gully"}},
{"type":"Feature","geometry":{"type":"LineString","coordinates":[[35.54226023365253,33.88971718332562],[35.54227118057222,33.889755600862]]},"properties":{"fid":11329,"LAYER":"gully"}},
{"type":"Feature","geometry":{"type":"LineString","coordinates":[[35.54227118057222,33.889755600862],[35.54226569916211,33.88975581893272]]},"properties":{"fid":11330,"LAYER":"gully"}},
{"type":"Feature","geometry":null,"properties":{"fid":11331,"LAYER":"gully"}},
{"type":"Feature","geometry":null,"properties":{"fid":11332,"LAYER":"gully"}},
{"type":"Feature","geometry":null,"properties":{"fid":11333,"LAYER":"gully"}},
{"type":"Feature","geometry":null,"properties":{"fid":11357,"LAYER":"gully"}},
{"type":"Feature","geometry":null,"properties":{"fid":11359,"LAYER":"bomb speed"}},
{"type":"Feature","geometry":null,"properties":{"fid":11360,"LAYER":"bomb speed"}},
{"type":"Feature","geometry":{"type":"LineString","coordinates":[[35.53948455310222,33.88815761531832],[35.53947317484105,33.88811190849433]]},"properties":{"fid":11361,"LAYER":"bomb speed"}},
{"type":"Feature","geometry":{"type":"LineString","coordinates":[[35.53949551366821,33.88815670085309],[35.53948390073327,33.88811005136164]]},"properties":{"fid":11362,"LAYER":"bomb speed"}},
{"type":"Feature","geometry":null,"properties":{"fid":11377,"LAYER":"flower bed"}},
{"type":"Feature","geometry":{"type":"LineString","coordinates":[[35.5398015683244,33.88937517704975],[35.539759399752306,33.88941932364068],[35.53980906884166,33.88957882219638]]},"properties":{"fid":11378,"LAYER":"flower bed"}},
{"type":"Feature","geometry":{"type":"LineString","coordinates":[[35.53975253742458,33.8896606709325],[35.53973327884768,33.889609093977676],[35.53966792155761,33.88962791098609],[35.53964010508134,33.88968484382213],[35.53975253742458,33.8896606709325]]},"properties":{"fid":11379,"LAYER":"flower bed"}},
{"type":"Feature","geometry":{"type":"LineString","coordinates":[[35.53988987874537,33.89004862454291],[35.5398901194354,33.89007392617931]]},"properties":{"fid":11380,"LAYER":"Side Walk"}},
{"type":"Feature","geometry":{"type":"LineString","coordinates":[[35.53990662802523,33.89010695437529],[35.539920650944985,33.89011322101396],[35.53996721756189,33.89024422291472],[35.54001167709297,33.89037057136541],[35.54010444272902,33.89063430587052]]},"properties":{"fid":11381,"LAYER":"Side Walk"}},
{"type":"Feature","geometry":{"type":"LineString","coordinates":[[35.54013926650564,33.89077773145233],[35.54016211440731,33.890799046454404],[35.54024293285186,33.8910286043087],[35.54022682070304,33.89104496567445]]},"properties":{"fid":11382,"LAYER":"Side Walk"}},
{"type":"Feature","geometry":{"type":"LineString","coordinates":[[35.540296699073664,33.89095217315464],[35.54028700139039,33.89095666062271],[35.54028379676318,33.89096484339911],[35.540308269192366,33.891037455976765],[35.54032191022163,33.89104562701492]]},"properties":{"fid":11383,"LAYER":"Side Walk"}},
{"type":"Feature","geometry":{"type":"LineString","coordinates":[[35.540247494047705,33.890779175160006],[35.54022353058307,33.890794327604716],[35.54026921787029,33.89091889105066]]},"properties":{"fid":11385,"LAYER":"Side Walk"}},
{"type":"Feature","geometry":{"type":"LineString","coordinates":[[35.5399582207366,33.890062902456556],[35.54004040803223,33.8902727872624],[35.540132110737964,33.89053359544117],[35.54014055994509,33.89053919255089]]},"properties":{"fid":11411,"LAYER":"Side Walk"}},
{"type":"Feature","geometry":{"type":"LineString","coordinates":[[35.540158878770015,33.89057767865062],[35.54015269928286,33.890579958647415],[35.54014993595918,33.89058565338136],[35.54019685304967,33.89071528285102],[35.540197666489775,33.89071616528568],[35.540199396163786,33.89071786040837],[35.540200310502584,33.89071867123915],[35.54020427409995,33.89072164929995],[35.540206424332844,33.890722967858856],[35.54020753751358,33.89072358190904],[35.540209833906744,33.89072471618765],[35.54021681849558,33.89072747887388]]},"properties":{"fid":11412,"LAYER":"Side Walk"}},
{"type":"Feature","geometry":null,"properties":{"fid":11448,"LAYER":"new jersey"}},
{"type":"Feature","geometry":null,"properties":{"fid":11449,"LAYER":"new jersey"}},
{"type":"Feature","geometry":{"type":"LineString","coordinates":[[35.542549181840094,33.89072503156855],[35.542546015464936,33.890723180010724]]},"properties":{"fid":11463,"LAYER":"new jersey"}},
{"type":"Feature","geometry":{"type":"LineString","coordinates":[[35.542546015464936,33.890723180010724],[35.542549524339734,33.89071742049921]]},"properties":{"fid":11464,"LAYER":"new jersey"}},
{"type":"Feature","geometry":{"type":"LineString","coordinates":[[35.542549181840094,33.89072503156855],[35.54255269071478,33.890719272056934]]},"properties":{"fid":11465,"LAYER":"new jersey"}},
{"type":"Feature","geometry":{"type":"LineString","coordinates":[[35.54255269071478,33.890719272056934],[35.542549524339734,33.89071742049921]]},"properties":{"fid":11466,"LAYER":"new jersey"}},
{"type":"Feature","geometry":{"type":"LineString","coordinates":[[35.54250209863838,33.89073441982209],[35.54249382711022,33.89073309500515]]},"properties":{"fid":11467,"LAYER":"new jersey"}},
{"type":"Feature","geometry":{"type":"LineString","coordinates":[[35.54249382711022,33.89073309500515],[35.542492981677746,33.89073621787064]]},"properties":{"fid":11468,"LAYER":"new jersey"}},
{"type":"Feature","geometry":{"type":"LineString","coordinates":[[35.54250209863838,33.89073441982209],[35.54250125320621,33.8907375426876]]},"properties":{"fid":11469,"LAYER":"new jersey"}},
{"type":"Feature","geometry":{"type":"LineString","coordinates":[[35.54250125320621,33.8907375426876],[35.542492981677746,33.89073621787064]]},"properties":{"fid":11470,"LAYER":"new jersey"}},
{"type":"Feature","geometry":{"type":"LineString","coordinates":[[35.53970734881473,33.889231182765634],[35.53970745451354,33.889276867443186],[35.53971837102841,33.889281372620474],[35.539765654081464,33.88927595066926]]},"properties":{"fid":11472,"LAYER":"Side Walk"}},
{"type":"Feature","geometry":{"type":"LineString","coordinates":[[35.53957048731755,33.88936812567361],[35.53957214155787,33.88936223967072]]},"properties":{"fid":11473,"LAYER":"Side Walk"}},
{"type":"Feature","geometry":{"type":"LineString","coordinates":[[35.53954524046261,33.88937541105222],[35.53957139707801,33.88936883844422],[35.53957334066667,33.88936192290178],[35.539565619251476,33.889356194351755],[35.53954274623913,33.88935964552668]]},"properties":{"fid":11474,"LAYER":"Road"}},
{"type":"Feature","geometry":{"type":"LineString","coordinates":[[35.53977377228321,33.88937036598346],[35.53974353288883,33.88940449969946]]},"properties":{"fid":11475,"LAYER":"Side Walk"}},
{"type":"Feature","geometry":{"type":"LineString","coordinates":[[35.53982118055419,33.88922483647444],[35.539753981367376,33.88922682401884]]},"properties":{"fid":11476,"LAYER":"tent"}},
{"type":"Feature","geometry":{"type":"LineString","coordinates":[[35.539753981367376,33.88922682401884],[35.53975514386701,33.88925822644661]]},"properties":{"fid":11477,"LAYER":"tent"}},
{"type":"Feature","geometry":{"type":"LineString","coordinates":[[35.539822343078626,33.88925623890238],[35.53975514386701,33.88925822644661]]},"properties":{"fid":11478,"LAYER":"tent"}},
{"type":"Feature","geometry":{"type":"LineString","coordinates":[[35.53982118055419,33.88922483647444],[35.539822343078626,33.88925623890238]]},"properties":{"fid":11479,"LAYER":"tent"}},
{"type":"Feature","geometry":null,"properties":{"fid":11488,"LAYER":"electrical pole"}},
{"type":"Feature","geometry":null,"properties":{"fid":11489,"LAYER":"electrical pole"}},
{"type":"Feature","geometry":null,"properties":{"fid":11490,"LAYER":"electrical pole"}},
{"type":"Feature","geometry":null,"properties":{"fid":11491,"LAYER":"electrical pole"}},
{"type":"Feature","geometry":null,"properties":{"fid":11492,"LAYER":"electrical pole"}},
{"type":"Feature","geometry":null,"properties":{"fid":11493,"LAYER":"electrical pole"}},
{"type":"Feature","geometry":{"type":"LineString","coordinates":[[35.541686411143374,33.88781357579747],[35.54168163394372,33.887814536020684]]},"properties":{"fid":11494,"LAYER":"electrical pole"}},
{"type":"Feature","geometry":{"type":"LineString","coordinates":[[35.54168163394372,33.887814536020684],[35.541681770083635,33.887815667396964]]},"properties":{"fid":11495,"LAYER":"electrical pole"}},
{"type":"Feature","geometry":{"type":"LineString","coordinates":[[35.541686411143374,33.88781357579747],[35.54168654728336,33.887814707173746]]},"properties":{"fid":11496,"LAYER":"electrical pole"}},
{"type":"Feature","geometry":{"type":"LineString","coordinates":[[35.54168654728336,33.887814707173746],[35.541681770083635,33.887815667396964]]},"properties":{"fid":11497,"LAYER":"electrical pole"}},
{"type":"Feature","geometry":null,"properties":{"fid":11498,"LAYER":"electrical pole"}},
{"type":"Feature","geometry":null,"properties":{"fid":11499,"LAYER":"electrical pole"}},
{"type":"Feature","geometry":{"type":"LineString","coordinates":[[35.53929550234923,33.88814125527122],[35.539290673383555,33.888142159767405]]},"properties":{"fid":11500,"LAYER":"electrical pole"}},
{"type":"Feature","geometry":{"type":"LineString","coordinates":[[35.539290673383555,33.888142159767405],[35.53928970488936,33.888138193148144]]},"properties":{"fid":11501,"LAYER":"electrical pole"}},
{"type":"Feature","geometry":{"type":"LineString","coordinates":[[35.53929550234923,33.88814125527122],[35.53929453385481,33.88813728865194]]},"properties":{"fid":11502,"LAYER":"electrical pole"}},
{"type":"Feature","geometry":{"type":"LineString","coordinates":[[35.53929453385481,33.88813728865194],[35.53928970488936,33.888138193148144]]},"properties":{"fid":11503,"LAYER":"electrical pole"}},
{"type":"Feature","geometry":{"type":"LineString","coordinates":[[35.54173738313323,33.88824981404838],[35.541737346451974,33.888251141574756]]},"properties":{"fid":11508,"LAYER":"electrical pole"}},
{"type":"Feature","geometry":{"type":"LineString","coordinates":[[35.541737346451974,33.888251141574756],[35.54173320034556,33.88825098390532]]},"properties":{"fid":11509,"LAYER":"electrical pole"}},
{"type":"Feature","geometry":{"type":"LineString","coordinates":[[35.54173738313323,33.88824981404838],[35.54173323702688,33.88824965637894]]},"properties":{"fid":11510,"LAYER":"electrical pole"}},
{"type":"Feature","geometry":{"type":"LineString","coordinates":[[35.54173323702688,33.88824965637894],[35.54173320034556,33.88825098390532]]},"properties":{"fid":11511,"LAYER":"electrical pole"}},
{"type":"Feature","geometry":null,"properties":{"fid":11512,"LAYER":"electrical pole"}},
{"type":"Feature","geometry":null,"properties":{"fid":11513,"LAYER":"electrical pole"}},
{"type":"Feature","geometry":null,"properties":{"fid":11514,"LAYER":"electrical pole"}},
{"type":"Feature","geometry":null,"properties":{"fid":11515,"LAYER":"electrical pole"}},
{"type":"Feature","geometry":null,"properties":{"fid":11516,"LAYER":"electrical pole"}},
{"type":"Feature","geometry":{"type":"LineString","coordinates":[[35.539628794461066,33.88815070223199],[35.539625615653755,33.88813655461531]]},"properties":{"fid":11517,"LAYER":"entrance"}},
{"type":"Feature","geometry":{"type":"LineString","coordinates":[[35.539617305071225,33.88815260181267],[35.539614103679405,33.88813835367267]]},"properties":{"fid":11518,"LAYER":"entrance"}},
{"type":"Feature","geometry":{"type":"LineString","coordinates":[[35.54016954583571,33.88806490605243],[35.54016690236784,33.888053156896866]]},"properties":{"fid":11519,"LAYER":"entrance"}},
{"type":"Feature","geometry":{"type":"LineString","coordinates":[[35.54018278237462,33.88806260672737],[35.54018018844915,33.888051077775955]]},"properties":{"fid":11520,"LAYER":"entrance"}},
{"type":"Feature","geometry":{"type":"LineString","coordinates":[[35.54032162348049,33.888041201342325],[35.54031895960394,33.88802936157291]]},"properties":{"fid":11521,"LAYER":"entrance"}},
{"type":"Feature","geometry":{"type":"LineString","coordinates":[[35.540334769966066,33.88803924208339],[35.54033279702024,33.88802719615585]]},"properties":{"fid":11522,"LAYER":"entrance"}},
{"type":"Feature","geometry":{"type":"LineString","coordinates":[[35.54032389254206,33.88794193829903],[35.54033034883679,33.88796792858314]]},"properties":{"fid":11523,"LAYER":"entrance"}},
{"type":"Feature","geometry":{"type":"LineString","coordinates":[[35.540299412894484,33.887949700242615],[35.540305027804976,33.88797230349976]]},"properties":{"fid":11524,"LAYER":"entrance"}},
{"type":"Feature","geometry":{"type":"LineString","coordinates":[[35.539424522618276,33.888305716257385],[35.53941279809007,33.888307608925906]]},"properties":{"fid":11525,"LAYER":"entrance"}},
{"type":"Feature","geometry":{"type":"LineString","coordinates":[[35.53942176893366,33.88829434357472],[35.53941015442242,33.88829621848343]]},"properties":{"fid":11526,"LAYER":"entrance"}},
{"type":"Feature","geometry":{"type":"LineString","coordinates":[[35.53953194098215,33.88875816238748],[35.53952094872864,33.88876033206882]]},"properties":{"fid":11527,"LAYER":"entrance"}},
{"type":"Feature","geometry":{"type":"LineString","coordinates":[[35.539534806689005,33.88876790590335],[35.539523719200965,33.888770094382245]]},"properties":{"fid":11528,"LAYER":"entrance"}},
{"type":"Feature","geometry":{"type":"LineString","coordinates":[[35.53943881414279,33.888762076590574],[35.53945598190189,33.888758773619294]]},"properties":{"fid":11529,"LAYER":"entrance"}},
{"type":"Feature","geometry":{"type":"LineString","coordinates":[[35.539444265209,33.888780518206666],[35.53946110089224,33.88877727912479]]},"properties":{"fid":11530,"LAYER":"entrance"}},
{"type":"Feature","geometry":{"type":"LineString","coordinates":[[35.53964342623116,33.88884304742346],[35.53964799464175,33.888861122723796]]},"properties":{"fid":11531,"LAYER":"entrance"}},
{"type":"Feature","geometry":{"type":"LineString","coordinates":[[35.53965970077303,33.888838465288366],[35.539664685723196,33.88885818864756]]},"properties":{"fid":11532,"LAYER":"entrance"}},
{"type":"Feature","geometry":{"type":"LineString","coordinates":[[35.539653325843936,33.8889493209823],[35.539647812758396,33.88892722661874]]},"properties":{"fid":11533,"LAYER":"entrance"}},
{"type":"Feature","geometry":{"type":"LineString","coordinates":[[35.5396662648199,33.888947157287106],[35.53966073215803,33.88892498448267]]},"properties":{"fid":11534,"LAYER":"entrance"}},
{"type":"Feature","geometry":{"type":"LineString","coordinates":[[35.53983061735074,33.88963354183417],[35.53981774189469,33.88963659160449]]},"properties":{"fid":11535,"LAYER":"entrance"}},
{"type":"Feature","geometry":{"type":"LineString","coordinates":[[35.53983613319187,33.88964686250235],[35.53982235160174,33.889650126905956]]},"properties":{"fid":11536,"LAYER":"entrance"}},
{"type":"Feature","geometry":{"type":"LineString","coordinates":[[35.539851291997316,33.88970077232981],[35.53984047267814,33.88970333506896]]},"properties":{"fid":11537,"LAYER":"entrance"}},
{"type":"Feature","geometry":{"type":"LineString","coordinates":[[35.53985372873889,33.88971222589244],[35.53984426413067,33.88971446774524]]},"properties":{"fid":11538,"LAYER":"entrance"}},
{"type":"Feature","geometry":{"type":"LineString","coordinates":[[35.53978579456449,33.889780328704525],[35.53979924908707,33.889777237348056]]},"properties":{"fid":11539,"LAYER":"entrance"}},
{"type":"Feature","geometry":{"type":"LineString","coordinates":[[35.53979115030907,33.88979667508335],[35.539804646094034,33.889793574246326]]},"properties":{"fid":11540,"LAYER":"entrance"}},
{"type":"Feature","geometry":{"type":"LineString","coordinates":[[35.53996412977902,33.89026811852181],[35.5399747144414,33.89026552813831]]},"properties":{"fid":11541,"LAYER":"entrance"}},
{"type":"Feature","geometry":{"type":"LineString","coordinates":[[35.5399678605306,33.890276970169175],[35.53997787800298,33.89027451859402]]},"properties":{"fid":11542,"LAYER":"entrance"}},
{"type":"Feature","geometry":{"type":"LineString","coordinates":[[35.53996887584591,33.890280742872726],[35.53997918078661,33.89027822094552]]},"properties":{"fid":11543,"LAYER":"entrance"}},
{"type":"Feature","geometry":{"type":"LineString","coordinates":[[35.539970622171566,33.89028846482877],[35.53998209537041,33.890286503834446]]},"properties":{"fid":11544,"LAYER":"entrance"}},
{"type":"Feature","geometry":{"type":"LineString","coordinates":[[35.54007170639792,33.89057762737907],[35.54008349251293,33.89057474413843]]},"properties":{"fid":11545,"LAYER":"entrance"}},
{"type":"Feature","geometry":{"type":"LineString","coordinates":[[35.54007635882791,33.89059024176299],[35.54008794655831,33.89058740705319]]},"properties":{"fid":11546,"LAYER":"entrance"}},
{"type":"Feature","geometry":{"type":"LineString","coordinates":[[35.54006147206844,33.890299022517254],[35.540050569973545,33.89030168853001]]},"properties":{"fid":11547,"LAYER":"entrance"}},
{"type":"Feature","geometry":{"type":"LineString","coordinates":[[35.54005891115536,33.89029244426853],[35.54004823737164,33.89029505444977]]},"properties":{"fid":11548,"LAYER":"entrance"}},
{"type":"Feature","geometry":{"type":"LineString","coordinates":[[35.54006223359044,33.89030243837322],[35.54005173621978,33.89030500541414]]},"properties":{"fid":11549,"LAYER":"entrance"}},
{"type":"Feature","geometry":{"type":"LineString","coordinates":[[35.54069062596845,33.887911645001665],[35.540693446787365,33.88792245593572]]},"properties":{"fid":11560,"LAYER":"entrance"}},
{"type":"Feature","geometry":{"type":"LineString","coordinates":[[35.540742749361804,33.88790272096041],[35.54074546902905,33.887913602274125]]},"properties":{"fid":11561,"LAYER":"entrance"}},
{"type":"Feature","geometry":{"type":"LineString","coordinates":[[35.541598687739935,33.8879127561989],[35.54161921520056,33.88790743332455]]},"properties":{"fid":11562,"LAYER":"entrance"}},
{"type":"Feature","geometry":{"type":"LineString","coordinates":[[35.541603606802845,33.88792869285584],[35.54162506651562,33.887923128243905]]},"properties":{"fid":11563,"LAYER":"entrance"}},
{"type":"Feature","geometry":{"type":"LineString","coordinates":[[35.54215725332164,33.88934994658939],[35.5421460621013,33.88935234008241]]},"properties":{"fid":11564,"LAYER":"entrance"}},
{"type":"Feature","geometry":{"type":"LineString","coordinates":[[35.54216219724656,33.88936529771193],[35.542150869699704,33.88936778307368]]},"properties":{"fid":11565,"LAYER":"entrance"}},
{"type":"Feature","geometry":{"type":"LineString","coordinates":[[35.54216414221977,33.88937405814621],[35.54215358031943,33.88937637551841]]},"properties":{"fid":11566,"LAYER":"entrance"}},
{"type":"Feature","geometry":{"type":"LineString","coordinates":[[35.542168092749115,33.889385781530414],[35.54215729496986,33.88938815065647]]},"properties":{"fid":11567,"LAYER":"entrance"}},
{"type":"Feature","geometry":{"type":"LineString","coordinates":[[35.54237264930729,33.89045345021473],[35.54238391479901,33.89044917179695],[35.542393857040324,33.89044603895696]]},"properties":{"fid":11568,"LAYER":"entrance"}},
{"type":"Feature","geometry":{"type":"LineString","coordinates":[[35.54238022860448,33.89044118104615],[35.542391670634174,33.89043878311469]]},"properties":{"fid":11569,"LAYER":"entrance"}},
{"type":"Feature","geometry":{"type":"LineString","coordinates":[[35.543646544635,33.8904156137269],[35.54364894207936,33.89042350063471]]},"properties":{"fid":11570,"LAYER":"entrance"}},
{"type":"Feature","geometry":{"type":"LineString","coordinates":[[35.543658708403996,33.8904123445999],[35.54366130508266,33.89042088692774]]},"properties":{"fid":11571,"LAYER":"entrance"}},
{"type":"Feature","geometry":{"type":"LineString","coordinates":[[35.54342368771545,33.89045840652521],[35.54342703185656,33.89046960450128]]},"properties":{"fid":11572,"LAYER":"entrance"}},
{"type":"Feature","geometry":{"type":"LineString","coordinates":[[35.54344038497314,33.89045637063788],[35.54344206318968,33.8904664824986]]},"properties":{"fid":11573,"LAYER":"entrance"}},
{"type":"Feature","geometry":{"type":"LineString","coordinates":[[35.54337401781576,33.89046887373068],[35.543377319546444,33.89047992971579]]},"properties":{"fid":11574,"LAYER":"entrance"}},
{"type":"Feature","geometry":{"type":"LineString","coordinates":[[35.54338548526126,33.89046724372748],[35.54338857559713,33.8904775918434]]},"properties":{"fid":11575,"LAYER":"entrance"}},
{"type":"Feature","geometry":{"type":"LineString","coordinates":[[35.54329910911661,33.89048466187224],[35.54330234492367,33.890495499269065]]},"properties":{"fid":11576,"LAYER":"entrance"}},
{"type":"Feature","geometry":{"type":"LineString","coordinates":[[35.54330734656613,33.890482946210014],[35.5433105838059,33.8904937884018]]},"properties":{"fid":11577,"LAYER":"entrance"}},
{"type":"Feature","geometry":{"type":"LineString","coordinates":[[35.5431373159405,33.89052043254978],[35.54313994074227,33.89052922361812]]},"properties":{"fid":11578,"LAYER":"entrance"}},
{"type":"Feature","geometry":{"type":"LineString","coordinates":[[35.54312005273518,33.89052357918792],[35.54312280072473,33.89053278284679]]},"properties":{"fid":11579,"LAYER":"entrance"}},
{"type":"Feature","geometry":{"type":"LineString","coordinates":[[35.54307476869549,33.8905367272429],[35.54307646391889,33.890542404952214]]},"properties":{"fid":11580,"LAYER":"entrance"}},
{"type":"Feature","geometry":{"type":"LineString","coordinates":[[35.54306722704309,33.89053886914562],[35.54306876037289,33.890544004636126]]},"properties":{"fid":11581,"LAYER":"entrance"}},
{"type":"Feature","geometry":{"type":"LineString","coordinates":[[35.54290815832212,33.890567215526545],[35.54291100879388,33.89057676250258]]},"properties":{"fid":11582,"LAYER":"entrance"}},
{"type":"Feature","geometry":{"type":"LineString","coordinates":[[35.542917993008906,33.8905686582959],[35.542919863704945,33.890574923744225]]},"properties":{"fid":11583,"LAYER":"entrance"}},
{"type":"Feature","geometry":{"type":"LineString","coordinates":[[35.5428193314247,33.890586581753055],[35.54282191781494,33.89059526148456]]},"properties":{"fid":11584,"LAYER":"entrance"}},
{"type":"Feature","geometry":{"type":"LineString","coordinates":[[35.54280664297349,33.890588699011175],[35.54280937314372,33.890597861262115]]},"properties":{"fid":11585,"LAYER":"entrance"}},
{"type":"Feature","geometry":{"type":"LineString","coordinates":[[35.54251593883105,33.89052977713816],[35.542505668215924,33.89053266717193]]},"properties":{"fid":11586,"LAYER":"entrance"}},
{"type":"Feature","geometry":{"type":"LineString","coordinates":[[35.54252007805975,33.89054087470822],[35.54250882459842,33.89054321646728]]},"properties":{"fid":11587,"LAYER":"entrance"}},
{"type":"Feature","geometry":{"type":"LineString","coordinates":[[35.542088305812946,33.88948496951383],[35.5420902469827,33.8894938200283]]},"properties":{"fid":11588,"LAYER":"Monument"}},
{"type":"Feature","geometry":{"type":"LineString","coordinates":[[35.5420902469827,33.8894938200283],[35.5420766149886,33.88949805608092]]},"properties":{"fid":11589,"LAYER":"Monument"}},
{"type":"Feature","geometry":{"type":"LineString","coordinates":[[35.542088305812946,33.88948496951383],[35.54207467382019,33.88948920556625]]},"properties":{"fid":11590,"LAYER":"Monument"}},
{"type":"Feature","geometry":{"type":"LineString","coordinates":[[35.54207467382019,33.88948920556625],[35.5420766149886,33.88949805608092]]},"properties":{"fid":11591,"LAYER":"Monument"}},
{"type":"Feature","geometry":null,"properties":{"fid":11596,"LAYER":"Monument"}},
{"type":"Feature","geometry":{"type":"LineString","coordinates":[[35.53982585326933,33.888048472257864],[35.53982186907704,33.888049347448536]]},"properties":{"fid":11597,"LAYER":"water Manhole"}},
{"type":"Feature","geometry":{"type":"LineString","coordinates":[[35.53982186907704,33.888049347448536],[35.53982304787975,33.88805293555069]]},"properties":{"fid":11598,"LAYER":"water Manhole"}},
{"type":"Feature","geometry":{"type":"LineString","coordinates":[[35.53982585326933,33.888048472257864],[35.53982703207219,33.888052060359996]]},"properties":{"fid":11599,"LAYER":"water Manhole"}},
{"type":"Feature","geometry":{"type":"LineString","coordinates":[[35.53982703207219,33.888052060359996],[35.53982304787975,33.88805293555069]]},"properties":{"fid":11600,"LAYER":"water Manhole"}},
{"type":"Feature","geometry":null,"properties":{"fid":11601,"LAYER":"water Manhole"}},
{"type":"Feature","geometry":null,"properties":{"fid":11603,"LAYER":"water Manhole"}},
{"type":"Feature","geometry":null,"properties":{"fid":11615,"LAYER":"Sewer Manhole"}},
{"type":"Feature","geometry":null,"properties":{"fid":11616,"LAYER":"Sewer Manhole"}},
{"type":"Feature","geometry":null,"properties":{"fid":11617,"LAYER":"Sewer Manhole"}},
{"type":"Feature","geometry":null,"properties":{"fid":11618,"LAYER":"Sewer Manhole"}},
{"type":"Feature","geometry":null,"properties":{"fid":11619,"LAYER":"Sewer Manhole"}},
{"type":"Feature","geometry":null,"properties":{"fid":11620,"LAYER":"Sewer Manhole"}},
{"type":"Feature","geometry":null,"properties":{"fid":11621,"LAYER":"Sewer Manhole"}},
{"type":"Feature","geometry":null,"properties":{"fid":11622,"LAYER":"Sewer Manhole"}},
{"type":"Feature","geometry":null,"properties":{"fid":11623,"LAYER":"Sewer Manhole"}},
{"type":"Feature","geometry":null,"properties":{"fid":11624,"LAYER":"Sewer Manhole"}},
{"type":"Feature","geometry":null,"properties":{"fid":11625,"LAYER":"cabine telephone"}},
{"type":"Feature","geometry":null,"properties":{"fid":11632,"LAYER":"manhole electric"}},
{"type":"Feature","geometry":null,"properties":{"fid":11633,"LAYER":"manhole electric"}},
{"type":"Feature","geometry":null,"properties":{"fid":11634,"LAYER":"manhole electric"}},
{"type":"Feature","geometry":null,"properties":{"fid":11655,"LAYER":"manhole telephone"}},
{"type":"Feature","geometry":{"type":"LineString","coordinates":[[35.544007784544206,33.89099306311054],[35.544051406951425,33.89113697415461],[35.54409331383368,33.89115746937658]]},"properties":{"fid":11741,"LAYER":"Side Walk"}},
{"type":"Feature","geometry":{"type":"LineString","coordinates":[[35.543918638387666,33.89098467411719],[35.543936939424896,33.89097867084222]]},"properties":{"fid":11742,"LAYER":"entrance"}},
{"type":"Feature","geometry":{"type":"LineString","coordinates":[[35.54391588795813,33.890976801029844],[35.543933053712216,33.89097246096281]]},"properties":{"fid":11743,"LAYER":"entrance"}},
{"type":"Feature","geometry":{"type":"LineString","coordinates":[[35.543784769642,33.890667824880275],[35.54381886383701,33.89070489144138],[35.543917287521445,33.89096058515191],[35.54398676013067,33.89113353719144],[35.543998620119574,33.89117813567537]]},"properties":{"fid":11744,"LAYER":"Side Walk"}},
{"type":"Feature","geometry":{"type":"LineString","coordinates":[[35.5438793252807,33.89090743704303],[35.54390536415453,33.89089980893693]]},"properties":{"fid":11745,"LAYER":"entrance"}},
{"type":"Feature","geometry":{"type":"LineString","coordinates":[[35.54388359556778,33.89091696909075],[35.5439096344442,33.89090934098386]]},"properties":{"fid":11746,"LAYER":"entrance"}},
{"type":"Feature","geometry":{"type":"LineString","coordinates":[[35.543921056332906,33.8907877338511],[35.54391788056451,33.890792455581554],[35.54397968988397,33.89095203770106],[35.543989118736484,33.89095336026123]]},"properties":{"fid":11749,"LAYER":"Side Walk"}},
{"type":"Feature","geometry":{"type":"LineString","coordinates":[[35.54396421996461,33.8908838871756],[35.54394783917067,33.89088939365271]]},"properties":{"fid":11750,"LAYER":"entrance"}},
{"type":"Feature","geometry":{"type":"LineString","coordinates":[[35.54396083456027,33.890875427277464],[35.54394314329605,33.89088161945638]]},"properties":{"fid":11751,"LAYER":"entrance"}},
{"type":"Feature","geometry":{"type":"LineString","coordinates":[[35.54389746832766,33.89074218359789],[35.54390533260471,33.890745302500534],[35.54393854746177,33.890745497641745]]},"properties":{"fid":11752,"LAYER":"Road"}},
{"type":"Feature","geometry":{"type":"LineString","coordinates":[[35.54387182893676,33.89064908257539],[35.54389228653915,33.89073129572152],[35.54390585702798,33.8907441758549],[35.5439393925975,33.89074333270865]]},"properties":{"fid":11753,"LAYER":"Side Walk"}},
{"type":"Feature","geometry":null,"properties":{"fid":11754,"LAYER":"side walk as parking"}},
{"type":"Feature","geometry":{"type":"LineString","coordinates":[[35.54391512771001,33.89074032326989],[35.54387334965026,33.8906548271977]]},"properties":{"fid":11755,"LAYER":"Fence"}},
{"type":"Feature","geometry":{"type":"LineString","coordinates":[[35.54391512771001,33.89074032326989],[35.54394391843371,33.890732693758714]]},"properties":{"fid":11756,"LAYER":"Fence"}},
{"type":"Feature","geometry":null,"properties":{"fid":11757,"LAYER":"cabin"}},
{"type":"Feature","geometry":null,"properties":{"fid":11758,"LAYER":"manhole"}},
{"type":"Feature","geometry":{"type":"LineString","coordinates":[[35.54381412172766,33.890439158948524],[35.54379811584015,33.89046738848537],[35.5438580444374,33.8906132301763]]},"properties":{"fid":11759,"LAYER":"Side Walk"}},
{"type":"Feature","geometry":{"type":"LineString","coordinates":[[35.54370616479433,33.89046491881453],[35.54370421815974,33.89047441294916]]},"properties":{"fid":11760,"LAYER":"tent"}},
{"type":"Feature","geometry":{"type":"LineString","coordinates":[[35.54373743491207,33.890481230919036],[35.54372905051584,33.89048694676906]]},"properties":{"fid":11761,"LAYER":"tent"}},
{"type":"Feature","geometry":{"type":"LineString","coordinates":[[35.54373743491207,33.890481230919036],[35.54370616479433,33.89046491881453]]},"properties":{"fid":11762,"LAYER":"tent"}},
{"type":"Feature","geometry":{"type":"LineString","coordinates":[[35.543825172576405,33.890400690273665],[35.54376519419913,33.890386202181645],[35.54375401513763,33.89035354628057]]},"properties":{"fid":11763,"LAYER":"Side Walk"}},
{"type":"Feature","geometry":{"type":"LineString","coordinates":[[35.54382530969823,33.890401584340445],[35.543764264604825,33.890386770039974],[35.543752975855,33.89035379372001]]},"properties":{"fid":11764,"LAYER":"Road"}},
{"type":"Feature","geometry":null,"properties":{"fid":11765,"LAYER":"gully"}},
{"type":"Feature","geometry":null,"properties":{"fid":11766,"LAYER":"manhole"}},
{"type":"Feature","geometry":{"type":"LineString","coordinates":[[35.54348099624707,33.89044693672758],[35.54343951588386,33.890323857056146]]},"properties":{"fid":11767,"LAYER":"buildings"}},
{"type":"Feature","geometry":{"type":"LineString","coordinates":[[35.54333114721234,33.89046077291488],[35.54328473859704,33.89037936883564]]},"properties":{"fid":11768,"LAYER":"buildings"}},
{"type":"Feature","geometry":{"type":"LineString","coordinates":[[35.54338679546491,33.890538280233386],[35.543449755542326,33.89052501886973]]},"properties":{"fid":11769,"LAYER":"buildings"}},
{"type":"Feature","geometry":{"type":"LineString","coordinates":[[35.54332846356226,33.890541665197695],[35.5433347151682,33.89056651254709]]},"properties":{"fid":11770,"LAYER":"entrance"}},
{"type":"Feature","geometry":{"type":"LineString","coordinates":[[35.543338687274684,33.8905395196929],[35.54334413741134,33.890565116104234]]},"properties":{"fid":11771,"LAYER":"entrance"}},
{"type":"Feature","geometry":{"type":"LineString","coordinates":[[35.54330143554219,33.89054733717836],[35.54330453840689,33.89056808153368]]},"properties":{"fid":11772,"LAYER":"entrance"}},
{"type":"Feature","geometry":{"type":"LineString","coordinates":[[35.54332102118243,33.890543227023294],[35.54332246200559,33.890564927075765]]},"properties":{"fid":11773,"LAYER":"entrance"}},
{"type":"Feature","geometry":null,"properties":{"fid":11774,"LAYER":"manhole"}},
{"type":"Feature","geometry":null,"properties":{"fid":11775,"LAYER":"manhole"}},
{"type":"Feature","geometry":{"type":"LineString","coordinates":[[35.54313868573287,33.89058149098984],[35.54314555460029,33.89060290239786]]},"properties":{"fid":11776,"LAYER":"entrance"}},
{"type":"Feature","geometry":{"type":"LineString","coordinates":[[35.54315171048975,33.8905790545768],[35.54315850068725,33.89059911096423]]},"properties":{"fid":11777,"LAYER":"entrance"}},
{"type":"Feature","geometry":null,"properties":{"fid":11778,"LAYER":"manhole"}},
{"type":"Feature","geometry":{"type":"LineString","coordinates":[[35.54304734532217,33.890600659096144],[35.54305293910692,33.890620838131575]]},"properties":{"fid":11779,"LAYER":"entrance"}},
{"type":"Feature","geometry":{"type":"LineString","coordinates":[[35.54303369197747,33.890603515201164],[35.54304240200757,33.89062382967183]]},"properties":{"fid":11780,"LAYER":"entrance"}},
{"type":"Feature","geometry":null,"properties":{"fid":11781,"LAYER":"manhole"}},
{"type":"Feature","geometry":{"type":"LineString","coordinates":[[35.54299960240738,33.89061072017852],[35.54300498093608,33.89062916990547]]},"properties":{"fid":11782,"LAYER":"entrance"}},
{"type":"Feature","geometry":{"type":"LineString","coordinates":[[35.54301138013869,33.8906081965786],[35.54301697652441,33.89062588396082]]},"properties":{"fid":11783,"LAYER":"entrance"}},
{"type":"Feature","geometry":null,"properties":{"fid":11784,"LAYER":"manhole"}},
{"type":"Feature","geometry":{"type":"LineString","coordinates":[[35.54294294837348,33.89062282381125],[35.5429491074974,33.89064498823349]]},"properties":{"fid":11785,"LAYER":"entrance"}},
{"type":"Feature","geometry":{"type":"LineString","coordinates":[[35.54293095085031,33.89062537283126],[35.54293805691506,33.89064426842348]]},"properties":{"fid":11786,"LAYER":"entrance"}},
{"type":"Feature","geometry":{"type":"LineString","coordinates":[[35.542786706869045,33.890655020204974],[35.54279462366155,33.890678346105965]]},"properties":{"fid":11787,"LAYER":"entrance"}},
{"type":"Feature","geometry":{"type":"LineString","coordinates":[[35.542797822443184,33.890652539240435],[35.54280610322487,33.890674377958526]]},"properties":{"fid":11788,"LAYER":"entrance"}},
{"type":"Feature","geometry":null,"properties":{"fid":11789,"LAYER":"manhole"}},
{"type":"Feature","geometry":{"type":"LineString","coordinates":[[35.542335103659845,33.890258168779916],[35.542208883938116,33.890135299620894]]},"properties":{"fid":11790,"LAYER":"Road"}},
{"type":"Feature","geometry":{"type":"LineString","coordinates":[[35.54233486126025,33.89025853145399],[35.54220772872835,33.89013603942285]]},"properties":{"fid":11791,"LAYER":"Side Walk"}},
{"type":"Feature","geometry":{"type":"LineString","coordinates":[[35.54232074354266,33.89012503296145],[35.54231268177121,33.890137775423185],[35.54228964422063,33.890149615572334],[35.54226814702557,33.89014903674439],[35.54225762592466,33.89014503686027]]},"properties":{"fid":11792,"LAYER":"Road"}},
{"type":"Feature","geometry":{"type":"LineString","coordinates":[[35.54231970458725,33.89012478457807],[35.54231357574893,33.89013533557813],[35.54228662898963,33.89014918486506],[35.54225820485023,33.89014427572103]]},"properties":{"fid":11793,"LAYER":"Side Walk"}},
{"type":"Feature","geometry":{"type":"LineString","coordinates":[[35.54231628684526,33.890114836171605],[35.54231970458725,33.89012478457807]]},"properties":{"fid":11794,"LAYER":"Side Walk"}},
{"type":"Feature","geometry":{"type":"LineString","coordinates":[[35.54187802440638,33.889110436609336],[35.54198852817403,33.88908556358463],[35.54196683596381,33.88901839944758]]},"properties":{"fid":11795,"LAYER":"buildings"}},
{"type":"Feature","geometry":{"type":"LineString","coordinates":[[35.54196460014549,33.888793300619454],[35.54197153346551,33.88882494892238]]},"properties":{"fid":11796,"LAYER":"Side Walk"}},
{"type":"Feature","geometry":{"type":"LineString","coordinates":[[35.541971693805706,33.88882604396544],[35.54196302269651,33.88879223971521]]},"properties":{"fid":11797,"LAYER":"Road"}},
{"type":"Feature","geometry":{"type":"LineString","coordinates":[[35.54174544472672,33.88832197132431],[35.541843603001055,33.88862484615424]]},"properties":{"fid":11798,"LAYER":"buildings"}},
{"type":"Feature","geometry":{"type":"LineString","coordinates":[[35.54186162628659,33.888598628732076],[35.541830717534374,33.88860688170559]]},"properties":{"fid":11799,"LAYER":"entrance"}},
{"type":"Feature","geometry":{"type":"LineString","coordinates":[[35.541854924247524,33.888568721475906],[35.54181057252506,33.88858131782309]]},"properties":{"fid":11800,"LAYER":"entrance"}},
{"type":"Feature","geometry":{"type":"LineString","coordinates":[[35.54177686169345,33.888262515592665],[35.541815418109074,33.88825216683359]]},"properties":{"fid":11801,"LAYER":"entrance"}},
{"type":"Feature","geometry":{"type":"LineString","coordinates":[[35.541768785259265,33.888230619485185],[35.54180472194957,33.888219304992184]]},"properties":{"fid":11802,"LAYER":"entrance"}},
{"type":"Feature","geometry":{"type":"LineString","coordinates":[[35.54180922983539,33.888263083521636],[35.54184307367954,33.88834643511856]]},"properties":{"fid":11803,"LAYER":"buildings"}},
{"type":"Feature","geometry":{"type":"LineString","coordinates":[[35.54188280305087,33.88847244217248],[35.541861186223436,33.888402902553494]]},"properties":{"fid":11804,"LAYER":"buildings"}},
{"type":"Feature","geometry":{"type":"LineString","coordinates":[[35.5418953195669,33.8884494438336],[35.54185694806677,33.88845675102867]]},"properties":{"fid":11805,"LAYER":"entrance"}},
{"type":"Feature","geometry":{"type":"LineString","coordinates":[[35.54188708116512,33.88841125614485],[35.541833835682745,33.88842411863767]]},"properties":{"fid":11806,"LAYER":"entrance"}},
{"type":"Feature","geometry":{"type":"LineString","coordinates":[[35.54179594058101,33.88822187043355],[35.54185969226663,33.88841670914979]]},"properties":{"fid":11807,"LAYER":"Side Walk"}},
{"type":"Feature","geometry":{"type":"LineString","coordinates":[[35.54185913477118,33.888416895684124],[35.54179540725337,33.88822205411432]]},"properties":{"fid":11808,"LAYER":"Road"}},
{"type":"Feature","geometry":{"type":"LineString","coordinates":[[35.54175797555302,33.88807608215942],[35.541729481005554,33.888082816432124]]},"properties":{"fid":11809,"LAYER":"entrance"}},
{"type":"Feature","geometry":{"type":"LineString","coordinates":[[35.54175456397253,33.88806458150651],[35.54172794278557,33.888070842099154]]},"properties":{"fid":11810,"LAYER":"entrance"}},
{"type":"Feature","geometry":{"type":"LineString","coordinates":[[35.54173857548369,33.88779675182806],[35.541672722459104,33.887812750446145]]},"properties":{"fid":11811,"LAYER":"Side Walk"}},
{"type":"Feature","geometry":{"type":"LineString","coordinates":[[35.54167106178718,33.88781252775323],[35.54173835487101,33.887796030515524]]},"properties":{"fid":11812,"LAYER":"Road"}},
{"type":"Feature","geometry":{"type":"LineString","coordinates":[[35.541383411194666,33.887798314299324],[35.54130178492266,33.88781973824776]]},"properties":{"fid":11813,"LAYER":"buildings"}},
{"type":"Feature","geometry":null,"properties":{"fid":11814,"LAYER":"manhole"}},
{"type":"Feature","geometry":null,"properties":{"fid":11815,"LAYER":"manhole"}},
{"type":"Feature","geometry":null,"properties":{"fid":11816,"LAYER":"manhole"}},
{"type":"Feature","geometry":null,"properties":{"fid":11817,"LAYER":"manhole"}},
{"type":"Feature","geometry":null,"properties":{"fid":11818,"LAYER":"manhole"}},
{"type":"Feature","geometry":null,"properties":{"fid":11819,"LAYER":"manhole"}},
{"type":"Feature","geometry":null,"properties":{"fid":11820,"LAYER":"manhole"}},
{"type":"Feature","geometry":null,"properties":{"fid":11821,"LAYER":"manhole"}},
{"type":"Feature","geometry":{"type":"LineString","coordinates":[[35.53936832909403,33.88837187040123],[35.53934161509921,33.88840414120656]]},"properties":{"fid":11822,"LAYER":"Road"}},
{"type":"Feature","geometry":{"type":"LineString","coordinates":[[35.5393672498918,33.888371919072036],[35.5393410861135,33.88840335520121]]},"properties":{"fid":11823,"LAYER":"Side Walk"}},
{"type":"Feature","geometry":{"type":"LineString","coordinates":[[35.53937777953898,33.888882223257276],[35.53937755016754,33.88889685956876]]},"properties":{"fid":11824,"LAYER":"entrance"}},
{"type":"Feature","geometry":{"type":"LineString","coordinates":[[35.53935776449425,33.88888087828564],[35.539359096042844,33.88889631800629]]},"properties":{"fid":11825,"LAYER":"entrance"}},
{"type":"Feature","geometry":{"type":"LineString","coordinates":[[35.539599665262855,33.888960057376636],[35.539651378100395,33.889108269987304]]},"properties":{"fid":11826,"LAYER":"Wall"}},
{"type":"Feature","geometry":{"type":"LineString","coordinates":[[35.53960070300887,33.88895980554541],[35.53965241584811,33.88910801815572]]},"properties":{"fid":11827,"LAYER":"Fence"}},
{"type":"Feature","geometry":{"type":"LineString","coordinates":[[35.53960237395995,33.88896136852708],[35.539653453595804,33.88910776632407]]},"properties":{"fid":11828,"LAYER":"Wall"}},
{"type":"Feature","geometry":{"type":"LineString","coordinates":[[35.539599665262855,33.888960057376636],[35.539632167466536,33.888953543346354]]},"properties":{"fid":11829,"LAYER":"Wall"}},
{"type":"Feature","geometry":{"type":"LineString","coordinates":[[35.53960237395995,33.88896136852708],[35.5396326725489,33.888955296140814]]},"properties":{"fid":11830,"LAYER":"Wall"}},
{"type":"Feature","geometry":null,"properties":{"fid":11831,"LAYER":"new jersey"}},
{"type":"Feature","geometry":null,"properties":{"fid":11832,"LAYER":"new jersey"}},
{"type":"Feature","geometry":{"type":"LineString","coordinates":[[35.539625972167315,33.88943795355223],[35.53961908045503,33.88942008545245],[35.53961484815093,33.88941466435986],[35.539606126487044,33.889413964689254],[35.53956065999778,33.88942157018903]]},"properties":{"fid":11833,"LAYER":"Road"}},
{"type":"Feature","geometry":{"type":"LineString","coordinates":[[35.53966614019996,33.889372537943345],[35.53965915085988,33.88937389314654],[35.53966039455647,33.88938004456923],[35.53966614019996,33.889372537943345]]},"properties":{"fid":11834,"LAYER":"gully"}},
{"type":"Feature","geometry":{"type":"LineString","coordinates":[[35.539670606919806,33.88938611644391],[35.53968975116408,33.88943271152939],[35.53969841767185,33.889475402337645],[35.539679734574264,33.88953696367861],[35.53961173608454,33.88961773924861],[35.53956131462336,33.88967857238143],[35.53954888319901,33.88971121898522],[35.539548992443166,33.889738670564995],[35.539573228431244,33.8898175901431]]},"properties":{"fid":11835,"LAYER":"Side Walk"}},
{"type":"Feature","geometry":{"type":"LineString","coordinates":[[35.53966646710129,33.88939170403469],[35.539688035332055,33.88945646249854],[35.53969134106417,33.88947854633681],[35.5396843365101,33.889508502207],[35.53967688089947,33.889522821798614],[35.539672724005236,33.889529816573685],[35.539668287222284,33.889536690728235],[35.5396635755762,33.889543436475776],[35.53965859440383,33.889550046175344],[35.53965334934742,33.88955651233993],[35.539564241353375,33.88966097062715],[35.53953993103338,33.88973049400378],[35.53957009023565,33.88981712273587]]},"properties":{"fid":11836,"LAYER":"Side Walk"}},
{"type":"Feature","geometry":{"type":"LineString","coordinates":[[35.53962475598212,33.8894383352268],[35.53961937488471,33.889511516630996],[35.539593560214016,33.889543388394536]]},"properties":{"fid":11837,"LAYER":"Side Walk"}},
{"type":"Feature","geometry":null,"properties":{"fid":11838,"LAYER":"new jersey"}},
{"type":"Feature","geometry":null,"properties":{"fid":11839,"LAYER":"new jersey"}},
{"type":"Feature","geometry":{"type":"LineString","coordinates":[[35.53981254305122,33.88958388462638],[35.53981989388743,33.88960446537385]]},"properties":{"fid":11840,"LAYER":"gate"}},
{"type":"Feature","geometry":{"type":"LineString","coordinates":[[35.53982152864185,33.88960801274005],[35.53982819682268,33.88962939419112]]},"properties":{"fid":11841,"LAYER":"gate"}},
{"type":"Feature","geometry":{"type":"LineString","coordinates":[[35.539836105472354,33.88965059558275],[35.53984894547375,33.88967769583701]]},"properties":{"fid":11842,"LAYER":"gate"}},
{"type":"Feature","geometry":{"type":"LineString","coordinates":[[35.53985793053709,33.88969671012138],[35.53986196127282,33.88971190827299]]},"properties":{"fid":11843,"LAYER":"gate"}},
{"type":"Feature","geometry":{"type":"LineString","coordinates":[[35.539867447761615,33.889741561608744],[35.53987669355816,33.88976900735072]]},"properties":{"fid":11844,"LAYER":"gate"}},
{"type":"Feature","geometry":{"type":"LineString","coordinates":[[35.53986196127282,33.88971190827299],[35.53986576515407,33.889735559652834]]},"properties":{"fid":11845,"LAYER":"gate"}},
{"type":"Feature","geometry":{"type":"LineString","coordinates":[[35.53975599349253,33.88968154325621],[35.539766817434575,33.88971336446661]]},"properties":{"fid":11846,"LAYER":"gate"}},
{"type":"Feature","geometry":{"type":"LineString","coordinates":[[35.53975599349253,33.88968154325621],[35.53976948792752,33.889678390412605]]},"properties":{"fid":11847,"LAYER":"entrance"}},
{"type":"Feature","geometry":{"type":"LineString","coordinates":[[35.5397674132454,33.889713742712274],[35.53978031182817,33.889711564268325]]},"properties":{"fid":11848,"LAYER":"entrance"}},
{"type":"Feature","geometry":{"type":"LineString","coordinates":[[35.539891199166846,33.890048600153506],[35.53989403262996,33.890072260035744]]},"properties":{"fid":11849,"LAYER":"Road"}},
{"type":"Feature","geometry":{"type":"LineString","coordinates":[[35.539743099470456,33.89000330793217],[35.53978892717063,33.89000957707431]]},"properties":{"fid":11850,"LAYER":"gate"}},
{"type":"Feature","geometry":{"type":"LineString","coordinates":[[35.53982236798842,33.890015942707215],[35.539861796738464,33.89001905678622]]},"properties":{"fid":11851,"LAYER":"gate"}},
{"type":"Feature","geometry":{"type":"LineString","coordinates":[[35.54010627043226,33.890634587678555],[35.54013613528634,33.89071247641746],[35.540126947620095,33.89072598856464]]},"properties":{"fid":11852,"LAYER":"Road"}},
{"type":"Feature","geometry":{"type":"LineString","coordinates":[[35.54010444272902,33.89063430587052],[35.54013475835662,33.89071240107783],[35.540125292292004,33.89072471393514]]},"properties":{"fid":11853,"LAYER":"Side Walk"}},
{"type":"Feature","geometry":{"type":"LineString","coordinates":[[35.54019168122673,33.89093516656285],[35.5402093944266,33.89093162823487]]},"properties":{"fid":11854,"LAYER":"entrance"}},
{"type":"Feature","geometry":{"type":"LineString","coordinates":[[35.54018983117588,33.89092592906968],[35.54020599004071,33.890921883434565]]},"properties":{"fid":11855,"LAYER":"entrance"}},
{"type":"Feature","geometry":{"type":"LineString","coordinates":[[35.540170405121714,33.89087259306577],[35.54018782809861,33.89086989619517]]},"properties":{"fid":11856,"LAYER":"entrance"}},
{"type":"Feature","geometry":{"type":"LineString","coordinates":[[35.54016953791649,33.89086348903008],[35.54018420879451,33.890859536192856]]},"properties":{"fid":11857,"LAYER":"entrance"}},
{"type":"Feature","geometry":{"type":"LineString","coordinates":[[35.54026561777736,33.89091852158396],[35.54029464671204,33.89092572551448]]},"properties":{"fid":11858,"LAYER":"Road"}},
{"type":"Feature","geometry":{"type":"LineString","coordinates":[[35.54026921787029,33.89091889105066],[35.54029447581633,33.89092393053883]]},"properties":{"fid":11859,"LAYER":"Side Walk"}},
{"type":"Feature","geometry":{"type":"LineString","coordinates":[[35.54027949856888,33.89091324638588],[35.54035015282838,33.89090320991046]]},"properties":{"fid":11860,"LAYER":"entrance"}},
{"type":"Feature","geometry":{"type":"LineString","coordinates":[[35.54028904305397,33.89095448559845],[35.540341513068384,33.890940496499184]]},"properties":{"fid":11861,"LAYER":"entrance"}},
{"type":"Feature","geometry":{"type":"LineString","coordinates":[[35.54190261072971,33.8888027531434],[35.54191207190071,33.88884226109584]]},"properties":{"fid":11958,"LAYER":"Side Walk"}},
{"type":"Feature","geometry":{"type":"LineString","coordinates":[[35.541850373345696,33.88885838121771],[35.54191207190071,33.88884226109584]]},"properties":{"fid":11959,"LAYER":"Side Walk"}},
{"type":"Feature","geometry":{"type":"LineString","coordinates":[[35.5417961957577,33.888818754464836],[35.54190261072971,33.8888027531434]]},"properties":{"fid":11960,"LAYER":"Side Walk"}},
{"type":"Feature","geometry":{"type":"LineString","coordinates":[[35.541994506862885,33.888778213885665],[35.54206841413931,33.88876650685209]]},"properties":{"fid":11961,"LAYER":"Side Walk"}},
{"type":"Feature","geometry":{"type":"LineString","coordinates":[[35.5418234461589,33.888748172206554],[35.54176904259321,33.88875820051074],[35.54174867088861,33.888740358613134]]},"properties":{"fid":11962,"LAYER":"Road"}},
{"type":"Feature","geometry":{"type":"LineString","coordinates":[[35.53946176462555,33.88889167134747],[35.53930547673961,33.88889999105553]]},"properties":{"fid":11963,"LAYER":"Road"}},
{"type":"Feature","geometry":{"type":"LineString","coordinates":[[35.539459965679065,33.88889062506653],[35.53930528590732,33.888898676802036]]},"properties":{"fid":11964,"LAYER":"Side Walk"}},
{"type":"Feature","geometry":{"type":"LineString","coordinates":[[35.53947923830634,33.888931513570576],[35.539339076561404,33.888936762164]]},"properties":{"fid":11965,"LAYER":"Side Walk"}},
{"type":"Feature","geometry":{"type":"LineString","coordinates":[[35.539481251447455,33.88893021888518],[35.53933905938314,33.888935346836426]]},"properties":{"fid":11966,"LAYER":"Road"}},
{"type":"Feature","geometry":{"type":"LineString","coordinates":[[35.53931328037239,33.888952735499416],[35.53919173841542,33.88897266726507],[35.53923584243521,33.889066578938056],[35.53927355469196,33.88909486898413],[35.53934597323928,33.889071187955956]]},"properties":{"fid":11967,"LAYER":"buildings"}},
{"type":"Feature","geometry":{"type":"LineString","coordinates":[[35.53917861772719,33.888974221533346],[35.53912030261486,33.88897084478038],[35.539113149376924,33.88905676355062],[35.53921508598828,33.88906283449068],[35.53917861772719,33.888974221533346]]},"properties":{"fid":11968,"LAYER":"buildings"}},
{"type":"Feature","geometry":{"type":"LineString","coordinates":[[35.539339076561404,33.888936762164],[35.539181015873176,33.88894812471605]]},"properties":{"fid":11969,"LAYER":"Side Walk"}},
{"type":"Feature","geometry":{"type":"LineString","coordinates":[[35.53918082989842,33.888946010225276],[35.53933905938314,33.888935346836426]]},"properties":{"fid":11970,"LAYER":"Road"}},
{"type":"Feature","geometry":{"type":"LineString","coordinates":[[35.5393020366334,33.88810224114348],[35.53926183139064,33.887938113797]]},"properties":{"fid":11971,"LAYER":"Road"}},
{"type":"Feature","geometry":{"type":"LineString","coordinates":[[35.53928305673046,33.88814505683862],[35.5389410950144,33.88818876480444]]},"properties":{"fid":11972,"LAYER":"Side Walk"}},
{"type":"Feature","geometry":{"type":"LineString","coordinates":[[35.539283263408834,33.888145540914635],[35.53894118413395,33.88818965503407]]},"properties":{"fid":11973,"LAYER":"Road"}},
{"type":"Feature","geometry":{"type":"LineString","coordinates":[[35.539299993768324,33.88819243500612],[35.538937964721725,33.8882448503678]]},"properties":{"fid":11974,"LAYER":"Road"}},
{"type":"Feature","geometry":{"type":"LineString","coordinates":[[35.53930005265244,33.88819283357315],[35.538938023892534,33.88824558778113]]},"properties":{"fid":11975,"LAYER":"Side Walk"}},
{"type":"Feature","geometry":{"type":"LineString","coordinates":[[35.53936241906826,33.88808596601251],[35.53932974672195,33.88793175325687]]},"properties":{"fid":11976,"LAYER":"Side Walk"}},
{"type":"Feature","geometry":{"type":"LineString","coordinates":[[35.53936161430906,33.88808581612872],[35.53932858160125,33.88793174713075]]},"properties":{"fid":11977,"LAYER":"Road"}},
{"type":"Feature","geometry":{"type":"LineString","coordinates":[[35.540498509033185,33.88793887695211],[35.5404621115591,33.887748835567976]]},"properties":{"fid":11978,"LAYER":"Side Walk"}},
{"type":"Feature","geometry":{"type":"LineString","coordinates":[[35.540500341245576,33.88794194148032],[35.54046476475463,33.88774862683349]]},"properties":{"fid":11979,"LAYER":"Road"}},
{"type":"Feature","geometry":{"type":"LineString","coordinates":[[35.54055990747703,33.887921624735306],[35.540554588740164,33.88791115327739],[35.540516062702785,33.8877358202521]]},"properties":{"fid":11980,"LAYER":"Road"}},
{"type":"Feature","geometry":{"type":"LineString","coordinates":[[35.54056071177117,33.88792063188157],[35.54055689377693,33.887910926455135],[35.54051916578176,33.887735312055575]]},"properties":{"fid":11981,"LAYER":"Side Walk"}},
{"type":"Feature","geometry":{"type":"LineString","coordinates":[[35.54059359692475,33.88806553193386],[35.54060819699995,33.88811920597455],[35.54062089849364,33.88817552784287]]},"properties":{"fid":11982,"LAYER":"Side Walk"}},
{"type":"Feature","geometry":{"type":"LineString","coordinates":[[35.54059283412355,33.88806566745176],[35.54060762411697,33.88811925707855],[35.5406196849085,33.888175406940405]]},"properties":{"fid":11983,"LAYER":"Road"}},
{"type":"Feature","geometry":{"type":"LineString","coordinates":[[35.54052804149635,33.88804251856691],[35.54055617958954,33.888174462370145]]},"properties":{"fid":11984,"LAYER":"Road"}},
{"type":"Feature","geometry":{"type":"LineString","coordinates":[[35.54052336965414,33.88802717783104],[35.54055415248272,33.88817478177099]]},"properties":{"fid":11985,"LAYER":"Side Walk"}},
{"type":"Feature","geometry":{"type":"LineString","coordinates":[[35.54154532978953,33.88770834341288],[35.54150061688762,33.88755373467296]]},"properties":{"fid":11986,"LAYER":"Side Walk"}},
{"type":"Feature","geometry":{"type":"LineString","coordinates":[[35.5415464007541,33.88770767984979],[35.54150168739151,33.88755307069951]]},"properties":{"fid":11987,"LAYER":"Road"}},
{"type":"Feature","geometry":{"type":"LineString","coordinates":[[35.54162066275192,33.88769482220198],[35.54158324378466,33.88758191034589]]},"properties":{"fid":11988,"LAYER":"Road"}},
{"type":"Feature","geometry":{"type":"LineString","coordinates":[[35.54162114339575,33.88769463922056],[35.541584314288315,33.887581246371674]]},"properties":{"fid":11989,"LAYER":"Side Walk"}},
{"type":"Feature","geometry":{"type":"LineString","coordinates":[[35.54172847722062,33.88774770760665],[35.541974269430206,33.88769582991879]]},"properties":{"fid":11990,"LAYER":"Side Walk"}},
{"type":"Feature","geometry":{"type":"LineString","coordinates":[[35.54173857548369,33.88779675182806],[35.541989692584735,33.887740192505866]]},"properties":{"fid":11991,"LAYER":"Side Walk"}},
{"type":"Feature","geometry":{"type":"LineString","coordinates":[[35.54173835487101,33.887796030515524],[35.541989485712,33.88773975345216]]},"properties":{"fid":11992,"LAYER":"Road"}},
{"type":"Feature","geometry":{"type":"LineString","coordinates":[[35.541728608131585,33.887748219219475],[35.54197432847893,33.88769661461388]]},"properties":{"fid":11993,"LAYER":"Road"}},
{"type":"Feature","geometry":{"type":"LineString","coordinates":[[35.542075491305916,33.88949982694325],[35.54177716725589,33.88956337103994]]},"properties":{"fid":11994,"LAYER":"Road"}},
{"type":"Feature","geometry":{"type":"LineString","coordinates":[[35.54207504736043,33.889499326895155],[35.541776717157354,33.88956222956591]]},"properties":{"fid":11995,"LAYER":"Side Walk"}},
{"type":"Feature","geometry":{"type":"LineString","coordinates":[[35.54210219610485,33.88955925202003],[35.54181516049494,33.88961885121998]]},"properties":{"fid":11996,"LAYER":"Side Walk"}},
{"type":"Feature","geometry":{"type":"LineString","coordinates":[[35.54210248647873,33.88955852097141],[35.54181451162042,33.88961563136488]]},"properties":{"fid":11997,"LAYER":"Road"}},
{"type":"Feature","geometry":{"type":"LineString","coordinates":[[35.542238677518995,33.88946714695367],[35.542688074612755,33.889373395136595]]},"properties":{"fid":11998,"LAYER":"Road"}},
{"type":"Feature","geometry":{"type":"LineString","coordinates":[[35.54223869726758,33.889466678541204],[35.542686667969775,33.889370272942585]]},"properties":{"fid":11999,"LAYER":"Side Walk"}},
{"type":"Feature","geometry":{"type":"LineString","coordinates":[[35.54225552917189,33.88952898690261],[35.5426543650429,33.88944645037171]]},"properties":{"fid":12000,"LAYER":"Side Walk"}},
{"type":"Feature","geometry":{"type":"LineString","coordinates":[[35.54225553696707,33.88952846591623],[35.542654460945386,33.88944417541657]]},"properties":{"fid":12001,"LAYER":"Road"}},
{"type":"Feature","geometry":{"type":"LineString","coordinates":[[35.542439613821735,33.89064944091683],[35.542281682313224,33.890686189556455]]},"properties":{"fid":12002,"LAYER":"Road"}},
{"type":"Feature","geometry":{"type":"LineString","coordinates":[[35.54243982402976,33.89064881574574],[35.54228120914098,33.89068411440238]]},"properties":{"fid":12003,"LAYER":"Side Walk"}},
{"type":"Feature","geometry":{"type":"LineString","coordinates":[[35.54246130293007,33.890702667049744],[35.54229260098706,33.89072439695175]]},"properties":{"fid":12004,"LAYER":"Side Walk"}},
{"type":"Feature","geometry":{"type":"LineString","coordinates":[[35.54246149588061,33.89070219469672],[35.54229246575387,33.89072272558273]]},"properties":{"fid":12005,"LAYER":"Road"}},
{"type":"Feature","geometry":{"type":"LineString","coordinates":[[35.54247524466089,33.890714944929734],[35.542547133597594,33.890952395733315]]},"properties":{"fid":12006,"LAYER":"Road"}},
{"type":"Feature","geometry":{"type":"LineString","coordinates":[[35.542474785136555,33.89071481420811],[35.54254624646026,33.89095258882574]]},"properties":{"fid":12007,"LAYER":"Side Walk"}},
{"type":"Feature","geometry":{"type":"LineString","coordinates":[[35.54256672519679,33.890714984619976],[35.54256469985646,33.890720075123504],[35.54261059112502,33.890886309352155]]},"properties":{"fid":12008,"LAYER":"Side Walk"}},
{"type":"Feature","geometry":{"type":"LineString","coordinates":[[35.542564104025764,33.890719696890834],[35.54260681072106,33.890886198510586]]},"properties":{"fid":12009,"LAYER":"Road"}},
{"type":"Feature","geometry":{"type":"LineString","coordinates":[[35.543711225921925,33.89037921465663],[35.543681555419795,33.89027537168681]]},"properties":{"fid":12010,"LAYER":"Road"}},
{"type":"Feature","geometry":{"type":"LineString","coordinates":[[35.54371093010834,33.890379305195786],[35.54368130055611,33.89027556088875]]},"properties":{"fid":12011,"LAYER":"Side Walk"}},
{"type":"Feature","geometry":{"type":"LineString","coordinates":[[35.54375401513763,33.89035354628057],[35.543729048254406,33.89027386491924]]},"properties":{"fid":12012,"LAYER":"Side Walk"}},
{"type":"Feature","geometry":{"type":"LineString","coordinates":[[35.543752975855,33.89035379372001],[35.543727432397375,33.89027455155646]]},"properties":{"fid":12013,"LAYER":"Road"}},
{"type":"Feature","geometry":{"type":"LineString","coordinates":[[35.54382530969823,33.890401584340445],[35.544090357418,33.89034849376029]]},"properties":{"fid":12014,"LAYER":"Road"}},
{"type":"Feature","geometry":{"type":"LineString","coordinates":[[35.543825172576405,33.890400690273665],[35.544089999795354,33.89034725204872]]},"properties":{"fid":12015,"LAYER":"Side Walk"}},
{"type":"Feature","geometry":{"type":"LineString","coordinates":[[35.54381412172766,33.890439158948524],[35.54407190926568,33.89038580901197]]},"properties":{"fid":12016,"LAYER":"Side Walk"}},
{"type":"Feature","geometry":{"type":"LineString","coordinates":[[35.54381403649105,33.89043861530615],[35.54407136880646,33.8903839927444]]},"properties":{"fid":12017,"LAYER":"Road"}},
{"type":"Feature","geometry":{"type":"LineString","coordinates":[[35.540320970979955,33.89104635706035],[35.5404956734047,33.89103249044346]]},"properties":{"fid":12034,"LAYER":"Road"}},
{"type":"Feature","geometry":{"type":"LineString","coordinates":[[35.54032191022163,33.89104562701492],[35.54049661264478,33.89103176039665]]},"properties":{"fid":12035,"LAYER":"Side Walk"}},
{"type":"Feature","geometry":{"type":"LineString","coordinates":[[35.540343703557895,33.89110363397444],[35.540355681255605,33.89109402195375],[35.54056010182721,33.891080225319634]]},"properties":{"fid":12036,"LAYER":"Side Walk"}},
{"type":"Feature","geometry":{"type":"LineString","coordinates":[[35.54034304564462,33.89110352240338],[35.540355707187146,33.8910934503955],[35.54056012036543,33.89107978583831]]},"properties":{"fid":12037,"LAYER":"Road"}},
{"type":"Feature","geometry":{"type":"LineString","coordinates":[[35.54022810775688,33.89104521989353],[35.53993694151412,33.89106122462769]]},"properties":{"fid":12038,"LAYER":"Road"}},
{"type":"Feature","geometry":{"type":"LineString","coordinates":[[35.54022682070304,33.89104496567445],[35.53993565446104,33.89106097040557]]},"properties":{"fid":12039,"LAYER":"Side Walk"}},
{"type":"Feature","geometry":{"type":"LineString","coordinates":[[35.539593560214016,33.889543388394536],[35.5395741120074,33.88954366191361],[35.539568285131054,33.88949465267711],[35.5395361797808,33.889443312000765]]},"properties":{"fid":12072,"LAYER":"Side Walk"}},
{"type":"Feature","geometry":{"type":"LineString","coordinates":[[35.53951379543862,33.88957911361311],[35.53944185439905,33.88970859966928],[35.53935567467728,33.88970880339947]]},"properties":{"fid":12073,"LAYER":"Side Walk"}},
{"type":"Feature","geometry":{"type":"LineString","coordinates":[[35.53952158786769,33.88957154079069],[35.53944769249765,33.8897099870561],[35.53935528218937,33.88970913460586]]},"properties":{"fid":12074,"LAYER":"Road"}},
{"type":"Feature","geometry":{"type":"LineString","coordinates":[[35.53943490566622,33.88974384970441],[35.53949916478413,33.88984359230422]]},"properties":{"fid":12075,"LAYER":"Road"}},
{"type":"Feature","geometry":{"type":"LineString","coordinates":[[35.53928590051668,33.88987893875192],[35.53944349972993,33.88987285810196]]},"properties":{"fid":12076,"LAYER":"Wall"}},
{"type":"Feature","geometry":{"type":"LineString","coordinates":[[35.53928582825113,33.88987812893865],[35.53944351532737,33.889872046153336]]},"properties":{"fid":12077,"LAYER":"Wall"}},
{"type":"Feature","geometry":{"type":"LineString","coordinates":[[35.53944349972993,33.88987285810196],[35.53946228021395,33.889876042797006]]},"properties":{"fid":12078,"LAYER":"Wall"}},
{"type":"Feature","geometry":{"type":"LineString","coordinates":[[35.53944351532737,33.889872046153336],[35.53946247094021,33.88987526054582]]},"properties":{"fid":12079,"LAYER":"Wall"}},
{"type":"Feature","geometry":{"type":"LineString","coordinates":[[35.53942893386312,33.889877436235565],[35.53942915405098,33.88988221378346]]},"properties":{"fid":12080,"LAYER":"Wall"}},
{"type":"Feature","geometry":{"type":"LineString","coordinates":[[35.53942915405098,33.88988221378346],[35.53943597255092,33.88988208919226]]},"properties":{"fid":12081,"LAYER":"Wall"}},
{"type":"Feature","geometry":{"type":"LineString","coordinates":[[35.53942893386312,33.889877436235565],[35.53943575236268,33.88987731164434]]},"properties":{"fid":12082,"LAYER":"Wall"}},
{"type":"Feature","geometry":{"type":"LineString","coordinates":[[35.53943575236268,33.88987731164434],[35.53943597255092,33.88988208919226]]},"properties":{"fid":12083,"LAYER":"Wall"}},
{"type":"Feature","geometry":{"type":"LineString","coordinates":[[35.539441305598714,33.88988026150057],[35.53944902874689,33.88988022658977]]},"properties":{"fid":12084,"LAYER":"Wall"}},
{"type":"Feature","geometry":{"type":"LineString","coordinates":[[35.539441305598714,33.88988026150057],[35.53944144994907,33.88987781357432]]},"properties":{"fid":12085,"LAYER":"Wall"}},
{"type":"Feature","geometry":{"type":"LineString","coordinates":[[35.53944144994907,33.88987781357432],[35.53944917309702,33.8898777786635]]},"properties":{"fid":12086,"LAYER":"Wall"}},
{"type":"Feature","geometry":{"type":"LineString","coordinates":[[35.53944902874689,33.88988022658977],[35.53944917309702,33.8898777786635]]},"properties":{"fid":12087,"LAYER":"Wall"}},
{"type":"Feature","geometry":{"type":"LineString","coordinates":[[35.53944876671359,33.8898861805033],[35.53944242385049,33.88988631003409]]},"properties":{"fid":12088,"LAYER":"manhole"}},
{"type":"Feature","geometry":{"type":"LineString","coordinates":[[35.53944242385049,33.88988631003409],[35.539442598783026,33.88989226775166]]},"properties":{"fid":12089,"LAYER":"manhole"}},
{"type":"Feature","geometry":{"type":"LineString","coordinates":[[35.53944876671359,33.8898861805033],[35.53944894164658,33.88989213822085]]},"properties":{"fid":12090,"LAYER":"manhole"}},
{"type":"Feature","geometry":{"type":"LineString","coordinates":[[35.53944894164658,33.88989213822085],[35.539442598783026,33.88989226775166]]},"properties":{"fid":12091,"LAYER":"manhole"}},
{"type":"Feature","geometry":{"type":"LineString","coordinates":[[35.53947780605927,33.889929963440004],[35.53948391243721,33.889929799910384]]},"properties":{"fid":12092,"LAYER":"gully"}},
{"type":"Feature","geometry":{"type":"LineString","coordinates":[[35.53948391243721,33.889929799910384],[35.539484203013714,33.88993547241141]]},"properties":{"fid":12093,"LAYER":"gully"}},
{"type":"Feature","geometry":{"type":"LineString","coordinates":[[35.539478096635385,33.88993563594102],[35.539484203013714,33.88993547241141]]},"properties":{"fid":12094,"LAYER":"gully"}},
{"type":"Feature","geometry":{"type":"LineString","coordinates":[[35.53947780605927,33.889929963440004],[35.539478096635385,33.88993563594102]]},"properties":{"fid":12095,"LAYER":"gully"}},
{"type":"Feature","geometry":{"type":"LineString","coordinates":[[35.539252980461335,33.88976992844169],[35.53941144605539,33.88974621872236],[35.5394585641606,33.88986671626065],[35.53918802767391,33.88988364703657],[35.53916109642049,33.889782635178825],[35.539252980461335,33.88976992844169]]},"properties":{"fid":12096,"LAYER":"buildings"}},
{"type":"Feature","geometry":{"type":"LineString","coordinates":[[35.54000773959499,33.89019363544966],[35.539959483738144,33.890057171736494],[35.54017667254173,33.89010641661191],[35.540183305424854,33.890147339911664],[35.54000773959499,33.89019363544966]]},"properties":{"fid":12097,"LAYER":"buildings"}},
{"type":"Feature","geometry":{"type":"LineString","coordinates":[[35.54006078414063,33.89002143207614],[35.539984549076934,33.89001354029967],[35.53995352471043,33.89004858901578]]},"properties":{"fid":12098,"LAYER":"Road"}},
{"type":"Feature","geometry":null,"properties":{"fid":12099,"LAYER":"Road"}},
{"type":"Feature","geometry":{"type":"LineString","coordinates":[[35.53991240960501,33.88995257403388],[35.540056727773624,33.88997669048429],[35.53991614152847,33.88994534372579],[35.5398206589851,33.88993545135548]]},"properties":{"fid":12100,"LAYER":"Side Walk"}},
{"type":"Feature","geometry":{"type":"LineString","coordinates":[[35.5400589458415,33.89002296549471],[35.53998569508258,33.89001585574897],[35.53995555448115,33.89004969478438]]},"properties":{"fid":12101,"LAYER":"Side Walk"}},
{"type":"Feature","geometry":null,"properties":{"fid":12102,"LAYER":"gully"}},
{"type":"Feature","geometry":{"type":"LineString","coordinates":[[35.54021796344876,33.89009734848443],[35.540224203947204,33.89009938950526]]},"properties":{"fid":12103,"LAYER":"gully"}},
{"type":"Feature","geometry":{"type":"LineString","coordinates":[[35.540224203947204,33.89009938950526],[35.54022666076322,33.890094474042996]]},"properties":{"fid":12104,"LAYER":"gully"}},
{"type":"Feature","geometry":{"type":"LineString","coordinates":[[35.54022042026507,33.890092433022275],[35.54022666076322,33.890094474042996]]},"properties":{"fid":12105,"LAYER":"gully"}},
{"type":"Feature","geometry":{"type":"LineString","coordinates":[[35.54021796344876,33.89009734848443],[35.54022042026507,33.890092433022275]]},"properties":{"fid":12106,"LAYER":"gully"}},
{"type":"Feature","geometry":{"type":"LineString","coordinates":[[35.540217167122385,33.890099561849176],[35.540370827407955,33.89015610106937]]},"properties":{"fid":12107,"LAYER":"Side Walk"}},
{"type":"Feature","geometry":{"type":"LineString","coordinates":[[35.54021898169918,33.89009833438048],[35.54037140823858,33.890155919690486]]},"properties":{"fid":12108,"LAYER":"Road"}},
{"type":"Feature","geometry":{"type":"LineString","coordinates":[[35.54027743941829,33.88992236485105],[35.540567086023785,33.88985141349715]]},"properties":{"fid":12109,"LAYER":"Wall"}},
{"type":"Feature","geometry":{"type":"LineString","coordinates":[[35.540276960638,33.8899210415092],[35.540566649873796,33.889850079945155]]},"properties":{"fid":12110,"LAYER":"Wall"}},
{"type":"Feature","geometry":{"type":"LineString","coordinates":[[35.54061768440256,33.889922516053105],[35.540508784699796,33.88995036492426],[35.540390103222585,33.88997859413082],[35.540300810931164,33.8899901089353]]},"properties":{"fid":12111,"LAYER":"Side Walk"}},
{"type":"Feature","geometry":{"type":"LineString","coordinates":[[35.540574588545994,33.889943781404085],[35.54057121214048,33.889931812500016]]},"properties":{"fid":12112,"LAYER":"entrance"}},
{"type":"Feature","geometry":{"type":"LineString","coordinates":[[35.540561225632466,33.88994676251189],[35.54055630957988,33.8899338176978]]},"properties":{"fid":12113,"LAYER":"entrance"}},
{"type":"Feature","geometry":{"type":"LineString","coordinates":[[35.54027743941829,33.88992236485105],[35.5401725183816,33.88994613628687]]},"properties":{"fid":12114,"LAYER":"Wall"}},
{"type":"Feature","geometry":{"type":"LineString","coordinates":[[35.540276960638,33.8899210415092],[35.54017214070196,33.889944976902115]]},"properties":{"fid":12115,"LAYER":"Wall"}},
{"type":"Feature","geometry":{"type":"LineString","coordinates":[[35.53980357758297,33.88989559107974],[35.539815366009556,33.88981643628528]]},"properties":{"fid":12116,"LAYER":"Road"}},
{"type":"Feature","geometry":{"type":"LineString","coordinates":[[35.539742709850564,33.88940431569951],[35.539749742345194,33.88943982921052],[35.53985580747612,33.88975523568465],[35.539874660628804,33.889836419339495]]},"properties":{"fid":12117,"LAYER":"Road"}},
{"type":"Feature","geometry":{"type":"LineString","coordinates":[[35.539815366009556,33.88981643628528],[35.53975614758793,33.889637390425825],[35.53973701758895,33.88958174062605],[35.53970933305747,33.889578898973696],[35.53961576547539,33.8896762326633],[35.53962943558361,33.8897800877473]]},"properties":{"fid":12118,"LAYER":"Road"}},
{"type":"Feature","geometry":{"type":"LineString","coordinates":[[35.539803752062596,33.8898927371553],[35.53981378940421,33.88982125130032]]},"properties":{"fid":12119,"LAYER":"Side Walk"}},
{"type":"Feature","geometry":{"type":"LineString","coordinates":[[35.53987646744351,33.88983511949559],[35.5398897762647,33.88985264623338],[35.5399395838617,33.889842761701175]]},"properties":{"fid":12120,"LAYER":"Side Walk"}},
{"type":"Feature","geometry":{"type":"LineString","coordinates":[[35.53974353288883,33.88940449969946],[35.53975218697521,33.88943938394971],[35.53979358735386,33.88956566750869],[35.539858072316754,33.88975501209428],[35.53987646744351,33.88983511949559]]},"properties":{"fid":12121,"LAYER":"Side Walk"}},
{"type":"Feature","geometry":{"type":"LineString","coordinates":[[35.53981378940421,33.88982125130032],[35.539787670933364,33.889741493546296],[35.53976286443991,33.88965889957546],[35.53973505955802,33.88958294628567],[35.53970967785409,33.88958056568238],[35.53961745668545,33.8896773836448],[35.539631047736364,33.88977951360007]]},"properties":{"fid":12122,"LAYER":"Side Walk"}},
{"type":"Feature","geometry":null,"properties":{"fid":12123,"LAYER":"electrical pole"}},
{"type":"Feature","geometry":{"type":"LineString","coordinates":[[35.54006091066518,33.88980104587],[35.53990444879481,33.889844366568774],[35.539863744578255,33.88973859390426]]},"properties":{"fid":12124,"LAYER":"buildings"}},
{"type":"Feature","geometry":{"type":"LineString","coordinates":[[35.540135878487916,33.88992946730441],[35.540097137019146,33.88985289514071],[35.539972420451384,33.88988780136088],[35.540135878487916,33.88992946730441]]},"properties":{"fid":12125,"LAYER":"flower bed"}},
{"type":"Feature","geometry":{"type":"LineString","coordinates":[[35.5399395838617,33.889842761701175],[35.54006004366902,33.889803139912374]]},"properties":{"fid":12126,"LAYER":"Side Walk"}},
{"type":"Feature","geometry":{"type":"LineString","coordinates":[[35.539944275686636,33.8898438283315],[35.540060262135846,33.88980334474182]]},"properties":{"fid":12127,"LAYER":"Road"}},
{"type":"Feature","geometry":{"type":"LineString","coordinates":[[35.54006273165109,33.88982017462582],[35.540064231001,33.88982308668118]]},"properties":{"fid":12128,"LAYER":"manhole"}},
{"type":"Feature","geometry":{"type":"LineString","coordinates":[[35.54005886287412,33.88982190100246],[35.540060362223905,33.88982481305787]]},"properties":{"fid":12129,"LAYER":"manhole"}},
{"type":"Feature","geometry":{"type":"LineString","coordinates":[[35.540064231001,33.88982308668118],[35.540060362223905,33.88982481305787]]},"properties":{"fid":12130,"LAYER":"manhole"}},
{"type":"Feature","geometry":{"type":"LineString","coordinates":[[35.54005886287412,33.88982190100246],[35.54006273165109,33.88982017462582]]},"properties":{"fid":12131,"LAYER":"manhole"}},
{"type":"Feature","geometry":{"type":"LineString","coordinates":[[35.53998114602419,33.889872977502286],[35.54009108236433,33.88984375683964]]},"properties":{"fid":12132,"LAYER":"Road"}},
{"type":"Feature","geometry":{"type":"LineString","coordinates":[[35.539984488331555,33.88987501466975],[35.5400916842904,33.8898457166417]]},"properties":{"fid":12133,"LAYER":"Side Walk"}},
{"type":"Feature","geometry":{"type":"LineString","coordinates":[[35.539867447761615,33.889741561608744],[35.54002068584166,33.88971193021213],[35.54006091066518,33.88980104587]]},"properties":{"fid":12310,"LAYER":"buildings"}},
{"type":"Feature","geometry":{"type":"LineString","coordinates":[[35.540053048066554,33.88970389628068],[35.54010916281394,33.88981649528503],[35.54016725356739,33.88979026311755],[35.54011997196405,33.88971744112425],[35.540053048066554,33.88970389628068]]},"properties":{"fid":12311,"LAYER":"buildings"}},
{"type":"Feature","geometry":{"type":"LineString","coordinates":[[35.5401250606474,33.889846995225845],[35.54014567760052,33.889908839136815],[35.540180494947165,33.88992806790594],[35.54050552378454,33.889849072767845],[35.54047466010417,33.88976075180999],[35.5401250606474,33.889846995225845]]},"properties":{"fid":12312,"LAYER":"buildings"}},
{"type":"Feature","geometry":{"type":"LineString","coordinates":[[35.540250515007784,33.89077847372263],[35.54036455597701,33.89076957436289],[35.54042958757751,33.890767468780716]]},"properties":{"fid":12320,"LAYER":"Road"}},
{"type":"Feature","geometry":{"type":"LineString","coordinates":[[35.540247494047705,33.890779175160006],[35.54036462178738,33.89077047426019],[35.540429629507976,33.89076836945123]]},"properties":{"fid":12321,"LAYER":"Side Walk"}},
{"type":"Feature","geometry":{"type":"LineString","coordinates":[[35.54021595838908,33.890728230180315],[35.540426365832055,33.89071847271918]]},"properties":{"fid":12322,"LAYER":"Road"}},
{"type":"Feature","geometry":{"type":"LineString","coordinates":[[35.54021681849558,33.89072747887388],[35.54042630582275,33.8907175727605]]},"properties":{"fid":12323,"LAYER":"Side Walk"}},
{"type":"Feature","geometry":{"type":"LineString","coordinates":[[35.540419439339146,33.89071372406619],[35.54031441518725,33.89071889527914]]},"properties":{"fid":12324,"LAYER":"Wall"}},
{"type":"Feature","geometry":{"type":"LineString","coordinates":[[35.54041932889593,33.89071192372251],[35.54031425884493,33.890717097302364]]},"properties":{"fid":12325,"LAYER":"Wall"}},
{"type":"Feature","geometry":null,"properties":{"fid":12326,"LAYER":"cabin"}},
{"type":"Feature","geometry":null,"properties":{"fid":12327,"LAYER":"manhole telephone"}},
{"type":"Feature","geometry":{"type":"LineString","coordinates":[[35.540126947620095,33.89072598856464],[35.53988121954897,33.8907429648448]]},"properties":{"fid":12328,"LAYER":"Road"}},
{"type":"Feature","geometry":{"type":"LineString","coordinates":[[35.540125292292004,33.89072471393514],[35.53998544368212,33.89073435564974],[35.53988105092838,33.89074116764018]]},"properties":{"fid":12329,"LAYER":"Side Walk"}},
{"type":"Feature","geometry":{"type":"LineString","coordinates":[[35.540139347256705,33.89077684273785],[35.54001365196484,33.89078231361194],[35.53990010514769,33.890791085544855]]},"properties":{"fid":12330,"LAYER":"Road"}},
{"type":"Feature","geometry":{"type":"LineString","coordinates":[[35.54013926650564,33.89077773145233],[35.539900111122,33.89079196902387]]},"properties":{"fid":12331,"LAYER":"Side Walk"}},
{"type":"Feature","geometry":{"type":"LineString","coordinates":[[35.53997477671803,33.89072505632924],[35.53989959516997,33.89072909155853],[35.53983854658601,33.890667857236465]]},"properties":{"fid":12332,"LAYER":"buildings"}},
{"type":"Feature","geometry":null,"properties":{"fid":12333,"LAYER":"gully"}},
{"type":"Feature","geometry":{"type":"LineString","coordinates":[[35.54021467020319,33.88995596818007],[35.540285624931435,33.889930152060046]]},"properties":{"fid":12334,"LAYER":"Road"}},
{"type":"Feature","geometry":{"type":"LineString","coordinates":[[35.540285624931435,33.889930152060046],[35.54058411984212,33.889863252023396]]},"properties":{"fid":12335,"LAYER":"Road"}},
{"type":"Feature","geometry":{"type":"LineString","coordinates":[[35.54028401133154,33.88992888133021],[35.54058247136226,33.88986096230731]]},"properties":{"fid":12336,"LAYER":"Side Walk"}},
{"type":"Feature","geometry":{"type":"LineString","coordinates":[[35.53943490566622,33.88974384970441],[35.53935661002019,33.88974613595923]]},"properties":{"fid":12337,"LAYER":"Road"}},
{"type":"Feature","geometry":{"type":"LineString","coordinates":[[35.53943410496908,33.88974541551166],[35.5393561101779,33.88974770923248]]},"properties":{"fid":12338,"LAYER":"Side Walk"}},
{"type":"Feature","geometry":{"type":"LineString","coordinates":[[35.5395951337511,33.88954396312249],[35.53957920411779,33.88956108570568],[35.539572164526255,33.88954354863815],[35.53956651305967,33.8894948606327],[35.53953199261051,33.88943974409369]]},"properties":{"fid":12339,"LAYER":"Road"}},
{"type":"Feature","geometry":{"type":"LineString","coordinates":[[35.53930547673961,33.88889999105553],[35.53916508478473,33.8889077625656]]},"properties":{"fid":12340,"LAYER":"Road"}},
{"type":"Feature","geometry":{"type":"LineString","coordinates":[[35.53930528590732,33.888898676802036],[35.53916489395462,33.888906448311936]]},"properties":{"fid":12341,"LAYER":"Side Walk"}},
{"type":"Feature","geometry":{"type":"LineString","coordinates":[[35.54180149587835,33.88779336602016],[35.54194254980808,33.88776016084899],[35.541964396835326,33.88791489666105]]},"properties":{"fid":12342,"LAYER":"buildings"}},
{"type":"Feature","geometry":{"type":"LineString","coordinates":[[35.54175852888102,33.887728765017194],[35.541968827596186,33.88768319267303],[35.54190835450932,33.88751156474956]]},"properties":{"fid":12343,"LAYER":"buildings"}},
{"type":"Feature","geometry":{"type":"LineString","coordinates":[[35.54225762592466,33.89014503686027],[35.54222871934965,33.89012168950146]]},"properties":{"fid":12344,"LAYER":"Road"}},
{"type":"Feature","geometry":{"type":"LineString","coordinates":[[35.54225820485023,33.89014427572103],[35.54222947126185,33.89012104203105]]},"properties":{"fid":12345,"LAYER":"Side Walk"}},
{"type":"Feature","geometry":{"type":"LineString","coordinates":[[35.539256289573025,33.88925025250416],[35.539267017778386,33.88922154398983],[35.53945005907435,33.889190938553526],[35.53950963388876,33.88920792001196]]},"properties":{"fid":12348,"LAYER":"Side Walk"}},
{"type":"Feature","geometry":{"type":"LineString","coordinates":[[35.54018605035769,33.88909186846185],[35.540196620591935,33.889066384056036],[35.54018842292262,33.889055365753094],[35.53999710253856,33.88908740692273],[35.53989002376172,33.88911594903049],[35.53982042214439,33.88916462998383],[35.539710147081834,33.88917946837319]]},"properties":{"fid":12349,"LAYER":"Side Walk"}},
{"type":"Feature","geometry":{"type":"LineString","coordinates":[[35.53957048731755,33.88936812567361],[35.53936671951827,33.8894083416439]]},"properties":{"fid":12350,"LAYER":"Side Walk"}},
{"type":"Feature","geometry":{"type":"LineString","coordinates":[[35.53945355609891,33.8893737962756],[35.53956578189398,33.889355711820556],[35.539573940221075,33.8893617645173],[35.53957185195821,33.889369194829506],[35.539534807776725,33.88937850325235],[35.53948617505889,33.889388968940764],[35.53936705015161,33.889409665250774]]},"properties":{"fid":12351,"LAYER":"Road"}},
{"type":"Feature","geometry":{"type":"LineString","coordinates":[[35.540259284826966,33.88925316758706],[35.54025935210246,33.88925315571231]]},"properties":{"fid":12352,"LAYER":"Side Walk"}},
{"type":"Feature","geometry":{"type":"LineString","coordinates":[[35.539257167285704,33.88925110158636],[35.539268037829835,33.88922250510235],[35.53944969149388,33.88919210379903],[35.5395099084681,33.88920897712556]]},"properties":{"fid":12353,"LAYER":"Road"}},
{"type":"Feature","geometry":{"type":"LineString","coordinates":[[35.54018469890345,33.88909181809159],[35.54018845989058,33.88905646277444],[35.53999742864319,33.88908845552104],[35.53989090976021,33.88911684838795],[35.5398208435681,33.889165668884765],[35.539710107824384,33.889180569262365]]},"properties":{"fid":12354,"LAYER":"Road"}},
{"type":"Feature","geometry":{"type":"LineString","coordinates":[[35.54025906785741,33.88925274831921],[35.54025921454542,33.889252722750086]]},"properties":{"fid":12355,"LAYER":"Road"}},
{"type":"Feature","geometry":{"type":"LineString","coordinates":[[35.53921564738373,33.88931434878409],[35.539172897882146,33.8893404760657]]},"properties":{"fid":12356,"LAYER":"Side Walk"}},
{"type":"Feature","geometry":{"type":"LineString","coordinates":[[35.53950189574245,33.889290486054286],[35.53949605492509,33.88928101080684],[35.53948846946175,33.88927509686022],[35.53947329737883,33.88927057803782],[35.53938943130564,33.88928477930934],[35.5394316651665,33.889318620281706],[35.53926116391179,33.889347618034954],[35.539216028408646,33.88931317038802],[35.53915211931039,33.889324993072286],[35.53915882789342,33.889364414385845]]},"properties":{"fid":12357,"LAYER":"Road"}},
{"type":"Feature","geometry":{"type":"LineString","coordinates":[[35.541431928160705,33.88876378367613],[35.54150375801934,33.88878917420476],[35.541565749431065,33.888759494718414]]},"properties":{"fid":12358,"LAYER":"Side Walk"}},
{"type":"Feature","geometry":{"type":"LineString","coordinates":[[35.5414310381148,33.8887649137176],[35.541503877887195,33.888790569428956],[35.54156706442411,33.888760819318605]]},"properties":{"fid":12359,"LAYER":"Road"}},
{"type":"Feature","geometry":{"type":"LineString","coordinates":[[35.540190517489776,33.891207233060356],[35.54019388596207,33.89109105259604],[35.53996640235929,33.89110610041701]]},"properties":{"fid":12375,"LAYER":"buildings"}},
{"type":"Feature","geometry":{"type":"LineString","coordinates":[[35.54019670123132,33.89119976788359],[35.5402083667409,33.89107786298998],[35.53994297625863,33.891093202667115]]},"properties":{"fid":12377,"LAYER":"Road"}},
{"type":"Feature","geometry":{"type":"LineString","coordinates":[[35.54019562384144,33.89119969618028],[35.5402071895195,33.8910788345465],[35.53994305098792,33.891094101858904]]},"properties":{"fid":12378,"LAYER":"Side Walk"}},
{"type":"Feature","geometry":{"type":"LineString","coordinates":[[35.542084591252525,33.88869981353739],[35.542173148657724,33.88867849752116],[35.54218949654457,33.88867372600732]]},"properties":{"fid":12379,"LAYER":"Side Walk"}},
{"type":"Feature","geometry":{"type":"LineString","coordinates":[[35.54208509989587,33.88870144511202],[35.542173955256324,33.888679636670666],[35.54219027993885,33.88867487192952]]},"properties":{"fid":12380,"LAYER":"Road"}},
{"type":"Feature","geometry":{"type":"LineString","coordinates":[[35.54193882516248,33.888703668024135],[35.54208509989587,33.88870144511202]]},"properties":{"fid":12381,"LAYER":"Road"}},
{"type":"Feature","geometry":{"type":"LineString","coordinates":[[35.542084591252525,33.88869981353739],[35.54193913976585,33.888703342771976]]},"properties":{"fid":12382,"LAYER":"Side Walk"}},
{"type":"Feature","geometry":{"type":"LineString","coordinates":[[35.54123302592877,33.889205702370504],[35.540900545001335,33.889278538110155],[35.540883078605894,33.889166056509936],[35.541201633924324,33.88909356708646]]},"properties":{"fid":12383,"LAYER":"buildings"}},
{"type":"Feature","geometry":{"type":"LineString","coordinates":[[35.541201633924324,33.88909356708646],[35.54123302592877,33.889205702370504]]},"properties":{"fid":12384,"LAYER":"buildings"}},
{"type":"Feature","geometry":{"type":"LineString","coordinates":[[35.541201633924324,33.88909356708646],[35.54133247641802,33.88907926810922],[35.54139314392084,33.88916922887566],[35.54123301959665,33.8892056797515]]},"properties":{"fid":12385,"LAYER":"buildings"}},
{"type":"Feature","geometry":{"type":"LineString","coordinates":[[35.536873581364596,33.88996973682583],[35.53702654837205,33.889941853419806],[35.537038127553004,33.88998603323267],[35.53719598718526,33.88995465791852],[35.53716029832941,33.8898238863404],[35.5370049264752,33.88985281691419],[35.53700334381766,33.88984690537234],[35.53685308781614,33.88986865878681],[35.53684182420525,33.88987301364602]]},"properties":{"fid":12386,"LAYER":"buildings"}},
{"type":"Feature","geometry":{"type":"LineString","coordinates":[[35.537225870535075,33.88995507958859],[35.537203739468836,33.88986365770775],[35.53723251443226,33.889835999774775],[35.537392302696,33.8898054859245],[35.53743149640454,33.88981372834864],[35.537453500680186,33.889912071762616],[35.537423406603146,33.88993015941403],[35.53726547232809,33.88996097707768],[35.537225870535075,33.88995507958859]]},"properties":{"fid":12387,"LAYER":"buildings"}},
{"type":"Feature","geometry":{"type":"LineString","coordinates":[[35.53752685278418,33.8898998174803],[35.537498002216225,33.88978454726273],[35.537655846102,33.88975273537017],[35.53768412664445,33.889868831889],[35.53752685278418,33.8898998174803]]},"properties":{"fid":12388,"LAYER":"buildings"}},
{"type":"Feature","geometry":{"type":"LineString","coordinates":[[35.53752648916359,33.88952763515822],[35.53738683660765,33.88955225921893],[35.53737628518256,33.88945017993114],[35.537638043663655,33.8894264133187],[35.53765112393775,33.88951713297374],[35.53752570579506,33.8895277011673]]},"properties":{"fid":12389,"LAYER":"buildings"}},
{"type":"Feature","geometry":{"type":"LineString","coordinates":[[35.537660108330265,33.88945830344812],[35.537757192590234,33.8894372303701],[35.537748140303634,33.88931971004498],[35.53765153366095,33.88932488552913],[35.537660108330265,33.88945830344812]]},"properties":{"fid":12390,"LAYER":"buildings"}},
{"type":"Feature","geometry":{"type":"LineString","coordinates":[[35.53803009863629,33.88909948822293],[35.53804493772871,33.88933198444575],[35.537951320004794,33.889340331682796],[35.53796176642626,33.88942181835075],[35.53786868635201,33.88943011757368],[35.537828624210555,33.88910907758127],[35.53803009863629,33.88909948822293]]},"properties":{"fid":12391,"LAYER":"buildings"}},
{"type":"Feature","geometry":{"type":"LineString","coordinates":[[35.53827636435239,33.88918655559204],[35.53817070084752,33.88928094614766],[35.538146311612735,33.88936896824022],[35.53829847827304,33.88933821437201],[35.53832714159764,33.88930135110053],[35.53832732443868,33.889224522125026],[35.53827636435239,33.88918655559204]]},"properties":{"fid":12392,"LAYER":"buildings"}},
{"type":"Feature","geometry":{"type":"LineString","coordinates":[[35.53857805992441,33.88930316270282],[35.53858209552844,33.88922211167686],[35.5386938187662,33.88920596729474],[35.538706399275135,33.88927948222456],[35.53857805992441,33.88930316270282]]},"properties":{"fid":12393,"LAYER":"buildings"}},
{"type":"Feature","geometry":{"type":"LineString","coordinates":[[35.538715189529995,33.88919886288586],[35.538733076759854,33.88928056001621],[35.53884156379189,33.889258578689805],[35.53882631477494,33.889180918100124],[35.538715189529995,33.88919886288586]]},"properties":{"fid":12394,"LAYER":"buildings"}},
{"type":"Feature","geometry":{"type":"LineString","coordinates":[[35.53884118543796,33.889190446754],[35.53884899638815,33.889234318102375],[35.539015677209946,33.88922128572358],[35.539015363973306,33.889184388628934],[35.53884118543796,33.889190446754]]},"properties":{"fid":12395,"LAYER":"buildings"}},
{"type":"Feature","geometry":{"type":"LineString","coordinates":[[35.53930021970244,33.889173676932536],[35.53955422782684,33.88911543175923],[35.53953506466508,33.88903410544967]]},"properties":{"fid":12396,"LAYER":"buildings"}},
{"type":"Feature","geometry":{"type":"LineString","coordinates":[[35.5396890049851,33.88910322109057],[35.53966832765502,33.88901788474606],[35.53974475852717,33.88900453053006],[35.53976998228328,33.88909000026856],[35.5396890049851,33.88910322109057]]},"properties":{"fid":12397,"LAYER":"buildings"}},
{"type":"Feature","geometry":{"type":"LineString","coordinates":[[35.53989231323846,33.889047561570784],[35.539881975456844,33.88899287952715],[35.539774570057816,33.8890091188899],[35.53979961057353,33.88906296763926],[35.53989231323846,33.889047561570784]]},"properties":{"fid":12398,"LAYER":"buildings"}},
{"type":"Feature","geometry":{"type":"LineString","coordinates":[[35.539927940658366,33.88905266778598],[35.53991673932758,33.888981260781335],[35.54003884161748,33.888962843055836],[35.540050470881674,33.8890241084596],[35.539927940658366,33.88905266778598]]},"properties":{"fid":12399,"LAYER":"buildings"}},
{"type":"Feature","geometry":{"type":"LineString","coordinates":[[35.54005313559864,33.88902288122914],[35.54014217539476,33.88900603179464],[35.540146051591684,33.888926182450376],[35.540039737855146,33.88894337121546],[35.54005313559864,33.88902288122914]]},"properties":{"fid":12400,"LAYER":"buildings"}},
{"type":"Feature","geometry":{"type":"LineString","coordinates":[[35.540203759826426,33.88899389652426],[35.54018888715443,33.88892309654298],[35.54029508686388,33.88890726835398],[35.540308565898584,33.888972614778524],[35.540203759826426,33.88899389652426]]},"properties":{"fid":12401,"LAYER":"buildings"}},
{"type":"Feature","geometry":{"type":"LineString","coordinates":[[35.54031168462559,33.88897089440105],[35.54040409895217,33.88895574923201],[35.54037613002212,33.88881545095426],[35.540282163901495,33.888829484502665],[35.54031168462559,33.88897089440105]]},"properties":{"fid":12402,"LAYER":"buildings"}},
{"type":"Feature","geometry":{"type":"LineString","coordinates":[[35.54040761758379,33.888952738255014],[35.54049496302932,33.88894294120213],[35.54046969755746,33.88880240884767],[35.54037974470556,33.888813408055995],[35.54040761758379,33.888952738255014]]},"properties":{"fid":12403,"LAYER":"buildings"}},
{"type":"Feature","geometry":{"type":"LineString","coordinates":[[35.540491329915135,33.88888359382877],[35.54058392628074,33.888870541203026],[35.54056789397427,33.88878994674778],[35.54047376548752,33.88880295441333],[35.540491329915135,33.88888359382877]]},"properties":{"fid":12404,"LAYER":"buildings"}},
{"type":"Feature","geometry":{"type":"LineString","coordinates":[[35.54059364114398,33.88890956496029],[35.540708378488766,33.88889289988691],[35.5406807286088,33.888760395294916],[35.54056694109262,33.88877879298621],[35.54059364114398,33.88890956496029]]},"properties":{"fid":12405,"LAYER":"buildings"}},
{"type":"Feature","geometry":{"type":"LineString","coordinates":[[35.54092721551621,33.88883345493018],[35.54079190392546,33.88885343988843],[35.540769725310625,33.888758683232716],[35.54090206919609,33.88873604476112],[35.54092721551621,33.88883345493018]]},"properties":{"fid":12406,"LAYER":"buildings"}},
{"type":"Feature","geometry":{"type":"LineString","coordinates":[[35.540928969449205,33.8888283734137],[35.54089975030356,33.88871801113],[35.541014944066454,33.888700430129596],[35.54102329609651,33.88873361225959],[35.54115770851248,33.888710606363986],[35.54119038995977,33.888824064333896],[35.54109897432092,33.888837637596716],[35.54109234013939,33.88880022842719],[35.540928969449205,33.8888283734137]]},"properties":{"fid":12407,"LAYER":"buildings"}},
{"type":"Feature","geometry":{"type":"LineString","coordinates":[[35.541367937722214,33.888740260579226],[35.54123762075181,33.88876484826428],[35.54120830664699,33.888690070215304],[35.541328608770414,33.888646802704294],[35.541367937722214,33.888740260579226]]},"properties":{"fid":12408,"LAYER":"buildings"}},
{"type":"Feature","geometry":{"type":"LineString","coordinates":[[35.541422483069105,33.88875226279243],[35.5416176307844,33.88873464364481],[35.541528089998565,33.888631095133036],[35.541385825669906,33.888683905985985],[35.541422483069105,33.88875226279243]]},"properties":{"fid":12409,"LAYER":"buildings"}},
{"type":"Feature","geometry":{"type":"LineString","coordinates":[[35.54194072000496,33.88868482461706],[35.541899358330056,33.88853796842851],[35.54208206994525,33.8885001589921],[35.54211932461469,33.88864579262211],[35.54194072000496,33.88868482461706]]},"properties":{"fid":12410,"LAYER":"buildings"}},
{"type":"Feature","geometry":{"type":"LineString","coordinates":[[35.54213720355802,33.88863754466232],[35.54210671020659,33.888531143609626],[35.5422847784552,33.88849541184638],[35.54228292597471,33.888480086758115],[35.54254382676266,33.888415547890574],[35.54257580869926,33.88852615721704],[35.54213720355802,33.88863754466232]]},"properties":{"fid":12411,"LAYER":"buildings"}},
{"type":"Feature","geometry":{"type":"LineString","coordinates":[[35.54258372568477,33.88852412763233],[35.542551509695485,33.8884190644626],[35.542807126268016,33.88836663307238],[35.542834816344374,33.88846603527082],[35.54258372568477,33.88852412763233]]},"properties":{"fid":12412,"LAYER":"buildings"}},
{"type":"Feature","geometry":{"type":"LineString","coordinates":[[35.54289224251047,33.88846149500554],[35.54284813336803,33.888333642563865],[35.54306745031741,33.888285532988455],[35.54310811972666,33.88841538214014],[35.54289224251047,33.88846149500554]]},"properties":{"fid":12413,"LAYER":"buildings"}},
{"type":"Feature","geometry":{"type":"LineString","coordinates":[[35.543176646147145,33.88835699821331],[35.543130009311795,33.88820949350643],[35.54323716061505,33.88819515414952],[35.54327386040054,33.88833957049146],[35.543176646147145,33.88835699821331]]},"properties":{"fid":12414,"LAYER":"buildings"}},
{"type":"Feature","geometry":{"type":"LineString","coordinates":[[35.54327750182888,33.88829328664871],[35.54325103706538,33.888185494266494],[35.54328496597318,33.88817669968804],[35.54308344233413,33.88752315578614],[35.54305890931021,33.887488174579346],[35.54318850386654,33.88745965632181],[35.54347531979381,33.88825577989629],[35.54341115094654,33.888293938625566],[35.54327750182888,33.88829328664871]]},"properties":{"fid":12415,"LAYER":"buildings"}},
{"type":"Feature","geometry":{"type":"LineString","coordinates":[[35.54370078297174,33.88806209067774],[35.54361841302669,33.88787090833342],[35.54367666935751,33.887852189542414],[35.54376931657712,33.888040151280904],[35.54370078297174,33.88806209067774]]},"properties":{"fid":12416,"LAYER":"buildings"}},
{"type":"Feature","geometry":{"type":"LineString","coordinates":[[35.54382239018781,33.888024097998404],[35.54370265626331,33.887757243157026],[35.543780248439745,33.887735114241366],[35.54389310499333,33.88800207615953],[35.54382239018781,33.888024097998404]]},"properties":{"fid":12417,"LAYER":"buildings"}},
{"type":"Feature","geometry":{"type":"LineString","coordinates":[[35.54397258117797,33.88797596562304],[35.543848972507334,33.88771218688871],[35.54392762797178,33.887690089044085],[35.54394984544116,33.88774398360415],[35.544001047941705,33.88772906754772],[35.543978905135006,33.88767340045505],[35.54405705507051,33.88765121375875],[35.5441675069689,33.88791242083295],[35.54397258117797,33.88797596562304]]},"properties":{"fid":12418,"LAYER":"buildings"}},
{"type":"Feature","geometry":{"type":"LineString","coordinates":[[35.54426668100703,33.887882301349094],[35.5441430715354,33.88761852288358],[35.54422172684494,33.887596424844844],[35.544243944480954,33.887650319357355],[35.54429514687878,33.887635403174535],[35.54427300389916,33.88757973612894],[35.54435115367991,33.887557549239766],[35.54446160638329,33.8878187560769],[35.54439155143989,33.887838887864945],[35.544368447105654,33.88779339756227],[35.54432045339053,33.88780796409773],[35.54434175714265,33.88785828234954],[35.54426668100703,33.887882301349094]]},"properties":{"fid":12419,"LAYER":"buildings"}},
{"type":"Feature","geometry":{"type":"LineString","coordinates":[[35.54452883125204,33.88779792844098],[35.544405221067564,33.887534150215025],[35.544483876238175,33.887512052003274],[35.54450609402255,33.887565946473416],[35.54455729632828,33.887551030177846],[35.54453515319471,33.88749536317431],[35.54461330283672,33.88747317611317],[35.544723756256616,33.887734382739],[35.54465370143835,33.887754514681184],[35.54463059698279,33.88770902442371],[35.544582603355785,33.887723591064876],[35.5446039072459,33.88777390927589],[35.54452883125204,33.88779792844098]]},"properties":{"fid":12420,"LAYER":"buildings"}},
{"type":"Feature","geometry":{"type":"LineString","coordinates":[[35.544784205083054,33.88764086256242],[35.544760893809254,33.88757727926921],[35.54482542434069,33.88755838407772],[35.544803332938365,33.88751708861414],[35.54473876332501,33.88753690641842],[35.54470502927142,33.887469402746056],[35.54502734478785,33.88737290435512],[35.54505461161938,33.88743606125952],[35.544992295350184,33.88745502133707],[35.54501025952794,33.88750220079703],[35.54507988838399,33.88748068343054],[35.54510112885007,33.88754235285081],[35.544784205083054,33.88764086256242]]},"properties":{"fid":12421,"LAYER":"buildings"}},
{"type":"Feature","geometry":{"type":"LineString","coordinates":[[35.54534632828846,33.887370802759705],[35.5453159559352,33.88728336639178],[35.54552216946945,33.88721216745381],[35.5455647895057,33.8873004278915],[35.54534632828846,33.887370802759705]]},"properties":{"fid":12422,"LAYER":"buildings"}},
{"type":"Feature","geometry":{"type":"LineString","coordinates":[[35.545945462580356,33.88711732834785],[35.54598914535331,33.887062391597844],[35.54550247856493,33.88678770700481],[35.545333053762214,33.886995643795196],[35.54541953434286,33.88704256307259],[35.545499597035416,33.886941843755004],[35.54573414520736,33.88707359640606],[35.54577667520028,33.88702819981278],[35.545945462580356,33.88711732834785]]},"properties":{"fid":12423,"LAYER":"buildings"}},
{"type":"Feature","geometry":{"type":"LineString","coordinates":[[35.54691525482991,33.88678012505435],[35.54683927872829,33.8867131213466],[35.54689151138034,33.88666782357095],[35.54698029046502,33.886626982366266],[35.54706478416008,33.8866199092188],[35.54713837790272,33.88668264708559],[35.54691525482991,33.88678012505435]]},"properties":{"fid":12424,"LAYER":"buildings"}},
{"type":"Feature","geometry":{"type":"LineString","coordinates":[[35.54573549442066,33.88792221337846],[35.54639245482696,33.88735298054956],[35.54661258254851,33.88715826631381],[35.54686014552976,33.88701599219956],[35.54700880198995,33.88712979189382],[35.54609435421571,33.88791908360668],[35.54619135582037,33.88799816833244],[35.546006215544004,33.888155070189654],[35.54573581641344,33.887937571021524],[35.54573549442066,33.88792221337846]]},"properties":{"fid":12425,"LAYER":"buildings"}},
{"type":"Feature","geometry":{"type":"LineString","coordinates":[[35.54485014101804,33.88799644666241],[35.54463090025666,33.88806189532185],[35.54472474599847,33.88831339012402],[35.544963481682736,33.888255538744595],[35.54485014101804,33.88799644666241]]},"properties":{"fid":12426,"LAYER":"buildings"}},
{"type":"Feature","geometry":{"type":"LineString","coordinates":[[35.54532200085648,33.88772112062528],[35.545592509263294,33.88810155284045],[35.545408113668785,33.88818687935708],[35.545140037195694,33.88781472907342],[35.54532200085648,33.88772112062528]]},"properties":{"fid":12427,"LAYER":"buildings"}},
{"type":"Feature","geometry":{"type":"LineString","coordinates":[[35.545049872300446,33.88784204060726],[35.54532037982407,33.88822247339089],[35.5451359837093,33.888307799479996],[35.54488213171171,33.8879244744272],[35.545049872300446,33.88784204060726]]},"properties":{"fid":12428,"LAYER":"buildings"}},
{"type":"Feature","geometry":{"type":"LineString","coordinates":[[35.54453761618941,33.888094462382924],[35.54456323806103,33.88816934984435],[35.544651624527695,33.88814608028747],[35.54462004265195,33.88806264501888],[35.54453761618941,33.888094462382924]]},"properties":{"fid":12429,"LAYER":"buildings"}},
{"type":"Feature","geometry":{"type":"LineString","coordinates":[[35.544416716813,33.88815212012851],[35.5444375995696,33.88821328128732],[35.54454496844178,33.88817953051572],[35.54451662113713,33.88810277601729],[35.544416716813,33.88815212012851]]},"properties":{"fid":12430,"LAYER":"buildings"}},
{"type":"Feature","geometry":{"type":"LineString","coordinates":[[35.5444495637967,33.88826918493583],[35.54441998614109,33.88816876320505],[35.544309034635155,33.88819243006142],[35.54433870624886,33.88829564302507],[35.5444495637967,33.88826918493583]]},"properties":{"fid":12431,"LAYER":"buildings"}},
{"type":"Feature","geometry":null,"properties":{"fid":12432,"LAYER":"buildings"}},
{"type":"Feature","geometry":{"type":"LineString","coordinates":[[35.5435841368286,33.88856995212405],[35.54326462628687,33.8886417815658],[35.5433139116581,33.888799560980836],[35.54363441356002,33.88872992884077],[35.5435841368286,33.88856995212405]]},"properties":{"fid":12433,"LAYER":"buildings"}},
{"type":"Feature","geometry":{"type":"LineString","coordinates":[[35.54275537011379,33.88875261933241],[35.54278515197332,33.888844743769496],[35.54246762702383,33.88891305023265],[35.54244196661872,33.88880982802515],[35.54257026572118,33.88880034299278],[35.54275536983242,33.88875261846205]]},"properties":{"fid":12434,"LAYER":"buildings"}},
{"type":"Feature","geometry":{"type":"LineString","coordinates":[[35.54246762702383,33.88891305023265],[35.542485412789986,33.888981666053695],[35.54238087741519,33.888999081245025],[35.54233563930759,33.88883688984356]]},"properties":{"fid":12435,"LAYER":"buildings"}},
{"type":"Feature","geometry":{"type":"LineString","coordinates":[[35.54236301032318,33.8889350227399],[35.54214342341662,33.88897762054755],[35.54212248510811,33.88889114029666],[35.54244196661872,33.88880982802515]]},"properties":{"fid":12436,"LAYER":"buildings"}},
{"type":"Feature","geometry":{"type":"LineString","coordinates":[[35.542938320347616,33.88880820394635],[35.54291697285184,33.88872254925465],[35.54275251567684,33.88874378993132],[35.54278149507569,33.888833431872506],[35.542938320347616,33.88880820394635]]},"properties":{"fid":12437,"LAYER":"buildings"}},
{"type":"Feature","geometry":{"type":"LineString","coordinates":[[35.542938320347616,33.88880820394635],[35.54309999981754,33.888779248319686],[35.54312234426718,33.88886043440275],[35.543231781667295,33.888839485445686],[35.54317950789435,33.88865300960113],[35.54291697285184,33.88872254925465]]},"properties":{"fid":12438,"LAYER":"buildings"}},
{"type":"Feature","geometry":{"type":"LineString","coordinates":[[35.542124290956764,33.88889859889237],[35.54200836562663,33.88892018539397],[35.5420326733005,33.889004498609374],[35.54214342341662,33.88897762054755]]},"properties":{"fid":12439,"LAYER":"buildings"}},
{"type":"Feature","geometry":{"type":"LineString","coordinates":[[35.54168184902996,33.88909451093129],[35.54185362605384,33.88906081670704],[35.54196577332869,33.88903662010844],[35.54194300535216,33.88894804816091],[35.541440774799376,33.88905534662897],[35.54146419333187,33.889131585896344],[35.54153097913256,33.889212084428806],[35.54170256810265,33.88916878522306],[35.54168184902996,33.88909451093129]]},"properties":{"fid":12440,"LAYER":"buildings"}},
{"type":"Feature","geometry":{"type":"LineString","coordinates":[[35.54061703044578,33.8893208184117],[35.540783766364676,33.889284019616845],[35.540766933428976,33.889219951711304],[35.54071904183229,33.88920084099635],[35.54059166497385,33.889223323573916]]},"properties":{"fid":12441,"LAYER":"buildings"}},
{"type":"Feature","geometry":{"type":"LineString","coordinates":[[35.54041977092368,33.88925907924248],[35.540447618192715,33.88935219061179],[35.54061720855074,33.889321502975896],[35.54059166497385,33.889223323573916]]},"properties":{"fid":12442,"LAYER":"buildings"}},
{"type":"Feature","geometry":{"type":"LineString","coordinates":[[35.54059166497385,33.889223323573916],[35.54025116032609,33.88929415165458],[35.54027819628221,33.88938455088791],[35.540447618192715,33.88935219061179]]},"properties":{"fid":12443,"LAYER":"buildings"}},
{"type":"Feature","geometry":{"type":"LineString","coordinates":[[35.54025116032609,33.88929415165458],[35.54007945801546,33.889323104269735],[35.540107507349084,33.889418774297226],[35.54027819628221,33.88938455088791]]},"properties":{"fid":12444,"LAYER":"buildings"}},
{"type":"Feature","geometry":{"type":"LineString","coordinates":[[35.54007945801546,33.889323104269735],[35.539901984118295,33.88936510267147],[35.539970231401696,33.889543578340124],[35.540085375584326,33.889516976255],[35.54002314510621,33.88948563462103],[35.54000970097886,33.88943701445437],[35.540107507349084,33.889418774297226]]},"properties":{"fid":12445,"LAYER":"buildings"}},
{"type":"Feature","geometry":{"type":"LineString","coordinates":[[35.54183265127079,33.88897162483299],[35.54185989979628,33.88905946310412]]},"properties":{"fid":12446,"LAYER":"buildings"}},
{"type":"Feature","geometry":{"type":"LineString","coordinates":[[35.54168184902996,33.88909451093129],[35.541655713333,33.88900942662112]]},"properties":{"fid":12447,"LAYER":"buildings"}},
{"type":"Feature","geometry":{"type":"LineString","coordinates":[[35.537048221762866,33.88946475514684],[35.53704743705741,33.88959866403752],[35.536878818488155,33.889597976686225],[35.53688572122864,33.8894591362397],[35.537048221762866,33.88946475514684]]},"properties":{"fid":12448,"LAYER":"buildings"}},
{"type":"Feature","geometry":{"type":"LineString","coordinates":[[35.54594334641496,33.88736166279035],[35.54597149453599,33.88734861821988]]},"properties":{"fid":12449,"LAYER":"Side Walk"}},
{"type":"Feature","geometry":{"type":"LineString","coordinates":[[35.545949180837965,33.887358854568625],[35.545958869387675,33.88735386029313]]},"properties":{"fid":12450,"LAYER":"Side Walk"}},
{"type":"Feature","geometry":{"type":"LineString","coordinates":[[35.53843642976734,33.88936518189183],[35.53844867990553,33.88937677923955],[35.53849243508755,33.88937961489832],[35.5384984750925,33.8893564237918],[35.538509707337305,33.88935447167345],[35.53865880786645,33.8893291123331],[35.5387528246031,33.88932103999805],[35.53877753936459,33.88933172245977],[35.53884154023567,33.889321470303905],[35.538865413970434,33.88928929651398],[35.539112798062355,33.88924777298617],[35.539143290261954,33.889270187377385],[35.539256289573025,33.88925025250416]]},"properties":{"fid":12451,"LAYER":"Side Walk"}},
{"type":"Feature","geometry":{"type":"LineString","coordinates":[[35.54118875649361,33.888780117609855],[35.541214855007446,33.88882394501882],[35.54115567118569,33.88886753344808],[35.54096496380724,33.88890620401073],[35.54048923320041,33.88901068094656],[35.540426713970874,33.88901427626583],[35.54027038411705,33.88905439731354],[35.5402455599518,33.88909117027665],[35.54018605035769,33.88909186846185]]},"properties":{"fid":12452,"LAYER":"Side Walk"}},
{"type":"Feature","geometry":{"type":"LineString","coordinates":[[35.54196623420607,33.88878481108844],[35.541994506862885,33.888778213885665],[35.541995119334274,33.888778592609114]]},"properties":{"fid":12453,"LAYER":"Side Walk"}},
{"type":"Feature","geometry":{"type":"LineString","coordinates":[[35.54205066815734,33.88882227206868],[35.54197153346551,33.88882494892238]]},"properties":{"fid":12454,"LAYER":"Side Walk"}},
{"type":"Feature","geometry":{"type":"LineString","coordinates":[[35.54181003616479,33.888826552384465],[35.54150421470872,33.8889057221797]]},"properties":{"fid":12455,"LAYER":"Side Walk"}},
{"type":"Feature","geometry":{"type":"LineString","coordinates":[[35.54150407860202,33.888906234201656],[35.54154304286374,33.8889287186755]]},"properties":{"fid":12456,"LAYER":"Side Walk"}},
{"type":"Feature","geometry":{"type":"LineString","coordinates":[[35.54154304286374,33.8889287186755],[35.541482970088445,33.888942262165166]]},"properties":{"fid":12457,"LAYER":"Side Walk"}},
{"type":"Feature","geometry":{"type":"LineString","coordinates":[[35.54144302352535,33.88892015588276],[35.54111338078308,33.88900159562602]]},"properties":{"fid":12458,"LAYER":"Side Walk"}},
{"type":"Feature","geometry":{"type":"LineString","coordinates":[[35.54111338078308,33.88900159562602],[35.541119610755345,33.88901073159329]]},"properties":{"fid":12459,"LAYER":"Side Walk"}},
{"type":"Feature","geometry":{"type":"LineString","coordinates":[[35.541119610755345,33.88901073159329],[35.54112857169225,33.88901689068688]]},"properties":{"fid":12460,"LAYER":"Side Walk"}},
{"type":"Feature","geometry":{"type":"LineString","coordinates":[[35.54112857169225,33.88901689068688],[35.54113281728365,33.88901936364768]]},"properties":{"fid":12461,"LAYER":"Side Walk"}},
{"type":"Feature","geometry":{"type":"LineString","coordinates":[[35.54113281728365,33.88901936364768],[35.541144494333686,33.88902753767297]]},"properties":{"fid":12462,"LAYER":"Side Walk"}},
{"type":"Feature","geometry":{"type":"LineString","coordinates":[[35.541144494333686,33.88902753767297],[35.54115494966033,33.88903446447896]]},"properties":{"fid":12463,"LAYER":"Side Walk"}},
{"type":"Feature","geometry":{"type":"LineString","coordinates":[[35.54115494966033,33.88903446447896],[35.5411407938976,33.889037887354526]]},"properties":{"fid":12464,"LAYER":"Side Walk"}},
{"type":"Feature","geometry":{"type":"LineString","coordinates":[[35.5411407938976,33.889037887354526],[35.54110061927664,33.889046227442115]]},"properties":{"fid":12465,"LAYER":"Side Walk"}},
{"type":"Feature","geometry":{"type":"LineString","coordinates":[[35.54110061927664,33.889046227442115],[35.54109394331604,33.88904770937603]]},"properties":{"fid":12466,"LAYER":"Side Walk"}},
{"type":"Feature","geometry":{"type":"LineString","coordinates":[[35.54109394331604,33.88904770937603],[35.54105896452336,33.88902511117864]]},"properties":{"fid":12467,"LAYER":"Side Walk"}},
{"type":"Feature","geometry":{"type":"LineString","coordinates":[[35.54105896452336,33.88902511117864],[35.54104864280921,33.889017182872315]]},"properties":{"fid":12468,"LAYER":"Side Walk"}},
{"type":"Feature","geometry":{"type":"LineString","coordinates":[[35.54104864280921,33.889017182872315],[35.54104523909963,33.889015447875245]]},"properties":{"fid":12469,"LAYER":"Side Walk"}},
{"type":"Feature","geometry":{"type":"LineString","coordinates":[[35.54104523909963,33.889015447875245],[35.5410386490666,33.8890168752979]]},"properties":{"fid":12470,"LAYER":"Side Walk"}},
{"type":"Feature","geometry":{"type":"LineString","coordinates":[[35.5410386490666,33.8890168752979],[35.54075406137134,33.889064932750536]]},"properties":{"fid":12471,"LAYER":"Side Walk"}},
{"type":"Feature","geometry":{"type":"LineString","coordinates":[[35.540680995222964,33.88907727109107],[35.54035312352039,33.88913263667554]]},"properties":{"fid":12472,"LAYER":"Side Walk"}},
{"type":"Feature","geometry":{"type":"LineString","coordinates":[[35.54035312352039,33.88913263667554],[35.54038902455954,33.889166062843266]]},"properties":{"fid":12473,"LAYER":"Side Walk"}},
{"type":"Feature","geometry":{"type":"LineString","coordinates":[[35.54038902455954,33.889166062843266],[35.540356202458824,33.88917503784172]]},"properties":{"fid":12474,"LAYER":"Side Walk"}},
{"type":"Feature","geometry":{"type":"LineString","coordinates":[[35.540356202458824,33.88917503784172],[35.54033684662712,33.88916113978986]]},"properties":{"fid":12475,"LAYER":"Side Walk"}},
{"type":"Feature","geometry":{"type":"LineString","coordinates":[[35.54033684662712,33.88916113978986],[35.5403091907736,33.889141469534636]]},"properties":{"fid":12476,"LAYER":"Side Walk"}},
{"type":"Feature","geometry":{"type":"LineString","coordinates":[[35.5403091907736,33.889141469534636],[35.540296644966155,33.88914379815695]]},"properties":{"fid":12477,"LAYER":"Side Walk"}},
{"type":"Feature","geometry":{"type":"LineString","coordinates":[[35.540296644966155,33.88914379815695],[35.540072141357605,33.88918182860109]]},"properties":{"fid":12478,"LAYER":"Side Walk"}},
{"type":"Feature","geometry":{"type":"LineString","coordinates":[[35.540072141357605,33.88918182860109],[35.53999105408137,33.88919540414864]]},"properties":{"fid":12479,"LAYER":"Side Walk"}},
{"type":"Feature","geometry":{"type":"LineString","coordinates":[[35.53999105408137,33.88919540414864],[35.54002118534264,33.88921766342653]]},"properties":{"fid":12480,"LAYER":"Side Walk"}},
{"type":"Feature","geometry":{"type":"LineString","coordinates":[[35.54002118534264,33.88921766342653],[35.54002757333662,33.889221846304004]]},"properties":{"fid":12481,"LAYER":"Side Walk"}},
{"type":"Feature","geometry":{"type":"LineString","coordinates":[[35.54002757333662,33.889221846304004],[35.53992908150195,33.8892478174266]]},"properties":{"fid":12482,"LAYER":"Side Walk"}},
{"type":"Feature","geometry":{"type":"LineString","coordinates":[[35.53992908150195,33.8892478174266],[35.539913974790935,33.88924548016262]]},"properties":{"fid":12483,"LAYER":"Side Walk"}},
{"type":"Feature","geometry":{"type":"LineString","coordinates":[[35.539913974790935,33.88924548016262],[35.539910550381435,33.88924410799514]]},"properties":{"fid":12484,"LAYER":"Side Walk"}},
{"type":"Feature","geometry":{"type":"LineString","coordinates":[[35.539910550381435,33.88924410799514],[35.53989881779685,33.889233824724776]]},"properties":{"fid":12485,"LAYER":"Side Walk"}},
{"type":"Feature","geometry":{"type":"LineString","coordinates":[[35.53989881779685,33.889233824724776],[35.53989560398119,33.88922694808594]]},"properties":{"fid":12486,"LAYER":"Side Walk"}},
{"type":"Feature","geometry":{"type":"LineString","coordinates":[[35.53989560398119,33.88922694808594],[35.539898228622256,33.889209338707296]]},"properties":{"fid":12487,"LAYER":"Side Walk"}},
{"type":"Feature","geometry":{"type":"LineString","coordinates":[[35.539898228622256,33.889209338707296],[35.53991674105472,33.88919580313531]]},"properties":{"fid":12488,"LAYER":"Side Walk"}},
{"type":"Feature","geometry":{"type":"LineString","coordinates":[[35.53991674105472,33.88919580313531],[35.54006895573363,33.889170181707215]]},"properties":{"fid":12489,"LAYER":"Side Walk"}},
{"type":"Feature","geometry":{"type":"LineString","coordinates":[[35.54006895573363,33.889170181707215],[35.540170367731946,33.889152918377405]]},"properties":{"fid":12490,"LAYER":"Side Walk"}},
{"type":"Feature","geometry":{"type":"LineString","coordinates":[[35.540170367731946,33.889152918377405],[35.54029861502198,33.8891311931852]]},"properties":{"fid":12491,"LAYER":"Side Walk"}},
{"type":"Feature","geometry":{"type":"LineString","coordinates":[[35.54029861502198,33.8891311931852],[35.54104089399229,33.88900127669874]]},"properties":{"fid":12492,"LAYER":"Side Walk"}},
{"type":"Feature","geometry":{"type":"LineString","coordinates":[[35.54104089399229,33.88900127669874],[35.541495303476815,33.88889778108547],[35.541807153932275,33.88881437328805],[35.541897517293684,33.888792897288276]]},"properties":{"fid":12493,"LAYER":"Side Walk"}},
{"type":"Feature","geometry":{"type":"LineString","coordinates":[[35.541881356678644,33.888935339963794],[35.54146342897992,33.88903116357489],[35.54142457195005,33.88906245110727]]},"properties":{"fid":12494,"LAYER":"Side Walk"}},
{"type":"Feature","geometry":{"type":"LineString","coordinates":[[35.54533215640077,33.88771237203212],[35.54531124912883,33.887708079714855]]},"properties":{"fid":12495,"LAYER":"Side Walk"}},
{"type":"Feature","geometry":{"type":"LineString","coordinates":[[35.546718706408534,33.88686909086507],[35.54628979891218,33.88706816149123],[35.546178034489465,33.88701984663556]]},"properties":{"fid":12496,"LAYER":"Side Walk"}},
{"type":"Feature","geometry":{"type":"LineString","coordinates":[[35.54612055749248,33.88706989646949],[35.54612797150222,33.887128942698084],[35.546109358969396,33.887172082499234],[35.54609505793293,33.887179037728814]]},"properties":{"fid":12497,"LAYER":"Side Walk"}},
{"type":"Feature","geometry":{"type":"LineString","coordinates":[[35.545561052846935,33.88774731666463],[35.54578182701314,33.88755170293084],[35.54572355902662,33.887527313051194],[35.545686363633095,33.887534358627306]]},"properties":{"fid":12498,"LAYER":"Side Walk"}},
{"type":"Feature","geometry":{"type":"LineString","coordinates":[[35.54508293214383,33.88785218013872],[35.545066770172845,33.8878294565501]]},"properties":{"fid":12499,"LAYER":"Side Walk"}},
{"type":"Feature","geometry":{"type":"LineString","coordinates":[[35.54486737700124,33.88802268311038],[35.54484021193307,33.88797645807473],[35.54480624785505,33.88793994648396]]},"properties":{"fid":12500,"LAYER":"Side Walk"}},
{"type":"Feature","geometry":{"type":"LineString","coordinates":[[35.54400617717946,33.88828058406669],[35.54400314551986,33.888329107969895]]},"properties":{"fid":12501,"LAYER":"Road"}},
{"type":"Feature","geometry":{"type":"LineString","coordinates":[[35.54504890642384,33.88766075454023],[35.544974022239614,33.88764573529278],[35.54486871512902,33.88767538198855],[35.54490757356798,33.88772620455225],[35.54504890642384,33.88766075454023]]},"properties":{"fid":12502,"LAYER":"Side Walk"}},
{"type":"Feature","geometry":{"type":"LineString","coordinates":[[35.54425774760497,33.887892251530864],[35.54426134033179,33.88789322265165]]},"properties":{"fid":12503,"LAYER":"Side Walk"}},
{"type":"Feature","geometry":{"type":"LineString","coordinates":[[35.5441651012231,33.88791918204036],[35.54414202484525,33.88795019874494]]},"properties":{"fid":12504,"LAYER":"Side Walk"}},
{"type":"Feature","geometry":{"type":"LineString","coordinates":[[35.54397375266851,33.88806403384658],[35.54374119371653,33.888148946831116],[35.54373526361535,33.88813928495449],[35.54458652296354,33.887812020319956],[35.544670584555725,33.88778897184528]]},"properties":{"fid":12505,"LAYER":"Side Walk"}},
{"type":"Feature","geometry":{"type":"LineString","coordinates":[[35.54318957326005,33.88866203422669],[35.5431426374034,33.888608942941865],[35.54309269638204,33.888603032480006]]},"properties":{"fid":12506,"LAYER":"Side Walk"}},
{"type":"Feature","geometry":{"type":"LineString","coordinates":[[35.54095623835209,33.88896163425167],[35.54115476363505,33.88893251575385]]},"properties":{"fid":12507,"LAYER":"Side Walk"}},
{"type":"Feature","geometry":{"type":"LineString","coordinates":[[35.538060566354716,33.88951280260604],[35.53805989870187,33.8895632086068],[35.53786910684354,33.88959446828283]]},"properties":{"fid":12508,"LAYER":"Side Walk"}},
{"type":"Feature","geometry":{"type":"LineString","coordinates":[[35.53633254634906,33.88977081041878],[35.53635436408654,33.88977659209819],[35.536392440851436,33.889772533503226],[35.53640472365006,33.88975185277692]]},"properties":{"fid":12509,"LAYER":"Side Walk"}},
{"type":"Feature","geometry":{"type":"LineString","coordinates":[[35.53684995015295,33.889642278277314],[35.53691033744212,33.889666905969676]]},"properties":{"fid":12510,"LAYER":"Side Walk"}},
{"type":"Feature","geometry":{"type":"LineString","coordinates":[[35.53775860889541,33.88961456550279],[35.53774095804524,33.88956336012667]]},"properties":{"fid":12511,"LAYER":"Side Walk"}},
{"type":"Feature","geometry":{"type":"LineString","coordinates":[[35.537869003659765,33.88946676429086],[35.537906162672684,33.88947931845837]]},"properties":{"fid":12512,"LAYER":"Side Walk"}},
{"type":"Feature","geometry":{"type":"LineString","coordinates":[[35.53814838295723,33.88942538836979],[35.53817975566846,33.88943283014069]]},"properties":{"fid":12513,"LAYER":"Side Walk"}},
{"type":"Feature","geometry":{"type":"LineString","coordinates":[[35.5387243314571,33.889525712136944],[35.538725724140455,33.88952218146413],[35.538732858019905,33.88950074509498],[35.538735064688105,33.88949791474385],[35.53873898428291,33.889496009519206],[35.53875874994424,33.88949250403366]]},"properties":{"fid":12514,"LAYER":"Side Walk"}},
{"type":"Feature","geometry":{"type":"LineString","coordinates":[[35.53962475598212,33.8894383352268],[35.539618400615545,33.889421075638495],[35.539614115411226,33.889415754908995]]},"properties":{"fid":12515,"LAYER":"Side Walk"}},
{"type":"Feature","geometry":{"type":"LineString","coordinates":[[35.544772229143,33.887646424425085],[35.54494057394126,33.88760464742688]]},"properties":{"fid":12516,"LAYER":"Side Walk"}},
{"type":"Feature","geometry":{"type":"LineString","coordinates":[[35.54389358563321,33.888004589781055],[35.543900619939464,33.88803090615917],[35.543895987440614,33.88804152111441],[35.54388773940223,33.88804939653155],[35.543864044682785,33.88805915515077],[35.54374715156738,33.8881025199274]]},"properties":{"fid":12517,"LAYER":"Side Walk"}},
{"type":"Feature","geometry":{"type":"LineString","coordinates":[[35.54356939450307,33.88811689002462],[35.54360057246359,33.88821286490405],[35.54359996109076,33.888216335873416]]},"properties":{"fid":12518,"LAYER":"Side Walk"}},
{"type":"Feature","geometry":{"type":"LineString","coordinates":[[35.54315030975945,33.88833253953657],[35.54316940043052,33.88838227703025],[35.54318863965844,33.888390609564745]]},"properties":{"fid":12519,"LAYER":"Side Walk"}},
{"type":"Feature","geometry":{"type":"LineString","coordinates":[[35.543112846913274,33.88840679822648],[35.54311163448513,33.88841778694881],[35.543090125736924,33.88842927683337],[35.54293883932615,33.888468831728616],[35.5428948483247,33.88846478533741]]},"properties":{"fid":12520,"LAYER":"Side Walk"}},
{"type":"Feature","geometry":{"type":"LineString","coordinates":[[35.548391223196234,33.88622900653032],[35.54838987060069,33.88622876620708],[35.54836104052559,33.88622772385065],[35.54831123679778,33.88623938869097],[35.54829975916621,33.886243075208434],[35.54817230995682,33.886335920496805],[35.54810571298781,33.88638069870269],[35.548023696849725,33.88643133881701],[35.54789366395964,33.88650333724978],[35.547886017504176,33.88651080665487],[35.54788676625476,33.88651665489648],[35.54789009476877,33.886520305859115],[35.54789074659449,33.88652002430671]]},"properties":{"fid":12521,"LAYER":"Side Walk"}},
{"type":"Feature","geometry":{"type":"LineString","coordinates":[[35.54668521847022,33.88700492644197],[35.546859585462826,33.886924796686216],[35.54681902867871,33.88689584826412],[35.54685999249342,33.88687711575588],[35.54686570380112,33.88687554233165],[35.54687389169852,33.886875764076954],[35.54692394571352,33.88688568669555],[35.54713371840781,33.88678533040549],[35.547461869552194,33.88664898692798],[35.54775033834774,33.88651037882367],[35.54775955798217,33.886457057428125],[35.5478297496322,33.886466997047755],[35.54800399550743,33.88637219218976],[35.547994915330364,33.88636233908581],[35.54795410586199,33.88635095279316],[35.548039080669305,33.88629938920556],[35.548076349361835,33.88634120137295],[35.5478387088551,33.88647769327231],[35.547413488471804,33.8866819076768],[35.54693901402968,33.88690151978427],[35.54678424357571,33.886972537879195],[35.54646639408495,33.88712043613829],[35.5463586395783,33.88716890957701],[35.545918400649825,33.887373223297026],[35.545455203969595,33.887586021193236],[35.54542447205743,33.88754025998953],[35.54558804709145,33.88746510708444],[35.54567243935012,33.88747288259007],[35.54593233423007,33.88735261450448],[35.545932384752746,33.887349874186874],[35.54587939812313,33.887333497713946],[35.545923636213644,33.887308895626596],[35.54593408097018,33.88730748160842],[35.54601358785629,33.88731550912942],[35.54627118401874,33.88719536238628],[35.54626974068097,33.88715105450984],[35.54635398663072,33.88715844645889],[35.54661101797971,33.88703902490075],[35.54660804804843,33.88699457924321],[35.54661072896915,33.88699460364552],[35.54665638706109,33.88700025195203],[35.54668785383193,33.88700442939549]]},"properties":{"fid":12522,"LAYER":"Side Walk"}},
{"type":"Feature","geometry":{"type":"LineString","coordinates":[[35.546686255189435,33.88700239176464],[35.54685740065668,33.88692374244904],[35.54681862916677,33.88690714145337],[35.54681742347532,33.88689452640075],[35.54685912669723,33.88687545576619],[35.5468653903024,33.88687373018795],[35.546874179601545,33.88687396822047],[35.54692360927351,33.88688376707063],[35.54713397834932,33.886783208546035],[35.54746209097429,33.88664680004894],[35.54774801448599,33.88650941494384],[35.54775863013376,33.886455420017974],[35.54782932290828,33.88646507681998],[35.5480017971701,33.88637123587414],[35.54796135852482,33.88636184540943],[35.54795219799789,33.886349879728556],[35.54803797441839,33.886297834644665],[35.548077946663575,33.88634246184113],[35.547839856269896,33.8864792224489],[35.54741455308164,33.8866834766219],[35.54694005878102,33.886903097932496],[35.5467852911451,33.8869741147346],[35.54646743379223,33.88712201665254],[35.54635968208961,33.887170488830066],[35.54591943652308,33.887374805566814],[35.54545454333738,33.88758838436844],[35.5454230894029,33.88753885271888],[35.54558764146766,33.88746325604221],[35.54567199251042,33.88747102775083],[35.54593019217105,33.88735154414053],[35.54587757567104,33.88733485696157],[35.545876456045676,33.88733109689141],[35.54592271213837,33.8873072527133],[35.545934253671334,33.887305683180216],[35.54601314794049,33.887313648847744],[35.54626809973538,33.88719473548054],[35.54626932161042,33.887149208484246],[35.5463535347004,33.887156591035996],[35.5466089633042,33.88703791085855],[35.54660751830166,33.88699277161088],[35.546686255189435,33.88700239176464]]},"properties":{"fid":12523,"LAYER":"Road"}},
{"type":"Feature","geometry":{"type":"LineString","coordinates":[[35.54625379594267,33.887276223147424],[35.54625584803908,33.887269095054],[35.54656281973865,33.88712768387999],[35.54662315336387,33.88710301599564],[35.546853025167664,33.88699353732988],[35.547078252188086,33.8868895681537],[35.54714718726062,33.886858117013105],[35.54717480411143,33.88684919413154],[35.54718321556896,33.886850784282444],[35.54718782959153,33.88685369726675],[35.54717480411143,33.88684919413154],[35.54714718726062,33.886858117013105],[35.547078252188086,33.8868895681537],[35.546853025167664,33.88699353732988],[35.546623153363875,33.88710301599564],[35.54656281973865,33.88712768387999],[35.54625584803908,33.887269095054],[35.54625379594267,33.887276223147424],[35.546263924311454,33.887278680164926],[35.54718782959153,33.88685369726675],[35.54718321556896,33.886850784282444]]},"properties":{"fid":12524,"LAYER":"Side Walk"}},
{"type":"Feature","geometry":{"type":"LineString","coordinates":[[35.546780291596924,33.886820856645386],[35.546718706408534,33.88686909086507]]},"properties":{"fid":12525,"LAYER":"Side Walk"}},
{"type":"Feature","geometry":{"type":"LineString","coordinates":[[35.54678242136526,33.8868194341876],[35.546786663876915,33.88683967094325],[35.546782335208285,33.886854075263514],[35.54677579592225,33.886861650894005],[35.546762095877014,33.886869252300464],[35.546758258280676,33.88687072462161],[35.546752444025216,33.88687124727483],[35.54671925620117,33.88686995492515],[35.54628967935068,33.887069082475705],[35.5461769987607,33.88702044958463]]},"properties":{"fid":12526,"LAYER":"Road"}},
{"type":"Feature","geometry":{"type":"LineString","coordinates":[[35.545686363633095,33.887534358627306],[35.545678117454095,33.88755169522559],[35.545716797139285,33.88759054608873],[35.54554902595191,33.8877388742201],[35.54549973514348,33.88771419706522],[35.54547326734711,33.887730233200585]]},"properties":{"fid":12527,"LAYER":"Side Walk"}},
{"type":"Feature","geometry":{"type":"LineString","coordinates":[[35.54556267873141,33.8877485045579],[35.545785433194354,33.887551195390586],[35.5457241262703,33.88752553347],[35.54568461683084,33.887533142189184],[35.5456757481922,33.88755178743295],[35.545713717017705,33.88759055419741],[35.545548966196506,33.88773620643508],[35.54549974241944,33.88771223650619],[35.54547140571202,33.8877293171048]]},"properties":{"fid":12528,"LAYER":"Road"}},
{"type":"Feature","geometry":{"type":"LineString","coordinates":[[35.537859752044014,33.889543488446186],[35.53786910684354,33.88959446828283]]},"properties":{"fid":12529,"LAYER":"Side Walk"}},
{"type":"Feature","geometry":{"type":"LineString","coordinates":[[35.54583481252806,33.88747812621873],[35.546118178526534,33.887346152321726],[35.54610989528043,33.88733694550188],[35.54580215311839,33.88747915369902]]},"properties":{"fid":12530,"LAYER":"Side Walk"}},
{"type":"Feature","geometry":{"type":"LineString","coordinates":[[35.541231200469646,33.888767429697204],[35.54127902753766,33.88880951662815],[35.54128955210822,33.888809442913434],[35.541346775673716,33.88880417121507],[35.54137336810952,33.8887511749809]]},"properties":{"fid":12531,"LAYER":"Side Walk"}},
{"type":"Feature","geometry":{"type":"LineString","coordinates":[[35.54122983870117,33.888768163313514],[35.541278680272825,33.88881087113238],[35.541289644972466,33.888810794335015],[35.54130491992758,33.888809437745735],[35.54134717911518,33.8888054940278],[35.54137498309301,33.8887512930504]]},"properties":{"fid":12532,"LAYER":"Road"}},
{"type":"Feature","geometry":{"type":"LineString","coordinates":[[35.53867482479346,33.88945979073294],[35.53840927912595,33.88950446003352],[35.53817961264733,33.88954331852755],[35.53816999331764,33.889544208619405],[35.538144482225725,33.88953138317724],[35.53813980329725,33.88951796975447],[35.53815577506943,33.889494943959754],[35.538163537619276,33.88949192497556]]},"properties":{"fid":12533,"LAYER":"Side Walk"}},
{"type":"Feature","geometry":{"type":"LineString","coordinates":[[35.53887222198446,33.889407303385454],[35.538803692981844,33.88938390779913],[35.538772190866844,33.88938926946475],[35.53881750261391,33.889423131189474],[35.53879941116208,33.88942668582445],[35.53859880984716,33.88946053580318]]},"properties":{"fid":12534,"LAYER":"Side Walk"}},
{"type":"Feature","geometry":{"type":"LineString","coordinates":[[35.54770322449595,33.88637746527095],[35.54805666409794,33.886152433114674],[35.54815755434488,33.88608217886257],[35.54816439013436,33.88611966382335]]},"properties":{"fid":12535,"LAYER":"Side Walk"}},
{"type":"Feature","geometry":{"type":"LineString","coordinates":[[35.53712712319369,33.889672649703606],[35.537084797573314,33.889701268943305],[35.536775107643564,33.88976200910761],[35.536746913288766,33.889747679561566],[35.5363728721805,33.88982412503187],[35.536375456398616,33.88983591669911],[35.536690840339475,33.889770961505064],[35.536739159882885,33.88980349633623],[35.53677567923377,33.88977280367768],[35.537152145290214,33.88969795462158],[35.537470389075196,33.88964092576457],[35.537496183336415,33.889659638537196],[35.537627412902346,33.88963642693087],[35.537611372427655,33.88958550331375],[35.53747369103323,33.889609287134675],[35.537462610534234,33.889631001875024],[35.53729736018571,33.889661035430734]]},"properties":{"fid":12536,"LAYER":"Side Walk"}},
{"type":"Feature","geometry":{"type":"LineString","coordinates":[[35.538060566354716,33.88951280260604],[35.53804238841565,33.889554018211925],[35.537925788764944,33.88957417094933]]},"properties":{"fid":12537,"LAYER":"Side Walk"}},
{"type":"Feature","geometry":{"type":"LineString","coordinates":[[35.54616586365733,33.88704820686476],[35.54619863087862,33.88712910266829],[35.54625344950556,33.88709826672725],[35.54616586365733,33.88704820686476]]},"properties":{"fid":12538,"LAYER":"Side Walk"}},
{"type":"Feature","geometry":{"type":"LineString","coordinates":[[35.54583916737495,33.88748385463064],[35.54583481252806,33.88747812621873]]},"properties":{"fid":12539,"LAYER":"Side Walk"}},
{"type":"Feature","geometry":{"type":"LineString","coordinates":[[35.54386153676431,33.88827983239043],[35.5436040060502,33.888371322368464],[35.54359947586028,33.888360005934345],[35.543865943288516,33.888265341632724],[35.544277677842885,33.88810478375463],[35.54456766727547,33.88798157645458],[35.544513335465574,33.88795822129081],[35.5446082489407,33.88791752169845],[35.545244441380525,33.887623273192],[35.54520980535373,33.887652995398795],[35.544586277749346,33.887940534881885],[35.54463955664047,33.88796244316533],[35.54428692320449,33.888113821938795],[35.54386153676431,33.88827983239043]]},"properties":{"fid":12540,"LAYER":"Side Walk"}},
{"type":"Feature","geometry":null,"properties":{"fid":12541,"LAYER":"Side Walk"}},
{"type":"Feature","geometry":{"type":"LineString","coordinates":[[35.5388008052918,33.88943849662594],[35.53930451882986,33.88935337591554],[35.53941772622536,33.88933266310739],[35.53948166467148,33.88932229979022],[35.539499475995854,33.88930769749557],[35.539500581647786,33.88929071998056],[35.53949500454134,33.889281672537074],[35.5394732014044,33.88927169797884],[35.53943292293568,33.88931589992353],[35.53943663064668,33.88931875954511],[35.53926079453413,33.88934878273521],[35.53921564738373,33.88931434878409],[35.539172897882146,33.8893404760657],[35.539159070880324,33.88936547698158],[35.53887222198446,33.889407303385454],[35.538803692981844,33.88938390779913],[35.538772190866844,33.88938926946475],[35.53881750261391,33.889423131189474],[35.53879941116208,33.88942668582445],[35.53859880984716,33.88946053580318],[35.538551933580635,33.88942607791129],[35.53848055730352,33.88943862973987],[35.53852597088477,33.889472638866295]]},"properties":{"fid":12542,"LAYER":"Side Walk"}},
{"type":"Feature","geometry":{"type":"LineString","coordinates":[[35.53953740855084,33.88925962966059],[35.53955004904858,33.88931067873478],[35.53961262022924,33.889299193704574],[35.53960992096687,33.889255002238166],[35.53953740855084,33.88925962966059]]},"properties":{"fid":12543,"LAYER":"Side Walk"}},
{"type":"Feature","geometry":{"type":"LineString","coordinates":[[35.5388008052918,33.88943849662594],[35.53930451882986,33.88935337591554],[35.53941772622536,33.88933266310739],[35.53948166467148,33.88932229979022],[35.539499475995854,33.88930769749557],[35.539500581647786,33.88929071998054],[35.53949500454134,33.889281672537074],[35.5394732014044,33.88927169797884],[35.53943292293568,33.88931589992353],[35.53943663064668,33.88931875954511],[35.53926079453413,33.88934878273521],[35.53921564738373,33.88931434878409]]},"properties":{"fid":12544,"LAYER":"Side Walk"}},
{"type":"Feature","geometry":{"type":"LineString","coordinates":[[35.53774095804524,33.88956336012667],[35.53775860889541,33.88961456550279]]},"properties":{"fid":12545,"LAYER":"Side Walk"}},
{"type":"Feature","geometry":{"type":"LineString","coordinates":[[35.539765654081464,33.88927595066926],[35.53977241714573,33.889273037540704],[35.53986272704508,33.88925823558733],[35.53984742676635,33.889207424167346],[35.53970734881473,33.889231182765634]]},"properties":{"fid":12546,"LAYER":"Side Walk"}},
{"type":"Feature","geometry":{"type":"LineString","coordinates":[[35.548232143266006,33.88611524370302],[35.54818536307109,33.886198960183165],[35.54812215259759,33.88624318816308],[35.548165611442734,33.886280527677904],[35.548254411295844,33.88621567357444],[35.548329154193986,33.88617210780368],[35.548232143266006,33.88611524370302]]},"properties":{"fid":12547,"LAYER":"Side Walk"}},
{"type":"Feature","geometry":{"type":"LineString","coordinates":[[35.54531124912883,33.887708079714855],[35.54516382737947,33.887774055118456],[35.545145313397654,33.887785903998434],[35.54514225489109,33.88779608572981],[35.545144956715156,33.88781310085245]]},"properties":{"fid":12548,"LAYER":"Side Walk"}},
{"type":"Feature","geometry":{"type":"LineString","coordinates":[[35.54609505793293,33.887179037728814],[35.546046079253095,33.887179289816046],[35.54545862878836,33.887451051927954],[35.54540424297316,33.88748682869595],[35.54532862471556,33.887472983602926],[35.54531743704726,33.88746644168973]]},"properties":{"fid":12549,"LAYER":"Side Walk"}},
{"type":"Feature","geometry":{"type":"LineString","coordinates":[[35.545066770172845,33.8878294565501],[35.545053098270074,33.88782566479413],[35.54492473837194,33.8878847937617],[35.54489903016675,33.8878961440744],[35.544869584609316,33.88791380644972],[35.54489418210731,33.887958855919514]]},"properties":{"fid":12550,"LAYER":"Side Walk"}},
{"type":"Feature","geometry":{"type":"LineString","coordinates":[[35.54480624785505,33.88793994648396],[35.544665228304964,33.88800355576649],[35.54457339213858,33.88804411108383],[35.544364188260225,33.888141609528375],[35.54425257423541,33.88819905493793],[35.54424865734345,33.8882029536334]]},"properties":{"fid":12551,"LAYER":"Side Walk"}},
{"type":"Feature","geometry":{"type":"LineString","coordinates":[[35.54426134033179,33.88789322265165],[35.54426850434315,33.88789311788788]]},"properties":{"fid":12552,"LAYER":"Side Walk"}},
{"type":"Feature","geometry":{"type":"LineString","coordinates":[[35.54414202484525,33.88795019874494],[35.54403391319471,33.88799254045043],[35.54398200257884,33.8879823066063]]},"properties":{"fid":12553,"LAYER":"Side Walk"}},
{"type":"Feature","geometry":{"type":"LineString","coordinates":[[35.544670584555725,33.88778897184528],[35.544775146194745,33.887766101557915],[35.54478265784085,33.887783928105016],[35.544644941778735,33.887850241971485],[35.544478128700064,33.88792165443773],[35.544302097786755,33.88799696392499],[35.54402226732613,33.88811056539985],[35.54393122378973,33.88812845148561]]},"properties":{"fid":12554,"LAYER":"Side Walk"}},
{"type":"Feature","geometry":{"type":"LineString","coordinates":[[35.54399067191742,33.88835118810512],[35.54400599804116,33.88828184773285],[35.54392669080077,33.888311216338245],[35.54390688403939,33.88831869411484],[35.54389423978645,33.88833753736286],[35.543929425740494,33.8884105603749]]},"properties":{"fid":12555,"LAYER":"Side Walk"}},
{"type":"Feature","geometry":{"type":"LineString","coordinates":[[35.543871596013574,33.88845982074959],[35.54371158340164,33.88839242700071],[35.54343987454847,33.888495005944286],[35.543307744580915,33.88853756289325],[35.54323928028019,33.88860524624117]]},"properties":{"fid":12556,"LAYER":"Side Walk"}},
{"type":"Feature","geometry":{"type":"LineString","coordinates":[[35.54309269638204,33.888603032480006],[35.542571697876575,33.888741299306794],[35.54234928673049,33.88881626358385],[35.542011505316026,33.88889805221518]]},"properties":{"fid":12557,"LAYER":"Side Walk"}},
{"type":"Feature","geometry":{"type":"LineString","coordinates":[[35.54115476363505,33.88893251575385],[35.540956238130505,33.88896163414892]]},"properties":{"fid":12558,"LAYER":"Side Walk"}},
{"type":"Feature","geometry":{"type":"LineString","coordinates":[[35.53712712319369,33.889672649703606],[35.537146309651554,33.88968850042461],[35.53729736018571,33.889661035430734]]},"properties":{"fid":12559,"LAYER":"Side Walk"}},
{"type":"Feature","geometry":{"type":"LineString","coordinates":[[35.53640472365006,33.88975185277692],[35.53678474451238,33.88967311159448],[35.536790380119754,33.88962442081741]]},"properties":{"fid":12560,"LAYER":"Side Walk"}},
{"type":"Feature","geometry":{"type":"LineString","coordinates":[[35.53633205539287,33.889772098952974],[35.536354214412434,33.889777971071794],[35.5363935080444,33.88977378277114],[35.536405842194455,33.88975301558344],[35.53672649429919,33.88968721049154],[35.53674519921229,33.889701161122126],[35.536763080847265,33.8896958805963],[35.53678627247896,33.889673650780786],[35.53679200028864,33.88962446881448]]},"properties":{"fid":12561,"LAYER":"Road"}},
{"type":"Feature","geometry":{"type":"LineString","coordinates":[[35.53691033744212,33.889666905969676],[35.53705672980712,33.889638438648],[35.53729571929387,33.88959359678568],[35.53769766448383,33.889523712904186],[35.537749024826,33.889515218692374],[35.537776782046706,33.88947175903431]]},"properties":{"fid":12562,"LAYER":"Side Walk"}},
{"type":"Feature","geometry":{"type":"LineString","coordinates":[[35.53684874263175,33.8896416453254],[35.53689362523488,33.889671396074384],[35.536912225225564,33.8896675357379],[35.537058587840825,33.889639074199266],[35.537297546286645,33.88959423815782],[35.53775145241663,33.889515761014785],[35.53778071940028,33.88947046699984]]},"properties":{"fid":12563,"LAYER":"Road"}},
{"type":"Feature","geometry":{"type":"LineString","coordinates":[[35.537906162672684,33.88947931845837],[35.5379874555572,33.88946549779573],[35.53803321609927,33.88945797546947],[35.538070805255856,33.889429081565595]]},"properties":{"fid":12564,"LAYER":"Side Walk"}},
{"type":"Feature","geometry":{"type":"LineString","coordinates":[[35.53817975566846,33.88943283014069],[35.538356737886254,33.88940333819689],[35.53837939373289,33.889376964088044]]},"properties":{"fid":12565,"LAYER":"Side Walk"}},
{"type":"Feature","geometry":{"type":"LineString","coordinates":[[35.538145683676184,33.88942558726798],[35.53816703277876,33.88943611853204],[35.53835718136621,33.889404428238535],[35.53838158198517,33.88937636768579]]},"properties":{"fid":12566,"LAYER":"Road"}},
{"type":"Feature","geometry":{"type":"LineString","coordinates":[[35.53702107964072,33.889833132555204],[35.537081262886225,33.88982161477412],[35.53708813759227,33.88980017991109],[35.53720853602986,33.88977715421023],[35.53722894679728,33.88979346476506],[35.537494402653415,33.88974478329536],[35.537507316821966,33.88972300124426],[35.53765345239435,33.88969924264099],[35.53768542087362,33.88973032760657]]},"properties":{"fid":12567,"LAYER":"Side Walk"}},
{"type":"Feature","geometry":{"type":"LineString","coordinates":[[35.53776109434278,33.889713243926984],[35.537783363722895,33.88965683411151],[35.53794512318451,33.889631098718276],[35.5379570183304,33.88963880749434],[35.537971699919524,33.889648654420434],[35.53807717797903,33.889630907920974]]},"properties":{"fid":12568,"LAYER":"Side Walk"}},
{"type":"Feature","geometry":{"type":"LineString","coordinates":[[35.53818355165633,33.88961243903987],[35.53818516669657,33.88960850904282],[35.53819432938057,33.88959332836218],[35.538205756408765,33.889591490966076]]},"properties":{"fid":12569,"LAYER":"Side Walk"}},
{"type":"Feature","geometry":{"type":"LineString","coordinates":[[35.538457683652226,33.88957061074501],[35.5387182268768,33.88952685875984]]},"properties":{"fid":12570,"LAYER":"Side Walk"}},
{"type":"Feature","geometry":{"type":"LineString","coordinates":[[35.53845726620485,33.88956884198377],[35.53871787066866,33.88952553977641]]},"properties":{"fid":12571,"LAYER":"Road"}},
{"type":"Feature","geometry":{"type":"LineString","coordinates":[[35.5387243314571,33.889525712136944],[35.5387182268768,33.88952685875984]]},"properties":{"fid":12572,"LAYER":"Side Walk"}},
{"type":"Feature","geometry":{"type":"LineString","coordinates":[[35.538723078648175,33.88952456156203],[35.53871787066866,33.88952553977641]]},"properties":{"fid":12573,"LAYER":"Road"}},
{"type":"Feature","geometry":{"type":"LineString","coordinates":[[35.53875874994424,33.88949250403366],[35.539453881079446,33.88937512085587]]},"properties":{"fid":12574,"LAYER":"Side Walk"}},
{"type":"Feature","geometry":{"type":"LineString","coordinates":[[35.538723078648175,33.88952456156203],[35.53872417220779,33.889521789215316],[35.53873136268866,33.8895001827674],[35.538733915517575,33.88949690841826],[35.53873839264328,33.88949473219074],[35.53875842048206,33.889491180207436],[35.53945355609891,33.8893737962756]]},"properties":{"fid":12575,"LAYER":"Road"}},
{"type":"Feature","geometry":{"type":"LineString","coordinates":[[35.53960627035181,33.889415091784755],[35.53956084478279,33.88942262452904],[35.53945230342142,33.889451727609654],[35.539379098406705,33.8894532861682]]},"properties":{"fid":12576,"LAYER":"Side Walk"}},
{"type":"Feature","geometry":{"type":"LineString","coordinates":[[35.53989311017412,33.88934117355289],[35.540259284826966,33.88925316758706],[35.54043414768878,33.88923374166939],[35.54072734656508,33.88918032174993]]},"properties":{"fid":12577,"LAYER":"Side Walk"}},
{"type":"Feature","geometry":{"type":"LineString","coordinates":[[35.54087725249308,33.889264747710044],[35.54086988713873,33.88917712356447],[35.540892050626454,33.88914790779587],[35.54131303416613,33.88906309842026],[35.541328717219784,33.88906326715459],[35.54134376310748,33.88907701331363],[35.54135152232587,33.8890994161473]]},"properties":{"fid":12578,"LAYER":"Side Walk"}},
{"type":"Feature","geometry":{"type":"LineString","coordinates":[[35.54763153218141,33.8864505401885],[35.54767990386654,33.886442585631464]]},"properties":{"fid":12579,"LAYER":"Side Walk"}},
{"type":"Feature","geometry":{"type":"LineString","coordinates":[[35.54789009476877,33.886520305859115],[35.54788676625476,33.88651665489648],[35.547886017504176,33.88651080665487],[35.54789366395964,33.88650333724978],[35.548023696849725,33.88643133881701],[35.54810571298781,33.88638069870269],[35.54817230995682,33.88633592049682],[35.54829975916621,33.886243075208434],[35.54831123679778,33.88623938869097],[35.54836104052559,33.88622772385065],[35.54838987060069,33.88622876620708],[35.54841521345306,33.88623326901085],[35.54839560821537,33.88625251903707],[35.54822428526404,33.88637595347384],[35.54789009476877,33.886520305859115]]},"properties":{"fid":12580,"LAYER":"Side Walk"}},
{"type":"Feature","geometry":{"type":"LineString","coordinates":[[35.54685656839604,33.88676400651334],[35.546936042305546,33.886788926672324],[35.547489919118426,33.88653378864395],[35.54750569229725,33.88650975468242]]},"properties":{"fid":12581,"LAYER":"Side Walk"}},
{"type":"Feature","geometry":{"type":"LineString","coordinates":[[35.54494057394126,33.88760464742688],[35.54509940488347,33.8875422624602],[35.54510188556104,33.88754524830275],[35.54510744596439,33.887545790238526],[35.54515019892165,33.88751584568979]]},"properties":{"fid":12582,"LAYER":"Side Walk"}},
{"type":"Feature","geometry":{"type":"LineString","coordinates":[[35.54359996109076,33.888216335873416],[35.54359034024209,33.88821470249779],[35.54356177109229,33.88812610953199]]},"properties":{"fid":12583,"LAYER":"Side Walk"}},
{"type":"Feature","geometry":{"type":"LineString","coordinates":[[35.54318863965844,33.888390609564745],[35.54341603714033,33.88831826398038],[35.54345320582968,33.88829441578703],[35.54348322763234,33.88826535313145],[35.54349434577682,33.888244081234774],[35.54349289488963,33.88817945866988]]},"properties":{"fid":12584,"LAYER":"Side Walk"}},
{"type":"Feature","geometry":{"type":"LineString","coordinates":[[35.54283660027184,33.888461384788265],[35.54283222215245,33.88848802502674],[35.542774753219724,33.888505227910244],[35.54252414515163,33.888572453402006]]},"properties":{"fid":12585,"LAYER":"Side Walk"}},
{"type":"Feature","geometry":{"type":"LineString","coordinates":[[35.53817362860409,33.88961437544664],[35.53818355165633,33.88961243903987]]},"properties":{"fid":12586,"LAYER":"Side Walk"}},
{"type":"Feature","geometry":{"type":"LineString","coordinates":[[35.54816439013436,33.88611966382335],[35.54811240996074,33.88618843676948],[35.547934389729015,33.88630577626461],[35.54767990386654,33.886442585631464]]},"properties":{"fid":12587,"LAYER":"Side Walk"}},
{"type":"Feature","geometry":{"type":"LineString","coordinates":[[35.547428007628596,33.886741867699904],[35.547469805351156,33.88670897240397],[35.5478026889193,33.886551000186344],[35.54781476593019,33.886549261345415],[35.54782608720163,33.886550061793834]]},"properties":{"fid":12588,"LAYER":"Side Walk"}},
{"type":"Feature","geometry":{"type":"LineString","coordinates":[[35.542532352223,33.88864467568938],[35.54228684877777,33.88871679848375],[35.54224967230381,33.88876123752775]]},"properties":{"fid":12589,"LAYER":"Side Walk"}},
{"type":"Feature","geometry":{"type":"LineString","coordinates":[[35.5421719281517,33.88873837269791],[35.542686336635406,33.88858725970344],[35.54294372471763,33.88851484281116],[35.543072282705545,33.888485168096075],[35.54309987245366,33.88851539712171],[35.542898660690454,33.88859024596845],[35.54287776338562,33.888589589114694],[35.542870473613014,33.88858858171666],[35.54286751415219,33.88854625435538],[35.542690393951446,33.88859824663904],[35.5425933484613,33.88862675641814],[35.54258113643409,33.88867352710639],[35.542532352223,33.88864467568938]]},"properties":{"fid":12590,"LAYER":"Side Walk"}},
{"type":"Feature","geometry":{"type":"LineString","coordinates":[[35.538435456570745,33.88936589685662],[35.53844794967267,33.88937772422103],[35.53847190591809,33.88938382348549],[35.53849350035352,33.889380552867145],[35.53849958662,33.889357335468205],[35.53850996921927,33.88935553101474],[35.53865832190671,33.88933029886947],[35.53875242776085,33.889322164493336],[35.53876632784764,33.88933157538362],[35.538777577535896,33.88933281773543],[35.538841920253766,33.88932251081992],[35.538865731209796,33.88929034651637],[35.539112361159354,33.88924892063927],[35.539143403901726,33.889271271926],[35.539257167285704,33.88925110158636]]},"properties":{"fid":12591,"LAYER":"Road"}},
{"type":"Feature","geometry":{"type":"LineString","coordinates":[[35.54118996052516,33.88877971559636],[35.541216193347466,33.888823728606816],[35.541156149858324,33.88886860959553],[35.54096538552984,33.888907229887444],[35.54048846553818,33.889011968026054],[35.540427039976244,33.88901532427478],[35.54027138287549,33.88905527266511],[35.5402462758678,33.889092130579336],[35.540202644546255,33.889101822299146],[35.54018469890345,33.88909181809159]]},"properties":{"fid":12592,"LAYER":"Road"}},
{"type":"Feature","geometry":{"type":"LineString","coordinates":[[35.541963275023875,33.888792401668574],[35.54196315165521,33.88878827976583],[35.54196381252571,33.888786196595625]]},"properties":{"fid":12593,"LAYER":"Road"}},
{"type":"Feature","geometry":{"type":"LineString","coordinates":[[35.54205094991909,33.88882332788356],[35.542018955152436,33.88882906528282],[35.54197169378349,33.888826043971584]]},"properties":{"fid":12594,"LAYER":"Road"}},
{"type":"Feature","geometry":{"type":"LineString","coordinates":[[35.541912159137105,33.888845501981265],[35.54185071538318,33.888859425735504]]},"properties":{"fid":12595,"LAYER":"Road"}},
{"type":"Feature","geometry":{"type":"LineString","coordinates":[[35.54185071538318,33.888859425735504],[35.54184210350524,33.88885065186148]]},"properties":{"fid":12596,"LAYER":"Road"}},
{"type":"Feature","geometry":{"type":"LineString","coordinates":[[35.54180999245117,33.88882753648355],[35.541504629539695,33.88890615009491]]},"properties":{"fid":12597,"LAYER":"Road"}},
{"type":"Feature","geometry":{"type":"LineString","coordinates":[[35.541504629539695,33.88890615009491],[35.54154454574892,33.88892872667683]]},"properties":{"fid":12598,"LAYER":"Road"}},
{"type":"Feature","geometry":{"type":"LineString","coordinates":[[35.54154454574892,33.88892872667683],[35.54148321787208,33.888943054091364]]},"properties":{"fid":12599,"LAYER":"Road"}},
{"type":"Feature","geometry":{"type":"LineString","coordinates":[[35.54144330167349,33.888920477489854],[35.54111534774983,33.889002292773334]]},"properties":{"fid":12600,"LAYER":"Road"}},
{"type":"Feature","geometry":{"type":"LineString","coordinates":[[35.541115348141595,33.889002292707886],[35.54112062001133,33.88901002366167]]},"properties":{"fid":12601,"LAYER":"Road"}},
{"type":"Feature","geometry":{"type":"LineString","coordinates":[[35.54112062001133,33.88901002366167],[35.5411293566784,33.88901602860852]]},"properties":{"fid":12602,"LAYER":"Road"}},
{"type":"Feature","geometry":{"type":"LineString","coordinates":[[35.5411293566784,33.88901602860852],[35.54113360705648,33.88901850435742]]},"properties":{"fid":12603,"LAYER":"Road"}},
{"type":"Feature","geometry":{"type":"LineString","coordinates":[[35.54113360705648,33.88901850435742],[35.54114531475368,33.889026699835924]]},"properties":{"fid":12604,"LAYER":"Road"}},
{"type":"Feature","geometry":{"type":"LineString","coordinates":[[35.54114531475368,33.889026699835924],[35.54115772252263,33.88903492016301]]},"properties":{"fid":12605,"LAYER":"Road"}},
{"type":"Feature","geometry":{"type":"LineString","coordinates":[[35.54115772252263,33.88903492016301],[35.54114113124118,33.88903893194931]]},"properties":{"fid":12606,"LAYER":"Road"}},
{"type":"Feature","geometry":{"type":"LineString","coordinates":[[35.54114113124118,33.88903893194931],[35.54110094273586,33.88904727491925]]},"properties":{"fid":12607,"LAYER":"Road"}},
{"type":"Feature","geometry":{"type":"LineString","coordinates":[[35.54110094273586,33.88904727491925],[35.54109365655158,33.88904889231096]]},"properties":{"fid":12608,"LAYER":"Road"}},
{"type":"Feature","geometry":{"type":"LineString","coordinates":[[35.54109365655158,33.88904889231096],[35.54105812655299,33.88902593800465]]},"properties":{"fid":12609,"LAYER":"Road"}},
{"type":"Feature","geometry":{"type":"LineString","coordinates":[[35.54105812655299,33.88902593800465],[35.54104785781016,33.889018050386554]]},"properties":{"fid":12610,"LAYER":"Road"}},
{"type":"Feature","geometry":{"type":"LineString","coordinates":[[35.54104785781016,33.889018050386554],[35.5410450323754,33.889016610157626]]},"properties":{"fid":12611,"LAYER":"Road"}},
{"type":"Feature","geometry":{"type":"LineString","coordinates":[[35.5410450323754,33.889016610157626],[35.54103894099235,33.88901792957103]]},"properties":{"fid":12612,"LAYER":"Road"}},
{"type":"Feature","geometry":{"type":"LineString","coordinates":[[35.541038726755694,33.889017504255854],[35.540755908771175,33.88906545392549]]},"properties":{"fid":12613,"LAYER":"Road"}},
{"type":"Feature","geometry":{"type":"LineString","coordinates":[[35.54068043004609,33.8890782506573],[35.54035560068211,33.889133321945096]]},"properties":{"fid":12614,"LAYER":"Road"}},
{"type":"Feature","geometry":{"type":"LineString","coordinates":[[35.54035560068211,33.889133321945096],[35.540391315456695,33.8891665746868]]},"properties":{"fid":12615,"LAYER":"Road"}},
{"type":"Feature","geometry":{"type":"LineString","coordinates":[[35.540391315456695,33.8891665746868],[35.54035591097181,33.88917625582229]]},"properties":{"fid":12616,"LAYER":"Road"}},
{"type":"Feature","geometry":{"type":"LineString","coordinates":[[35.54035591097181,33.88917625582229],[35.54033600271932,33.88916196111619]]},"properties":{"fid":12617,"LAYER":"Road"}},
{"type":"Feature","geometry":{"type":"LineString","coordinates":[[35.54033600271932,33.88916196111619],[35.54030884125078,33.88914264249276]]},"properties":{"fid":12618,"LAYER":"Road"}},
{"type":"Feature","geometry":{"type":"LineString","coordinates":[[35.54030884125078,33.88914264249276],[35.54029691495095,33.88914485612848]]},"properties":{"fid":12619,"LAYER":"Road"}},
{"type":"Feature","geometry":{"type":"LineString","coordinates":[[35.54029691495095,33.88914485612848],[35.5400723980744,33.889182888820116]]},"properties":{"fid":12620,"LAYER":"Road"}},
{"type":"Feature","geometry":{"type":"LineString","coordinates":[[35.5400723980744,33.889182888820116],[35.539993866101675,33.88919603656231]]},"properties":{"fid":12621,"LAYER":"Road"}},
{"type":"Feature","geometry":{"type":"LineString","coordinates":[[35.539993866101675,33.88919603656231],[35.54002201652774,33.889216832510016]]},"properties":{"fid":12622,"LAYER":"Road"}},
{"type":"Feature","geometry":{"type":"LineString","coordinates":[[35.54002201652774,33.889216832510016],[35.54003030561681,33.88922226023004]]},"properties":{"fid":12623,"LAYER":"Road"}},
{"type":"Feature","geometry":{"type":"LineString","coordinates":[[35.54003030561681,33.88922226023004],[35.53992916353343,33.88924893019262]]},"properties":{"fid":12624,"LAYER":"Road"}},
{"type":"Feature","geometry":{"type":"LineString","coordinates":[[35.53992916353343,33.88924893019262],[35.53991356860395,33.88924651739302]]},"properties":{"fid":12625,"LAYER":"Road"}},
{"type":"Feature","geometry":{"type":"LineString","coordinates":[[35.53991356860395,33.88924651739302],[35.53990977456656,33.889244997114915]]},"properties":{"fid":12626,"LAYER":"Road"}},
{"type":"Feature","geometry":{"type":"LineString","coordinates":[[35.53990977456656,33.889244997114915],[35.539897702148494,33.889234415990245]]},"properties":{"fid":12627,"LAYER":"Road"}},
{"type":"Feature","geometry":{"type":"LineString","coordinates":[[35.539897702148494,33.889234415990245],[35.5398942764869,33.88922708606198]]},"properties":{"fid":12628,"LAYER":"Road"}},
{"type":"Feature","geometry":{"type":"LineString","coordinates":[[35.5398942764869,33.88922708606198],[35.539897002466795,33.88920879677728]]},"properties":{"fid":12629,"LAYER":"Road"}},
{"type":"Feature","geometry":{"type":"LineString","coordinates":[[35.539897002466795,33.88920879677728],[35.53991614582547,33.889194799896686]]},"properties":{"fid":12630,"LAYER":"Road"}},
{"type":"Feature","geometry":{"type":"LineString","coordinates":[[35.53991614582547,33.889194799896686],[35.54006869774453,33.88916912170308]]},"properties":{"fid":12631,"LAYER":"Road"}},
{"type":"Feature","geometry":{"type":"LineString","coordinates":[[35.54006869774453,33.88916912170308],[35.54017010834828,33.88915185861063]]},"properties":{"fid":12632,"LAYER":"Road"}},
{"type":"Feature","geometry":{"type":"LineString","coordinates":[[35.54017010834828,33.88915185861063],[35.54029835274433,33.889130133908075]]},"properties":{"fid":12633,"LAYER":"Road"}},
{"type":"Feature","geometry":{"type":"LineString","coordinates":[[35.54029835274433,33.889130133908075],[35.54104007075083,33.88900058576165]]},"properties":{"fid":12634,"LAYER":"Road"}},
{"type":"Feature","geometry":{"type":"LineString","coordinates":[[35.54104007075083,33.88900058576165],[35.54149654360058,33.88889658042807],[35.541806845683084,33.8888137329134],[35.54189775876454,33.88879230009202]]},"properties":{"fid":12635,"LAYER":"Road"}},
{"type":"Feature","geometry":{"type":"LineString","coordinates":[[35.54531560803488,33.887704211973215],[35.545295151993386,33.887711836799795],[35.545261334298004,33.88772645926179],[35.54514770656675,33.887779364016716],[35.545139502373885,33.8877957006913],[35.545143545409765,33.88781345143154]]},"properties":{"fid":12636,"LAYER":"Road"}},
{"type":"Feature","geometry":{"type":"LineString","coordinates":[[35.54612114151592,33.887069554212566],[35.54612886556534,33.88712901073281],[35.54611052117773,33.887172684271384],[35.5460952505899,33.88717983723717],[35.546046139664476,33.88718016643548],[35.545459598984515,33.887451125446816],[35.54540415369732,33.88748732705578],[35.545328682666174,33.887473661731015],[35.54531544320596,33.887466536598765]]},"properties":{"fid":12637,"LAYER":"Road"}},
{"type":"Feature","geometry":{"type":"LineString","coordinates":[[35.54508259002192,33.88784669553901],[35.545069691585184,33.887827610247044],[35.54505124562079,33.887825231710586],[35.54495835902315,33.88786685686734],[35.54487986698235,33.88790485826065],[35.544869350955615,33.88791396194659],[35.54489350893835,33.88796045962741],[35.54492173014363,33.88800548900373]]},"properties":{"fid":12638,"LAYER":"Road"}},
{"type":"Feature","geometry":{"type":"LineString","coordinates":[[35.544868604911706,33.88802280026158],[35.54484177313005,33.88797713515538],[35.544806189954016,33.887939231563465],[35.54464810574918,33.88800902464485],[35.54458793187587,33.88803603217099],[35.54449181404019,33.8880796456893],[35.54436651103838,33.88813909814487],[35.54425125169623,33.88819834030511],[35.544247414762125,33.88820255378184],[35.54424980283774,33.888208876656336]]},"properties":{"fid":12639,"LAYER":"Road"}},
{"type":"Feature","geometry":{"type":"LineString","coordinates":[[35.54407895428911,33.88831722122295],[35.54413301959012,33.88826118291844],[35.544206971862955,33.88823698751173]]},"properties":{"fid":12640,"LAYER":"Road"}},
{"type":"Feature","geometry":{"type":"LineString","coordinates":[[35.546159726892576,33.887048794628775],[35.54619887655501,33.88712995844178],[35.54625410708221,33.88709799901526],[35.54616607548439,33.88704736286587],[35.546159726892576,33.887048794628775]]},"properties":{"fid":12641,"LAYER":"Road"}},
{"type":"Feature","geometry":{"type":"LineString","coordinates":[[35.54514902370712,33.88761491495933],[35.54503767854431,33.88765572346654],[35.544974092049245,33.88764546576106],[35.54486847837902,33.88767514747706],[35.544907717195954,33.88772645564212],[35.54514902370712,33.88761491495933]]},"properties":{"fid":12642,"LAYER":"Road"}},
{"type":"Feature","geometry":{"type":"LineString","coordinates":[[35.544708661952804,33.8876847653721],[35.544733055219126,33.887738163938465],[35.54453360077007,33.887797049111974],[35.54449937633901,33.88777079279109]]},"properties":{"fid":12643,"LAYER":"Road"}},
{"type":"Feature","geometry":{"type":"LineString","coordinates":[[35.54470664203253,33.88768540716283],[35.544730205599805,33.88773698946376],[35.544640426340244,33.88776117519887],[35.544540521448965,33.88779443887142],[35.54453431538597,33.8877951479266],[35.54450083973892,33.88776946605837]]},"properties":{"fid":12644,"LAYER":"Side Walk"}},
{"type":"Feature","geometry":{"type":"LineString","coordinates":[[35.54445336902098,33.887804997735564],[35.544456266607234,33.88782606100574],[35.544442556492875,33.88783729383255],[35.54425784243746,33.88789210568997]]},"properties":{"fid":12645,"LAYER":"Road"}},
{"type":"Feature","geometry":{"type":"LineString","coordinates":[[35.543981941860785,33.887982686855686],[35.544033926247295,33.88799275857066],[35.544142698275394,33.88795064237774],[35.544165408543435,33.88791926167847]]},"properties":{"fid":12646,"LAYER":"Road"}},
{"type":"Feature","geometry":{"type":"LineString","coordinates":[[35.54397379208949,33.888064229692006],[35.543741149975126,33.88814923848896],[35.54373478571265,33.88813893752288],[35.544586294035334,33.8878117587142],[35.544709104639004,33.887778129109606],[35.54477519376614,33.88776593619768],[35.54478309001628,33.88778411359648],[35.5446451767171,33.887850609040996],[35.544306948489414,33.88799913537081],[35.544083285329314,33.88808791204568],[35.54379231434279,33.88819931222886],[35.54393118144482,33.88812835220638]]},"properties":{"fid":12647,"LAYER":"Road"}},
{"type":"Feature","geometry":{"type":"LineString","coordinates":[[35.54348752390457,33.88835376003087],[35.54354846492708,33.88833381649507],[35.54359950204565,33.8883598147755],[35.54386498843814,33.88826524798529],[35.54427744915934,33.888104051276834],[35.544565949102434,33.887981377446],[35.54451236596418,33.88795802517297],[35.545244173371806,33.88762266163878],[35.54528966651538,33.88765162082405],[35.545266537598536,33.88767404856723],[35.54520985979851,33.887653595814065],[35.54458736584367,33.8879405873056],[35.54464078038466,33.88796247366804],[35.54428728701925,33.88811497232921],[35.543938172218404,33.888252017971105],[35.54386185945807,33.88828020170065],[35.54360426312417,33.8883716712624],[35.543534033957094,33.88837871167212],[35.54348752390457,33.88835376003087]]},"properties":{"fid":12648,"LAYER":"Road"}},
{"type":"Feature","geometry":null,"properties":{"fid":12649,"LAYER":"gully"}},
{"type":"Feature","geometry":{"type":"LineString","coordinates":[[35.54515031548886,33.8875159446336],[35.54510759419368,33.88754600367559],[35.54510174765449,33.887545427956084],[35.54509928965527,33.88754258367013],[35.54494066127197,33.88760480028438],[35.54477214770813,33.8876464894029]]},"properties":{"fid":12650,"LAYER":"Road"}},
{"type":"Feature","geometry":{"type":"LineString","coordinates":[[35.54389476030101,33.8880044037782],[35.54390173671472,33.888030878131836],[35.54390107458572,33.88804141768165],[35.543888389503806,33.88804999747627],[35.543877051538296,33.888055478929545],[35.543747299458666,33.88810336091476],[35.54365860075341,33.88809134709199]]},"properties":{"fid":12651,"LAYER":"Road"}},
{"type":"Feature","geometry":{"type":"LineString","coordinates":[[35.54358962877497,33.888214965189555],[35.543597665945654,33.888219574472124],[35.54360068358714,33.888216805369964],[35.54360162631666,33.88821303708982]]},"properties":{"fid":12652,"LAYER":"Road"}},
{"type":"Feature","geometry":{"type":"LineString","coordinates":[[35.54349451619554,33.88817947913753],[35.54349490454532,33.88824416626771],[35.543483589277095,33.888265543485964],[35.543463181124295,33.88828610604556],[35.543453632202684,33.888294853658664],[35.54344081653107,33.888304839425174],[35.543416428484335,33.888318713501725],[35.543188557434185,33.88839132414786],[35.54316904144544,33.888382527541815],[35.54314957282428,33.88833281190259]]},"properties":{"fid":12653,"LAYER":"Road"}},
{"type":"Feature","geometry":{"type":"LineString","coordinates":[[35.54289979902483,33.88847133695728],[35.54293951950897,33.888469486151656],[35.54309032303139,33.88842956945957],[35.54311213256354,33.88841806612604],[35.543114821508176,33.88840924287057],[35.54310738329635,33.888388635993934]]},"properties":{"fid":12654,"LAYER":"Road"}},
{"type":"Feature","geometry":{"type":"LineString","coordinates":[[35.54400617717946,33.88828058406669],[35.54392680120285,33.888310750801274],[35.543905464236985,33.88831878687894],[35.543896271275464,33.88832546253349],[35.54389362012481,33.88834089446451],[35.543898542782784,33.888348103524315],[35.54392921437627,33.888411726658994]]},"properties":{"fid":12655,"LAYER":"Road"}},
{"type":"Feature","geometry":{"type":"LineString","coordinates":[[35.543872130574826,33.888459037370275],[35.54371209168809,33.888391615961915],[35.54343945321164,33.88849429789379],[35.543307349447275,33.888536551048176],[35.543238673773935,33.888605106035975]]},"properties":{"fid":12656,"LAYER":"Road"}},
{"type":"Feature","geometry":null,"properties":{"fid":12657,"LAYER":"Road"}},
{"type":"Feature","geometry":{"type":"LineString","coordinates":[[35.54283712050353,33.88846131551864],[35.54283884261716,33.888484149472816],[35.54283239781085,33.88848830731944],[35.542774978649085,33.888506186134435],[35.54252430484166,33.888572844786786]]},"properties":{"fid":12658,"LAYER":"Road"}},
{"type":"Feature","geometry":{"type":"LineString","coordinates":[[35.543183598161114,33.888643947194375],[35.54314277171683,33.88860852661466],[35.54309264567558,33.88860239238632],[35.542571654858904,33.88874078431138],[35.5423490377863,33.88881594136783],[35.54201130532954,33.888897734752376]]},"properties":{"fid":12659,"LAYER":"Road"}},
{"type":"Feature","geometry":{"type":"LineString","coordinates":[[35.53989299987596,33.889340712124415],[35.54025906785741,33.88925274831921],[35.54043408400144,33.88923349189893],[35.54072721708384,33.88917958977742]]},"properties":{"fid":12660,"LAYER":"Road"}},
{"type":"Feature","geometry":{"type":"LineString","coordinates":[[35.54087617434792,33.88926481074048],[35.5408687945505,33.88917701475527],[35.540891112747794,33.88914742479542],[35.54131328443106,33.88906268691558],[35.54132900105486,33.889062882488986],[35.541344311965595,33.8890766552437],[35.54135191234375,33.88909929372093]]},"properties":{"fid":12661,"LAYER":"Road"}},
{"type":"Feature","geometry":{"type":"LineString","coordinates":[[35.539707048923205,33.889230460197744],[35.53984756686524,33.889206528243825],[35.5398634037421,33.889258582547946],[35.539772599433995,33.88927344281237],[35.53976591733088,33.88927640806459],[35.539718291035484,33.88928169306446]]},"properties":{"fid":12662,"LAYER":"Road"}},
{"type":"Feature","geometry":{"type":"LineString","coordinates":[[35.54142398987781,33.889062018761685],[35.541463341280206,33.88903063985309],[35.54188124440468,33.88893496959498]]},"properties":{"fid":12663,"LAYER":"Road"}},
{"type":"Feature","geometry":{"type":"LineString","coordinates":[[35.53915882789342,33.889364414385845],[35.538872616909124,33.88940614777454],[35.53883431909587,33.88937765782065],[35.53876945192291,33.889388631719676],[35.53881474093183,33.88942256257771],[35.53859918222399,33.88945936772532],[35.538552302873434,33.88942490756624],[35.53847778990171,33.88943801099562],[35.538523204448055,33.88947202084688],[35.538307919634576,33.8895080207335],[35.538261593299836,33.88947416317817],[35.538163123856734,33.88949089244462],[35.53815507069989,33.8894940244507],[35.53814439067335,33.889501536056564],[35.53813845065746,33.889517964240696],[35.53814337849797,33.889532091238195],[35.53816969984895,33.88954532402991],[35.53817981356451,33.889544388191744],[35.53840953677146,33.88950552009457],[35.53867508123375,33.88946085099731],[35.538801061989915,33.88943955684724],[35.5391621336685,33.88937898248279],[35.5394822614111,33.88932327838327],[35.53950075276759,33.88930803667458],[35.53950189574245,33.889290486054286]]},"properties":{"fid":12664,"LAYER":"Road"}},
{"type":"Feature","geometry":{"type":"LineString","coordinates":[[35.54823239533294,33.88611406940865],[35.54818438918033,33.88619822970615],[35.54812123466139,33.88624241859666],[35.54816631174128,33.88628145275985],[35.54825519080716,33.88621654310078],[35.54833646982774,33.88618618400237],[35.548330042257234,33.88617130630598],[35.54823239533294,33.88611406940865]]},"properties":{"fid":12665,"LAYER":"Road"}},
{"type":"Feature","geometry":{"type":"LineString","coordinates":[[35.54841557773043,33.88623246473416],[35.548390034937206,33.88622768951015],[35.548360955323474,33.886226638131575],[35.5482990662265,33.886242138712205],[35.54817147821286,33.88633509038597],[35.54802295185595,33.88643045302365],[35.547892795454274,33.886502519843596],[35.547884668644414,33.886510458480615],[35.54788551505879,33.88651706954243],[35.54788972260618,33.88652168469451],[35.54789134304101,33.88652098475695]]},"properties":{"fid":12666,"LAYER":"Road"}},
{"type":"Feature","geometry":{"type":"LineString","coordinates":[[35.54718861236415,33.88685283487439],[35.54718377520724,33.886849781018],[35.547174704742105,33.88684806628448],[35.54714663944427,33.88685713405733],[35.547077626936805,33.886888620526996],[35.54685238954105,33.88699259449242],[35.54662254574601,33.88710205981851],[35.54656222057108,33.88712672424785],[35.54625492035083,33.88726828710619],[35.546252584835855,33.887271470743386]]},"properties":{"fid":12667,"LAYER":"Road"}},
{"type":"Feature","geometry":{"type":"LineString","coordinates":[[35.546111160671416,33.8873371168646],[35.54610989528043,33.88733694550188],[35.54580215311839,33.88747915369902],[35.54580234140154,33.887479459850226]]},"properties":{"fid":12668,"LAYER":"Road"}},
{"type":"Feature","geometry":null,"properties":{"fid":12669,"LAYER":"Road"}},
{"type":"Feature","geometry":null,"properties":{"fid":12670,"LAYER":"Road"}},
{"type":"Feature","geometry":{"type":"LineString","coordinates":[[35.53637252133457,33.889823083741845],[35.53631295618736,33.88984890077166],[35.536351000744084,33.88988384424333],[35.53637831891611,33.88983644126292],[35.53669052902541,33.88977213973564],[35.53673883755948,33.889804678265044],[35.53677855119958,33.88977333934932],[35.53715510117636,33.8896985239496],[35.53747002558818,33.88964209565596],[35.53749583833448,33.8896608218387],[35.53762798328984,33.88963743267607],[35.537611185622275,33.88958443100916],[35.53747276503475,33.88960833959356],[35.53746167956738,33.889630064070325],[35.53714672181874,33.88968731845547],[35.53712753049008,33.88967146371039],[35.537092363550045,33.889678108653456],[35.53708379075762,33.889700346723636],[35.536775323644925,33.88976085224073],[35.53674713313403,33.88974652464822],[35.53637256167771,33.88982307486925]]},"properties":{"fid":12671,"LAYER":"Road"}},
{"type":"Feature","geometry":{"type":"LineString","coordinates":[[35.536389101931526,33.88994047517827],[35.53647819310446,33.889922059163894],[35.536690613573974,33.889878447891284],[35.536723475338334,33.88987194014661],[35.5367912876571,33.889877899824405],[35.536894458578054,33.889856982190054],[35.53690279347357,33.88983535618573],[35.53695658992649,33.889842793041005],[35.537080223210644,33.88982070401412],[35.537087074031604,33.88979927536368],[35.53715122043486,33.88978686268519],[35.5372089067884,33.88977597526512],[35.53722936314262,33.889792275689075],[35.53749355313133,33.889743833481575],[35.53750640299123,33.889722056783015],[35.53765373800157,33.88969811437746],[35.53768658858614,33.889729856921605]]},"properties":{"fid":12672,"LAYER":"Road"}},
{"type":"Feature","geometry":{"type":"LineString","coordinates":[[35.53775983460605,33.88971350118162],[35.537782873206766,33.88965581163429],[35.5379454583126,33.889629946104066],[35.53795782269127,33.889637958971456],[35.537972075443015,33.889647518276746],[35.53797727199892,33.88964691030749]]},"properties":{"fid":12673,"LAYER":"Road"}},
{"type":"Feature","geometry":{"type":"LineString","coordinates":[[35.53807691687004,33.88962984844957],[35.53818255741617,33.88961152222407],[35.53818396846848,33.88960808860609],[35.53819323740938,33.889592731879915]]},"properties":{"fid":12674,"LAYER":"Road"}},
{"type":"Feature","geometry":{"type":"LineString","coordinates":[[35.546855849889475,33.88676490697269],[35.546936554764386,33.88678992670253],[35.547490761668854,33.88653463629815],[35.54750693876137,33.88651005341734]]},"properties":{"fid":12675,"LAYER":"Road"}},
{"type":"Feature","geometry":{"type":"LineString","coordinates":[[35.54782619675549,33.8865489840374],[35.54781470947472,33.88654817185164],[35.54780224471393,33.88654996652052],[35.547469121712965,33.88670805236269],[35.54742700691484,33.88674117968636]]},"properties":{"fid":12676,"LAYER":"Road"}},
{"type":"Feature","geometry":{"type":"LineString","coordinates":[[35.53797727199892,33.88964691030749],[35.53807691687004,33.88962984844957]]},"properties":{"fid":12677,"LAYER":"Road"}},
{"type":"Feature","geometry":{"type":"LineString","coordinates":[[35.548158790717565,33.88608185227442],[35.548165700837856,33.88611982165784],[35.54811330636475,33.886189222007154],[35.5479351538062,33.886306650437675],[35.54768058604065,33.88644350553472]]},"properties":{"fid":12678,"LAYER":"Road"}},
{"type":"Feature","geometry":{"type":"LineString","coordinates":[[35.54199479617491,33.88877704628321],[35.54217068160219,33.888737592124436],[35.54268591388253,33.888586237133],[35.542943344156285,33.88851380836998],[35.54307207157112,33.88848409454642],[35.5430851840644,33.88848349114283],[35.54310147907771,33.88851598381084],[35.54289891340499,33.88859133629998],[35.542877853291046,33.888590674328775],[35.542869213021746,33.888589133096346],[35.54286631969794,33.88854775164439],[35.542690824550355,33.88859926690458],[35.54259607959306,33.88862710084014],[35.54258090852904,33.888674718302006],[35.54253214976189,33.88864588193301],[35.54228741484189,33.88871777895314],[35.54230940365133,33.88875702243773],[35.54226270165724,33.88876127748057],[35.542249720324016,33.888762320296266]]},"properties":{"fid":12679,"LAYER":"Road"}},
{"type":"Feature","geometry":{"type":"LineString","coordinates":[[35.53662194186685,33.889913829347044],[35.53657236316597,33.88992391767058]]},"properties":{"fid":12680,"LAYER":"Side Walk"}},
{"type":"Feature","geometry":{"type":"LineString","coordinates":[[35.53657236316597,33.88992391767058],[35.53642362973364,33.889953261059354]]},"properties":{"fid":12681,"LAYER":"Side Walk"}},
{"type":"Feature","geometry":{"type":"LineString","coordinates":[[35.5366829176687,33.88990121667445],[35.53662194186685,33.889913829347044]]},"properties":{"fid":12682,"LAYER":"Side Walk"}},
{"type":"Feature","geometry":{"type":"LineString","coordinates":[[35.53672355958376,33.889873035157265],[35.53669091832546,33.88987949923426]]},"properties":{"fid":12683,"LAYER":"Side Walk"}},
{"type":"Feature","geometry":{"type":"LineString","coordinates":[[35.53669091832546,33.88987949923426],[35.53655456435588,33.88990747627996]]},"properties":{"fid":12684,"LAYER":"Side Walk"}},
{"type":"Feature","geometry":{"type":"LineString","coordinates":[[35.53647850429449,33.88992310918535],[35.53638941395757,33.889941525026906]]},"properties":{"fid":12685,"LAYER":"Side Walk"}},
{"type":"Feature","geometry":{"type":"LineString","coordinates":[[35.536371266967876,33.88994569320266],[35.53638898423515,33.889940504505276]]},"properties":{"fid":12686,"LAYER":"Road"}},
{"type":"Feature","geometry":{"type":"LineString","coordinates":[[35.53647850429449,33.88992310918535],[35.53655456435588,33.88990747627996]]},"properties":{"fid":12687,"LAYER":"Side Walk"}},
{"type":"Feature","geometry":{"type":"LineString","coordinates":[[35.53674428268018,33.8898886063826],[35.5366829176687,33.88990121667445]]},"properties":{"fid":12688,"LAYER":"Side Walk"}},
{"type":"Feature","geometry":{"type":"LineString","coordinates":[[35.54622432881804,33.88702682150428],[35.546289850398075,33.8870499895707],[35.54645557785311,33.886976071021735]]},"properties":{"fid":12689,"LAYER":"Fence"}},
{"type":"Feature","geometry":{"type":"LineString","coordinates":[[35.54645557785311,33.886976071021735],[35.546741595877485,33.886843254160496]]},"properties":{"fid":12690,"LAYER":"Fence"}},
{"type":"Feature","geometry":{"type":"LineString","coordinates":[[35.54826478159455,33.88640994132438],[35.5481869307884,33.886348767775544],[35.54801135025707,33.886462093160915]]},"properties":{"fid":12691,"LAYER":"Fence"}},
{"type":"Feature","geometry":{"type":"LineString","coordinates":[[35.54801135025707,33.886462093160915],[35.548025905807165,33.88648008843785],[35.54803975576564,33.886473224531436]]},"properties":{"fid":12692,"LAYER":"Fence"}},
{"type":"Feature","geometry":{"type":"LineString","coordinates":[[35.54783844542554,33.88658531839856],[35.54782491056518,33.88657313420787],[35.54747585553801,33.88672683595451],[35.547418457892476,33.8868233189068],[35.54744841150261,33.88688296423522]]},"properties":{"fid":12693,"LAYER":"Fence"}},
{"type":"Feature","geometry":{"type":"LineString","coordinates":[[35.54386435432247,33.888461901754034],[35.54376103117196,33.888419081206536],[35.54357576078056,33.88846775608765]]},"properties":{"fid":12694,"LAYER":"Fence"}},
{"type":"Feature","geometry":{"type":"LineString","coordinates":[[35.543173498073806,33.88835864040829],[35.54325553772613,33.88835194515982]]},"properties":{"fid":12695,"LAYER":"Fence"}},
{"type":"Feature","geometry":{"type":"LineString","coordinates":[[35.53857426890036,33.889295316696824],[35.53843280245567,33.88933633164951]]},"properties":{"fid":12696,"LAYER":"Fence"}},
{"type":"Feature","geometry":{"type":"LineString","coordinates":[[35.53805572471363,33.88943099282115],[35.53793627033961,33.88945626576414]]},"properties":{"fid":12697,"LAYER":"Fence"}},
{"type":"Feature","geometry":{"type":"LineString","coordinates":[[35.53686017553388,33.88963369478558],[35.536932362679394,33.88964369734225]]},"properties":{"fid":12698,"LAYER":"Fence"}},
{"type":"Feature","geometry":{"type":"LineString","coordinates":[[35.53966039455647,33.88938004456923],[35.53965915085988,33.88937389314654]]},"properties":{"fid":12699,"LAYER":"Fence"}},
{"type":"Feature","geometry":{"type":"LineString","coordinates":[[35.53965915085988,33.88937389314654],[35.53966614019996,33.889372537943345]]},"properties":{"fid":12700,"LAYER":"Fence"}},
{"type":"Feature","geometry":{"type":"LineString","coordinates":[[35.53966738389706,33.88937868936594],[35.53966614019996,33.889372537943345]]},"properties":{"fid":12701,"LAYER":"Fence"}},
{"type":"Feature","geometry":{"type":"LineString","coordinates":[[35.53966039455647,33.88938004456923],[35.53966738389706,33.88937868936594]]},"properties":{"fid":12702,"LAYER":"Fence"}},
{"type":"Feature","geometry":null,"properties":{"fid":12703,"LAYER":"manhole telephone"}},
{"type":"Feature","geometry":null,"properties":{"fid":12704,"LAYER":"manhole telephone"}},
{"type":"Feature","geometry":null,"properties":{"fid":12705,"LAYER":"manhole telephone"}},
{"type":"Feature","geometry":{"type":"LineString","coordinates":[[35.538431578918754,33.889410675977736],[35.538433405032734,33.88941686254703]]},"properties":{"fid":12706,"LAYER":"manhole telephone"}},
{"type":"Feature","geometry":{"type":"LineString","coordinates":[[35.538433405032734,33.88941686254703],[35.53842001185991,33.88941953588488]]},"properties":{"fid":12707,"LAYER":"manhole telephone"}},
{"type":"Feature","geometry":{"type":"LineString","coordinates":[[35.538431578918754,33.889410675977736],[35.538418185746885,33.88941334931541]]},"properties":{"fid":12708,"LAYER":"manhole telephone"}},
{"type":"Feature","geometry":{"type":"LineString","coordinates":[[35.538418185746885,33.88941334931541],[35.53842001185991,33.88941953588488]]},"properties":{"fid":12709,"LAYER":"manhole telephone"}},
{"type":"Feature","geometry":{"type":"LineString","coordinates":[[35.53878830343334,33.889345476807996],[35.538786872601165,33.889339148521714]]},"properties":{"fid":12710,"LAYER":"manhole telephone"}},
{"type":"Feature","geometry":{"type":"LineString","coordinates":[[35.538786872601165,33.889339148521714],[35.53876680831834,33.88934127434885]]},"properties":{"fid":12711,"LAYER":"manhole telephone"}},
{"type":"Feature","geometry":{"type":"LineString","coordinates":[[35.53878830343334,33.889345476807996],[35.538768239149064,33.88934760263531]]},"properties":{"fid":12712,"LAYER":"manhole telephone"}},
{"type":"Feature","geometry":{"type":"LineString","coordinates":[[35.538768239149064,33.88934760263531],[35.53876680831834,33.88934127434885]]},"properties":{"fid":12713,"LAYER":"manhole telephone"}},
{"type":"Feature","geometry":null,"properties":{"fid":12714,"LAYER":"manhole telephone"}},
{"type":"Feature","geometry":null,"properties":{"fid":12715,"LAYER":"manhole telephone"}},
{"type":"Feature","geometry":null,"properties":{"fid":12716,"LAYER":"manhole telephone"}},
{"type":"Feature","geometry":null,"properties":{"fid":12717,"LAYER":"manhole telephone"}},
{"type":"Feature","geometry":null,"properties":{"fid":12718,"LAYER":"manhole telephone"}},
{"type":"Feature","geometry":{"type":"LineString","coordinates":[[35.54593051924738,33.88733284783376],[35.545940250502355,33.88732797867732]]},"properties":{"fid":12719,"LAYER":"columns"}},
{"type":"Feature","geometry":{"type":"LineString","coordinates":[[35.545934959169955,33.88733903529775],[35.54594469870046,33.887334162000435]]},"properties":{"fid":12720,"LAYER":"columns"}},
{"type":"Feature","geometry":null,"properties":{"fid":12721,"LAYER":"columns"}},
{"type":"Feature","geometry":null,"properties":{"fid":12722,"LAYER":"columns"}},
{"type":"Feature","geometry":null,"properties":{"fid":12723,"LAYER":"columns"}},
{"type":"Feature","geometry":null,"properties":{"fid":12724,"LAYER":"columns"}},
{"type":"Feature","geometry":null,"properties":{"fid":12725,"LAYER":"columns"}},
{"type":"Feature","geometry":null,"properties":{"fid":12726,"LAYER":"columns"}},
{"type":"Feature","geometry":null,"properties":{"fid":12727,"LAYER":"columns"}},
{"type":"Feature","geometry":null,"properties":{"fid":12728,"LAYER":"columns"}},
{"type":"Feature","geometry":null,"properties":{"fid":12729,"LAYER":"columns"}},
{"type":"Feature","geometry":null,"properties":{"fid":12730,"LAYER":"columns"}},
{"type":"Feature","geometry":null,"properties":{"fid":12731,"LAYER":"columns"}},
{"type":"Feature","geometry":null,"properties":{"fid":12732,"LAYER":"columns"}},
{"type":"Feature","geometry":null,"properties":{"fid":12733,"LAYER":"columns"}},
{"type":"Feature","geometry":null,"properties":{"fid":12734,"LAYER":"columns"}},
{"type":"Feature","geometry":null,"properties":{"fid":12735,"LAYER":"columns"}},
{"type":"Feature","geometry":null,"properties":{"fid":12736,"LAYER":"columns"}},
{"type":"Feature","geometry":null,"properties":{"fid":12737,"LAYER":"columns"}},
{"type":"Feature","geometry":null,"properties":{"fid":12738,"LAYER":"columns"}},
{"type":"Feature","geometry":null,"properties":{"fid":12739,"LAYER":"columns"}},
{"type":"Feature","geometry":null,"properties":{"fid":12740,"LAYER":"columns"}},
{"type":"Feature","geometry":null,"properties":{"fid":12741,"LAYER":"columns"}},
{"type":"Feature","geometry":null,"properties":{"fid":12742,"LAYER":"columns"}},
{"type":"Feature","geometry":null,"properties":{"fid":12743,"LAYER":"columns"}},
{"type":"Feature","geometry":null,"properties":{"fid":12744,"LAYER":"columns"}},
{"type":"Feature","geometry":null,"properties":{"fid":12745,"LAYER":"columns"}},
{"type":"Feature","geometry":null,"properties":{"fid":12746,"LAYER":"columns"}},
{"type":"Feature","geometry":null,"properties":{"fid":12747,"LAYER":"columns"}},
{"type":"Feature","geometry":null,"properties":{"fid":12748,"LAYER":"columns"}},
{"type":"Feature","geometry":null,"properties":{"fid":12749,"LAYER":"columns"}},
{"type":"Feature","geometry":null,"properties":{"fid":12750,"LAYER":"columns"}},
{"type":"Feature","geometry":null,"properties":{"fid":12751,"LAYER":"columns"}},
{"type":"Feature","geometry":null,"properties":{"fid":12752,"LAYER":"columns"}},
{"type":"Feature","geometry":null,"properties":{"fid":12753,"LAYER":"columns"}},
{"type":"Feature","geometry":null,"properties":{"fid":12754,"LAYER":"columns"}},
{"type":"Feature","geometry":null,"properties":{"fid":12755,"LAYER":"columns"}},
{"type":"Feature","geometry":null,"properties":{"fid":12756,"LAYER":"columns"}},
{"type":"Feature","geometry":null,"properties":{"fid":12757,"LAYER":"columns"}},
{"type":"Feature","geometry":null,"properties":{"fid":12758,"LAYER":"columns"}},
{"type":"Feature","geometry":null,"properties":{"fid":12759,"LAYER":"columns"}},
{"type":"Feature","geometry":null,"properties":{"fid":12760,"LAYER":"columns"}},
{"type":"Feature","geometry":null,"properties":{"fid":12761,"LAYER":"columns"}},
{"type":"Feature","geometry":null,"properties":{"fid":12762,"LAYER":"columns"}},
{"type":"Feature","geometry":null,"properties":{"fid":12763,"LAYER":"columns"}},
{"type":"Feature","geometry":null,"properties":{"fid":12764,"LAYER":"columns"}},
{"type":"Feature","geometry":null,"properties":{"fid":12765,"LAYER":"columns"}},
{"type":"Feature","geometry":null,"properties":{"fid":12766,"LAYER":"columns"}},
{"type":"Feature","geometry":null,"properties":{"fid":12767,"LAYER":"columns"}},
{"type":"Feature","geometry":{"type":"LineString","coordinates":[[35.53642001899482,33.88998199957693],[35.53642328130246,33.889989770617454],[35.53642001899482,33.88998199957693]]},"properties":{"fid":12768,"LAYER":"gully"}},
{"type":"Feature","geometry":{"type":"LineString","coordinates":[[35.536396541372056,33.88993997564658],[35.53639552264923,33.889937465482866],[35.53641184524678,33.88993329105037],[35.53641300841066,33.88993673442001]]},"properties":{"fid":12769,"LAYER":"gully"}},
{"type":"Feature","geometry":{"type":"LineString","coordinates":[[35.53671209341248,33.88987489005075],[35.53671153670251,33.88987219503865],[35.53669553923652,33.889875585381944],[35.53669634751436,33.88987842407128]]},"properties":{"fid":12770,"LAYER":"gully"}},
{"type":"Feature","geometry":{"type":"LineString","coordinates":[[35.537097470724476,33.88979479902435],[35.53711193407762,33.889792139219125],[35.537112841204795,33.88979539963179]]},"properties":{"fid":12771,"LAYER":"gully"}},
{"type":"Feature","geometry":{"type":"LineString","coordinates":[[35.537097470724476,33.88979479902435],[35.53709841453028,33.889798191270074]]},"properties":{"fid":12772,"LAYER":"gully"}},
{"type":"Feature","geometry":null,"properties":{"fid":12773,"LAYER":"gully"}},
{"type":"Feature","geometry":{"type":"LineString","coordinates":[[35.53792828649179,33.889633364258785],[35.537944841817016,33.8896308469431]]},"properties":{"fid":12774,"LAYER":"gully"}},
{"type":"Feature","geometry":{"type":"LineString","coordinates":[[35.53846293326982,33.889546160827635],[35.53846162061069,33.889550613791265]]},"properties":{"fid":12775,"LAYER":"gully"}},
{"type":"Feature","geometry":{"type":"LineString","coordinates":[[35.53846162061069,33.889550613791265],[35.53845576609002,33.889549422783915]]},"properties":{"fid":12776,"LAYER":"gully"}},
{"type":"Feature","geometry":{"type":"LineString","coordinates":[[35.53846293326982,33.889546160827635],[35.53845707874943,33.88954496982035]]},"properties":{"fid":12777,"LAYER":"gully"}},
{"type":"Feature","geometry":{"type":"LineString","coordinates":[[35.53845707874943,33.88954496982035],[35.53845576609002,33.889549422783915]]},"properties":{"fid":12778,"LAYER":"gully"}},
{"type":"Feature","geometry":{"type":"LineString","coordinates":[[35.53847365752144,33.88938277054445],[35.538490492856546,33.88938027941222]]},"properties":{"fid":12779,"LAYER":"gully"}},
{"type":"Feature","geometry":{"type":"LineString","coordinates":[[35.53875149918135,33.889321161459435],[35.538765114727056,33.88932936088214]]},"properties":{"fid":12780,"LAYER":"gully"}},
{"type":"Feature","geometry":{"type":"LineString","coordinates":[[35.53877174980454,33.88949069396404],[35.53878853273441,33.88948765108965]]},"properties":{"fid":12781,"LAYER":"gully"}},
{"type":"Feature","geometry":{"type":"LineString","coordinates":[[35.53923816044851,33.889253932365534],[35.53925549174056,33.88925070710047]]},"properties":{"fid":12782,"LAYER":"gully"}},
{"type":"Feature","geometry":{"type":"LineString","coordinates":[[35.5393463832968,33.889393332377125],[35.539363438059524,33.88939076639265]]},"properties":{"fid":12783,"LAYER":"gully"}},
{"type":"Feature","geometry":{"type":"LineString","coordinates":[[35.53950473261478,33.88920925530966],[35.53950550277403,33.8892120197067]]},"properties":{"fid":12784,"LAYER":"gully"}},
{"type":"Feature","geometry":{"type":"LineString","coordinates":[[35.53948793994084,33.88921201840549],[35.53948871009955,33.8892147828026]]},"properties":{"fid":12785,"LAYER":"gully"}},
{"type":"Feature","geometry":{"type":"LineString","coordinates":[[35.53950550277403,33.8892120197067],[35.53948871009955,33.8892147828026]]},"properties":{"fid":12786,"LAYER":"gully"}},
{"type":"Feature","geometry":{"type":"LineString","coordinates":[[35.5398270104011,33.889164065699454],[35.53984000858305,33.88915709326152]]},"properties":{"fid":12787,"LAYER":"gully"}},
{"type":"Feature","geometry":{"type":"LineString","coordinates":[[35.54020733134812,33.88909960888327],[35.540224004602564,33.88909595831631]]},"properties":{"fid":12788,"LAYER":"gully"}},
{"type":"Feature","geometry":{"type":"LineString","coordinates":[[35.54048886315984,33.88905073278955],[35.540505054110575,33.88904813228475]]},"properties":{"fid":12789,"LAYER":"gully"}},
{"type":"Feature","geometry":{"type":"LineString","coordinates":[[35.54087316771887,33.88899003266976],[35.541031090935405,33.8889531148705]]},"properties":{"fid":12790,"LAYER":"gully"}},
{"type":"Feature","geometry":{"type":"LineString","coordinates":[[35.54087316771887,33.88899003266976],[35.540869916204834,33.88897836400078]]},"properties":{"fid":12791,"LAYER":"gully"}},
{"type":"Feature","geometry":{"type":"LineString","coordinates":[[35.541087788620274,33.88894693888209],[35.54110478033547,33.888943659200805]]},"properties":{"fid":12792,"LAYER":"gully"}},
{"type":"Feature","geometry":null,"properties":{"fid":12793,"LAYER":"gully"}},
{"type":"Feature","geometry":{"type":"LineString","coordinates":[[35.541279941783095,33.88880942980342],[35.54127952215235,33.888812841133614],[35.54129742770462,33.88881156069926],[35.541296530372776,33.888808835874705]]},"properties":{"fid":12794,"LAYER":"gully"}},
{"type":"Feature","geometry":{"type":"LineString","coordinates":[[35.542174115882354,33.88868253215342],[35.54217230812022,33.88867975177718]]},"properties":{"fid":12795,"LAYER":"gully"}},
{"type":"Feature","geometry":{"type":"LineString","coordinates":[[35.542174115882354,33.88868253215342],[35.542158703544864,33.88868720049948]]},"properties":{"fid":12796,"LAYER":"gully"}},
{"type":"Feature","geometry":{"type":"LineString","coordinates":[[35.54217230812022,33.88867975177718],[35.54215706590742,33.88868567596738]]},"properties":{"fid":12797,"LAYER":"gully"}},
{"type":"Feature","geometry":{"type":"LineString","coordinates":[[35.542158703544864,33.88868720049948],[35.54215750242804,33.88868550630497]]},"properties":{"fid":12798,"LAYER":"gully"}},
{"type":"Feature","geometry":{"type":"LineString","coordinates":[[35.542562061493626,33.888743623275985],[35.54256244640591,33.88874441755076]]},"properties":{"fid":12799,"LAYER":"gully"}},
{"type":"Feature","geometry":{"type":"LineString","coordinates":[[35.542562061493626,33.888743623275985],[35.54254633742003,33.88874797842247],[35.54254706048681,33.888749603432245]]},"properties":{"fid":12800,"LAYER":"gully"}},
{"type":"Feature","geometry":{"type":"LineString","coordinates":[[35.54221521785354,33.8888494104738],[35.54219953684505,33.88885430798253]]},"properties":{"fid":12801,"LAYER":"gully"}},
{"type":"Feature","geometry":null,"properties":{"fid":12802,"LAYER":"gully"}},
{"type":"Feature","geometry":{"type":"LineString","coordinates":[[35.54131379293243,33.88906314328164],[35.541297234515845,33.889066841558844]]},"properties":{"fid":12803,"LAYER":"gully"}},
{"type":"Feature","geometry":{"type":"LineString","coordinates":[[35.542837284339846,33.888485179109566],[35.54283838952536,33.88848923401627],[35.5428222428762,33.888494379506476],[35.54282092837973,33.88849169838061]]},"properties":{"fid":12804,"LAYER":"gully"}},
{"type":"Feature","geometry":{"type":"LineString","coordinates":[[35.54325981898468,33.888368114685555],[35.54326121876355,33.888370825364035],[35.54327788905813,33.88836659707301],[35.54327618308879,33.88836345352269]]},"properties":{"fid":12805,"LAYER":"gully"}},
{"type":"Feature","geometry":{"type":"LineString","coordinates":[[35.54344478950127,33.888301663925084],[35.54344662951127,33.88830393655256],[35.54345912813045,33.88829374159507],[35.54345629333079,33.888291588474]]},"properties":{"fid":12806,"LAYER":"gully"}},
{"type":"Feature","geometry":{"type":"LineString","coordinates":[[35.54360399513931,33.88822300345319],[35.54359570877187,33.88822562862851]]},"properties":{"fid":12807,"LAYER":"gully"}},
{"type":"Feature","geometry":{"type":"LineString","coordinates":[[35.54359570877187,33.88822562862851],[35.54359798123481,33.88823021379243]]},"properties":{"fid":12808,"LAYER":"gully"}},
{"type":"Feature","geometry":{"type":"LineString","coordinates":[[35.54360399513931,33.88822300345319],[35.54360626760263,33.88822758861696]]},"properties":{"fid":12809,"LAYER":"gully"}},
{"type":"Feature","geometry":{"type":"LineString","coordinates":[[35.54360626760263,33.88822758861696],[35.54359798123481,33.88823021379243]]},"properties":{"fid":12810,"LAYER":"gully"}},
{"type":"Feature","geometry":{"type":"LineString","coordinates":[[35.547490387938225,33.886532927520996],[35.547474354413936,33.88654053914645]]},"properties":{"fid":12811,"LAYER":"gully"}},
{"type":"Feature","geometry":{"type":"LineString","coordinates":[[35.547233711644736,33.886651606616844],[35.547217132537064,33.8866590759655]]},"properties":{"fid":12812,"LAYER":"gully"}},
{"type":"Feature","geometry":{"type":"LineString","coordinates":[[35.54719434627466,33.88664650355518],[35.54715831747982,33.88666746409283]]},"properties":{"fid":12813,"LAYER":"gully"}},
{"type":"Feature","geometry":{"type":"LineString","coordinates":[[35.54719434627466,33.88664650355518],[35.547196740178585,33.886650776542005]]},"properties":{"fid":12814,"LAYER":"gully"}},
{"type":"Feature","geometry":{"type":"LineString","coordinates":[[35.547196740178585,33.886650776542005],[35.547160711382475,33.88667173708033]]},"properties":{"fid":12815,"LAYER":"gully"}},
{"type":"Feature","geometry":{"type":"LineString","coordinates":[[35.54715831747982,33.88666746409283],[35.547160711382475,33.88667173708033]]},"properties":{"fid":12816,"LAYER":"gully"}},
{"type":"Feature","geometry":{"type":"LineString","coordinates":[[35.54352806578822,33.88845870866052],[35.54354223836591,33.88845447025287]]},"properties":{"fid":12817,"LAYER":"gully"}},
{"type":"Feature","geometry":{"type":"LineString","coordinates":[[35.546346722583294,33.88706078263531],[35.546345766456575,33.887057342413414]]},"properties":{"fid":12818,"LAYER":"gully"}},
{"type":"Feature","geometry":{"type":"LineString","coordinates":[[35.54633939428945,33.88706296688643],[35.54633823569965,33.88705879818458]]},"properties":{"fid":12819,"LAYER":"gully"}},
{"type":"Feature","geometry":{"type":"LineString","coordinates":[[35.54633939428945,33.88706296688643],[35.546346722583294,33.88706078263531]]},"properties":{"fid":12820,"LAYER":"gully"}},
{"type":"Feature","geometry":{"type":"LineString","coordinates":[[35.54676286055412,33.88687167369772],[35.546760700680615,33.88686874820286]]},"properties":{"fid":12821,"LAYER":"gully"}},
{"type":"Feature","geometry":{"type":"LineString","coordinates":[[35.54676286055412,33.88687167369772],[35.546778453059616,33.886864265708134],[35.54677531843891,33.886860376878964]]},"properties":{"fid":12822,"LAYER":"gully"}},
{"type":"Feature","geometry":{"type":"LineString","coordinates":[[35.547294752772274,33.8868366886121],[35.547287371339664,33.886836833234284]]},"properties":{"fid":12823,"LAYER":"gully"}},
{"type":"Feature","geometry":{"type":"LineString","coordinates":[[35.547287371339664,33.886836833234284],[35.5472880847969,33.88684300513246]]},"properties":{"fid":12824,"LAYER":"gully"}},
{"type":"Feature","geometry":{"type":"LineString","coordinates":[[35.547294752772274,33.8868366886121],[35.54729546623001,33.88684286051022]]},"properties":{"fid":12825,"LAYER":"gully"}},
{"type":"Feature","geometry":{"type":"LineString","coordinates":[[35.54729546623001,33.88684286051022],[35.5472880847969,33.88684300513246]]},"properties":{"fid":12826,"LAYER":"gully"}},
{"type":"Feature","geometry":{"type":"LineString","coordinates":[[35.54780259099445,33.88655104665747],[35.547812404190054,33.88654960138748]]},"properties":{"fid":12827,"LAYER":"gully"}},
{"type":"Feature","geometry":{"type":"LineString","coordinates":[[35.548121546747645,33.88637063697754],[35.548107946715206,33.8863795284821]]},"properties":{"fid":12828,"LAYER":"gully"}},
{"type":"Feature","geometry":{"type":"LineString","coordinates":[[35.54827999820006,33.88625831618913],[35.548294278095334,33.88624868696509]]},"properties":{"fid":12829,"LAYER":"gully"}},
{"type":"Feature","geometry":{"type":"LineString","coordinates":[[35.5428953446575,33.88865352507025],[35.54287904652336,33.888657413670664]]},"properties":{"fid":12830,"LAYER":"gully"}},
{"type":"Feature","geometry":{"type":"LineString","coordinates":[[35.53690994789371,33.889602110578124],[35.536930364943245,33.88962262425199]]},"properties":{"fid":12831,"LAYER":"Wall"}},
{"type":"Feature","geometry":{"type":"LineString","coordinates":[[35.53691210937603,33.88960212833982],[35.53693043988176,33.889620822639664]]},"properties":{"fid":12832,"LAYER":"Wall"}},
{"type":"Feature","geometry":{"type":"LineString","coordinates":[[35.53699095899744,33.88963953765601],[35.53709231181857,33.88961576337581]]},"properties":{"fid":12833,"LAYER":"Wall"}},
{"type":"Feature","geometry":{"type":"LineString","coordinates":[[35.536988798265895,33.88963948690686],[35.536988927400145,33.88963566295525],[35.53698898471184,33.88963174967214],[35.53698907267685,33.88962787276183],[35.53698917086023,33.8896218741462],[35.53709203364905,33.88961397566884]]},"properties":{"fid":12834,"LAYER":"Wall"}},
{"type":"Feature","geometry":{"type":"LineString","coordinates":[[35.53718947393728,33.889595446524126],[35.537386027298155,33.88955862095446]]},"properties":{"fid":12835,"LAYER":"Wall"}},
{"type":"Feature","geometry":{"type":"LineString","coordinates":[[35.53718889159962,33.88959324611058],[35.537385166806864,33.88955648490787]]},"properties":{"fid":12836,"LAYER":"Wall"}},
{"type":"Feature","geometry":{"type":"LineString","coordinates":[[35.53726993952681,33.88980102690683],[35.53743877502622,33.889768564299736]]},"properties":{"fid":12837,"LAYER":"Wall"}},
{"type":"Feature","geometry":{"type":"LineString","coordinates":[[35.53781050219135,33.889886249216495],[35.53781044909384,33.889885975549255]]},"properties":{"fid":12838,"LAYER":"Wall"}},
{"type":"Feature","geometry":{"type":"LineString","coordinates":[[35.53777688785956,33.88970171310824],[35.53787281626698,33.88968407796122],[35.53803886988621,33.88965547065548],[35.538037880433436,33.88965167788108],[35.53816994720459,33.88963200514209],[35.53817918664726,33.889651864681646]]},"properties":{"fid":12839,"LAYER":"Wall"}},
{"type":"Feature","geometry":{"type":"LineString","coordinates":[[35.538218156376814,33.88964323585283],[35.538212572545646,33.88962871358076],[35.53854767515377,33.8895715657458]]},"properties":{"fid":12840,"LAYER":"Wall"}},
{"type":"Feature","geometry":{"type":"LineString","coordinates":[[35.5382207293194,33.88964254779187],[35.538216065371124,33.889630417926845],[35.53854821648503,33.88957377343059]]},"properties":{"fid":12841,"LAYER":"Wall"}},
{"type":"Feature","geometry":{"type":"LineString","coordinates":[[35.53885294409675,33.889507900837266],[35.539066296879305,33.88945225040356],[35.53950848549433,33.88937662404067]]},"properties":{"fid":12842,"LAYER":"Fence"}},
{"type":"Feature","geometry":{"type":"LineString","coordinates":[[35.541941862913625,33.8886986199],[35.54219303564543,33.88863131298242],[35.542280428198005,33.8886010074015]]},"properties":{"fid":12843,"LAYER":"Wall"}},
{"type":"Feature","geometry":{"type":"LineString","coordinates":[[35.54194094174985,33.88869704066952],[35.542192288567115,33.88862961972043],[35.542279598285106,33.88859934286453]]},"properties":{"fid":12844,"LAYER":"Wall"}},
{"type":"Feature","geometry":{"type":"LineString","coordinates":[[35.54632954140495,33.88739251493007],[35.546667476912894,33.88709798270904],[35.5471364285868,33.886882739701214]]},"properties":{"fid":12845,"LAYER":"Wall"}},
{"type":"Feature","geometry":{"type":"LineString","coordinates":[[35.54633110342397,33.88739376099869],[35.54666884846771,33.88709941086008],[35.54713747077821,33.88688431902411]]},"properties":{"fid":12846,"LAYER":"Wall"}},
{"type":"Feature","geometry":null,"properties":{"fid":12847,"LAYER":"flower bed"}},
{"type":"Feature","geometry":null,"properties":{"fid":12848,"LAYER":"flower bed"}},
{"type":"Feature","geometry":{"type":"LineString","coordinates":[[35.53636240240458,33.8900267194456],[35.53635893765602,33.89002297397991],[35.53636638441282,33.89002000896843]]},"properties":{"fid":12849,"LAYER":"flower bed"}},
{"type":"Feature","geometry":{"type":"LineString","coordinates":[[35.5460956579453,33.8871787459162],[35.54609705543903,33.88718111770128]]},"properties":{"fid":12850,"LAYER":"gully"}},
{"type":"Feature","geometry":{"type":"LineString","coordinates":[[35.54609705543903,33.88718111770128],[35.54611141010732,33.887173861935864]]},"properties":{"fid":12851,"LAYER":"gully"}},
{"type":"Feature","geometry":{"type":"LineString","coordinates":[[35.54611141010732,33.887173861935864],[35.5461089444092,33.88717228411833]]},"properties":{"fid":12852,"LAYER":"gully"}},
{"type":"Feature","geometry":{"type":"LineString","coordinates":[[35.54550968394716,33.88774450399456],[35.54552244072054,33.887742036712204]]},"properties":{"fid":12853,"LAYER":"cabin telephone"}},
{"type":"Feature","geometry":{"type":"LineString","coordinates":[[35.54552244072054,33.887742036712204],[35.54551988539895,33.88773411659444]]},"properties":{"fid":12854,"LAYER":"cabin telephone"}},
{"type":"Feature","geometry":{"type":"LineString","coordinates":[[35.54551988539895,33.88773411659444],[35.54550715624707,33.8877365945965]]},"properties":{"fid":12855,"LAYER":"cabin telephone"}},
{"type":"Feature","geometry":{"type":"LineString","coordinates":[[35.54550715624707,33.8877365945965],[35.54550968394716,33.88774450399456]]},"properties":{"fid":12856,"LAYER":"cabin telephone"}},
{"type":"Feature","geometry":{"type":"LineString","coordinates":[[35.54530182601628,33.88771151979949],[35.545299724772136,33.887708379862445]]},"properties":{"fid":12857,"LAYER":"gully"}},
{"type":"Feature","geometry":{"type":"LineString","coordinates":[[35.545299724772136,33.887708379862445],[35.54528391806476,33.88771482793203]]},"properties":{"fid":12858,"LAYER":"gully"}},
{"type":"Feature","geometry":{"type":"LineString","coordinates":[[35.54528391806476,33.88771482793203],[35.54528575544404,33.887717523582104]]},"properties":{"fid":12859,"LAYER":"gully"}},
{"type":"Feature","geometry":{"type":"LineString","coordinates":[[35.545041836503295,33.887830852534115],[35.54503896732151,33.8878277429189]]},"properties":{"fid":12860,"LAYER":"gully"}},
{"type":"Feature","geometry":{"type":"LineString","coordinates":[[35.54503896732151,33.8878277429189],[35.545023478137615,33.887835504776206]]},"properties":{"fid":12861,"LAYER":"gully"}},
{"type":"Feature","geometry":{"type":"LineString","coordinates":[[35.545023478137615,33.887835504776206],[35.54502595906975,33.887838166481]]},"properties":{"fid":12862,"LAYER":"gully"}},
{"type":"Feature","geometry":{"type":"LineString","coordinates":[[35.544805642687685,33.88794021945563],[35.54480293092465,33.887937033428436]]},"properties":{"fid":12863,"LAYER":"gully"}},
{"type":"Feature","geometry":{"type":"LineString","coordinates":[[35.54480293092465,33.887937033428436],[35.54479072672692,33.88794329084604]]},"properties":{"fid":12864,"LAYER":"gully"}},
{"type":"Feature","geometry":{"type":"LineString","coordinates":[[35.54479072672692,33.88794329084604],[35.54479292624348,33.88794595543614]]},"properties":{"fid":12865,"LAYER":"gully"}},
{"type":"Feature","geometry":{"type":"LineString","coordinates":[[35.54461672695907,33.88802497422069],[35.54461434954216,33.88802184769795]]},"properties":{"fid":12866,"LAYER":"gully"}},
{"type":"Feature","geometry":{"type":"LineString","coordinates":[[35.54461434954216,33.88802184769795],[35.54459937975416,33.888028326655565]]},"properties":{"fid":12867,"LAYER":"gully"}},
{"type":"Feature","geometry":{"type":"LineString","coordinates":[[35.54459937975416,33.888028326655565],[35.54460228448228,33.88803135208991]]},"properties":{"fid":12868,"LAYER":"gully"}},
{"type":"Feature","geometry":{"type":"LineString","coordinates":[[35.5452079826912,33.8875906668976],[35.54521121683928,33.88759509824509]]},"properties":{"fid":12869,"LAYER":"gully"}},
{"type":"Feature","geometry":{"type":"LineString","coordinates":[[35.54521121683928,33.88759509824509],[35.54521722731637,33.88759207257396]]},"properties":{"fid":12870,"LAYER":"gully"}},
{"type":"Feature","geometry":{"type":"LineString","coordinates":[[35.54521722731637,33.88759207257396],[35.545213924129264,33.8875874491303]]},"properties":{"fid":12871,"LAYER":"gully"}},
{"type":"Feature","geometry":{"type":"LineString","coordinates":[[35.545213924129264,33.8875874491303],[35.5452079826912,33.8875906668976]]},"properties":{"fid":12872,"LAYER":"gully"}},
{"type":"Feature","geometry":{"type":"LineString","coordinates":[[35.54497785409538,33.887594565134464],[35.54497997196068,33.88759974100203]]},"properties":{"fid":12873,"LAYER":"gully"}},
{"type":"Feature","geometry":{"type":"LineString","coordinates":[[35.54497997196068,33.88759974100203],[35.54495888275068,33.887607213180615]]},"properties":{"fid":12874,"LAYER":"gully"}},
{"type":"Feature","geometry":{"type":"LineString","coordinates":[[35.54495888275068,33.887607213180615],[35.544956459393205,33.887602614601136]]},"properties":{"fid":12875,"LAYER":"gully"}},
{"type":"Feature","geometry":{"type":"LineString","coordinates":[[35.544956459393205,33.887602614601136],[35.54497785409538,33.887594565134464]]},"properties":{"fid":12876,"LAYER":"gully"}},
{"type":"Feature","geometry":{"type":"LineString","coordinates":[[35.5367239711065,33.88968633595485],[35.53672466811612,33.88968901563425]]},"properties":{"fid":12877,"LAYER":"gully"}},
{"type":"Feature","geometry":{"type":"LineString","coordinates":[[35.53672466811612,33.88968901563425],[35.53670856263843,33.88969255160531]]},"properties":{"fid":12878,"LAYER":"gully"}},
{"type":"Feature","geometry":{"type":"LineString","coordinates":[[35.53692496864366,33.889664060808755],[35.536925587437494,33.889667642418026]]},"properties":{"fid":12879,"LAYER":"gully"}},
{"type":"Feature","geometry":{"type":"LineString","coordinates":[[35.536925587437494,33.889667642418026],[35.536942348550674,33.889664094088594]]},"properties":{"fid":12880,"LAYER":"gully"}},
{"type":"Feature","geometry":{"type":"LineString","coordinates":[[35.537188038272,33.88961380115918],[35.53718891899261,33.88961678737741]]},"properties":{"fid":12881,"LAYER":"gully"}},
{"type":"Feature","geometry":{"type":"LineString","coordinates":[[35.537289645857165,33.889597374151144],[35.53727303119195,33.88960052120684]]},"properties":{"fid":12882,"LAYER":"gully"}},
{"type":"Feature","geometry":{"type":"LineString","coordinates":[[35.53727303119195,33.88960052120684],[35.537272401946176,33.88959797186824]]},"properties":{"fid":12883,"LAYER":"gully"}},
{"type":"Feature","geometry":{"type":"LineString","coordinates":[[35.53670856263843,33.88969255160531],[35.53670759516405,33.889689696692685]]},"properties":{"fid":12884,"LAYER":"gully"}},
{"type":"Feature","geometry":{"type":"LineString","coordinates":[[35.536942348550674,33.889664094088594],[35.53694175517428,33.889660796523515]]},"properties":{"fid":12885,"LAYER":"gully"}},
{"type":"Feature","geometry":{"type":"LineString","coordinates":[[35.53718891899261,33.88961678737741],[35.53720596692846,33.88961361721587]]},"properties":{"fid":12886,"LAYER":"gully"}},
{"type":"Feature","geometry":{"type":"LineString","coordinates":[[35.53720596692846,33.88961361721587],[35.53720514622446,33.889610591172]]},"properties":{"fid":12887,"LAYER":"gully"}},
{"type":"Feature","geometry":{"type":"LineString","coordinates":[[35.537289123468575,33.88959483437463],[35.537289645857165,33.889597374151144]]},"properties":{"fid":12888,"LAYER":"gully"}},
{"type":"Feature","geometry":{"type":"LineString","coordinates":[[35.536422211091995,33.889748263981396],[35.53642310002158,33.88975103062244]]},"properties":{"fid":12889,"LAYER":"gully"}},
{"type":"Feature","geometry":{"type":"LineString","coordinates":[[35.53642310002158,33.88975103062244],[35.53640672399431,33.88975416629477]]},"properties":{"fid":12890,"LAYER":"gully"}},
{"type":"Feature","geometry":{"type":"LineString","coordinates":[[35.53640672399431,33.88975416629477],[35.53640596125829,33.889751598793474]]},"properties":{"fid":12891,"LAYER":"gully"}},
{"type":"Feature","geometry":{"type":"LineString","coordinates":[[35.53793344911188,33.889474679477466],[35.537934127267874,33.88947731648239]]},"properties":{"fid":12892,"LAYER":"gully"}},
{"type":"Feature","geometry":{"type":"LineString","coordinates":[[35.537934127267874,33.88947731648239],[35.53795121844158,33.88947491410697]]},"properties":{"fid":12893,"LAYER":"gully"}},
{"type":"Feature","geometry":{"type":"LineString","coordinates":[[35.53795121844158,33.88947491410697],[35.53795042265237,33.8894717937942]]},"properties":{"fid":12894,"LAYER":"gully"}},
{"type":"Feature","geometry":{"type":"LineString","coordinates":[[35.54539224371602,33.887487663576735],[35.545392846270055,33.887485279655344]]},"properties":{"fid":12895,"LAYER":"entrance"}},
{"type":"Feature","geometry":{"type":"LineString","coordinates":[[35.545339723295534,33.887480100125536],[35.54534082543033,33.88747586039019]]},"properties":{"fid":12896,"LAYER":"entrance"}},
{"type":"Feature","geometry":{"type":"LineString","coordinates":[[35.5369327017834,33.88964053258921],[35.53699040075275,33.889642001505855]]},"properties":{"fid":12897,"LAYER":"stairs"}},
{"type":"Feature","geometry":{"type":"LineString","coordinates":[[35.536990857831,33.88963937234195],[35.536933324685535,33.88963781810454]]},"properties":{"fid":12898,"LAYER":"stairs"}},
{"type":"Feature","geometry":{"type":"LineString","coordinates":[[35.53693334849765,33.88963571736137],[35.536990838513375,33.8896367562455]]},"properties":{"fid":12899,"LAYER":"stairs"}},
{"type":"Feature","geometry":{"type":"LineString","coordinates":[[35.53699070928158,33.88963418201667],[35.536933319292906,33.88963333547032]]},"properties":{"fid":12900,"LAYER":"stairs"}},
{"type":"Feature","geometry":{"type":"LineString","coordinates":[[35.537175632528104,33.88959823283047],[35.53718947393728,33.889595446524126]]},"properties":{"fid":12901,"LAYER":"stairs"}},
{"type":"Feature","geometry":{"type":"LineString","coordinates":[[35.53717512533358,33.88959648046132],[35.537188966742484,33.889593694155046]]},"properties":{"fid":12902,"LAYER":"stairs"}},
{"type":"Feature","geometry":{"type":"LineString","coordinates":[[35.537174618139105,33.889594728092185],[35.537188459547735,33.88959194178596]]},"properties":{"fid":12903,"LAYER":"stairs"}},
{"type":"Feature","geometry":{"type":"LineString","coordinates":[[35.53717411094464,33.88959297572307],[35.537187952352994,33.88959018941686]]},"properties":{"fid":12904,"LAYER":"stairs"}},
{"type":"Feature","geometry":{"type":"LineString","coordinates":[[35.53717360375019,33.88959122335391],[35.53718744515827,33.88958843704777]]},"properties":{"fid":12905,"LAYER":"stairs"}},
{"type":"Feature","geometry":{"type":"LineString","coordinates":[[35.537173096555776,33.889589470984795],[35.53718693796358,33.889586684678676]]},"properties":{"fid":12906,"LAYER":"stairs"}},
{"type":"Feature","geometry":{"type":"LineString","coordinates":[[35.53717258936137,33.88958771861561],[35.53718643076889,33.88958493230958]]},"properties":{"fid":12907,"LAYER":"stairs"}},
{"type":"Feature","geometry":{"type":"LineString","coordinates":[[35.53738992038227,33.88955811294996],[35.53741767034316,33.889553254764905]]},"properties":{"fid":12908,"LAYER":"stairs"}},
{"type":"Feature","geometry":{"type":"LineString","coordinates":[[35.537417413839385,33.889550108598264],[35.53738900037876,33.88955521611104]]},"properties":{"fid":12909,"LAYER":"stairs"}},
{"type":"Feature","geometry":{"type":"LineString","coordinates":[[35.5373883743396,33.88955246671395],[35.53741721172715,33.88954823571705]]},"properties":{"fid":12910,"LAYER":"stairs"}},
{"type":"Feature","geometry":{"type":"LineString","coordinates":[[35.537632559429646,33.889523993030494],[35.537662615128866,33.88951933777367]]},"properties":{"fid":12911,"LAYER":"stairs"}},
{"type":"Feature","geometry":{"type":"LineString","coordinates":[[35.53766248953432,33.88951770163514],[35.53763226465649,33.88952072849277]]},"properties":{"fid":12912,"LAYER":"stairs"}},
{"type":"Feature","geometry":{"type":"LineString","coordinates":[[35.53763212384355,33.88951817196263],[35.53766223424363,33.88951529506805]]},"properties":{"fid":12913,"LAYER":"stairs"}},
{"type":"Feature","geometry":{"type":"LineString","coordinates":[[35.53982118055419,33.88922483647444],[35.539753981367376,33.88922682401884]]},"properties":{"fid":12914,"LAYER":"container"}},
{"type":"Feature","geometry":{"type":"LineString","coordinates":[[35.539753981367376,33.88922682401884],[35.53975514386701,33.88925822644661]]},"properties":{"fid":12915,"LAYER":"container"}},
{"type":"Feature","geometry":{"type":"LineString","coordinates":[[35.539822343078626,33.88925623890238],[35.53975514386701,33.88925822644661]]},"properties":{"fid":12916,"LAYER":"container"}},
{"type":"Feature","geometry":{"type":"LineString","coordinates":[[35.53982118055419,33.88922483647444],[35.539822343078626,33.88925623890238]]},"properties":{"fid":12917,"LAYER":"container"}},
{"type":"Feature","geometry":{"type":"LineString","coordinates":[[35.54786559132223,33.886314215180626],[35.54785255062515,33.88629568701442]]},"properties":{"fid":12918,"LAYER":"tent"}},
{"type":"Feature","geometry":{"type":"LineString","coordinates":[[35.54786559132223,33.886314215180626],[35.5478137666626,33.886340233129]]},"properties":{"fid":12919,"LAYER":"tent"}},
{"type":"Feature","geometry":{"type":"LineString","coordinates":[[35.5478137666626,33.886340233129],[35.54780072597334,33.88632170495758]]},"properties":{"fid":12920,"LAYER":"tent"}},
{"type":"Feature","geometry":{"type":"LineString","coordinates":[[35.54785255062515,33.88629568701442],[35.54780072597334,33.88632170495758]]},"properties":{"fid":12921,"LAYER":"tent"}},
{"type":"Feature","geometry":{"type":"LineString","coordinates":[[35.54611700116056,33.88709682245632],[35.54611878181065,33.887106155238]]},"properties":{"fid":12922,"LAYER":"Wall"}},
{"type":"Feature","geometry":{"type":"LineString","coordinates":[[35.54611486648509,33.88709710574187],[35.54611661760856,33.88710628376925]]},"properties":{"fid":12923,"LAYER":"Wall"}},
{"type":"Feature","geometry":{"type":"LineString","coordinates":[[35.54611878181065,33.887106155238],[35.54611869521446,33.88711077948498]]},"properties":{"fid":12924,"LAYER":"Wall"}},
{"type":"Feature","geometry":{"type":"LineString","coordinates":[[35.54611661760856,33.88710628376925],[35.546116536091745,33.88711063677037]]},"properties":{"fid":12925,"LAYER":"Wall"}},
{"type":"Feature","geometry":{"type":"LineString","coordinates":[[35.54611869521446,33.88711077948498],[35.54611710595301,33.887120013557684]]},"properties":{"fid":12926,"LAYER":"Wall"}},
{"type":"Feature","geometry":{"type":"LineString","coordinates":[[35.546116536091745,33.88711063677037],[35.54611500739363,33.887119518951295]]},"properties":{"fid":12927,"LAYER":"Wall"}},
{"type":"Feature","geometry":{"type":"LineString","coordinates":[[35.54611710595301,33.887120013557684],[35.5461085256736,33.88713655574061]]},"properties":{"fid":12928,"LAYER":"Wall"}},
{"type":"Feature","geometry":{"type":"LineString","coordinates":[[35.54611500739363,33.887119518951295],[35.54610678027394,33.887135380266145]]},"properties":{"fid":12929,"LAYER":"Wall"}},
{"type":"Feature","geometry":{"type":"LineString","coordinates":[[35.5461085256736,33.88713655574061],[35.546062424290916,33.8871640303122]]},"properties":{"fid":12930,"LAYER":"Wall"}},
{"type":"Feature","geometry":{"type":"LineString","coordinates":[[35.54610678027394,33.887135380266145],[35.546061167575836,33.88716256360099]]},"properties":{"fid":12931,"LAYER":"Wall"}},
{"type":"Feature","geometry":{"type":"LineString","coordinates":[[35.546062424290916,33.8871640303122],[35.54597576880987,33.88720101356368]]},"properties":{"fid":12932,"LAYER":"Wall"}},
{"type":"Feature","geometry":{"type":"LineString","coordinates":[[35.5460614395976,33.887162425530896],[35.54597478411783,33.88719940878171]]},"properties":{"fid":12933,"LAYER":"Wall"}},
{"type":"Feature","geometry":{"type":"LineString","coordinates":[[35.54597576880987,33.88720101356368],[35.54597392976039,33.887201798467075]]},"properties":{"fid":12934,"LAYER":"Wall"}},
{"type":"Feature","geometry":{"type":"LineString","coordinates":[[35.54595246155609,33.887209286773164],[35.54594825849272,33.887212536786976]]},"properties":{"fid":12935,"LAYER":"Wall"}},
{"type":"Feature","geometry":{"type":"LineString","coordinates":[[35.54594825849272,33.887212536786976],[35.54588808675784,33.887238489788146]]},"properties":{"fid":12936,"LAYER":"Wall"}},
{"type":"Feature","geometry":{"type":"LineString","coordinates":[[35.54594726554234,33.88721093554819],[35.54588709380834,33.88723688854889]]},"properties":{"fid":12937,"LAYER":"Wall"}},
{"type":"Feature","geometry":{"type":"LineString","coordinates":[[35.54588808675784,33.887238489788146],[35.54586941671375,33.88724707018239]]},"properties":{"fid":12938,"LAYER":"Wall"}},
{"type":"Feature","geometry":{"type":"LineString","coordinates":[[35.54588704353111,33.8872369109398],[35.54586837348726,33.88724549133389]]},"properties":{"fid":12939,"LAYER":"Wall"}},
{"type":"Feature","geometry":{"type":"LineString","coordinates":[[35.54586941671375,33.88724707018239],[35.54575661881446,33.887295959272414]]},"properties":{"fid":12940,"LAYER":"Wall"}},
{"type":"Feature","geometry":{"type":"LineString","coordinates":[[35.54586841994185,33.88724547059583],[35.545755622044204,33.887294359684965]]},"properties":{"fid":12941,"LAYER":"Wall"}},
{"type":"Feature","geometry":{"type":"LineString","coordinates":[[35.54575661881446,33.887295959272414],[35.54574874243278,33.887299381263496]]},"properties":{"fid":12942,"LAYER":"Wall"}},
{"type":"Feature","geometry":{"type":"LineString","coordinates":[[35.54572913122562,33.887306427880695],[35.54564995677999,33.88734138131384]]},"properties":{"fid":12943,"LAYER":"Wall"}},
{"type":"Feature","geometry":{"type":"LineString","coordinates":[[35.54572811995991,33.88730483463411],[35.54564894551539,33.88733978806661]]},"properties":{"fid":12944,"LAYER":"Wall"}},
{"type":"Feature","geometry":{"type":"LineString","coordinates":[[35.54564995677999,33.88734138131384],[35.54559185994626,33.887253649422426]]},"properties":{"fid":12945,"LAYER":"Wall"}},
{"type":"Feature","geometry":{"type":"LineString","coordinates":[[35.54565184893114,33.88734050980064],[35.545593752096,33.887252777910064]]},"properties":{"fid":12946,"LAYER":"Wall"}},
{"type":"Feature","geometry":{"type":"LineString","coordinates":[[35.54538177000569,33.88753169447689],[35.54538472658178,33.88753698510019]]},"properties":{"fid":12947,"LAYER":"mht"}},
{"type":"Feature","geometry":{"type":"LineString","coordinates":[[35.54538472658178,33.88753698510019],[35.54537357315828,33.88754120774595]]},"properties":{"fid":12948,"LAYER":"mht"}},
{"type":"Feature","geometry":{"type":"LineString","coordinates":[[35.54537357315828,33.88754120774595],[35.54537032417089,33.887536452830005]]},"properties":{"fid":12949,"LAYER":"mht"}},
{"type":"Feature","geometry":{"type":"LineString","coordinates":[[35.54537032417089,33.887536452830005],[35.54538177000569,33.88753169447689]]},"properties":{"fid":12950,"LAYER":"mht"}},
{"type":"Feature","geometry":null,"properties":{"fid":12951,"LAYER":"electrical pole"}},
{"type":"Feature","geometry":{"type":"LineString","coordinates":[[35.5431556455906,33.888347041638546],[35.54315671690692,33.888350617538855]]},"properties":{"fid":12952,"LAYER":"electrical pole"}},
{"type":"Feature","geometry":{"type":"LineString","coordinates":[[35.54315671690692,33.888350617538855],[35.54316169647739,33.88834998787728]]},"properties":{"fid":12953,"LAYER":"electrical pole"}},
{"type":"Feature","geometry":{"type":"LineString","coordinates":[[35.5431556455906,33.888347041638546],[35.54316062516087,33.888346411977]]},"properties":{"fid":12954,"LAYER":"electrical pole"}},
{"type":"Feature","geometry":{"type":"LineString","coordinates":[[35.54316062516087,33.888346411977],[35.54316169647739,33.88834998787728]]},"properties":{"fid":12955,"LAYER":"electrical pole"}},
{"type":"Feature","geometry":{"type":"LineString","coordinates":[[35.542268589394375,33.888840857838034],[35.54226925166373,33.888842765906624]]},"properties":{"fid":12956,"LAYER":"electrical pole"}},
{"type":"Feature","geometry":{"type":"LineString","coordinates":[[35.54226925166373,33.888842765906624],[35.54226714829492,33.88884330329285]]},"properties":{"fid":12957,"LAYER":"electrical pole"}},
{"type":"Feature","geometry":{"type":"LineString","coordinates":[[35.542268589394375,33.888840857838034],[35.542266486025596,33.88884139522422]]},"properties":{"fid":12958,"LAYER":"electrical pole"}},
{"type":"Feature","geometry":{"type":"LineString","coordinates":[[35.542266486025596,33.88884139522422],[35.54226714829492,33.88884330329285]]},"properties":{"fid":12959,"LAYER":"electrical pole"}},
{"type":"Feature","geometry":null,"properties":{"fid":12960,"LAYER":"electrical pole"}},
{"type":"Feature","geometry":null,"properties":{"fid":12961,"LAYER":"manhole"}},
{"type":"Feature","geometry":null,"properties":{"fid":12962,"LAYER":"manhole"}},
{"type":"Feature","geometry":{"type":"LineString","coordinates":[[35.53633070531542,33.89009871432734],[35.53633944898243,33.89008470528107],[35.53636931274322,33.890094844991886],[35.53636093057629,33.89010855629226]]},"properties":{"fid":12963,"LAYER":"tent"}},
{"type":"Feature","geometry":{"type":"LineString","coordinates":[[35.53635525459951,33.89001927621661],[35.53635418181254,33.89001471713676],[35.53635525459951,33.89001927621661]]},"properties":{"fid":12964,"LAYER":"manhole sewer"}},
{"type":"Feature","geometry":{"type":"LineString","coordinates":[[35.53636449578089,33.890029134906264],[35.53635893765602,33.89002297397991],[35.53639033653666,33.89002526120942]]},"properties":{"fid":12965,"LAYER":"Road"}},
{"type":"Feature","geometry":null,"properties":{"fid":12966,"LAYER":"gully"}},
{"type":"Feature","geometry":null,"properties":{"fid":12967,"LAYER":"manhole"}},
{"type":"Feature","geometry":null,"properties":{"fid":12968,"LAYER":"manhole"}},
{"type":"Feature","geometry":null,"properties":{"fid":12969,"LAYER":"new jersey"}},
{"type":"Feature","geometry":null,"properties":{"fid":12970,"LAYER":"new jersey"}},
{"type":"Feature","geometry":null,"properties":{"fid":12971,"LAYER":"new jersey"}},
{"type":"Feature","geometry":null,"properties":{"fid":12972,"LAYER":"new jersey"}},
{"type":"Feature","geometry":{"type":"LineString","coordinates":[[35.53657010935519,33.88968738058992],[35.53644587862431,33.88972560748154],[35.536441374709234,33.88966055053752]]},"properties":{"fid":12973,"LAYER":"tent"}},
{"type":"Feature","geometry":{"type":"LineString","coordinates":[[35.53657010935519,33.88968738058992],[35.53655105134274,33.889642633493004]]},"properties":{"fid":12974,"LAYER":"tent"}},
{"type":"Feature","geometry":{"type":"LineString","coordinates":[[35.53644587862431,33.88972560748154],[35.536345976303245,33.88973244092741],[35.53637698924761,33.88966301211356],[35.53641176068261,33.88953860522521]]},"properties":{"fid":12975,"LAYER":"tent"}},
{"type":"Feature","geometry":{"type":"LineString","coordinates":[[35.5363766863886,33.88995122550406],[35.536382016124556,33.88995280705535],[35.5363766863886,33.88995122550406]]},"properties":{"fid":12976,"LAYER":"manhole sewer"}},
{"type":"Feature","geometry":{"type":"LineString","coordinates":[[35.536371266967876,33.88994569320266],[35.53637254870412,33.88996024617372],[35.53641031012166,33.88997706960304]]},"properties":{"fid":12977,"LAYER":"Road"}},
{"type":"Feature","geometry":null,"properties":{"fid":12978,"LAYER":"cabin"}},
{"type":"Feature","geometry":null,"properties":{"fid":12979,"LAYER":"bomb speed"}},
{"type":"Feature","geometry":null,"properties":{"fid":12980,"LAYER":"new jersey"}},
{"type":"Feature","geometry":{"type":"LineString","coordinates":[[35.53713015831222,33.889608703459196],[35.53712241866198,33.889578568370695]]},"properties":{"fid":12981,"LAYER":"entrance"}},
{"type":"Feature","geometry":{"type":"LineString","coordinates":[[35.53709231181857,33.88961576337581],[35.537088723107296,33.889580291518655]]},"properties":{"fid":12982,"LAYER":"entrance"}},
{"type":"Feature","geometry":null,"properties":{"fid":12983,"LAYER":"bomb speed"}},
{"type":"Feature","geometry":null,"properties":{"fid":12984,"LAYER":"bomb speed"}},
{"type":"Feature","geometry":{"type":"LineString","coordinates":[[35.538457683652226,33.88957061074501],[35.538229905779545,33.88960904676]]},"properties":{"fid":12985,"LAYER":"Side Walk"}},
{"type":"Feature","geometry":{"type":"LineString","coordinates":[[35.53845725019672,33.88956884466384],[35.53823059921274,33.889608188780024]]},"properties":{"fid":12986,"LAYER":"Road"}},
{"type":"Feature","geometry":{"type":"LineString","coordinates":[[35.53952174419058,33.88940426530433],[35.539438572438954,33.88942182526403],[35.5394572790671,33.889423143477885]]},"properties":{"fid":12987,"LAYER":"Road"}},
{"type":"Feature","geometry":{"type":"LineString","coordinates":[[35.539438572438954,33.88942182526403],[35.53945154574676,33.88941323130981]]},"properties":{"fid":12988,"LAYER":"Road"}},
{"type":"Feature","geometry":{"type":"LineString","coordinates":[[35.53962475598212,33.8894383352268],[35.53953667927408,33.88944505831931]]},"properties":{"fid":12989,"LAYER":"Side Walk"}},
{"type":"Feature","geometry":null,"properties":{"fid":12990,"LAYER":"bomb speed"}},
{"type":"Feature","geometry":null,"properties":{"fid":12991,"LAYER":"manhole water"}},
{"type":"Feature","geometry":null,"properties":{"fid":12992,"LAYER":"manhole electric"}},
{"type":"Feature","geometry":{"type":"LineString","coordinates":[[35.5422796834488,33.888643041480655],[35.54226023476936,33.88861850007043]]},"properties":{"fid":12993,"LAYER":"entrance"}},
{"type":"Feature","geometry":{"type":"LineString","coordinates":[[35.54222138960321,33.88866167284272],[35.54220740224929,33.8886368720163]]},"properties":{"fid":12994,"LAYER":"entrance"}},
{"type":"Feature","geometry":{"type":"LineString","coordinates":[[35.54735014290028,33.886813327684415],[35.54740419866215,33.88688138306572]]},"properties":{"fid":12995,"LAYER":"entrance"}},
{"type":"Feature","geometry":{"type":"LineString","coordinates":[[35.547284845814474,33.886850585519554],[35.54734213025213,33.88690711998785]]},"properties":{"fid":12996,"LAYER":"entrance"}},
{"type":"Feature","geometry":{"type":"LineString","coordinates":[[35.536682031855186,33.88967318725908],[35.53666685761202,33.88964609244339]]},"properties":{"fid":12997,"LAYER":"entrance"}},
{"type":"Feature","geometry":{"type":"LineString","coordinates":[[35.53673208214846,33.88965871912132],[35.53670529751562,33.88962331197508]]},"properties":{"fid":12998,"LAYER":"entrance"}},
{"type":"Feature","geometry":null,"properties":{"fid":12999,"LAYER":"manhole"}},
{"type":"Feature","geometry":{"type":"LineString","coordinates":[[35.53713015831222,33.889608703459196],[35.537175632528104,33.88959823283047]]},"properties":{"fid":13000,"LAYER":"Wall"}},
{"type":"Feature","geometry":{"type":"LineString","coordinates":[[35.53712958303375,33.88960696577696],[35.53717505724873,33.88959649514842]]},"properties":{"fid":13001,"LAYER":"Wall"}},
{"type":"Feature","geometry":{"type":"LineString","coordinates":[[35.53769522571235,33.88952509594202],[35.53769084958792,33.889478572050116]]},"properties":{"fid":13002,"LAYER":"entrance"}},
{"type":"Feature","geometry":{"type":"LineString","coordinates":[[35.53772430559748,33.88952025068518],[35.537720254779025,33.88946049750908]]},"properties":{"fid":13003,"LAYER":"entrance"}},
{"type":"Feature","geometry":null,"properties":{"fid":13004,"LAYER":"new jersey"}},
{"type":"Feature","geometry":null,"properties":{"fid":13005,"LAYER":"manhole"}},
{"type":"Feature","geometry":null,"properties":{"fid":13006,"LAYER":"new jersey"}},
{"type":"Feature","geometry":null,"properties":{"fid":13007,"LAYER":"new jersey"}},
{"type":"Feature","geometry":null,"properties":{"fid":13008,"LAYER":"new jersey"}},
{"type":"Feature","geometry":null,"properties":{"fid":13009,"LAYER":"new jersey"}},
{"type":"Feature","geometry":null,"properties":{"fid":13010,"LAYER":"new jersey"}},
{"type":"Feature","geometry":null,"properties":{"fid":13011,"LAYER":"new jersey"}},
{"type":"Feature","geometry":null,"properties":{"fid":13012,"LAYER":"new jersey"}},
{"type":"Feature","geometry":null,"properties":{"fid":13013,"LAYER":"new jersey"}},
{"type":"Feature","geometry":null,"properties":{"fid":13014,"LAYER":"new jersey"}},
{"type":"Feature","geometry":null,"properties":{"fid":13015,"LAYER":"new jersey"}},
{"type":"Feature","geometry":null,"properties":{"fid":13016,"LAYER":"new jersey"}},
{"type":"Feature","geometry":null,"properties":{"fid":13017,"LAYER":"new jersey"}},
{"type":"Feature","geometry":null,"properties":{"fid":13018,"LAYER":"new jersey"}},
{"type":"Feature","geometry":null,"properties":{"fid":13019,"LAYER":"new jersey"}},
{"type":"Feature","geometry":{"type":"LineString","coordinates":[[35.54218949654457,33.88867372600732],[35.54252414515163,33.888572453402006]]},"properties":{"fid":13020,"LAYER":"Side Walk"}},
{"type":"Feature","geometry":{"type":"LineString","coordinates":[[35.54219027993885,33.88867487192952],[35.54252430484166,33.888572844786786]]},"properties":{"fid":13021,"LAYER":"Road"}},
{"type":"Feature","geometry":{"type":"LineString","coordinates":[[35.54156574946744,33.88875949514485],[35.54174058517293,33.888738709898796]]},"properties":{"fid":13022,"LAYER":"OBSTACLE"}},
{"type":"Feature","geometry":{"type":"LineString","coordinates":[[35.54156706442411,33.888760819318605],[35.54165944749294,33.888749560005905],[35.541724588189865,33.88874200373222],[35.54174021338761,33.88874015662752]]},"properties":{"fid":13023,"LAYER":"Road"}},
{"type":"Feature","geometry":{"type":"LineString","coordinates":[[35.54332356657204,33.88834895995554],[35.543318409695644,33.8883225247397]]},"properties":{"fid":13024,"LAYER":"entrance"}},
{"type":"Feature","geometry":{"type":"LineString","coordinates":[[35.54328879895028,33.88835945812016],[35.5432818286193,33.888334723937874]]},"properties":{"fid":13025,"LAYER":"entrance"}},
{"type":"Feature","geometry":{"type":"LineString","coordinates":[[35.543477811917974,33.888258672966735],[35.54341325114548,33.88829932343963]]},"properties":{"fid":13026,"LAYER":"Fence"}},
{"type":"Feature","geometry":{"type":"LineString","coordinates":[[35.545392845926344,33.887485279441314],[35.54540283309529,33.8874557194653]]},"properties":{"fid":13027,"LAYER":"entrance"}},
{"type":"Feature","geometry":{"type":"LineString","coordinates":[[35.54534082544253,33.887475860082105],[35.5453463840317,33.88745510606882]]},"properties":{"fid":13028,"LAYER":"entrance"}},
{"type":"Feature","geometry":{"type":"LineString","coordinates":[[35.54572913122562,33.887306427880695],[35.54571167610772,33.887274275651635]]},"properties":{"fid":13029,"LAYER":"entrance"}},
{"type":"Feature","geometry":{"type":"LineString","coordinates":[[35.54574874243278,33.887299381263496],[35.545731459617684,33.887270351492774]]},"properties":{"fid":13030,"LAYER":"entrance"}},
{"type":"Feature","geometry":{"type":"LineString","coordinates":[[35.54595246155609,33.887209286773164],[35.545938303584975,33.887190603764616]]},"properties":{"fid":13031,"LAYER":"entrance"}},
{"type":"Feature","geometry":{"type":"LineString","coordinates":[[35.54597392976039,33.887201798467075],[35.54596096976898,33.88717699171018]]},"properties":{"fid":13032,"LAYER":"entrance"}},
{"type":"Feature","geometry":{"type":"LineString","coordinates":[[35.54716683163688,33.8866820266774],[35.54714006306825,33.88664101487304]]},"properties":{"fid":13033,"LAYER":"entrance"}},
{"type":"Feature","geometry":{"type":"LineString","coordinates":[[35.54720945164192,33.88666222418414],[35.54718249048996,33.886623795548665]]},"properties":{"fid":13034,"LAYER":"entrance"}},
{"type":"Feature","geometry":{"type":"LineString","coordinates":[[35.545448888375915,33.887683070766016],[35.54550270356417,33.88766230747826]]},"properties":{"fid":13035,"LAYER":"entrance"}},
{"type":"Feature","geometry":{"type":"LineString","coordinates":[[35.5454777383739,33.887715744272974],[35.545532164064944,33.88769596624918]]},"properties":{"fid":13036,"LAYER":"entrance"}},
{"type":"Feature","geometry":null,"properties":{"fid":13037,"LAYER":"columns"}},
{"type":"Feature","geometry":null,"properties":{"fid":13038,"LAYER":"columns"}},
{"type":"Feature","geometry":null,"properties":{"fid":13039,"LAYER":"manhole"}},
{"type":"Feature","geometry":null,"properties":{"fid":13040,"LAYER":"manhole"}},
{"type":"Feature","geometry":null,"properties":{"fid":13041,"LAYER":"columns"}},
{"type":"Feature","geometry":{"type":"LineString","coordinates":[[35.54072734656508,33.88918032174993],[35.5407680727426,33.889203443457575],[35.54078808023134,33.88925912955005]]},"properties":{"fid":13042,"LAYER":"Side Walk"}},
{"type":"Feature","geometry":{"type":"LineString","coordinates":[[35.54072721708384,33.88917958977742],[35.540769045746536,33.889203011322856],[35.54078911554418,33.8892588708356]]},"properties":{"fid":13043,"LAYER":"Road"}},
{"type":"Feature","geometry":{"type":"LineString","coordinates":[[35.53884701513,33.889488492753],[35.538858347128254,33.88952558729961]]},"properties":{"fid":13044,"LAYER":"entrance"}},
{"type":"Feature","geometry":{"type":"LineString","coordinates":[[35.53879309889029,33.88949758883722],[35.538808962004914,33.8895368642983]]},"properties":{"fid":13045,"LAYER":"entrance"}},
{"type":"Feature","geometry":{"type":"LineString","coordinates":[[35.538733490558904,33.889539058618595],[35.53854767515377,33.8895715657458]]},"properties":{"fid":13046,"LAYER":"Wall"}},
{"type":"Feature","geometry":{"type":"LineString","coordinates":[[35.5387340452874,33.8895412639893],[35.53854822987759,33.88957377111717]]},"properties":{"fid":13047,"LAYER":"Wall"}},
{"type":"Feature","geometry":{"type":"LineString","coordinates":[[35.538205756408765,33.889591490966076],[35.538229905779545,33.88960904676]]},"properties":{"fid":13048,"LAYER":"Side Walk"}},
{"type":"Feature","geometry":{"type":"LineString","coordinates":[[35.53820644984204,33.88959063298626],[35.53823059921274,33.889608188780024]]},"properties":{"fid":13049,"LAYER":"Road"}},
{"type":"Feature","geometry":{"type":"LineString","coordinates":[[35.53820644984204,33.88959063298626],[35.53819323740938,33.889592731879915]]},"properties":{"fid":13050,"LAYER":"Road"}},
{"type":"Feature","geometry":null,"properties":{"fid":13051,"LAYER":"columns"}},
{"type":"Feature","geometry":{"type":"LineString","coordinates":[[35.538218156376814,33.88964323585283],[35.538181705671555,33.889651049587094]]},"properties":{"fid":13052,"LAYER":"Wall"}},
{"type":"Feature","geometry":{"type":"LineString","coordinates":[[35.538218829034044,33.88964541828],[35.53818237832789,33.889653232014425]]},"properties":{"fid":13053,"LAYER":"Wall"}},
{"type":"Feature","geometry":null,"properties":{"fid":13054,"LAYER":"columns"}},
{"type":"Feature","geometry":{"type":"LineString","coordinates":[[35.54358714611322,33.88826842565875],[35.5435882088615,33.888270152395]]},"properties":{"fid":13055,"LAYER":"manhole electric"}},
{"type":"Feature","geometry":{"type":"LineString","coordinates":[[35.5435882088615,33.888270152395],[35.54358390176029,33.888271505272805]]},"properties":{"fid":13056,"LAYER":"manhole electric"}},
{"type":"Feature","geometry":{"type":"LineString","coordinates":[[35.54358714611322,33.88826842565875],[35.54358283901208,33.88826977853648]]},"properties":{"fid":13057,"LAYER":"manhole electric"}},
{"type":"Feature","geometry":{"type":"LineString","coordinates":[[35.54358283901208,33.88826977853648],[35.54358390176029,33.888271505272805]]},"properties":{"fid":13058,"LAYER":"manhole electric"}},
{"type":"Feature","geometry":{"type":"LineString","coordinates":[[35.54241121292963,33.888616540016514],[35.54241220755726,33.88861911255791]]},"properties":{"fid":13059,"LAYER":"manhole electric"}},
{"type":"Feature","geometry":{"type":"LineString","coordinates":[[35.54241220755726,33.88861911255791],[35.54241666818771,33.888617710108804]]},"properties":{"fid":13060,"LAYER":"manhole electric"}},
{"type":"Feature","geometry":{"type":"LineString","coordinates":[[35.54241567355998,33.88861513756741],[35.54241666818771,33.888617710108804]]},"properties":{"fid":13061,"LAYER":"manhole electric"}},
{"type":"Feature","geometry":{"type":"LineString","coordinates":[[35.54241121292963,33.888616540016514],[35.54241567355998,33.88861513756741]]},"properties":{"fid":13062,"LAYER":"manhole electric"}},
{"type":"Feature","geometry":null,"properties":{"fid":13063,"LAYER":"manhole electric"}},
{"type":"Feature","geometry":{"type":"LineString","coordinates":[[35.53586014073479,33.89002865176094],[35.53586057830739,33.89003083820945]]},"properties":{"fid":13064,"LAYER":"manhole electric"}},
{"type":"Feature","geometry":{"type":"LineString","coordinates":[[35.53586057830739,33.89003083820945],[35.535865069378964,33.89002974354213]]},"properties":{"fid":13065,"LAYER":"manhole electric"}},
{"type":"Feature","geometry":{"type":"LineString","coordinates":[[35.53586014073479,33.89002865176094],[35.53586463180627,33.890027557093624]]},"properties":{"fid":13066,"LAYER":"manhole electric"}},
{"type":"Feature","geometry":{"type":"LineString","coordinates":[[35.53586463180627,33.890027557093624],[35.535865069378964,33.89002974354213]]},"properties":{"fid":13067,"LAYER":"manhole electric"}},
{"type":"Feature","geometry":{"type":"LineString","coordinates":[[35.53617905767724,33.88996303505099],[35.53617457094677,33.889964283181506]]},"properties":{"fid":13068,"LAYER":"manhole electric"}},
{"type":"Feature","geometry":{"type":"LineString","coordinates":[[35.53617457094677,33.889964283181506],[35.536175125520835,33.889966004074125]]},"properties":{"fid":13069,"LAYER":"manhole electric"}},
{"type":"Feature","geometry":{"type":"LineString","coordinates":[[35.53617905767724,33.88996303505099],[35.5361796122514,33.88996475594363]]},"properties":{"fid":13070,"LAYER":"manhole electric"}},
{"type":"Feature","geometry":{"type":"LineString","coordinates":[[35.5361796122514,33.88996475594363],[35.536175125520835,33.889966004074125]]},"properties":{"fid":13071,"LAYER":"manhole electric"}},
{"type":"Feature","geometry":null,"properties":{"fid":13072,"LAYER":"manhole electric"}},
{"type":"Feature","geometry":null,"properties":{"fid":13073,"LAYER":"manhole electric"}},
{"type":"Feature","geometry":{"type":"LineString","coordinates":[[35.53648948214155,33.88989926952758],[35.53648999785122,33.8899011426015]]},"properties":{"fid":13074,"LAYER":"manhole electric"}},
{"type":"Feature","geometry":{"type":"LineString","coordinates":[[35.53648948214155,33.88989926952758],[35.53649380813687,33.88989824214139]]},"properties":{"fid":13075,"LAYER":"manhole electric"}},
{"type":"Feature","geometry":{"type":"LineString","coordinates":[[35.53648999785122,33.8899011426015],[35.53649432384662,33.88990011521531]]},"properties":{"fid":13076,"LAYER":"manhole electric"}},
{"type":"Feature","geometry":{"type":"LineString","coordinates":[[35.53649380813687,33.88989824214139],[35.53649432384662,33.88990011521531]]},"properties":{"fid":13077,"LAYER":"manhole electric"}},
{"type":"Feature","geometry":{"type":"LineString","coordinates":[[35.53676391675789,33.88968691240034],[35.53676491700745,33.88968883577924]]},"properties":{"fid":13078,"LAYER":"manhole electric"}},
{"type":"Feature","geometry":{"type":"LineString","coordinates":[[35.53676491700745,33.88968883577924],[35.536760411588396,33.889689758696115]]},"properties":{"fid":13079,"LAYER":"manhole electric"}},
{"type":"Feature","geometry":{"type":"LineString","coordinates":[[35.53676391675789,33.88968691240034],[35.53675941133891,33.889687835317176]]},"properties":{"fid":13080,"LAYER":"manhole electric"}},
{"type":"Feature","geometry":{"type":"LineString","coordinates":[[35.53675941133891,33.889687835317176],[35.536760411588396,33.889689758696115]]},"properties":{"fid":13081,"LAYER":"manhole electric"}},
{"type":"Feature","geometry":null,"properties":{"fid":13082,"LAYER":"manhole electric"}},
{"type":"Feature","geometry":{"type":"LineString","coordinates":[[35.53704943535852,33.889630278646734],[35.537049805110094,33.88963253525211]]},"properties":{"fid":13083,"LAYER":"manhole electric"}},
{"type":"Feature","geometry":{"type":"LineString","coordinates":[[35.537049805110094,33.88963253525211],[35.53704511592341,33.88963320024918]]},"properties":{"fid":13084,"LAYER":"manhole electric"}},
{"type":"Feature","geometry":{"type":"LineString","coordinates":[[35.53704943535852,33.889630278646734],[35.53704474617195,33.889630943643795]]},"properties":{"fid":13085,"LAYER":"manhole electric"}},
{"type":"Feature","geometry":{"type":"LineString","coordinates":[[35.53704474617195,33.889630943643795],[35.53704511592341,33.88963320024918]]},"properties":{"fid":13086,"LAYER":"manhole electric"}},
{"type":"Feature","geometry":{"type":"LineString","coordinates":[[35.53709997357718,33.88981031316164],[35.5370954251778,33.88981097327575]]},"properties":{"fid":13087,"LAYER":"manhole electric"}},
{"type":"Feature","geometry":{"type":"LineString","coordinates":[[35.5370954251778,33.88981097327575],[35.53709607561205,33.88981298558935]]},"properties":{"fid":13088,"LAYER":"manhole electric"}},
{"type":"Feature","geometry":{"type":"LineString","coordinates":[[35.53709997357718,33.88981031316164],[35.537100624011536,33.8898123254752]]},"properties":{"fid":13089,"LAYER":"manhole electric"}},
{"type":"Feature","geometry":{"type":"LineString","coordinates":[[35.537100624011536,33.8898123254752],[35.53709607561205,33.88981298558935]]},"properties":{"fid":13090,"LAYER":"manhole electric"}},
{"type":"Feature","geometry":null,"properties":{"fid":13091,"LAYER":"manhole electric"}},
{"type":"Feature","geometry":{"type":"LineString","coordinates":[[35.5373350619349,33.889576713879045],[35.53733562915866,33.889578904129436]]},"properties":{"fid":13092,"LAYER":"manhole electric"}},
{"type":"Feature","geometry":{"type":"LineString","coordinates":[[35.5373350619349,33.889576713879045],[35.53733047810336,33.8895774451141]]},"properties":{"fid":13093,"LAYER":"manhole electric"}},
{"type":"Feature","geometry":{"type":"LineString","coordinates":[[35.53733562915866,33.889578904129436],[35.537331045327015,33.88957963536449]]},"properties":{"fid":13094,"LAYER":"manhole electric"}},
{"type":"Feature","geometry":{"type":"LineString","coordinates":[[35.53733047810336,33.8895774451141],[35.537331045327015,33.88957963536449]]},"properties":{"fid":13095,"LAYER":"manhole electric"}},
{"type":"Feature","geometry":{"type":"LineString","coordinates":[[35.53738663557249,33.88976989240348],[35.53738221793308,33.889770529310546]]},"properties":{"fid":13096,"LAYER":"manhole electric"}},
{"type":"Feature","geometry":{"type":"LineString","coordinates":[[35.53738221793308,33.889770529310546],[35.5373823080019,33.88977275064547]]},"properties":{"fid":13097,"LAYER":"manhole electric"}},
{"type":"Feature","geometry":{"type":"LineString","coordinates":[[35.53738663557249,33.88976989240348],[35.537386725641426,33.88977211373844]]},"properties":{"fid":13098,"LAYER":"manhole electric"}},
{"type":"Feature","geometry":{"type":"LineString","coordinates":[[35.537386725641426,33.88977211373844],[35.5373823080019,33.88977275064547]]},"properties":{"fid":13099,"LAYER":"manhole electric"}},
{"type":"Feature","geometry":{"type":"LineString","coordinates":[[35.537672078975106,33.8897273337527],[35.537667399067146,33.88972803512231]]},"properties":{"fid":13100,"LAYER":"manhole electric"}},
{"type":"Feature","geometry":{"type":"LineString","coordinates":[[35.537667399067146,33.88972803512231],[35.53766789654932,33.88973034057137]]},"properties":{"fid":13101,"LAYER":"manhole electric"}},
{"type":"Feature","geometry":{"type":"LineString","coordinates":[[35.537672078975106,33.8897273337527],[35.53767257645741,33.88972963920174]]},"properties":{"fid":13102,"LAYER":"manhole electric"}},
{"type":"Feature","geometry":{"type":"LineString","coordinates":[[35.53767257645741,33.88972963920174],[35.53766789654932,33.88973034057137]]},"properties":{"fid":13103,"LAYER":"manhole electric"}},
{"type":"Feature","geometry":null,"properties":{"fid":13104,"LAYER":"manhole electric"}},
{"type":"Feature","geometry":null,"properties":{"fid":13105,"LAYER":"manhole electric"}},
{"type":"Feature","geometry":null,"properties":{"fid":13106,"LAYER":"manhole electric"}},
{"type":"Feature","geometry":null,"properties":{"fid":13107,"LAYER":"manhole electric"}},
{"type":"Feature","geometry":{"type":"LineString","coordinates":[[35.53816737671382,33.88940993711318],[35.538168150927255,33.889411835807046]]},"properties":{"fid":13108,"LAYER":"manhole electric"}},
{"type":"Feature","geometry":{"type":"LineString","coordinates":[[35.538168150927255,33.889411835807046],[35.538163837901436,33.88941255698503]]},"properties":{"fid":13109,"LAYER":"manhole electric"}},
{"type":"Feature","geometry":{"type":"LineString","coordinates":[[35.53816737671382,33.88940993711318],[35.538163063688096,33.88941065829115]]},"properties":{"fid":13110,"LAYER":"manhole electric"}},
{"type":"Feature","geometry":{"type":"LineString","coordinates":[[35.538163063688096,33.88941065829115],[35.538163837901436,33.88941255698503]]},"properties":{"fid":13111,"LAYER":"manhole electric"}},
{"type":"Feature","geometry":{"type":"LineString","coordinates":[[35.53820301213878,33.889581831409416],[35.538203530701715,33.88958389396043]]},"properties":{"fid":13112,"LAYER":"manhole electric"}},
{"type":"Feature","geometry":{"type":"LineString","coordinates":[[35.538203530701715,33.88958389396043],[35.53820828924866,33.88958312272628]]},"properties":{"fid":13113,"LAYER":"manhole electric"}},
{"type":"Feature","geometry":{"type":"LineString","coordinates":[[35.53820301213878,33.889581831409416],[35.538207770685624,33.88958106017529]]},"properties":{"fid":13114,"LAYER":"manhole electric"}},
{"type":"Feature","geometry":{"type":"LineString","coordinates":[[35.538207770685624,33.88958106017529],[35.53820828924866,33.88958312272628]]},"properties":{"fid":13115,"LAYER":"manhole electric"}},
{"type":"Feature","geometry":{"type":"LineString","coordinates":[[35.53849152912501,33.88953381434672],[35.538492081239,33.88953585082418]]},"properties":{"fid":13116,"LAYER":"manhole electric"}},
{"type":"Feature","geometry":{"type":"LineString","coordinates":[[35.538492081239,33.88953585082418],[35.538496449795794,33.88953509518843]]},"properties":{"fid":13117,"LAYER":"manhole electric"}},
{"type":"Feature","geometry":{"type":"LineString","coordinates":[[35.538495897681706,33.88953305871095],[35.538496449795794,33.88953509518843]]},"properties":{"fid":13118,"LAYER":"manhole electric"}},
{"type":"Feature","geometry":{"type":"LineString","coordinates":[[35.53849152912501,33.88953381434672],[35.538495897681706,33.88953305871095]]},"properties":{"fid":13119,"LAYER":"manhole electric"}},
{"type":"Feature","geometry":null,"properties":{"fid":13120,"LAYER":"manhole electric"}},
{"type":"Feature","geometry":{"type":"LineString","coordinates":[[35.53871571050428,33.88929025085203],[35.53871162523123,33.889291213230045]]},"properties":{"fid":13121,"LAYER":"manhole electric"}},
{"type":"Feature","geometry":{"type":"LineString","coordinates":[[35.53871162523123,33.889291213230045],[35.53871227227927,33.88929330660746]]},"properties":{"fid":13122,"LAYER":"manhole electric"}},
{"type":"Feature","geometry":{"type":"LineString","coordinates":[[35.53871571050428,33.88929025085203],[35.53871635755241,33.88929234422944]]},"properties":{"fid":13123,"LAYER":"manhole electric"}},
{"type":"Feature","geometry":{"type":"LineString","coordinates":[[35.53871635755241,33.88929234422944],[35.53871227227927,33.88929330660746]]},"properties":{"fid":13124,"LAYER":"manhole electric"}},
{"type":"Feature","geometry":{"type":"LineString","coordinates":[[35.53876258048268,33.88948758382606],[35.53876302747459,33.88948929253044]]},"properties":{"fid":13125,"LAYER":"manhole electric"}},
{"type":"Feature","geometry":{"type":"LineString","coordinates":[[35.53876302747459,33.88948929253044],[35.5387674302656,33.88948900688126]]},"properties":{"fid":13126,"LAYER":"manhole electric"}},
{"type":"Feature","geometry":{"type":"LineString","coordinates":[[35.53876258048268,33.88948758382606],[35.53876698327359,33.889487298176896]]},"properties":{"fid":13127,"LAYER":"manhole electric"}},
{"type":"Feature","geometry":{"type":"LineString","coordinates":[[35.53876698327359,33.889487298176896],[35.5387674302656,33.88948900688126]]},"properties":{"fid":13128,"LAYER":"manhole electric"}},
{"type":"Feature","geometry":{"type":"LineString","coordinates":[[35.538837471753276,33.889531404958944],[35.53883791874691,33.889533113663134]]},"properties":{"fid":13129,"LAYER":"manhole electric"}},
{"type":"Feature","geometry":{"type":"LineString","coordinates":[[35.53883791874691,33.889533113663134],[35.538842321540045,33.889532828011355]]},"properties":{"fid":13130,"LAYER":"manhole electric"}},
{"type":"Feature","geometry":{"type":"LineString","coordinates":[[35.538837471753276,33.889531404958944],[35.53884187454634,33.889531119307215]]},"properties":{"fid":13131,"LAYER":"manhole electric"}},
{"type":"Feature","geometry":{"type":"LineString","coordinates":[[35.53884187454634,33.889531119307215],[35.538842321540045,33.889532828011355]]},"properties":{"fid":13132,"LAYER":"manhole electric"}},
{"type":"Feature","geometry":{"type":"LineString","coordinates":[[35.539042775092895,33.8894402050574],[35.539043473337514,33.88944211053524]]},"properties":{"fid":13133,"LAYER":"manhole electric"}},
{"type":"Feature","geometry":{"type":"LineString","coordinates":[[35.539043473337514,33.88944211053524],[35.539048225250454,33.889441239863956]]},"properties":{"fid":13134,"LAYER":"manhole electric"}},
{"type":"Feature","geometry":{"type":"LineString","coordinates":[[35.539042775092895,33.8894402050574],[35.53904752700574,33.88943933438616]]},"properties":{"fid":13135,"LAYER":"manhole electric"}},
{"type":"Feature","geometry":{"type":"LineString","coordinates":[[35.53904752700574,33.88943933438616],[35.539048225250454,33.889441239863956]]},"properties":{"fid":13136,"LAYER":"manhole electric"}},
{"type":"Feature","geometry":{"type":"LineString","coordinates":[[35.53904817120465,33.88928516332305],[35.5390485263121,33.88928674306276]]},"properties":{"fid":13137,"LAYER":"manhole electric"}},
{"type":"Feature","geometry":{"type":"LineString","coordinates":[[35.5390485263121,33.88928674306276],[35.539052901091864,33.88928609581854]]},"properties":{"fid":13138,"LAYER":"manhole electric"}},
{"type":"Feature","geometry":{"type":"LineString","coordinates":[[35.539052545984326,33.88928451607877],[35.539052901091864,33.88928609581854]]},"properties":{"fid":13139,"LAYER":"manhole electric"}},
{"type":"Feature","geometry":{"type":"LineString","coordinates":[[35.53904817120465,33.88928516332305],[35.539052545984326,33.88928451607877]]},"properties":{"fid":13140,"LAYER":"manhole electric"}},
{"type":"Feature","geometry":null,"properties":{"fid":13141,"LAYER":"manhole electric"}},
{"type":"Feature","geometry":{"type":"LineString","coordinates":[[35.53902969416346,33.889223534896665],[35.53903012747544,33.889225567885056]]},"properties":{"fid":13142,"LAYER":"manhole electric"}},
{"type":"Feature","geometry":{"type":"LineString","coordinates":[[35.53903012747544,33.889225567885056],[35.53903463566783,33.8892248343663]]},"properties":{"fid":13143,"LAYER":"manhole electric"}},
{"type":"Feature","geometry":{"type":"LineString","coordinates":[[35.53902969416346,33.889223534896665],[35.53903420235577,33.88922280137793]]},"properties":{"fid":13144,"LAYER":"manhole electric"}},
{"type":"Feature","geometry":{"type":"LineString","coordinates":[[35.53903420235577,33.88922280137793],[35.53903463566783,33.8892248343663]]},"properties":{"fid":13145,"LAYER":"manhole electric"}},
{"type":"Feature","geometry":{"type":"LineString","coordinates":[[35.53932890149753,33.889237628255906],[35.53932431595634,33.88923865714472]]},"properties":{"fid":13146,"LAYER":"manhole electric"}},
{"type":"Feature","geometry":{"type":"LineString","coordinates":[[35.53932890149753,33.889237628255906],[35.539329087148964,33.88923963593708]]},"properties":{"fid":13147,"LAYER":"manhole electric"}},
{"type":"Feature","geometry":{"type":"LineString","coordinates":[[35.53932431595634,33.88923865714472],[35.53932450160767,33.88924066482591]]},"properties":{"fid":13148,"LAYER":"manhole electric"}},
{"type":"Feature","geometry":{"type":"LineString","coordinates":[[35.539329087148964,33.88923963593708],[35.53932450160767,33.88924066482591]]},"properties":{"fid":13149,"LAYER":"manhole electric"}},
{"type":"Feature","geometry":null,"properties":{"fid":13150,"LAYER":"manhole electric"}},
{"type":"Feature","geometry":{"type":"LineString","coordinates":[[35.53964706463003,33.8891838494639],[35.539647396945234,33.889185969677165]]},"properties":{"fid":13151,"LAYER":"manhole electric"}},
{"type":"Feature","geometry":{"type":"LineString","coordinates":[[35.539647396945234,33.889185969677165],[35.539652384565095,33.889185150994344]]},"properties":{"fid":13152,"LAYER":"manhole electric"}},
{"type":"Feature","geometry":{"type":"LineString","coordinates":[[35.53964706463003,33.8891838494639],[35.53965205224975,33.889183030781105]]},"properties":{"fid":13153,"LAYER":"manhole electric"}},
{"type":"Feature","geometry":{"type":"LineString","coordinates":[[35.53965205224975,33.889183030781105],[35.539652384565095,33.889185150994344]]},"properties":{"fid":13154,"LAYER":"manhole electric"}},
{"type":"Feature","geometry":{"type":"LineString","coordinates":[[35.53996469205877,33.889130198430585],[35.5399650848481,33.8891321670933]]},"properties":{"fid":13155,"LAYER":"manhole electric"}},
{"type":"Feature","geometry":{"type":"LineString","coordinates":[[35.53996469205877,33.889130198430585],[35.539960138772884,33.889130975755826]]},"properties":{"fid":13156,"LAYER":"manhole electric"}},
{"type":"Feature","geometry":{"type":"LineString","coordinates":[[35.5399650848481,33.8891321670933],[35.539960531562116,33.88913294441855]]},"properties":{"fid":13157,"LAYER":"manhole electric"}},
{"type":"Feature","geometry":{"type":"LineString","coordinates":[[35.539960138772884,33.889130975755826],[35.539960531562116,33.88913294441855]]},"properties":{"fid":13158,"LAYER":"manhole electric"}},
{"type":"Feature","geometry":null,"properties":{"fid":13159,"LAYER":"manhole electric"}},
{"type":"Feature","geometry":{"type":"LineString","coordinates":[[35.540281676590595,33.889076139890186],[35.540282406124284,33.88907807333629]]},"properties":{"fid":13160,"LAYER":"manhole electric"}},
{"type":"Feature","geometry":{"type":"LineString","coordinates":[[35.540282406124284,33.88907807333629],[35.540278315395334,33.88907890933964]]},"properties":{"fid":13161,"LAYER":"manhole electric"}},
{"type":"Feature","geometry":{"type":"LineString","coordinates":[[35.540281676590595,33.889076139890186],[35.540277585861745,33.889076975893545]]},"properties":{"fid":13162,"LAYER":"manhole electric"}},
{"type":"Feature","geometry":{"type":"LineString","coordinates":[[35.540277585861745,33.889076975893545],[35.540278315395334,33.88907890933964]]},"properties":{"fid":13163,"LAYER":"manhole electric"}},
{"type":"Feature","geometry":{"type":"LineString","coordinates":[[35.54031847772701,33.889224600175595],[35.54031376242035,33.889225372760485]]},"properties":{"fid":13164,"LAYER":"manhole electric"}},
{"type":"Feature","geometry":{"type":"LineString","coordinates":[[35.540314570604295,33.88922723636134],[35.54031376242035,33.889225372760485]]},"properties":{"fid":13165,"LAYER":"manhole electric"}},
{"type":"Feature","geometry":{"type":"LineString","coordinates":[[35.54031928591102,33.88922646377644],[35.54031847772701,33.889224600175595]]},"properties":{"fid":13166,"LAYER":"manhole electric"}},
{"type":"Feature","geometry":{"type":"LineString","coordinates":[[35.54031928591102,33.88922646377644],[35.540314570604295,33.88922723636134]]},"properties":{"fid":13167,"LAYER":"manhole electric"}},
{"type":"Feature","geometry":null,"properties":{"fid":13168,"LAYER":"manhole electric"}},
{"type":"Feature","geometry":{"type":"LineString","coordinates":[[35.540692318844236,33.888942502018935],[35.540692857113235,33.88894512431998]]},"properties":{"fid":13169,"LAYER":"manhole electric"}},
{"type":"Feature","geometry":{"type":"LineString","coordinates":[[35.540692857113235,33.88894512431998],[35.54069719625962,33.88894429559022]]},"properties":{"fid":13170,"LAYER":"manhole electric"}},
{"type":"Feature","geometry":{"type":"LineString","coordinates":[[35.540692318844236,33.888942502018935],[35.54069665799048,33.88894167328913]]},"properties":{"fid":13171,"LAYER":"manhole electric"}},
{"type":"Feature","geometry":{"type":"LineString","coordinates":[[35.54069665799048,33.88894167328913],[35.54069719625962,33.88894429559022]]},"properties":{"fid":13172,"LAYER":"manhole electric"}},
{"type":"Feature","geometry":{"type":"LineString","coordinates":[[35.540599386994145,33.88901685938361],[35.540594437700705,33.8890174443836]]},"properties":{"fid":13173,"LAYER":"manhole electric"}},
{"type":"Feature","geometry":{"type":"LineString","coordinates":[[35.540599386994145,33.88901685938361],[35.54060033038383,33.88902320942578]]},"properties":{"fid":13174,"LAYER":"manhole electric"}},
{"type":"Feature","geometry":{"type":"LineString","coordinates":[[35.54060033038383,33.88902320942578],[35.54059538109003,33.889023794425796]]},"properties":{"fid":13175,"LAYER":"manhole electric"}},
{"type":"Feature","geometry":{"type":"LineString","coordinates":[[35.540594437700705,33.8890174443836],[35.54059538109003,33.889023794425796]]},"properties":{"fid":13176,"LAYER":"manhole electric"}},
{"type":"Feature","geometry":{"type":"LineString","coordinates":[[35.54063660817501,33.88916824741754],[35.5406371266325,33.889170057421545]]},"properties":{"fid":13177,"LAYER":"manhole electric"}},
{"type":"Feature","geometry":{"type":"LineString","coordinates":[[35.5406371266325,33.889170057421545],[35.54064157662539,33.88916942134599]]},"properties":{"fid":13178,"LAYER":"manhole electric"}},
{"type":"Feature","geometry":{"type":"LineString","coordinates":[[35.54064105816779,33.88916761134203],[35.54064157662539,33.88916942134599]]},"properties":{"fid":13179,"LAYER":"manhole electric"}},
{"type":"Feature","geometry":{"type":"LineString","coordinates":[[35.54063660817501,33.88916824741754],[35.54064105816779,33.88916761134203]]},"properties":{"fid":13180,"LAYER":"manhole electric"}},
{"type":"Feature","geometry":{"type":"LineString","coordinates":[[35.54102877884807,33.88893638465175],[35.54102431709265,33.888937299987504]]},"properties":{"fid":13181,"LAYER":"manhole electric"}},
{"type":"Feature","geometry":{"type":"LineString","coordinates":[[35.54102431709265,33.888937299987504],[35.54102517636837,33.888940003855744]]},"properties":{"fid":13182,"LAYER":"manhole electric"}},
{"type":"Feature","geometry":{"type":"LineString","coordinates":[[35.54102877884807,33.88893638465175],[35.54102963812394,33.888939088519955]]},"properties":{"fid":13183,"LAYER":"manhole electric"}},
{"type":"Feature","geometry":{"type":"LineString","coordinates":[[35.54102963812394,33.888939088519955],[35.54102517636837,33.888940003855744]]},"properties":{"fid":13184,"LAYER":"manhole electric"}},
{"type":"Feature","geometry":{"type":"LineString","coordinates":[[35.540941224414524,33.889028197301336],[35.54093676265346,33.8890291126337]]},"properties":{"fid":13185,"LAYER":"manhole electric"}},
{"type":"Feature","geometry":{"type":"LineString","coordinates":[[35.54093676265346,33.8890291126337],[35.54093762192716,33.88903181650245]]},"properties":{"fid":13186,"LAYER":"manhole electric"}},
{"type":"Feature","geometry":{"type":"LineString","coordinates":[[35.540941224414524,33.889028197301336],[35.54094208368836,33.88903090117007]]},"properties":{"fid":13187,"LAYER":"manhole electric"}},
{"type":"Feature","geometry":{"type":"LineString","coordinates":[[35.54094208368836,33.88903090117007],[35.54093762192716,33.88903181650245]]},"properties":{"fid":13188,"LAYER":"manhole electric"}},
{"type":"Feature","geometry":null,"properties":{"fid":13189,"LAYER":"manhole electric"}},
{"type":"Feature","geometry":null,"properties":{"fid":13190,"LAYER":"manhole electric"}},
{"type":"Feature","geometry":null,"properties":{"fid":13191,"LAYER":"manhole electric"}},
{"type":"Feature","geometry":{"type":"LineString","coordinates":[[35.54186621263842,33.88891002983677],[35.54186163604335,33.888911104178504]]},"properties":{"fid":13192,"LAYER":"manhole electric"}},
{"type":"Feature","geometry":{"type":"LineString","coordinates":[[35.54186163604335,33.888911104178504],[35.54186240067433,33.88891297551111]]},"properties":{"fid":13193,"LAYER":"manhole electric"}},
{"type":"Feature","geometry":{"type":"LineString","coordinates":[[35.54186621263842,33.88891002983677],[35.5418669772695,33.888911901169365]]},"properties":{"fid":13194,"LAYER":"manhole electric"}},
{"type":"Feature","geometry":{"type":"LineString","coordinates":[[35.5418669772695,33.888911901169365],[35.54186240067433,33.88891297551111]]},"properties":{"fid":13195,"LAYER":"manhole electric"}},
{"type":"Feature","geometry":{"type":"LineString","coordinates":[[35.54220467141097,33.88882778915943],[35.542200423584326,33.88882901745951]]},"properties":{"fid":13196,"LAYER":"manhole electric"}},
{"type":"Feature","geometry":{"type":"LineString","coordinates":[[35.542200423584326,33.88882901745951],[35.542201219486415,33.8888309167642]]},"properties":{"fid":13197,"LAYER":"manhole electric"}},
{"type":"Feature","geometry":{"type":"LineString","coordinates":[[35.54220467141097,33.88882778915943],[35.54220546731313,33.88882968846409]]},"properties":{"fid":13198,"LAYER":"manhole electric"}},
{"type":"Feature","geometry":{"type":"LineString","coordinates":[[35.54220546731313,33.88882968846409],[35.542201219486415,33.8888309167642]]},"properties":{"fid":13199,"LAYER":"manhole electric"}},
{"type":"Feature","geometry":null,"properties":{"fid":13200,"LAYER":"manhole electric"}},
{"type":"Feature","geometry":null,"properties":{"fid":13201,"LAYER":"manhole electric"}},
{"type":"Feature","geometry":{"type":"LineString","coordinates":[[35.542708803152586,33.8885365809626],[35.54270966197202,33.888538527204105]]},"properties":{"fid":13202,"LAYER":"manhole electric"}},
{"type":"Feature","geometry":{"type":"LineString","coordinates":[[35.54270966197202,33.888538527204105],[35.54271402972933,33.88853727534529]]},"properties":{"fid":13203,"LAYER":"manhole electric"}},
{"type":"Feature","geometry":{"type":"LineString","coordinates":[[35.542708803152586,33.8885365809626],[35.542713170909806,33.88853532910383]]},"properties":{"fid":13204,"LAYER":"manhole electric"}},
{"type":"Feature","geometry":{"type":"LineString","coordinates":[[35.542713170909806,33.88853532910383],[35.54271402972933,33.88853727534529]]},"properties":{"fid":13205,"LAYER":"manhole electric"}},
{"type":"Feature","geometry":{"type":"LineString","coordinates":[[35.542879704005706,33.88848810842952],[35.54288058666834,33.88849051534138]]},"properties":{"fid":13206,"LAYER":"manhole electric"}},
{"type":"Feature","geometry":{"type":"LineString","coordinates":[[35.54288058666834,33.88849051534138],[35.542884824427475,33.88848926868431]]},"properties":{"fid":13207,"LAYER":"manhole electric"}},
{"type":"Feature","geometry":{"type":"LineString","coordinates":[[35.542879704005706,33.88848810842952],[35.54288394176471,33.888486861772456]]},"properties":{"fid":13208,"LAYER":"manhole electric"}},
{"type":"Feature","geometry":{"type":"LineString","coordinates":[[35.54288394176471,33.888486861772456],[35.542884824427475,33.88848926868431]]},"properties":{"fid":13209,"LAYER":"manhole electric"}},
{"type":"Feature","geometry":{"type":"LineString","coordinates":[[35.543005925851155,33.88845281946798],[35.543006695989405,33.88845481722202]]},"properties":{"fid":13210,"LAYER":"manhole electric"}},
{"type":"Feature","geometry":{"type":"LineString","coordinates":[[35.543006695989405,33.88845481722202],[35.54301126157632,33.8884534899807]]},"properties":{"fid":13211,"LAYER":"manhole electric"}},
{"type":"Feature","geometry":{"type":"LineString","coordinates":[[35.543005925851155,33.88845281946798],[35.543010491437954,33.88845149222667]]},"properties":{"fid":13212,"LAYER":"manhole electric"}},
{"type":"Feature","geometry":{"type":"LineString","coordinates":[[35.543010491437954,33.88845149222667],[35.54301126157632,33.8884534899807]]},"properties":{"fid":13213,"LAYER":"manhole electric"}},
{"type":"Feature","geometry":{"type":"LineString","coordinates":[[35.54316148991991,33.888406178739885],[35.543162467181496,33.88840813746949]]},"properties":{"fid":13214,"LAYER":"manhole electric"}},
{"type":"Feature","geometry":{"type":"LineString","coordinates":[[35.54316148991991,33.888406178739885],[35.54316581901598,33.88840481750274]]},"properties":{"fid":13215,"LAYER":"manhole electric"}},
{"type":"Feature","geometry":{"type":"LineString","coordinates":[[35.543162467181496,33.88840813746949],[35.54316679627766,33.88840677623232]]},"properties":{"fid":13216,"LAYER":"manhole electric"}},
{"type":"Feature","geometry":{"type":"LineString","coordinates":[[35.54316581901598,33.88840481750274],[35.54316679627766,33.88840677623232]]},"properties":{"fid":13217,"LAYER":"manhole electric"}},
{"type":"Feature","geometry":{"type":"LineString","coordinates":[[35.54293571977823,33.88863314484914],[35.54293673682429,33.88863518591852]]},"properties":{"fid":13218,"LAYER":"manhole electric"}},
{"type":"Feature","geometry":{"type":"LineString","coordinates":[[35.54293673682429,33.88863518591852],[35.54294079742501,33.888633780741564]]},"properties":{"fid":13219,"LAYER":"manhole electric"}},
{"type":"Feature","geometry":{"type":"LineString","coordinates":[[35.54293571977823,33.88863314484914],[35.542939780378866,33.888631739672235]]},"properties":{"fid":13220,"LAYER":"manhole electric"}},
{"type":"Feature","geometry":{"type":"LineString","coordinates":[[35.542939780378866,33.888631739672235],[35.54294079742501,33.888633780741564]]},"properties":{"fid":13221,"LAYER":"manhole electric"}},
{"type":"Feature","geometry":{"type":"LineString","coordinates":[[35.54306752684949,33.88859466447505],[35.54306846677148,33.888596739358626]]},"properties":{"fid":13222,"LAYER":"manhole electric"}},
{"type":"Feature","geometry":{"type":"LineString","coordinates":[[35.54306752684949,33.88859466447505],[35.543063271281994,33.88859582042566]]},"properties":{"fid":13223,"LAYER":"manhole electric"}},
{"type":"Feature","geometry":{"type":"LineString","coordinates":[[35.54306846677148,33.888596739358626],[35.54306421120387,33.88859789530927]]},"properties":{"fid":13224,"LAYER":"manhole electric"}},
{"type":"Feature","geometry":{"type":"LineString","coordinates":[[35.543063271281994,33.88859582042566],[35.54306421120387,33.88859789530927]]},"properties":{"fid":13225,"LAYER":"manhole electric"}},
{"type":"Feature","geometry":{"type":"LineString","coordinates":[[35.54322832443545,33.88854778927011],[35.54322415300347,33.888549001807164]]},"properties":{"fid":13226,"LAYER":"manhole electric"}},
{"type":"Feature","geometry":{"type":"LineString","coordinates":[[35.54322415300347,33.888549001807164],[35.543225295322735,33.888550893222366]]},"properties":{"fid":13227,"LAYER":"manhole electric"}},
{"type":"Feature","geometry":{"type":"LineString","coordinates":[[35.54322832443545,33.88854778927011],[35.543229466754795,33.88854968068528]]},"properties":{"fid":13228,"LAYER":"manhole electric"}},
{"type":"Feature","geometry":{"type":"LineString","coordinates":[[35.543229466754795,33.88854968068528],[35.543225295322735,33.888550893222366]]},"properties":{"fid":13229,"LAYER":"manhole electric"}},
{"type":"Feature","geometry":null,"properties":{"fid":13230,"LAYER":"manhole electric"}},
{"type":"Feature","geometry":null,"properties":{"fid":13231,"LAYER":"manhole electric"}},
{"type":"Feature","geometry":null,"properties":{"fid":13232,"LAYER":"manhole electric"}},
{"type":"Feature","geometry":{"type":"LineString","coordinates":[[35.54393342411629,33.888307977420574],[35.54393462442277,33.88831003287204]]},"properties":{"fid":13233,"LAYER":"manhole electric"}},
{"type":"Feature","geometry":{"type":"LineString","coordinates":[[35.54393342411629,33.888307977420574],[35.54392930764252,33.88830942608835]]},"properties":{"fid":13234,"LAYER":"manhole electric"}},
{"type":"Feature","geometry":{"type":"LineString","coordinates":[[35.54393462442277,33.88831003287204],[35.54393050794893,33.888311481539844]]},"properties":{"fid":13235,"LAYER":"manhole electric"}},
{"type":"Feature","geometry":{"type":"LineString","coordinates":[[35.54392930764252,33.88830942608835],[35.54393050794893,33.888311481539844]]},"properties":{"fid":13236,"LAYER":"manhole electric"}},
{"type":"Feature","geometry":{"type":"LineString","coordinates":[[35.54385488013492,33.88817218409244],[35.54385062190608,33.888173917213024]]},"properties":{"fid":13237,"LAYER":"manhole electric"}},
{"type":"Feature","geometry":{"type":"LineString","coordinates":[[35.54385062190608,33.888173917213024],[35.543851881735996,33.88817558658996]]},"properties":{"fid":13238,"LAYER":"manhole electric"}},
{"type":"Feature","geometry":{"type":"LineString","coordinates":[[35.54385488013492,33.88817218409244],[35.5438561399649,33.888173853469354]]},"properties":{"fid":13239,"LAYER":"manhole electric"}},
{"type":"Feature","geometry":{"type":"LineString","coordinates":[[35.5438561399649,33.888173853469354],[35.543851881735996,33.88817558658996]]},"properties":{"fid":13240,"LAYER":"manhole electric"}},
{"type":"Feature","geometry":{"type":"LineString","coordinates":[[35.544133954811954,33.88806626313739],[35.544129605630076,33.88806810183096]]},"properties":{"fid":13241,"LAYER":"manhole electric"}},
{"type":"Feature","geometry":{"type":"LineString","coordinates":[[35.544129605630076,33.88806810183096],[35.5441284780663,33.888066373199734]]},"properties":{"fid":13242,"LAYER":"manhole electric"}},
{"type":"Feature","geometry":{"type":"LineString","coordinates":[[35.544133954811954,33.88806626313739],[35.544132827248134,33.888064534506256]]},"properties":{"fid":13243,"LAYER":"manhole electric"}},
{"type":"Feature","geometry":{"type":"LineString","coordinates":[[35.544132827248134,33.888064534506256],[35.5441284780663,33.888066373199734]]},"properties":{"fid":13244,"LAYER":"manhole electric"}},
{"type":"Feature","geometry":{"type":"LineString","coordinates":[[35.544394850832624,33.887955696116904],[35.5443909113441,33.887957564864124]]},"properties":{"fid":13245,"LAYER":"manhole electric"}},
{"type":"Feature","geometry":{"type":"LineString","coordinates":[[35.544394850832624,33.887955696116904],[35.54439606253203,33.88795748132573]]},"properties":{"fid":13246,"LAYER":"manhole electric"}},
{"type":"Feature","geometry":{"type":"LineString","coordinates":[[35.5443909113441,33.887957564864124],[35.544392123043444,33.88795935007298]]},"properties":{"fid":13247,"LAYER":"manhole electric"}},
{"type":"Feature","geometry":{"type":"LineString","coordinates":[[35.54439606253203,33.88795748132573],[35.544392123043444,33.88795935007298]]},"properties":{"fid":13248,"LAYER":"manhole electric"}},
{"type":"Feature","geometry":{"type":"LineString","coordinates":[[35.54464912052496,33.88784273371145],[35.54464505654242,33.887844734104874]]},"properties":{"fid":13249,"LAYER":"manhole electric"}},
{"type":"Feature","geometry":{"type":"LineString","coordinates":[[35.54464912052496,33.88784273371145],[35.54465028484939,33.88784461673932]]},"properties":{"fid":13250,"LAYER":"manhole electric"}},
{"type":"Feature","geometry":{"type":"LineString","coordinates":[[35.54464505654242,33.887844734104874],[35.54464622086677,33.887846617132766]]},"properties":{"fid":13251,"LAYER":"manhole electric"}},
{"type":"Feature","geometry":{"type":"LineString","coordinates":[[35.54465028484939,33.88784461673932],[35.54464622086677,33.887846617132766]]},"properties":{"fid":13252,"LAYER":"manhole electric"}},
{"type":"Feature","geometry":{"type":"LineString","coordinates":[[35.54489091987842,33.88773184052747],[35.544892127615135,33.88773346327206]]},"properties":{"fid":13253,"LAYER":"manhole electric"}},
{"type":"Feature","geometry":{"type":"LineString","coordinates":[[35.544892127615135,33.88773346327206],[35.54488798613834,33.887735506498245]]},"properties":{"fid":13254,"LAYER":"manhole electric"}},
{"type":"Feature","geometry":{"type":"LineString","coordinates":[[35.54489091987842,33.88773184052746],[35.54488677840168,33.88773388375361]]},"properties":{"fid":13255,"LAYER":"manhole electric"}},
{"type":"Feature","geometry":{"type":"LineString","coordinates":[[35.54488677840168,33.88773388375361],[35.54488798613834,33.887735506498245]]},"properties":{"fid":13256,"LAYER":"manhole electric"}},
{"type":"Feature","geometry":{"type":"LineString","coordinates":[[35.54518493706592,33.88759537449198],[35.54518130932327,33.88759728847491]]},"properties":{"fid":13257,"LAYER":"manhole electric"}},
{"type":"Feature","geometry":{"type":"LineString","coordinates":[[35.54518493706592,33.88759537449198],[35.54518666454518,33.88759775202535]]},"properties":{"fid":13258,"LAYER":"manhole electric"}},
{"type":"Feature","geometry":{"type":"LineString","coordinates":[[35.54518130932327,33.88759728847491],[35.54518303680246,33.88759966600832]]},"properties":{"fid":13259,"LAYER":"manhole electric"}},
{"type":"Feature","geometry":{"type":"LineString","coordinates":[[35.54518666454518,33.88759775202535],[35.54518303680246,33.88759966600832]]},"properties":{"fid":13260,"LAYER":"manhole electric"}},
{"type":"Feature","geometry":{"type":"LineString","coordinates":[[35.54524149416862,33.88756846814293],[35.54524289215499,33.887570195667934]]},"properties":{"fid":13261,"LAYER":"manhole electric"}},
{"type":"Feature","geometry":{"type":"LineString","coordinates":[[35.54524289215499,33.887570195667934],[35.54523887064405,33.88757221536367]]},"properties":{"fid":13262,"LAYER":"manhole electric"}},
{"type":"Feature","geometry":{"type":"LineString","coordinates":[[35.54524149416862,33.88756846814293],[35.545237472657746,33.88757048783866]]},"properties":{"fid":13263,"LAYER":"manhole electric"}},
{"type":"Feature","geometry":{"type":"LineString","coordinates":[[35.545237472657746,33.88757048783866],[35.54523887064405,33.88757221536367]]},"properties":{"fid":13264,"LAYER":"manhole electric"}},
{"type":"Feature","geometry":{"type":"LineString","coordinates":[[35.545203544768256,33.88751613697817],[35.54520498254217,33.88751794684091]]},"properties":{"fid":13265,"LAYER":"manhole electric"}},
{"type":"Feature","geometry":{"type":"LineString","coordinates":[[35.54520498254217,33.88751794684091],[35.545200770029176,33.88751987976767]]},"properties":{"fid":13266,"LAYER":"manhole electric"}},
{"type":"Feature","geometry":{"type":"LineString","coordinates":[[35.545203544768256,33.88751613697817],[35.54519933225533,33.88751806990486]]},"properties":{"fid":13267,"LAYER":"manhole electric"}},
{"type":"Feature","geometry":{"type":"LineString","coordinates":[[35.54519933225533,33.88751806990486],[35.545200770029176,33.88751987976767]]},"properties":{"fid":13268,"LAYER":"manhole electric"}},
{"type":"Feature","geometry":null,"properties":{"fid":13269,"LAYER":"manhole electric"}},
{"type":"Feature","geometry":null,"properties":{"fid":13270,"LAYER":"manhole electric"}},
{"type":"Feature","geometry":null,"properties":{"fid":13271,"LAYER":"manhole electric"}},
{"type":"Feature","geometry":{"type":"LineString","coordinates":[[35.54648168500001,33.886996839958194],[35.54648629653651,33.88699467515889]]},"properties":{"fid":13272,"LAYER":"manhole electric"}},
{"type":"Feature","geometry":{"type":"LineString","coordinates":[[35.54648742241968,33.8869967013488],[35.54648629653651,33.88699467515889]]},"properties":{"fid":13273,"LAYER":"manhole electric"}},
{"type":"Feature","geometry":{"type":"LineString","coordinates":[[35.546482810883084,33.886998866148126],[35.54648168500001,33.886996839958194]]},"properties":{"fid":13274,"LAYER":"manhole electric"}},
{"type":"Feature","geometry":{"type":"LineString","coordinates":[[35.546482810883084,33.886998866148126],[35.54648742241968,33.8869967013488]]},"properties":{"fid":13275,"LAYER":"manhole electric"}},
{"type":"Feature","geometry":{"type":"LineString","coordinates":[[35.54677072897756,33.88686587037309],[35.54676646460315,33.886868009273854]]},"properties":{"fid":13276,"LAYER":"manhole electric"}},
{"type":"Feature","geometry":{"type":"LineString","coordinates":[[35.54676509408521,33.886865885731396],[35.54676646460315,33.886868009273854]]},"properties":{"fid":13277,"LAYER":"manhole electric"}},
{"type":"Feature","geometry":{"type":"LineString","coordinates":[[35.546769358459564,33.88686374683068],[35.54677072897756,33.88686587037309]]},"properties":{"fid":13278,"LAYER":"manhole electric"}},
{"type":"Feature","geometry":{"type":"LineString","coordinates":[[35.546769358459564,33.88686374683068],[35.54676509408521,33.886865885731396]]},"properties":{"fid":13279,"LAYER":"manhole electric"}},
{"type":"Feature","geometry":{"type":"LineString","coordinates":[[35.547045341159624,33.88673758004716],[35.54704419554521,33.88673602227623]]},"properties":{"fid":13280,"LAYER":"manhole electric"}},
{"type":"Feature","geometry":{"type":"LineString","coordinates":[[35.547045341159624,33.88673758004716],[35.547049512286705,33.886735600749255]]},"properties":{"fid":13281,"LAYER":"manhole electric"}},
{"type":"Feature","geometry":{"type":"LineString","coordinates":[[35.54704419554521,33.88673602227623],[35.547048366672236,33.88673404297839]]},"properties":{"fid":13282,"LAYER":"manhole electric"}},
{"type":"Feature","geometry":{"type":"LineString","coordinates":[[35.547049512286705,33.886735600749255],[35.54704836667223,33.88673404297838]]},"properties":{"fid":13283,"LAYER":"manhole electric"}},
{"type":"Feature","geometry":null,"properties":{"fid":13284,"LAYER":"manhole electric"}},
{"type":"Feature","geometry":{"type":"LineString","coordinates":[[35.547556006541235,33.8864592509558],[35.54755248443652,33.88646148377001]]},"properties":{"fid":13285,"LAYER":"manhole electric"}},
{"type":"Feature","geometry":{"type":"LineString","coordinates":[[35.54755248443652,33.88646148377001],[35.54755110744629,33.886460027458064]]},"properties":{"fid":13286,"LAYER":"manhole electric"}},
{"type":"Feature","geometry":{"type":"LineString","coordinates":[[35.547556006541235,33.8864592509558],[35.54755462955099,33.886457794643896]]},"properties":{"fid":13287,"LAYER":"manhole electric"}},
{"type":"Feature","geometry":{"type":"LineString","coordinates":[[35.54755462955099,33.886457794643896],[35.54755110744629,33.886460027458064]]},"properties":{"fid":13288,"LAYER":"manhole electric"}},
{"type":"Feature","geometry":{"type":"LineString","coordinates":[[35.54777447044123,33.88632244244378],[35.54777826179899,33.886320235544375]]},"properties":{"fid":13289,"LAYER":"manhole electric"}},
{"type":"Feature","geometry":{"type":"LineString","coordinates":[[35.54777826179899,33.886320235544375],[35.547779794553826,33.88632158818536]]},"properties":{"fid":13290,"LAYER":"manhole electric"}},
{"type":"Feature","geometry":{"type":"LineString","coordinates":[[35.54777447044123,33.88632244244378],[35.547776003196034,33.88632379508477]]},"properties":{"fid":13291,"LAYER":"manhole electric"}},
{"type":"Feature","geometry":{"type":"LineString","coordinates":[[35.547776003196034,33.88632379508477],[35.547779794553826,33.88632158818536]]},"properties":{"fid":13292,"LAYER":"manhole electric"}},
{"type":"Feature","geometry":{"type":"LineString","coordinates":[[35.54796133834179,33.88620686839341],[35.54796310397334,33.88620859763179]]},"properties":{"fid":13293,"LAYER":"manhole electric"}},
{"type":"Feature","geometry":{"type":"LineString","coordinates":[[35.54796310397334,33.88620859763179],[35.54796601477403,33.886206287676636]]},"properties":{"fid":13294,"LAYER":"manhole electric"}},
{"type":"Feature","geometry":{"type":"LineString","coordinates":[[35.54796133834179,33.88620686839341],[35.54796424914248,33.88620455843825]]},"properties":{"fid":13295,"LAYER":"manhole electric"}},
{"type":"Feature","geometry":{"type":"LineString","coordinates":[[35.54796424914248,33.88620455843825],[35.54796601477403,33.886206287676636]]},"properties":{"fid":13296,"LAYER":"manhole electric"}},
{"type":"Feature","geometry":null,"properties":{"fid":13297,"LAYER":"manhole electric"}},
{"type":"Feature","geometry":{"type":"LineString","coordinates":[[35.53789800964803,33.88965049801788],[35.537908993249665,33.889694221267405]]},"properties":{"fid":13298,"LAYER":"JOINT"}},
{"type":"Feature","geometry":{"type":"LineString","coordinates":[[35.53789944641257,33.889695577206744],[35.53788863512577,33.889652078183104]]},"properties":{"fid":13299,"LAYER":"JOINT"}},
{"type":"Feature","geometry":{"type":"LineString","coordinates":[[35.53885538683765,33.88948832775081],[35.538865379511634,33.88953247407328]]},"properties":{"fid":13300,"LAYER":"JOINT"}},
{"type":"Feature","geometry":{"type":"LineString","coordinates":[[35.53886118451485,33.88953318352377],[35.53885069467733,33.8894891210635]]},"properties":{"fid":13301,"LAYER":"JOINT"}},
{"type":"Feature","geometry":{"type":"LineString","coordinates":[[35.53916832076857,33.889204619611085],[35.53917974417755,33.88924799684464]]},"properties":{"fid":13302,"LAYER":"JOINT"}},
{"type":"Feature","geometry":{"type":"LineString","coordinates":[[35.53919437034059,33.889245516339635],[35.53918306547486,33.88920212276883]]},"properties":{"fid":13303,"LAYER":"JOINT"}},
{"type":"Feature","geometry":{"type":"LineString","coordinates":[[35.54072671555423,33.88893436175279],[35.540737634942325,33.88897695820956]]},"properties":{"fid":13304,"LAYER":"JOINT"}},
{"type":"Feature","geometry":{"type":"LineString","coordinates":[[35.54073423815788,33.888977751451705],[35.54072225493632,33.88893520026043]]},"properties":{"fid":13305,"LAYER":"JOINT"}},
{"type":"Feature","geometry":{"type":"LineString","coordinates":[[35.54432833850544,33.887919591714244],[35.54435261296398,33.887959211363956]]},"properties":{"fid":13306,"LAYER":"JOINT"}},
{"type":"Feature","geometry":{"type":"LineString","coordinates":[[35.54434915931791,33.88796135590078],[35.54432481474028,33.887921860462505]]},"properties":{"fid":13307,"LAYER":"JOINT"}},
{"type":"Feature","geometry":{"type":"LineString","coordinates":[[35.54518711598714,33.88752890593973],[35.54521314114147,33.88756837377877]]},"properties":{"fid":13308,"LAYER":"JOINT"}},
{"type":"Feature","geometry":{"type":"LineString","coordinates":[[35.54520600217157,33.8875716788662],[35.54518054044144,33.88753192501372]]},"properties":{"fid":13309,"LAYER":"JOINT"}},
{"type":"Feature","geometry":{"type":"LineString","coordinates":[[35.5468410952696,33.886835020600074],[35.54688064536548,33.88689288277225]]},"properties":{"fid":13310,"LAYER":"JOINT"}},
{"type":"Feature","geometry":{"type":"LineString","coordinates":[[35.546887632379146,33.88690310483156],[35.54692772179678,33.886961755931054]]},"properties":{"fid":13311,"LAYER":"JOINT"}},
{"type":"Feature","geometry":{"type":"LineString","coordinates":[[35.54691636201217,33.88696697035569],[35.54687671594202,33.88690809527454]]},"properties":{"fid":13312,"LAYER":"JOINT"}},
{"type":"Feature","geometry":{"type":"LineString","coordinates":[[35.54686988123971,33.88689794561747],[35.54683080351922,33.88683991444084]]},"properties":{"fid":13313,"LAYER":"JOINT"}},
{"type":"Feature","geometry":{"type":"LineString","coordinates":[[35.54792208406168,33.88623294103116],[35.54795631219106,33.88627190721573]]},"properties":{"fid":13314,"LAYER":"JOINT"}},
{"type":"Feature","geometry":{"type":"LineString","coordinates":[[35.54794972790201,33.88627612838069],[35.54791518376265,33.8862373039232]]},"properties":{"fid":13315,"LAYER":"JOINT"}},
{"type":"Feature","geometry":{"type":"LineString","coordinates":[[35.53852032851336,33.88933699533577],[35.53854468148539,33.88943779842133]]},"properties":{"fid":13316,"LAYER":"JOINT"}},
{"type":"Feature","geometry":{"type":"LineString","coordinates":[[35.53854774184626,33.88945049447818],[35.538563866174506,33.88951789698058]]},"properties":{"fid":13317,"LAYER":"JOINT"}},
{"type":"Feature","geometry":{"type":"LineString","coordinates":[[35.538548976818,33.88952033969201],[35.538532365280396,33.88945290817524]]},"properties":{"fid":13318,"LAYER":"JOINT"}},
{"type":"Feature","geometry":{"type":"LineString","coordinates":[[35.538529200876866,33.88944014579687],[35.5385046184445,33.88934042949706]]},"properties":{"fid":13319,"LAYER":"JOINT"}},
{"type":"Feature","geometry":{"type":"LineString","coordinates":[[35.542915946190384,33.88863643991534],[35.54289023644271,33.88857334818685]]},"properties":{"fid":13320,"LAYER":"JOINT"}},
{"type":"Feature","geometry":{"type":"LineString","coordinates":[[35.542885700272656,33.8885622164145],[35.542859322109294,33.88849748427998]]},"properties":{"fid":13321,"LAYER":"JOINT"}},
{"type":"Feature","geometry":{"type":"LineString","coordinates":[[35.54284453375135,33.88850156598629],[35.54287094885177,33.8885663713954]]},"properties":{"fid":13322,"LAYER":"JOINT"}},
{"type":"Feature","geometry":{"type":"LineString","coordinates":[[35.54287555872191,33.88857768099669],[35.5429011559987,33.88864047989008]]},"properties":{"fid":13323,"LAYER":"JOINT"}},
{"type":"Feature","geometry":{"type":"LineString","coordinates":[[35.54808131167737,33.88642114416782],[35.54811672238714,33.886461456417415]]},"properties":{"fid":13324,"LAYER":"JOINT"}},
{"type":"Feature","geometry":{"type":"LineString","coordinates":[[35.54811008195031,33.886465603139236],[35.5480742815743,33.88642536700047]]},"properties":{"fid":13325,"LAYER":"JOINT"}},
{"type":"Feature","geometry":null,"properties":{"fid":13326,"LAYER":"manhole"}},
{"type":"Feature","geometry":null,"properties":{"fid":13327,"LAYER":"manhole"}},
{"type":"Feature","geometry":{"type":"LineString","coordinates":[[35.54312549391126,33.888422214631944],[35.54313024347492,33.88842069050168]]},"properties":{"fid":13328,"LAYER":"manhole"}},
{"type":"Feature","geometry":{"type":"LineString","coordinates":[[35.54312549391126,33.888422214631944],[35.54313024347492,33.88842069050168]]},"properties":{"fid":13329,"LAYER":"manhole"}},
{"type":"Feature","geometry":null,"properties":{"fid":13330,"LAYER":"manhole"}},
{"type":"Feature","geometry":null,"properties":{"fid":13331,"LAYER":"manhole"}},
{"type":"Feature","geometry":{"type":"LineString","coordinates":[[35.541897517293684,33.888792897288276],[35.54190768773808,33.88879842660358],[35.541918406361425,33.88883558382843],[35.54191717130754,33.88884102218424],[35.541911535207255,33.888844653929816],[35.541858794789604,33.88885691546491],[35.541850373345696,33.88885838121771]]},"properties":{"fid":13332,"LAYER":"Side Walk"}},
{"type":"Feature","geometry":{"type":"LineString","coordinates":[[35.541912159137105,33.888845501981265],[35.54191757942696,33.888841602353885],[35.5419194997731,33.88883530022598],[35.54190818404596,33.88879819764332],[35.54189775876454,33.88879230009202]]},"properties":{"fid":13333,"LAYER":"Road"}},
{"type":"Feature","geometry":{"type":"LineString","coordinates":[[35.5421719281517,33.88873837269791],[35.541994506862885,33.888778213885665]]},"properties":{"fid":13334,"LAYER":"Side Walk"}},
{"type":"Feature","geometry":{"type":"LineString","coordinates":[[35.541963275430184,33.888792401352724],[35.54197169378349,33.888826043971584]]},"properties":{"fid":13335,"LAYER":"Road"}},
{"type":"Feature","geometry":{"type":"LineString","coordinates":[[35.542250123680255,33.8887622878939],[35.54223738007556,33.88873263314408]]},"properties":{"fid":13336,"LAYER":"Side Walk"}},
{"type":"Feature","geometry":{"type":"LineString","coordinates":[[35.54224910626111,33.88876259198668],[35.542236716505,33.88873376065261]]},"properties":{"fid":13337,"LAYER":"Road"}},
{"type":"Feature","geometry":{"type":"LineString","coordinates":[[35.54206060275124,33.88882036544847],[35.54205943804753,33.88881836423537],[35.542052669062535,33.888801864618365]]},"properties":{"fid":13338,"LAYER":"Side Walk"}},
{"type":"Feature","geometry":{"type":"LineString","coordinates":[[35.54206157505719,33.88881997186893],[35.54206043922973,33.88881802027154],[35.542047085069285,33.88878546907397]]},"properties":{"fid":13339,"LAYER":"Road"}},
{"type":"Feature","geometry":{"type":"LineString","coordinates":[[35.541850373345696,33.88885838121771],[35.54184254126959,33.888849100897744]]},"properties":{"fid":13340,"LAYER":"Side Walk"}},
{"type":"Feature","geometry":null,"properties":{"fid":13341,"LAYER":"columns"}},
{"type":"Feature","geometry":null,"properties":{"fid":13342,"LAYER":"columns"}},
{"type":"Feature","geometry":{"type":"LineString","coordinates":[[35.54143091371238,33.88889880573675],[35.54143066061999,33.88889885971103]]},"properties":{"fid":13343,"LAYER":"OBSTACLE"}},
{"type":"Feature","geometry":{"type":"LineString","coordinates":[[35.54184254126959,33.888849100897744],[35.54181003616479,33.888826552384465]]},"properties":{"fid":13344,"LAYER":"OBSTACLE"}},
{"type":"Feature","geometry":{"type":"LineString","coordinates":[[35.54184210350524,33.88885065186148],[35.54180999245117,33.88882753648355]]},"properties":{"fid":13345,"LAYER":"Road"}},
{"type":"Feature","geometry":{"type":"LineString","coordinates":[[35.54144302352535,33.88892015588276],[35.541482970088445,33.888942262165166]]},"properties":{"fid":13346,"LAYER":"Side Walk"}},
{"type":"Feature","geometry":{"type":"LineString","coordinates":[[35.54144330167349,33.888920477489854],[35.54148321787208,33.888943054091364]]},"properties":{"fid":13347,"LAYER":"Road"}},
{"type":"Feature","geometry":{"type":"LineString","coordinates":[[35.54075406137134,33.889064932750536],[35.54076133282443,33.889075596081184]]},"properties":{"fid":13348,"LAYER":"Side Walk"}},
{"type":"Feature","geometry":{"type":"LineString","coordinates":[[35.54076133282443,33.889075596081184],[35.540770293740856,33.889081755200294]]},"properties":{"fid":13349,"LAYER":"Side Walk"}},
{"type":"Feature","geometry":{"type":"LineString","coordinates":[[35.540770293740856,33.889081755200294],[35.54077453932442,33.88908422817323]]},"properties":{"fid":13350,"LAYER":"Side Walk"}},
{"type":"Feature","geometry":{"type":"LineString","coordinates":[[35.54077453932442,33.88908422817323],[35.54078621634712,33.88909240223177]]},"properties":{"fid":13351,"LAYER":"Side Walk"}},
{"type":"Feature","geometry":{"type":"LineString","coordinates":[[35.54078621634712,33.88909240223177],[35.54079667165096,33.889099329067534]]},"properties":{"fid":13352,"LAYER":"Side Walk"}},
{"type":"Feature","geometry":{"type":"LineString","coordinates":[[35.54079667165096,33.889099329067534],[35.54078251586489,33.889102751900914]]},"properties":{"fid":13353,"LAYER":"Side Walk"}},
{"type":"Feature","geometry":{"type":"LineString","coordinates":[[35.54078251586489,33.889102751900914],[35.54074234118352,33.88911109186897]]},"properties":{"fid":13354,"LAYER":"Side Walk"}},
{"type":"Feature","geometry":{"type":"LineString","coordinates":[[35.54074234118352,33.88911109186897],[35.540735665212466,33.88911257378299]]},"properties":{"fid":13355,"LAYER":"Side Walk"}},
{"type":"Feature","geometry":{"type":"LineString","coordinates":[[35.540735665212466,33.88911257378299],[35.540700686493665,33.88908997548578]]},"properties":{"fid":13356,"LAYER":"Side Walk"}},
{"type":"Feature","geometry":{"type":"LineString","coordinates":[[35.540700686493665,33.88908997548578],[35.54069036480664,33.88908204715018]]},"properties":{"fid":13357,"LAYER":"Side Walk"}},
{"type":"Feature","geometry":{"type":"LineString","coordinates":[[35.54069036480664,33.88908204715018],[35.540680995222964,33.88907727109107]]},"properties":{"fid":13358,"LAYER":"Side Walk"}},
{"type":"Feature","geometry":{"type":"LineString","coordinates":[[35.540755908771175,33.88906545392549],[35.54076234208405,33.889074888152614]]},"properties":{"fid":13359,"LAYER":"Road"}},
{"type":"Feature","geometry":{"type":"LineString","coordinates":[[35.54076234208405,33.889074888152614],[35.54077107873113,33.889080893124365]]},"properties":{"fid":13360,"LAYER":"Road"}},
{"type":"Feature","geometry":{"type":"LineString","coordinates":[[35.54077107873113,33.889080893124365],[35.540775329101386,33.8890833688854]]},"properties":{"fid":13361,"LAYER":"Road"}},
{"type":"Feature","geometry":{"type":"LineString","coordinates":[[35.540775329101386,33.8890833688854],[35.54078703677118,33.88909156439724]]},"properties":{"fid":13362,"LAYER":"Road"}},
{"type":"Feature","geometry":{"type":"LineString","coordinates":[[35.54078703677118,33.88909156439724],[35.54079944451307,33.889099784759715]]},"properties":{"fid":13363,"LAYER":"Road"}},
{"type":"Feature","geometry":{"type":"LineString","coordinates":[[35.54079944451307,33.889099784759715],[35.54078285320427,33.889103796496535]]},"properties":{"fid":13364,"LAYER":"Road"}},
{"type":"Feature","geometry":{"type":"LineString","coordinates":[[35.54078285320427,33.889103796496535],[35.54074266463849,33.8891121393469]]},"properties":{"fid":13365,"LAYER":"Road"}},
{"type":"Feature","geometry":{"type":"LineString","coordinates":[[35.54074266463849,33.8891121393469],[35.54073537844283,33.88911375671692]]},"properties":{"fid":13366,"LAYER":"Road"}},
{"type":"Feature","geometry":{"type":"LineString","coordinates":[[35.54073537844283,33.88911375671692],[35.54069984851925,33.8890908023092]]},"properties":{"fid":13367,"LAYER":"Road"}},
{"type":"Feature","geometry":{"type":"LineString","coordinates":[[35.54069984851925,33.8890908023092],[35.54068957980344,33.889082914661984]]},"properties":{"fid":13368,"LAYER":"Road"}},
{"type":"Feature","geometry":{"type":"LineString","coordinates":[[35.54068957980344,33.889082914661984],[35.54068043004609,33.8890782506573]]},"properties":{"fid":13369,"LAYER":"Road"}},
{"type":"Feature","geometry":{"type":"LineString","coordinates":[[35.54223738007556,33.88873263314408],[35.54204606097163,33.888784797682696]]},"properties":{"fid":13370,"LAYER":"Side Walk"}},
{"type":"Feature","geometry":{"type":"LineString","coordinates":[[35.542236716505,33.88873376065261],[35.542047085069285,33.88878546907397]]},"properties":{"fid":13371,"LAYER":"Road"}},
{"type":"Feature","geometry":{"type":"LineString","coordinates":[[35.542052669062535,33.888801864618365],[35.54204606097163,33.888784797682696]]},"properties":{"fid":13372,"LAYER":"Side Walk"}},
{"type":"Feature","geometry":{"type":"LineString","coordinates":[[35.541885561190625,33.88869265592887],[35.54188510751322,33.888704373515395],[35.54186073732538,33.88873259868029],[35.54182344638448,33.888748172225974]]},"properties":{"fid":13373,"LAYER":"Road"}},
{"type":"Feature","geometry":{"type":"LineString","coordinates":[[35.54182324471066,33.88874710204873],[35.54176932072723,33.88875704160011],[35.54174918634473,33.8887392138777],[35.54173628151363,33.88874056978424]]},"properties":{"fid":13374,"LAYER":"Side Walk"}},
{"type":"Feature","geometry":{"type":"LineString","coordinates":[[35.54182324471066,33.88874710204873],[35.541883796302365,33.88870409000021],[35.541874680927286,33.88866173970996]]},"properties":{"fid":13375,"LAYER":"Side Walk"}},
{"type":"Feature","geometry":{"type":"LineString","coordinates":[[35.54193913976585,33.888703342771976],[35.54192230751557,33.888638329023586],[35.54186245615254,33.888426389374125],[35.54185969226663,33.88841670914979]]},"properties":{"fid":13376,"LAYER":"Side Walk"}},
{"type":"Feature","geometry":{"type":"LineString","coordinates":[[35.54216957029864,33.891307075571554],[35.54211182721337,33.89116606480188],[35.5418525979508,33.89100365960717],[35.54182276234587,33.89101386005221],[35.5418396777737,33.8910717985551]]},"properties":{"fid":13393,"LAYER":"Road"}},
{"type":"Feature","geometry":{"type":"LineString","coordinates":[[35.54178369400083,33.891043478346056],[35.54174781904473,33.890944533296114],[35.54154859859574,33.89081530073475],[35.54146527925534,33.89080076249179],[35.54146044426017,33.89082780864323],[35.541478923765226,33.89088263190413]]},"properties":{"fid":13394,"LAYER":"Road"}},
{"type":"Feature","geometry":{"type":"LineString","coordinates":[[35.54141743891762,33.89089269767567],[35.54137363348259,33.89076332408207],[35.54132204452692,33.89073722498606]]},"properties":{"fid":13395,"LAYER":"Road"}},
{"type":"Feature","geometry":{"type":"LineString","coordinates":[[35.54132729563725,33.890692192825625],[35.54132259866278,33.89067356662872],[35.54118675562576,33.89058788750059],[35.54110621079976,33.89053805761534],[35.54096401247778,33.89044999117293],[35.54075400513959,33.890329640351275],[35.540480321177235,33.89019929490184],[35.5404563886088,33.89021261742944]]},"properties":{"fid":13396,"LAYER":"Road"}},
{"type":"Feature","geometry":{"type":"LineString","coordinates":[[35.540397845745865,33.8901826882688],[35.54039304179406,33.89017222951772],[35.540376664416215,33.89015693972794],[35.540370822912,33.89015390028516],[35.54028745454048,33.89012103306039],[35.54011990547589,33.890059946483646],[35.54006078414063,33.89002143207614]]},"properties":{"fid":13397,"LAYER":"Road"}},
{"type":"Feature","geometry":{"type":"LineString","coordinates":[[35.53966851079405,33.890002021131146],[35.539676581405395,33.89004937355921]]},"properties":{"fid":13398,"LAYER":"Road"}},
{"type":"Feature","geometry":{"type":"LineString","coordinates":[[35.53956161539898,33.890039515240844],[35.539551383780896,33.89000365281508],[35.53954061396615,33.88999028618539],[35.539508391711486,33.88997708370596],[35.53945634112171,33.88997579074992],[35.53943625003785,33.88999315812233],[35.53920763138546,33.89000972709965],[35.53900633226454,33.89003573773081],[35.53890686376457,33.89005201994092],[35.53877882794384,33.89007843077092],[35.538604156429585,33.89012002257891],[35.53838326326847,33.89018850504746],[35.538365993189245,33.890215641529295],[35.5383811188513,33.89025161163809]]},"properties":{"fid":13399,"LAYER":"Road"}},
{"type":"Feature","geometry":{"type":"LineString","coordinates":[[35.53834714581638,33.89024914426339],[35.53833457345639,33.89022314301788],[35.53832206362407,33.89021282776245],[35.53782316998201,33.890303010324736],[35.53781657711992,33.890319565169456]]},"properties":{"fid":13400,"LAYER":"Road"}},
{"type":"Feature","geometry":{"type":"LineString","coordinates":[[35.53773586390475,33.89034089757767],[35.53755321339825,33.89036755254359],[35.537515207504214,33.890383248174224]]},"properties":{"fid":13401,"LAYER":"Road"}},
{"type":"Feature","geometry":{"type":"LineString","coordinates":[[35.537499601858435,33.8903522514101],[35.53752720542543,33.89033267880675],[35.53752275506571,33.89032076923763],[35.53750382509438,33.89031600151947],[35.53717858038942,33.89029634098169],[35.53690423164169,33.890251026844005],[35.53672345698594,33.89021046244982],[35.53666000601311,33.89019537705161]]},"properties":{"fid":13402,"LAYER":"Road"}},
{"type":"Feature","geometry":{"type":"LineString","coordinates":[[35.53685014147722,33.89008365894312],[35.53679441228847,33.89010929598508],[35.53693140610636,33.89014044842034],[35.537080501156886,33.89016649050371],[35.537196869930746,33.89018227571212]]},"properties":{"fid":13403,"LAYER":"Road"}},
{"type":"Feature","geometry":{"type":"LineString","coordinates":[[35.53722661009968,33.89018471807118],[35.53736092415012,33.890195748285244],[35.53751128720863,33.89019918922184],[35.537732055044145,33.89019107827618],[35.53773893051409,33.89012555820501]]},"properties":{"fid":13404,"LAYER":"Road"}},
{"type":"Feature","geometry":{"type":"LineString","coordinates":[[35.53780470494296,33.89014299308334],[35.537806214108954,33.890164629035205],[35.53782742363268,33.890182261686675],[35.5380044912612,33.89015975352369],[35.53825526309286,33.89010234941097],[35.53845839627674,33.89003929843308],[35.53846100036304,33.89003345836561]]},"properties":{"fid":13405,"LAYER":"Road"}},
{"type":"Feature","geometry":{"type":"LineString","coordinates":[[35.53851321897514,33.89002513333302],[35.53869807644448,33.88997716652265],[35.53874501372732,33.889981998515744],[35.5389941293225,33.88992025119726],[35.539288108359386,33.88988658858082],[35.53938445534149,33.88988174082224],[35.53940710129454,33.88989814366688],[35.539450680019286,33.88989286566479],[35.53949916478413,33.88984359230422]]},"properties":{"fid":13406,"LAYER":"Road"}},
{"type":"Feature","geometry":{"type":"LineString","coordinates":[[35.539874660628804,33.889836419339495],[35.53988976586813,33.889855712411055],[35.539944275686636,33.8898438283315]]},"properties":{"fid":13407,"LAYER":"Road"}},
{"type":"Feature","geometry":{"type":"LineString","coordinates":[[35.53995249506303,33.88988406906377],[35.53996965598864,33.88991667145195],[35.54014336114913,33.88995999993065],[35.54021467020319,33.88995596818007]]},"properties":{"fid":13408,"LAYER":"Road"}},
{"type":"Feature","geometry":{"type":"LineString","coordinates":[[35.54029887269055,33.88998931087968],[35.5407220559665,33.89018047475017],[35.54081565357666,33.890226971931945],[35.54083937653769,33.890220669038385]]},"properties":{"fid":13409,"LAYER":"Road"}},
{"type":"Feature","geometry":{"type":"LineString","coordinates":[[35.54089209451261,33.890222296651515],[35.54091100718606,33.89027158145319],[35.54094575076924,33.89029860258174],[35.541221773570676,33.890467626219284],[35.5412654626591,33.890448452427336]]},"properties":{"fid":13410,"LAYER":"Road"}},
{"type":"Feature","geometry":{"type":"LineString","coordinates":[[35.54133203959746,33.89047098668662],[35.5413426720747,33.89052582781931],[35.5413846770044,33.890569413369114],[35.5416445247166,33.89073120635722],[35.54183598798669,33.890725601703124]]},"properties":{"fid":13411,"LAYER":"Road"}},
{"type":"Feature","geometry":{"type":"LineString","coordinates":[[35.5418359287502,33.89078394430879],[35.54179287096923,33.890789427836275],[35.541786436193,33.89080712393473],[35.541808490347194,33.89083116616817],[35.54184529697715,33.89085390035355],[35.541945998458104,33.8909184176591],[35.54202603712062,33.890967447490915],[35.542041883873765,33.890967118514695]]},"properties":{"fid":13412,"LAYER":"Road"}},
{"type":"Feature","geometry":{"type":"LineString","coordinates":[[35.54209732835578,33.89098719740301],[35.54210945511163,33.89101353694087],[35.54237294650162,33.89119875853879],[35.542402655587686,33.89118565912979],[35.5423817917077,33.89112337498576]]},"properties":{"fid":13413,"LAYER":"Road"}},
{"type":"Feature","geometry":{"type":"LineString","coordinates":[[35.5430159811263,33.89185746054096],[35.54302923531836,33.89185193260241],[35.542880061154676,33.89169681455524],[35.54281341222984,33.89163388262731],[35.54243536581305,33.89131300242487],[35.54231397922944,33.89122375298258],[35.541968729880296,33.89099718938294],[35.54183300385759,33.89091409385519],[35.54182480674129,33.890921519669945],[35.54195904826811,33.89100622216258],[35.542305529922565,33.891233056419395],[35.54249167051277,33.89137142837122],[35.54280426783661,33.8916409470291],[35.5430159811263,33.89185746054096]]},"properties":{"fid":13433,"LAYER":"Road"}},
{"type":"Feature","geometry":null,"properties":{"fid":13434,"LAYER":"Road"}},
{"type":"Feature","geometry":null,"properties":{"fid":13435,"LAYER":"Road"}},
{"type":"Feature","geometry":{"type":"LineString","coordinates":[[35.54134290565022,33.89062081446208],[35.54130525138759,33.89058330909021],[35.54104133114446,33.890419637206605],[35.540809548589415,33.8902860751705],[35.54064896514514,33.890205207398466],[35.54037171677673,33.89008476830528],[35.54012080936175,33.88999109439069],[35.54011565739283,33.89000042226947],[35.540365432919856,33.89009272816501],[35.540642141779216,33.89021339496012],[35.54080417391825,33.89029632550915],[35.54103472507562,33.89042857072746],[35.54134290565022,33.89062081446208]]},"properties":{"fid":13436,"LAYER":"Road"}},
{"type":"Feature","geometry":{"type":"LineString","coordinates":[[35.5394730430314,33.88993955523917],[35.53947833465383,33.88993870940848],[35.53948027001368,33.88993692631304],[35.539481167528926,33.88993487826579],[35.53947926953028,33.88993167491371],[35.53947764923733,33.889930860744684],[35.53947385712227,33.88993000088032],[35.538929861480504,33.88998371710672],[35.53865298031432,33.8900424847374],[35.53865595238188,33.890052781557436],[35.538932316637876,33.88999396267262],[35.5394730430314,33.88993955523917]]},"properties":{"fid":13437,"LAYER":"Road"}},
{"type":"Feature","geometry":null,"properties":{"fid":13438,"LAYER":"Road"}},
{"type":"Feature","geometry":null,"properties":{"fid":13439,"LAYER":"Road"}},
{"type":"Feature","geometry":{"type":"LineString","coordinates":[[35.53681108110598,33.890052613647434],[35.5366984247448,33.890075144801784],[35.53656215386475,33.890037889392914],[35.53641031012166,33.88997706960304]]},"properties":{"fid":13440,"LAYER":"Road"}},
{"type":"Feature","geometry":{"type":"LineString","coordinates":[[35.540300810931164,33.8899901089353],[35.54046446322116,33.890058114189095],[35.54081655445602,33.89022532431372],[35.540837548926966,33.8902197064057]]},"properties":{"fid":13444,"LAYER":"Side Walk"}},
{"type":"Feature","geometry":{"type":"LineString","coordinates":[[35.54089415326262,33.89022174719119],[35.54091289399782,33.890270583933734],[35.540947114897385,33.89029719855501],[35.540992776923815,33.89032389380027],[35.54106763832258,33.89036872961441],[35.54122251521313,33.89046584415927],[35.54126377738842,33.89044732351792]]},"properties":{"fid":13445,"LAYER":"Side Walk"}},
{"type":"Feature","geometry":{"type":"LineString","coordinates":[[35.54133416436867,33.89047065528053],[35.54134473223223,33.89052497245327],[35.54138628721205,33.89056815501817],[35.541647925746986,33.89072930299327]]},"properties":{"fid":13446,"LAYER":"Side Walk"}},
{"type":"Feature","geometry":{"type":"LineString","coordinates":[[35.54183601244183,33.890785745656224],[35.54179418902219,33.89079101341294],[35.54178861053643,33.890806527345646],[35.54181002193553,33.890829868881944],[35.54184659880217,33.89085246115015],[35.54194729689687,33.8909169762855],[35.542027126255114,33.890965877902],[35.542040777988014,33.89096556959172]]},"properties":{"fid":13447,"LAYER":"Side Walk"}},
{"type":"Feature","geometry":{"type":"LineString","coordinates":[[35.542099346347456,33.89098655124173],[35.54211127214996,33.891012454304],[35.54237400985918,33.89119714561089],[35.542400468034046,33.891185828815075],[35.54237970978818,33.89112386001169]]},"properties":{"fid":13448,"LAYER":"Side Walk"}},
{"type":"Feature","geometry":{"type":"LineString","coordinates":[[35.543017453330734,33.891856105926955],[35.543027217847815,33.89185271610761],[35.542879546646446,33.89169696181417],[35.54266623871788,33.89150966013608],[35.54243387580528,33.8913143101724],[35.54231259501098,33.891225138510464],[35.54196742154169,33.890998624702945],[35.541960367887526,33.89100479427045],[35.542306905103864,33.89123166489978],[35.54249332272136,33.89137032806133],[35.54280585522148,33.89163972274246],[35.543017453330734,33.891856105926955]]},"properties":{"fid":13464,"LAYER":"Side Walk"}},
{"type":"Feature","geometry":null,"properties":{"fid":13465,"LAYER":"Side Walk"}},
{"type":"Feature","geometry":null,"properties":{"fid":13466,"LAYER":"Side Walk"}},
{"type":"Feature","geometry":null,"properties":{"fid":13467,"LAYER":"Side Walk"}},
{"type":"Feature","geometry":{"type":"LineString","coordinates":[[35.53971223970205,33.889937406609306],[35.53991240960501,33.88995257403388],[35.540056727773624,33.88997669048429],[35.53991614152847,33.88994534372579]]},"properties":{"fid":13468,"LAYER":"Side Walk"}},
{"type":"Feature","geometry":{"type":"LineString","coordinates":[[35.539473843052434,33.88993827997066],[35.53947559806815,33.889931287581526],[35.538930256835755,33.88998549335764],[35.53893191824389,33.88999218698779],[35.539473843052434,33.88993827997066]]},"properties":{"fid":13469,"LAYER":"Side Walk"}},
{"type":"Feature","geometry":null,"properties":{"fid":13470,"LAYER":"Side Walk"}},
{"type":"Feature","geometry":null,"properties":{"fid":13471,"LAYER":"Side Walk"}},
{"type":"Feature","geometry":{"type":"LineString","coordinates":[[35.54216600902205,33.8913112551985],[35.542111064775305,33.89116703732574],[35.54185197832621,33.89100527388697],[35.54182447744761,33.89101858222649],[35.54183977826731,33.89106505524047]]},"properties":{"fid":13491,"LAYER":"Side Walk"}},
{"type":"Feature","geometry":{"type":"LineString","coordinates":[[35.54178167794723,33.89104512382527],[35.5417452963469,33.89094537023849],[35.54154898366531,33.890817197013234],[35.54146547054445,33.89080222943308],[35.54147920569675,33.890877228733046]]},"properties":{"fid":13492,"LAYER":"Side Walk"}},
{"type":"Feature","geometry":{"type":"LineString","coordinates":[[35.54141569136359,33.89089259230592],[35.54137108767752,33.89076599120955],[35.54132188501233,33.89073869943434]]},"properties":{"fid":13493,"LAYER":"Side Walk"}},
{"type":"Feature","geometry":{"type":"LineString","coordinates":[[35.541320844173775,33.89067465157105],[35.54096271826937,33.89045118882149],[35.54075218361769,33.89033205814091],[35.54048073020964,33.89020190439304],[35.540458336108955,33.890212340858916]]},"properties":{"fid":13494,"LAYER":"Side Walk"}},
{"type":"Feature","geometry":{"type":"LineString","coordinates":[[35.5403958828782,33.89018486741065],[35.54037710194404,33.89015887362544],[35.54035199902415,33.89014815304087],[35.54031586606377,33.89013356435112],[35.54011990948231,33.89006138965187],[35.5400589458415,33.89002296549471]]},"properties":{"fid":13495,"LAYER":"Side Walk"}},
{"type":"Feature","geometry":{"type":"LineString","coordinates":[[35.54038047163492,33.890186155953394],[35.540284833153265,33.890137028128606]]},"properties":{"fid":13496,"LAYER":"Side Walk"}},
{"type":"Feature","geometry":{"type":"LineString","coordinates":[[35.53986043193274,33.8900014205403],[35.5397176862506,33.88997995141915]]},"properties":{"fid":13497,"LAYER":"Side Walk"}},
{"type":"Feature","geometry":{"type":"LineString","coordinates":[[35.539557312440756,33.890036665212854],[35.53954956073745,33.89000431182419],[35.53952228056608,33.88998408645928],[35.53945764919386,33.889977596873315],[35.53943751104174,33.889995567142115],[35.53920766603824,33.89001146879649],[35.5390074176816,33.89003743811446],[35.538907296001675,33.89005356586845],[35.53877971443724,33.890079719459926],[35.53860569808906,33.89012218731133],[35.53838360841306,33.890190833079004],[35.53838109934722,33.890244386793654]]},"properties":{"fid":13498,"LAYER":"Side Walk"}},
{"type":"Feature","geometry":{"type":"LineString","coordinates":[[35.53834750925214,33.89025923824785],[35.53833370055492,33.89022511962659],[35.53831255034284,33.890216925965596],[35.53782556439552,33.89030495658816],[35.53782110431984,33.89031889538718]]},"properties":{"fid":13499,"LAYER":"Side Walk"}},
{"type":"Feature","geometry":{"type":"LineString","coordinates":[[35.53749948828251,33.89035007448048],[35.53750843272039,33.8903181643825],[35.5373114180139,33.89031067665815],[35.53717832747249,33.89029848911165],[35.536903328730524,33.89025576239521],[35.53679072213105,33.890228446719284],[35.53672331572383,33.89021227113341]]},"properties":{"fid":13500,"LAYER":"Side Walk"}},
{"type":"Feature","geometry":{"type":"LineString","coordinates":[[35.536846877267784,33.89008694523261],[35.53693147799186,33.890138745927935],[35.53708142010595,33.890164704656556],[35.53717648339844,33.89017797632016],[35.53719778700067,33.890179764011556]]},"properties":{"fid":13501,"LAYER":"Side Walk"}},
{"type":"Feature","geometry":{"type":"LineString","coordinates":[[35.53722684627603,33.89018220251405],[35.53736066506382,33.8901934317969],[35.53751088587326,33.89019639956567],[35.53773013689025,33.89019014711009],[35.53773723887497,33.8901336076601]]},"properties":{"fid":13502,"LAYER":"Side Walk"}},
{"type":"Feature","geometry":{"type":"LineString","coordinates":[[35.53772652986868,33.89016005281428],[35.53755782696286,33.89016681537033]]},"properties":{"fid":13503,"LAYER":"Side Walk"}},
{"type":"Feature","geometry":{"type":"LineString","coordinates":[[35.53780855628545,33.89014168114328],[35.537809865736605,33.89016727962066],[35.53782721451176,33.890180298409796],[35.53800361893175,33.89015889816014],[35.53825499662012,33.890101232243396],[35.538456856299334,33.890037350205766],[35.538457991292304,33.89003377589572]]},"properties":{"fid":13504,"LAYER":"Side Walk"}},
{"type":"Feature","geometry":{"type":"LineString","coordinates":[[35.53811570309978,33.89012327136112],[35.538181518681,33.8901159048136]]},"properties":{"fid":13505,"LAYER":"Side Walk"}},
{"type":"Feature","geometry":{"type":"LineString","coordinates":[[35.53851012860144,33.89001687134584],[35.53869925557291,33.889975108708946],[35.53874407817088,33.88998059113855],[35.53899339388778,33.88991871440944],[35.539287114448626,33.88988502617108],[35.53938629719442,33.88987909817288],[35.539407919622256,33.88989592193402],[35.53944902231178,33.88988960623032],[35.53949663994219,33.88984345507827]]},"properties":{"fid":13506,"LAYER":"Side Walk"}},
{"type":"Feature","geometry":{"type":"LineString","coordinates":[[35.539984488331555,33.88987501466975],[35.53995538605442,33.88988552478844],[35.53997078601983,33.88991449493742],[35.540144684517884,33.88995734205745],[35.54021302331295,33.88995398978074]]},"properties":{"fid":13507,"LAYER":"Side Walk"}},
{"type":"Feature","geometry":{"type":"LineString","coordinates":[[35.53654857895378,33.890032313761935],[35.536376090559486,33.88996123720506],[35.536371868899785,33.889946989354264],[35.53638941395757,33.889941525026906]]},"properties":{"fid":13511,"LAYER":"Side Walk"}},
{"type":"Feature","geometry":{"type":"LineString","coordinates":[[35.53654857895378,33.890032313761935],[35.53668118018311,33.89006939487117],[35.53670124998218,33.89007252205431]]},"properties":{"fid":13512,"LAYER":"Side Walk"}},
{"type":"Feature","geometry":{"type":"LineString","coordinates":[[35.54219278725372,33.89105858662406],[35.542383723321706,33.89118632157572],[35.54239578936062,33.89118203957377]]},"properties":{"fid":13533,"LAYER":"building"}},
{"type":"Feature","geometry":{"type":"LineString","coordinates":[[35.54233540154755,33.89096594299794],[35.54225761200768,33.890735659079596],[35.54204111784543,33.89075747434484],[35.542118890042936,33.89101484291386],[35.542190273349235,33.89101001840652]]},"properties":{"fid":13534,"LAYER":"building"}},
{"type":"Feature","geometry":{"type":"LineString","coordinates":[[35.542190273349235,33.89101001840652],[35.54233540154755,33.89096594299794]]},"properties":{"fid":13535,"LAYER":"building"}},
{"type":"Feature","geometry":{"type":"LineString","coordinates":[[35.54239578936062,33.89118203957377],[35.542322139769475,33.89097972375084],[35.54218174895893,33.89102729818472],[35.54219278725372,33.89105858662406]]},"properties":{"fid":13536,"LAYER":"building"}},
{"type":"Feature","geometry":{"type":"LineString","coordinates":[[35.54183313544761,33.8908337739066],[35.541870796752455,33.8908562445387],[35.541924233340026,33.89089111000539],[35.5420476278422,33.89091909820105],[35.54198412585763,33.890752315888655],[35.541801659629236,33.890811872405806],[35.54183313544761,33.8908337739066]]},"properties":{"fid":13537,"LAYER":"building"}},
{"type":"Feature","geometry":{"type":"LineString","coordinates":[[35.54151671705854,33.890632779860745],[35.54163192425072,33.890604327633184],[35.54165789464913,33.89072556946265],[35.54151671705854,33.890632779860745]]},"properties":{"fid":13538,"LAYER":"building"}},
{"type":"Feature","geometry":{"type":"LineString","coordinates":[[35.54136812959061,33.89051109142825],[35.54142625642768,33.89049394948831],[35.541491289562494,33.8905502227703],[35.54141687829434,33.890571961315175],[35.54136812959061,33.89051109142825]]},"properties":{"fid":13539,"LAYER":"building"}},
{"type":"Feature","geometry":{"type":"LineString","coordinates":[[35.541051758950736,33.89034103721854],[35.54123044009057,33.890454484779575],[35.54126585263465,33.89044216708114],[35.5411906853683,33.8902280300637],[35.54102506713306,33.890273291055344],[35.541051758950736,33.89034103721854]]},"properties":{"fid":13540,"LAYER":"building"}},
{"type":"Feature","geometry":{"type":"LineString","coordinates":[[35.54083296698987,33.890216738104904],[35.54067806942748,33.89013995772591],[35.54054477699015,33.890076790843764],[35.540399042183346,33.89002123350621],[35.5403442890441,33.88998896745991],[35.54074375868014,33.889897161010126],[35.54084480078621,33.89020316432455],[35.54083296698987,33.890216738104904]]},"properties":{"fid":13541,"LAYER":"building"}},
{"type":"Feature","geometry":{"type":"LineString","coordinates":[[35.53898811956236,33.889797110894314],[35.539011566077725,33.88990555121088]]},"properties":{"fid":13542,"LAYER":"building"}},
{"type":"Feature","geometry":{"type":"LineString","coordinates":[[35.53890037779045,33.88981253176428],[35.53891983235884,33.88991769179465]]},"properties":{"fid":13543,"LAYER":"building"}},
{"type":"Feature","geometry":{"type":"LineString","coordinates":[[35.538811834675215,33.889824761735746],[35.53883601971125,33.889949927918124]]},"properties":{"fid":13544,"LAYER":"building"}},
{"type":"Feature","geometry":{"type":"LineString","coordinates":[[35.53866714999703,33.889841324703504],[35.538696638951095,33.88996893501714]]},"properties":{"fid":13545,"LAYER":"building"}},
{"type":"Feature","geometry":{"type":"LineString","coordinates":[[35.53815050152006,33.889936417646354],[35.5382508944365,33.890083027494036],[35.53830424163455,33.89006692684831],[35.53831598239283,33.890066578947774],[35.5383191943731,33.890076739530535],[35.538396814543276,33.890048486686005],[35.538471570506154,33.890023382843296],[35.53845470154781,33.88993057850966],[35.538396576905676,33.889949465343655],[35.53837767138069,33.889887517836065],[35.5381683977762,33.88991986082131],[35.53815050152006,33.889936417646354]]},"properties":{"fid":13546,"LAYER":"building"}},
{"type":"Feature","geometry":{"type":"LineString","coordinates":[[35.537822675460134,33.89016368228456],[35.53782195370204,33.890137645943895],[35.53780653407218,33.89013936111676],[35.5377983826656,33.89007491723572],[35.5378297008419,33.89006617059087],[35.53781740996106,33.889976483788374],[35.538044794655946,33.8899450107866],[35.538056917981564,33.89002515390503],[35.53815006215002,33.890011537989544],[35.538175223826606,33.890076867464316],[35.53803463336973,33.89010896433715],[35.53799075122741,33.89014446409827],[35.537822675460134,33.89016368228456]]},"properties":{"fid":13547,"LAYER":"building"}},
{"type":"Feature","geometry":{"type":"LineString","coordinates":[[35.5375711674058,33.8901442917874],[35.53756717826513,33.89005492643273],[35.537718831712624,33.890047729284824],[35.53772544594284,33.890138571199515],[35.5375711674058,33.8901442917874]]},"properties":{"fid":13548,"LAYER":"building"}},
{"type":"Feature","geometry":{"type":"LineString","coordinates":[[35.537250591863064,33.890117564526555],[35.53752926422964,33.890135073641346],[35.5375393249372,33.89006199076227],[35.53725365569957,33.890059598332265],[35.537250591863064,33.890117564526555]]},"properties":{"fid":13549,"LAYER":"building"}},
{"type":"Feature","geometry":{"type":"LineString","coordinates":[[35.536963736437905,33.8901309421454],[35.53694934491257,33.89008247917801],[35.5371715755296,33.89003115245348],[35.5371852303306,33.89013269721046],[35.53702151247813,33.89014023220637],[35.536963736437905,33.8901309421454]]},"properties":{"fid":13550,"LAYER":"building"}},
{"type":"Feature","geometry":{"type":"LineString","coordinates":[[35.53642362973364,33.889953261059354],[35.536425456521464,33.88996294202974],[35.536694801043076,33.8900650383531],[35.53672888058903,33.89005728760396],[35.536731882526716,33.89006612736704],[35.536893601300086,33.89003071168638],[35.53683780298546,33.88986076615113],[35.53643704396174,33.88994341560877],[35.53642362973364,33.889953261059354]]},"properties":{"fid":13551,"LAYER":"buildings"}},
{"type":"Feature","geometry":{"type":"LineString","coordinates":[[35.536484806424404,33.89018635556679],[35.53646257085987,33.89031780424787],[35.53660095168004,33.89033844804568],[35.53665132718009,33.89033083553575],[35.536666389896695,33.890243490149665],[35.53658349111699,33.89023524890045],[35.536484806424404,33.89018635556679]]},"properties":{"fid":13552,"LAYER":"building"}},
{"type":"Feature","geometry":{"type":"LineString","coordinates":[[35.536761147729564,33.89035995868298],[35.53677266216176,33.890272477706155],[35.536968951497975,33.89029552086829],[35.536975308022214,33.8903706274184],[35.536761147729564,33.89035995868298]]},"properties":{"fid":13553,"LAYER":"building"}},
{"type":"Feature","geometry":{"type":"LineString","coordinates":[[35.53723512550375,33.890328931865895],[35.537046542621056,33.89030949858117],[35.53703362136622,33.890378597212774],[35.53722408552094,33.89040086481144],[35.53723512550375,33.890328931865895]]},"properties":{"fid":13554,"LAYER":"building"}},
{"type":"Feature","geometry":{"type":"LineString","coordinates":[[35.53758115033275,33.89037627478998],[35.53774808542778,33.8903646461148],[35.53777395370707,33.89037627660524],[35.53778871145393,33.8904754074544],[35.53777420143698,33.8905280201465],[35.53765236105815,33.89058380775048],[35.53759204125376,33.890506407651216],[35.53764302389349,33.89047620107958],[35.537511888389595,33.89040346165559],[35.53758115033275,33.89037627478998]]},"properties":{"fid":13555,"LAYER":"building"}},
{"type":"Feature","geometry":{"type":"LineString","coordinates":[[35.53783507353175,33.89041231601623],[35.53783713726608,33.89032800525279],[35.538066841214444,33.89028906432391],[35.538252271820014,33.890283015562794],[35.53825085034259,33.89024436584928],[35.53832258827251,33.89022692519814],[35.53844637444132,33.89048458922836],[35.53843098087498,33.89050576238388],[35.53826292015509,33.89050846935226],[35.53826185883353,33.890487963459606],[35.53786511430657,33.89051075776913],[35.53783507353175,33.89041231601623]]},"properties":{"fid":13556,"LAYER":"building"}},
{"type":"Feature","geometry":{"type":"LineString","coordinates":[[35.538567374380236,33.890148335555544],[35.53841894573165,33.89019175750966],[35.53839473158904,33.8902415559323],[35.53854254157713,33.89052321235332],[35.53862351255031,33.89049167952977],[35.53849817200281,33.89024595466171],[35.5385880243944,33.89019718442722],[35.538567374380236,33.890148335555544]]},"properties":{"fid":13557,"LAYER":"building"}},
{"type":"Feature","geometry":{"type":"LineString","coordinates":[[35.5388589652996,33.890117324242254],[35.53885420199902,33.890075459495414],[35.53902606482814,33.89004251050272],[35.539039843649796,33.89018850242458],[35.53896235033041,33.89019208795408],[35.5388589652996,33.890117324242254]]},"properties":{"fid":13558,"LAYER":"building"}},
{"type":"Feature","geometry":{"type":"LineString","coordinates":[[35.539073273008576,33.89007393580129],[35.539505074487394,33.890049844067505],[35.539533828516596,33.89011877529242],[35.539543701741465,33.89024740515801],[35.53909178484133,33.890275154086545],[35.539073273008576,33.89007393580129]]},"properties":{"fid":13559,"LAYER":"building"}},
{"type":"Feature","geometry":{"type":"LineString","coordinates":[[35.539719288372346,33.8901084522692],[35.53968082175568,33.89000863147754],[35.53986980732722,33.89001790314566],[35.53987640766833,33.89006764799293],[35.539719288372346,33.8901084522692]]},"properties":{"fid":13560,"LAYER":"building"}},
{"type":"Feature","geometry":{"type":"LineString","coordinates":[[35.54000773959499,33.89019363544966],[35.539959483738144,33.890057171736494],[35.54017667254173,33.89010641661191],[35.540183305424854,33.890147339911664],[35.54000773959499,33.89019363544966]]},"properties":{"fid":13561,"LAYER":"building"}},
{"type":"Feature","geometry":{"type":"LineString","coordinates":[[35.54073874476748,33.89045694894481],[35.54073498273437,33.89033818673991],[35.5405276218584,33.890238960672804],[35.54045581770817,33.890214830588434],[35.54052331303257,33.89044417926347],[35.54055939913858,33.890467495340175],[35.54073874476748,33.89045694894481]]},"properties":{"fid":13562,"LAYER":"building"}},
{"type":"Feature","geometry":{"type":"LineString","coordinates":[[35.54073874476748,33.89045694894481],[35.54092387924739,33.890450654400084],[35.54073498273437,33.89033818673991]]},"properties":{"fid":13563,"LAYER":"building"}},
{"type":"Feature","geometry":{"type":"LineString","coordinates":[[35.54094404504906,33.890546343131774],[35.540937836984455,33.89046450444027],[35.54109699049186,33.89055608069923],[35.54110071673194,33.890703374688826],[35.54094071913023,33.89070618964298],[35.54094404504906,33.890546343131774]]},"properties":{"fid":13564,"LAYER":"building"}},
{"type":"Feature","geometry":{"type":"LineString","coordinates":[[35.5411069320457,33.890700643954695],[35.54128969919854,33.89067571757158],[35.54109649925226,33.89055605401423]]},"properties":{"fid":13565,"LAYER":"building"}},
{"type":"Feature","geometry":{"type":"LineString","coordinates":[[35.54148617931581,33.89089701876455],[35.54147688732469,33.89084665370985],[35.54154957536477,33.890837553193535],[35.54174118008454,33.890955333732045],[35.54175697275109,33.89099670331311],[35.54154019060983,33.89105423521621],[35.54148617931581,33.89089701876455]]},"properties":{"fid":13566,"LAYER":"building"}},
{"type":"Feature","geometry":{"type":"LineString","coordinates":[[35.54194175942624,33.891345385791446],[35.54183755167854,33.891015781915875],[35.542111726666825,33.891194951754485],[35.542133878611324,33.89123536538663],[35.54220760080509,33.89145814334527],[35.54203325328279,33.89147124834904],[35.542003542506215,33.89137097504486],[35.54194175942624,33.891345385791446]]},"properties":{"fid":13568,"LAYER":"building"}},
{"type":"Feature","geometry":{"type":"LineString","coordinates":[[35.53717026132224,33.890315099868786],[35.53718170968917,33.89029883845611]]},"properties":{"fid":13592,"LAYER":"entrance"}},
{"type":"Feature","geometry":{"type":"LineString","coordinates":[[35.537135953166484,33.89030955583519],[35.537145477827636,33.89029338527745]]},"properties":{"fid":13593,"LAYER":"entrance"}},
{"type":"Feature","geometry":{"type":"LineString","coordinates":[[35.53689150355933,33.890286428994926],[35.536903328730524,33.89025576239521]]},"properties":{"fid":13594,"LAYER":"entrance"}},
{"type":"Feature","geometry":{"type":"LineString","coordinates":[[35.5369127350898,33.89028681167932],[35.53692407979973,33.89025898652391]]},"properties":{"fid":13595,"LAYER":"entrance"}},
{"type":"Feature","geometry":{"type":"LineString","coordinates":[[35.536761477846476,33.89023129472001],[35.53676462160517,33.89022218335393]]},"properties":{"fid":13596,"LAYER":"entrance"}},
{"type":"Feature","geometry":{"type":"LineString","coordinates":[[35.536723412267484,33.890225351613765],[35.53672757302284,33.890213292763164]]},"properties":{"fid":13597,"LAYER":"entrance"}},
{"type":"Feature","geometry":{"type":"LineString","coordinates":[[35.53719722580673,33.890179261835776],[35.537196869930746,33.89018227571212]]},"properties":{"fid":13598,"LAYER":"entrance"}},
{"type":"Feature","geometry":{"type":"LineString","coordinates":[[35.53722690653659,33.890182207570774],[35.53722661009968,33.89018471807118]]},"properties":{"fid":13599,"LAYER":"entrance"}},
{"type":"Feature","geometry":{"type":"LineString","coordinates":[[35.53789881337645,33.89015497652238],[35.53790206613503,33.890172773448704]]},"properties":{"fid":13600,"LAYER":"entrance"}},
{"type":"Feature","geometry":{"type":"LineString","coordinates":[[35.53791905182753,33.890152662408994],[35.537922258413,33.89017020668386]]},"properties":{"fid":13601,"LAYER":"entrance"}},
{"type":"Feature","geometry":{"type":"LineString","coordinates":[[35.53792297653486,33.89015191290441],[35.53792622788546,33.89016970209936]]},"properties":{"fid":13602,"LAYER":"entrance"}},
{"type":"Feature","geometry":{"type":"LineString","coordinates":[[35.53794607208297,33.89014946133143],[35.53794923694097,33.89016677727149]]},"properties":{"fid":13603,"LAYER":"entrance"}},
{"type":"Feature","geometry":{"type":"LineString","coordinates":[[35.53794959535619,33.89014849149905],[35.537952853449255,33.890166317553614]]},"properties":{"fid":13604,"LAYER":"entrance"}},
{"type":"Feature","geometry":{"type":"LineString","coordinates":[[35.537984916068396,33.89014388250559],[35.53798819545015,33.890161824996426]]},"properties":{"fid":13605,"LAYER":"entrance"}},
{"type":"Feature","geometry":{"type":"LineString","coordinates":[[35.538395165685074,33.890049086852024],[35.5383990220431,33.89005772778354]]},"properties":{"fid":13606,"LAYER":"entrance"}},
{"type":"Feature","geometry":{"type":"LineString","coordinates":[[35.538407019564495,33.890045059735584],[35.538411012240836,33.89005400611233]]},"properties":{"fid":13607,"LAYER":"entrance"}},
{"type":"Feature","geometry":{"type":"LineString","coordinates":[[35.53900034587294,33.889904406768544],[35.53900279117896,33.889919259365776]]},"properties":{"fid":13608,"LAYER":"entrance"}},
{"type":"Feature","geometry":{"type":"LineString","coordinates":[[35.53902944885333,33.88989977732924],[35.53903210374614,33.88991590290658]]},"properties":{"fid":13609,"LAYER":"entrance"}},
{"type":"Feature","geometry":{"type":"LineString","coordinates":[[35.53995219333089,33.88984149021467],[35.5399870202397,33.88983102571544]]},"properties":{"fid":13610,"LAYER":"entrance"}},
{"type":"Feature","geometry":{"type":"LineString","coordinates":[[35.53996921771819,33.889876559821104],[35.53999917201033,33.88986699477897]]},"properties":{"fid":13611,"LAYER":"entrance"}},
{"type":"Feature","geometry":{"type":"LineString","coordinates":[[35.54094419804074,33.89028003187129],[35.540935219812134,33.89029041234278]]},"properties":{"fid":13612,"LAYER":"entrance"}},
{"type":"Feature","geometry":{"type":"LineString","coordinates":[[35.54095568424708,33.89028770130387],[35.54094626699781,33.89029890438297]]},"properties":{"fid":13613,"LAYER":"entrance"}},
{"type":"Feature","geometry":{"type":"LineString","coordinates":[[35.54183313544761,33.8908337739066],[35.541825900810885,33.89084192001369]]},"properties":{"fid":13614,"LAYER":"entrance"}},
{"type":"Feature","geometry":{"type":"LineString","coordinates":[[35.54184325375526,33.890840032242394],[35.54183602405527,33.89084817279177]]},"properties":{"fid":13615,"LAYER":"entrance"}},
{"type":"Feature","geometry":{"type":"LineString","coordinates":[[35.541853589043484,33.89084422255521],[35.54184529697715,33.89085390035355]]},"properties":{"fid":13616,"LAYER":"entrance"}},
{"type":"Feature","geometry":{"type":"LineString","coordinates":[[35.541864786642904,33.89085155875245],[35.54185619663809,33.89086088354397]]},"properties":{"fid":13617,"LAYER":"entrance"}},
{"type":"Feature","geometry":{"type":"LineString","coordinates":[[35.53716649150737,33.8903198594658],[35.53717026132224,33.890315099868786]]},"properties":{"fid":13641,"LAYER":"entrance"}},
{"type":"Feature","geometry":{"type":"LineString","coordinates":[[35.53713033085227,33.890318132914544],[35.537135953166484,33.89030955583519]]},"properties":{"fid":13642,"LAYER":"entrance"}},
{"type":"Feature","geometry":{"type":"LineString","coordinates":[[35.53706005023929,33.890310890538096],[35.53706784902896,33.890278051580154]]},"properties":{"fid":13645,"LAYER":"entrance"}},
{"type":"Feature","geometry":{"type":"LineString","coordinates":[[35.53904712749119,33.89003850435746],[35.53904566917166,33.89003065488563]]},"properties":{"fid":13646,"LAYER":"entrance"}},
{"type":"Feature","geometry":{"type":"LineString","coordinates":[[35.539087168731136,33.89003351048292],[35.53908567775167,33.890025485237814]]},"properties":{"fid":13647,"LAYER":"entrance"}},
{"type":"Feature","geometry":{"type":"LineString","coordinates":[[35.538883922592724,33.890068753408364],[35.53888056836044,33.890057444087255]]},"properties":{"fid":13648,"LAYER":"entrance"}},
{"type":"Feature","geometry":{"type":"LineString","coordinates":[[35.53886913643067,33.890072143511645],[35.53886568715781,33.89006051373951]]},"properties":{"fid":13649,"LAYER":"entrance"}},
{"type":"Feature","geometry":null,"properties":{"fid":13658,"LAYER":"generator"}},
{"type":"Feature","geometry":{"type":"LineString","coordinates":[[35.53696543207553,33.89013167096708],[35.53699516487711,33.89013876725456]]},"properties":{"fid":13672,"LAYER":"gate"}},
{"type":"Feature","geometry":{"type":"LineString","coordinates":[[35.53736578027518,33.89012606526724],[35.53740505323737,33.8901274889974]]},"properties":{"fid":13673,"LAYER":"gate"}},
{"type":"Feature","geometry":{"type":"LineString","coordinates":[[35.53825327919462,33.89008299037095],[35.53829412755975,33.890068099476736]]},"properties":{"fid":13674,"LAYER":"gate"}},
{"type":"Feature","geometry":{"type":"LineString","coordinates":[[35.53831260487443,33.89007385490136],[35.53834546983511,33.89006362698923]]},"properties":{"fid":13675,"LAYER":"gate"}},
{"type":"Feature","geometry":{"type":"LineString","coordinates":[[35.53835156699149,33.89006163237499],[35.53838657684161,33.89005157564324]]},"properties":{"fid":13676,"LAYER":"gate"}},
{"type":"Feature","geometry":{"type":"LineString","coordinates":[[35.538417782994706,33.8900393959952],[35.53845236480224,33.890028974936165]]},"properties":{"fid":13677,"LAYER":"gate"}},
{"type":"Feature","geometry":{"type":"LineString","coordinates":[[35.53864485511687,33.88997773286226],[35.53868756070791,33.889969570459435]]},"properties":{"fid":13678,"LAYER":"gate"}},
{"type":"Feature","geometry":{"type":"LineString","coordinates":[[35.53883890922782,33.8899531923473],[35.53888280969626,33.88994106048132]]},"properties":{"fid":13679,"LAYER":"gate"}},
{"type":"Feature","geometry":{"type":"LineString","coordinates":[[35.53892579347681,33.88991690286723],[35.53895408829839,33.88991191486756]]},"properties":{"fid":13680,"LAYER":"gate"}},
{"type":"Feature","geometry":{"type":"LineString","coordinates":[[35.53904858656861,33.88989808423806],[35.53907393879991,33.88989520263488]]},"properties":{"fid":13681,"LAYER":"gate"}},
{"type":"Feature","geometry":{"type":"LineString","coordinates":[[35.539743099470456,33.89000330793217],[35.53978892717063,33.89000957707431]]},"properties":{"fid":13682,"LAYER":"gate"}},
{"type":"Feature","geometry":{"type":"LineString","coordinates":[[35.53982236798842,33.890015942707215],[35.539861796738464,33.89001905678622]]},"properties":{"fid":13683,"LAYER":"gate"}},
{"type":"Feature","geometry":{"type":"LineString","coordinates":[[35.54039427549953,33.890026075657886],[35.5404471371841,33.890041470774484]]},"properties":{"fid":13684,"LAYER":"gate"}},
{"type":"Feature","geometry":{"type":"LineString","coordinates":[[35.540756434312925,33.89018025665506],[35.54079528426808,33.8901978651334]]},"properties":{"fid":13685,"LAYER":"gate"}},
{"type":"Feature","geometry":{"type":"LineString","coordinates":[[35.54063711462336,33.89028591410423],[35.540715953184225,33.890327468854665]]},"properties":{"fid":13686,"LAYER":"gate"}},
{"type":"Feature","geometry":{"type":"LineString","coordinates":[[35.54096610345315,33.89029477123539],[35.54098603737369,33.89030727917021]]},"properties":{"fid":13687,"LAYER":"gate"}},
{"type":"Feature","geometry":{"type":"LineString","coordinates":[[35.540992609446825,33.89031197246472],[35.5410156037506,33.89032653632211]]},"properties":{"fid":13688,"LAYER":"gate"}},
{"type":"Feature","geometry":{"type":"LineString","coordinates":[[35.54087147949667,33.89041286006861],[35.54090229721548,33.89043321820468]]},"properties":{"fid":13689,"LAYER":"gate"}},
{"type":"Feature","geometry":{"type":"LineString","coordinates":[[35.54099414199512,33.89049230856418],[35.541017637552976,33.890507040448604]]},"properties":{"fid":13690,"LAYER":"gate"}},
{"type":"Feature","geometry":{"type":"LineString","coordinates":[[35.54191485958718,33.891063658468084],[35.54193664679039,33.89107582375812]]},"properties":{"fid":13691,"LAYER":"gate"}},
{"type":"Feature","geometry":{"type":"LineString","coordinates":[[35.54194871576094,33.891083014138815],[35.54197575064025,33.89109896799593]]},"properties":{"fid":13692,"LAYER":"gate"}},
{"type":"Feature","geometry":{"type":"LineString","coordinates":[[35.54225857681225,33.891100325941885],[35.542205515969705,33.891067058994835]]},"properties":{"fid":13697,"LAYER":"gate"}},
{"type":"Feature","geometry":{"type":"LineString","coordinates":[[35.54197152856967,33.890918760480155],[35.54193005990091,33.890892967438226]]},"properties":{"fid":13698,"LAYER":"gate"}},
{"type":"Feature","geometry":null,"properties":{"fid":13750,"LAYER":"flower bed"}},
{"type":"Feature","geometry":{"type":"LineString","coordinates":[[35.53818667301682,33.89009627731292],[35.53817528702353,33.890050369722694]]},"properties":{"fid":13755,"LAYER":"corridor"}},
{"type":"Feature","geometry":{"type":"LineString","coordinates":[[35.538241569257124,33.89008677735091],[35.53820899449175,33.890040166579986]]},"properties":{"fid":13756,"LAYER":"corridor"}},
{"type":"Feature","geometry":{"type":"LineString","coordinates":[[35.53754584038469,33.890135654299826],[35.537552357659635,33.89007273023221]]},"properties":{"fid":13757,"LAYER":"corridor"}},
{"type":"Feature","geometry":{"type":"LineString","coordinates":[[35.53757012870613,33.890144655956625],[35.537566625152415,33.89007906565055]]},"properties":{"fid":13758,"LAYER":"corridor"}},
{"type":"Feature","geometry":{"type":"LineString","coordinates":[[35.541649437694986,33.890898347482484],[35.5416155846852,33.89087712487515]]},"properties":{"fid":13768,"LAYER":"Wall"}},
{"type":"Feature","geometry":{"type":"LineString","coordinates":[[35.53953169538849,33.89000993856811],[35.539330538562176,33.89001181888598],[35.539093669379234,33.890033998897856],[35.53889306161986,33.89006771387761],[35.53870178224664,33.89011358044467],[35.538567374380236,33.890148335555544],[35.53842051970889,33.89018953555265]]},"properties":{"fid":13769,"LAYER":"Wall"}},
{"type":"Feature","geometry":{"type":"LineString","coordinates":[[35.53953172567471,33.89001219179865],[35.53933067511294,33.89001407112312],[35.539094119108675,33.89003622198791],[35.53889370289374,33.89006990477577],[35.53870255575629,33.8901157396341],[35.538568205362715,33.89015047988365],[35.53842138123267,33.89019167131236]]},"properties":{"fid":13770,"LAYER":"Wall"}},
{"type":"Feature","geometry":null,"properties":{"fid":13807,"LAYER":"gully"}},
{"type":"Feature","geometry":null,"properties":{"fid":13808,"LAYER":"gully"}},
{"type":"Feature","geometry":null,"properties":{"fid":13809,"LAYER":"gully"}},
{"type":"Feature","geometry":{"type":"LineString","coordinates":[[35.54021666060629,33.890089265252065],[35.54021378818065,33.89009454732115],[35.54020781733607,33.890092523230436]]},"properties":{"fid":13810,"LAYER":"gully"}},
{"type":"Feature","geometry":{"type":"LineString","coordinates":[[35.54021666060629,33.890089265252065],[35.54021068976198,33.890087241161474]]},"properties":{"fid":13811,"LAYER":"gully"}},
{"type":"Feature","geometry":{"type":"LineString","coordinates":[[35.54020781733607,33.890092523230436],[35.54021068976198,33.890087241161474]]},"properties":{"fid":13812,"LAYER":"gully"}},
{"type":"Feature","geometry":null,"properties":{"fid":13813,"LAYER":"gully"}},
{"type":"Feature","geometry":null,"properties":{"fid":13814,"LAYER":"gully"}},
{"type":"Feature","geometry":null,"properties":{"fid":13815,"LAYER":"gully"}},
{"type":"Feature","geometry":null,"properties":{"fid":13816,"LAYER":"gully"}},
{"type":"Feature","geometry":null,"properties":{"fid":13817,"LAYER":"gully"}},
{"type":"Feature","geometry":null,"properties":{"fid":13818,"LAYER":"gully"}},
{"type":"Feature","geometry":null,"properties":{"fid":13819,"LAYER":"gully"}},
{"type":"Feature","geometry":null,"properties":{"fid":13820,"LAYER":"gully"}},
{"type":"Feature","geometry":null,"properties":{"fid":13821,"LAYER":"gully"}},
{"type":"Feature","geometry":null,"properties":{"fid":13822,"LAYER":"gully"}},
{"type":"Feature","geometry":null,"properties":{"fid":13823,"LAYER":"gully"}},
{"type":"Feature","geometry":null,"properties":{"fid":13824,"LAYER":"gully"}},
{"type":"Feature","geometry":null,"properties":{"fid":13825,"LAYER":"gully"}},
{"type":"Feature","geometry":null,"properties":{"fid":13826,"LAYER":"gully"}},
{"type":"Feature","geometry":null,"properties":{"fid":13827,"LAYER":"gully"}},
{"type":"Feature","geometry":null,"properties":{"fid":13828,"LAYER":"gully"}},
{"type":"Feature","geometry":{"type":"LineString","coordinates":[[35.541057919166306,33.890502503934464],[35.541053924028404,33.89050748251901]]},"properties":{"fid":13829,"LAYER":"gully"}},
{"type":"Feature","geometry":{"type":"LineString","coordinates":[[35.541053924028404,33.89050748251901],[35.54104873989255,33.89050398438042]]},"properties":{"fid":13830,"LAYER":"gully"}},
{"type":"Feature","geometry":{"type":"LineString","coordinates":[[35.541057919166306,33.890502503934464],[35.54105273503059,33.89049900579604]]},"properties":{"fid":13831,"LAYER":"gully"}},
{"type":"Feature","geometry":{"type":"LineString","coordinates":[[35.54105273503059,33.89049900579604],[35.54104873989255,33.89050398438042]]},"properties":{"fid":13832,"LAYER":"gully"}},
{"type":"Feature","geometry":null,"properties":{"fid":13833,"LAYER":"new jersey"}},
{"type":"Feature","geometry":null,"properties":{"fid":13834,"LAYER":"new jersey"}},
{"type":"Feature","geometry":null,"properties":{"fid":13835,"LAYER":"new jersey"}},
{"type":"Feature","geometry":null,"properties":{"fid":13836,"LAYER":"new jersey"}},
{"type":"Feature","geometry":null,"properties":{"fid":13837,"LAYER":"new jersey"}},
{"type":"Feature","geometry":null,"properties":{"fid":13838,"LAYER":"new jersey"}},
{"type":"Feature","geometry":null,"properties":{"fid":13839,"LAYER":"new jersey"}},
{"type":"Feature","geometry":null,"properties":{"fid":13843,"LAYER":"manhole sewer"}},
{"type":"Feature","geometry":null,"properties":{"fid":13844,"LAYER":"manhole sewer"}},
{"type":"Feature","geometry":{"type":"LineString","coordinates":[[35.5363766863886,33.88995122550406],[35.536382016124556,33.88995280705535],[35.5363766863886,33.88995122550406]]},"properties":{"fid":13845,"LAYER":"manhole sewer"}},
{"type":"Feature","geometry":{"type":"LineString","coordinates":[[35.53635418181254,33.89001471713676],[35.53635525459951,33.89001927621661],[35.53635418181254,33.89001471713676]]},"properties":{"fid":13846,"LAYER":"manhole sewer"}},
{"type":"Feature","geometry":null,"properties":{"fid":13860,"LAYER":"manhole water"}},
{"type":"Feature","geometry":null,"properties":{"fid":13861,"LAYER":"manhole water"}},
{"type":"Feature","geometry":null,"properties":{"fid":13862,"LAYER":"manhole water"}},
{"type":"Feature","geometry":null,"properties":{"fid":13867,"LAYER":"manhole"}},
{"type":"Feature","geometry":null,"properties":{"fid":13868,"LAYER":"manhole"}},
{"type":"Feature","geometry":null,"properties":{"fid":13869,"LAYER":"manhole"}},
{"type":"Feature","geometry":null,"properties":{"fid":13870,"LAYER":"manhole"}},
{"type":"Feature","geometry":null,"properties":{"fid":13871,"LAYER":"manhole"}},
{"type":"Feature","geometry":null,"properties":{"fid":13872,"LAYER":"manhole"}},
{"type":"Feature","geometry":null,"properties":{"fid":13873,"LAYER":"manhole"}},
{"type":"Feature","geometry":null,"properties":{"fid":13874,"LAYER":"manhole"}},
{"type":"Feature","geometry":null,"properties":{"fid":13875,"LAYER":"manhole"}},
{"type":"Feature","geometry":null,"properties":{"fid":13876,"LAYER":"manhole"}},
{"type":"Feature","geometry":null,"properties":{"fid":13877,"LAYER":"manhole"}},
{"type":"Feature","geometry":null,"properties":{"fid":13878,"LAYER":"manhole"}},
{"type":"Feature","geometry":{"type":"LineString","coordinates":[[35.53702280686366,33.89015158335793],[35.53702556910876,33.8901519891593]]},"properties":{"fid":13879,"LAYER":"electrical pole"}},
{"type":"Feature","geometry":null,"properties":{"fid":13883,"LAYER":"electrical pole"}},
{"type":"Feature","geometry":null,"properties":{"fid":13884,"LAYER":"electrical pole"}},
{"type":"Feature","geometry":{"type":"LineString","coordinates":[[35.53669552427854,33.89007775632075],[35.536694158297536,33.890077066831516]]},"properties":{"fid":13885,"LAYER":"electrical pole"}},
{"type":"Feature","geometry":{"type":"LineString","coordinates":[[35.53669497829086,33.89007557571027],[35.536694158297536,33.890077066831516]]},"properties":{"fid":13886,"LAYER":"electrical pole"}},
{"type":"Feature","geometry":{"type":"LineString","coordinates":[[35.53669634427185,33.8900762651995],[35.53669552427854,33.89007775632075]]},"properties":{"fid":13887,"LAYER":"electrical pole"}},
{"type":"Feature","geometry":null,"properties":{"fid":13888,"LAYER":"GARBEDGE"}},
{"type":"Feature","geometry":null,"properties":{"fid":13889,"LAYER":"pot hole"}},
{"type":"Feature","geometry":null,"properties":{"fid":13890,"LAYER":"pot hole"}},
{"type":"Feature","geometry":null,"properties":{"fid":13892,"LAYER":"cofe station"}},
{"type":"Feature","geometry":{"type":"LineString","coordinates":[[35.541814634357316,33.89078779327757],[35.54183292087156,33.890785515606964]]},"properties":{"fid":13893,"LAYER":"cofe station"}},
{"type":"Feature","geometry":{"type":"LineString","coordinates":[[35.53664389784496,33.89004574331667],[35.53663202392433,33.89007024547306],[35.53668641575504,33.890089853957775],[35.53669973403342,33.89006391643827]]},"properties":{"fid":13897,"LAYER":"tent"}},
{"type":"Feature","geometry":{"type":"LineString","coordinates":[[35.537678551142285,33.89024795579959],[35.537672408522475,33.89019447141748]]},"properties":{"fid":13898,"LAYER":"SB"}},
{"type":"Feature","geometry":{"type":"LineString","coordinates":[[35.53765047868272,33.89019571894378],[35.53765757766485,33.89024880709016]]},"properties":{"fid":13899,"LAYER":"SB"}},
{"type":"Feature","geometry":{"type":"LineString","coordinates":[[35.53633944898243,33.89008470528107],[35.53636931274322,33.890094844991886]]},"properties":{"fid":13900,"LAYER":"tent"}},
{"type":"Feature","geometry":{"type":"LineString","coordinates":[[35.53642328130246,33.889989770617454],[35.53642001899482,33.88998199957693]]},"properties":{"fid":13901,"LAYER":"gully"}},
{"type":"Feature","geometry":{"type":"LineString","coordinates":[[35.53660126934036,33.89021258304384],[35.536720002685655,33.89022875087839],[35.536711945410545,33.89026120254032]]},"properties":{"fid":13902,"LAYER":"tent"}},
{"type":"Feature","geometry":{"type":"LineString","coordinates":[[35.53660126934036,33.89021258304384],[35.53659782579171,33.89023667396326]]},"properties":{"fid":13903,"LAYER":"tent"}},
{"type":"Feature","geometry":{"type":"LineString","coordinates":[[35.53659957144884,33.89023597736099],[35.536719231723005,33.89022935573708],[35.536703600096786,33.89030185137288],[35.536660058805516,33.8902953545136]]},"properties":{"fid":13904,"LAYER":"side walk as parking"}},
{"type":"Feature","geometry":{"type":"LineString","coordinates":[[35.537023157847855,33.89014922372953],[35.53702280686366,33.89015158335793]]},"properties":{"fid":13905,"LAYER":"electrical pole"}},
{"type":"Feature","geometry":{"type":"LineString","coordinates":[[35.53698390189974,33.89030613701401],[35.537046542621056,33.89030949858117]]},"properties":{"fid":13906,"LAYER":"building"}},
{"type":"Feature","geometry":{"type":"LineString","coordinates":[[35.53719722580673,33.890179261835776],[35.5372008457592,33.890139305232466]]},"properties":{"fid":13907,"LAYER":"entrance"}},
{"type":"Feature","geometry":{"type":"LineString","coordinates":[[35.53722684627603,33.89018220251405],[35.53723214826338,33.890141678706335]]},"properties":{"fid":13908,"LAYER":"entrance"}},
{"type":"Feature","geometry":{"type":"LineString","coordinates":[[35.53736578027518,33.89012606526724],[35.53736066506382,33.8901934317969]]},"properties":{"fid":13909,"LAYER":"entrance"}},
{"type":"Feature","geometry":{"type":"LineString","coordinates":[[35.53740831292646,33.89012722394728],[35.53740640655085,33.890194335487166]]},"properties":{"fid":13910,"LAYER":"entrance"}},
{"type":"Feature","geometry":{"type":"LineString","coordinates":[[35.537728354908616,33.89016204783606],[35.537730267135565,33.890187026660406],[35.53741058217386,33.89019159068686],[35.537411993112,33.89016508851402],[35.537557341214345,33.890168366431446],[35.537728354908616,33.89016204783606]]},"properties":{"fid":13911,"LAYER":"side walk as parking"}},
{"type":"Feature","geometry":{"type":"LineString","coordinates":[[35.53773586390475,33.89034089757767],[35.537777933614585,33.890372086409734],[35.53780181912879,33.89049302553146]]},"properties":{"fid":13912,"LAYER":"Road"}},
{"type":"Feature","geometry":{"type":"LineString","coordinates":[[35.53781657711992,33.890319565169456],[35.53784032896544,33.8905142694319]]},"properties":{"fid":13913,"LAYER":"Road"}},
{"type":"Feature","geometry":{"type":"LineString","coordinates":[[35.5380301877352,33.890137446155826],[35.53811467180667,33.89012361988656]]},"properties":{"fid":13914,"LAYER":"stairs"}},
{"type":"Feature","geometry":{"type":"LineString","coordinates":[[35.53803074025322,33.890139794226535],[35.538115224326965,33.890125967957]]},"properties":{"fid":13915,"LAYER":"stairs"}},
{"type":"Feature","geometry":{"type":"LineString","coordinates":[[35.538031292771265,33.8901421422973],[35.53811577684728,33.890128316027415]]},"properties":{"fid":13916,"LAYER":"stairs"}},
{"type":"Feature","geometry":null,"properties":{"fid":13917,"LAYER":"new jersey"}},
{"type":"Feature","geometry":null,"properties":{"fid":13918,"LAYER":"new jersey"}},
{"type":"Feature","geometry":null,"properties":{"fid":13919,"LAYER":"new jersey"}},
{"type":"Feature","geometry":null,"properties":{"fid":13920,"LAYER":"new jersey"}},
{"type":"Feature","geometry":null,"properties":{"fid":13921,"LAYER":"new jersey"}},
{"type":"Feature","geometry":null,"properties":{"fid":13922,"LAYER":"new jersey"}},
{"type":"Feature","geometry":null,"properties":{"fid":13923,"LAYER":"new jersey"}},
{"type":"Feature","geometry":null,"properties":{"fid":13924,"LAYER":"traffic box"}},
{"type":"Feature","geometry":null,"properties":{"fid":13925,"LAYER":"traffic box"}},
{"type":"Feature","geometry":null,"properties":{"fid":13926,"LAYER":"new jersey"}},
{"type":"Feature","geometry":null,"properties":{"fid":13927,"LAYER":"new jersey"}},
{"type":"Feature","geometry":null,"properties":{"fid":13928,"LAYER":"new jersey"}},
{"type":"Feature","geometry":null,"properties":{"fid":13929,"LAYER":"new jersey"}},
{"type":"Feature","geometry":{"type":"LineString","coordinates":[[35.54089227438366,33.89019085244155],[35.540919405634234,33.89026527996934],[35.541051758950736,33.89034103721854]]},"properties":{"fid":13930,"LAYER":"building"}},
{"type":"Feature","geometry":{"type":"LineString","coordinates":[[35.54089227438366,33.89019085244155],[35.54086465199889,33.89003043190929]]},"properties":{"fid":13931,"LAYER":"building"}},
{"type":"Feature","geometry":{"type":"LineString","coordinates":[[35.541345004387736,33.89045308530044],[35.54136812959061,33.89051109142825]]},"properties":{"fid":13932,"LAYER":"building"}},
{"type":"Feature","geometry":{"type":"LineString","coordinates":[[35.54141687829434,33.890571961315175],[35.54151671705854,33.890632779860745]]},"properties":{"fid":13933,"LAYER":"building"}},
{"type":"Feature","geometry":{"type":"LineString","coordinates":[[35.54132729563725,33.890692192825625],[35.54125302298862,33.89070565675264]]},"properties":{"fid":13961,"LAYER":"Road"}},
{"type":"Feature","geometry":{"type":"LineString","coordinates":[[35.54132204452692,33.89073722498606],[35.54126411375849,33.89074240979573]]},"properties":{"fid":13962,"LAYER":"Road"}},
{"type":"Feature","geometry":{"type":"LineString","coordinates":[[35.54139150189895,33.890945340501986],[35.541359429053784,33.890780418407324],[35.5413134528677,33.89075567241196],[35.541221783129586,33.89075997246739]]},"properties":{"fid":13963,"LAYER":"building"}},
{"type":"Feature","geometry":null,"properties":{"fid":13964,"LAYER":"new jersey"}},
{"type":"Feature","geometry":null,"properties":{"fid":13965,"LAYER":"new jersey"}},
{"type":"Feature","geometry":null,"properties":{"fid":13966,"LAYER":"new jersey"}},
{"type":"Feature","geometry":null,"properties":{"fid":13967,"LAYER":"new jersey"}},
{"type":"Feature","geometry":null,"properties":{"fid":13968,"LAYER":"new jersey"}},
{"type":"Feature","geometry":null,"properties":{"fid":13969,"LAYER":"new jersey"}},
{"type":"Feature","geometry":null,"properties":{"fid":13970,"LAYER":"new jersey"}},
{"type":"Feature","geometry":null,"properties":{"fid":13971,"LAYER":"new jersey"}},
{"type":"Feature","geometry":null,"properties":{"fid":13972,"LAYER":"new jersey"}},
{"type":"Feature","geometry":null,"properties":{"fid":13973,"LAYER":"new jersey"}},
{"type":"Feature","geometry":null,"properties":{"fid":13974,"LAYER":"new jersey"}},
{"type":"Feature","geometry":null,"properties":{"fid":13975,"LAYER":"new jersey"}},
{"type":"Feature","geometry":null,"properties":{"fid":13976,"LAYER":"new jersey"}},
{"type":"Feature","geometry":null,"properties":{"fid":13977,"LAYER":"new jersey"}},
{"type":"Feature","geometry":null,"properties":{"fid":13978,"LAYER":"new jersey"}},
{"type":"Feature","geometry":null,"properties":{"fid":13979,"LAYER":"new jersey"}},
{"type":"Feature","geometry":null,"properties":{"fid":13980,"LAYER":"new jersey"}},
{"type":"Feature","geometry":null,"properties":{"fid":13981,"LAYER":"new jersey"}},
{"type":"Feature","geometry":null,"properties":{"fid":13982,"LAYER":"new jersey"}},
{"type":"Feature","geometry":null,"properties":{"fid":13983,"LAYER":"new jersey"}},
{"type":"Feature","geometry":null,"properties":{"fid":13984,"LAYER":"new jersey"}},
{"type":"Feature","geometry":null,"properties":{"fid":13985,"LAYER":"new jersey"}},
{"type":"Feature","geometry":null,"properties":{"fid":13986,"LAYER":"new jersey"}},
{"type":"Feature","geometry":null,"properties":{"fid":13987,"LAYER":"new jersey"}},
{"type":"Feature","geometry":null,"properties":{"fid":13988,"LAYER":"new jersey"}},
{"type":"Feature","geometry":null,"properties":{"fid":13989,"LAYER":"new jersey"}},
{"type":"Feature","geometry":null,"properties":{"fid":13990,"LAYER":"new jersey"}},
{"type":"Feature","geometry":null,"properties":{"fid":13991,"LAYER":"new jersey"}},
{"type":"Feature","geometry":null,"properties":{"fid":13992,"LAYER":"new jersey"}},
{"type":"Feature","geometry":null,"properties":{"fid":13993,"LAYER":"new jersey"}},
{"type":"Feature","geometry":null,"properties":{"fid":13994,"LAYER":"new jersey"}},
{"type":"Feature","geometry":null,"properties":{"fid":13995,"LAYER":"new jersey"}},
{"type":"Feature","geometry":{"type":"LineString","coordinates":[[35.53751696179811,33.890384885840994],[35.53755496769256,33.89036919020984],[35.53773761820219,33.890342535241395],[35.53777632582582,33.89037304771504],[35.5377984837536,33.89049659609817]]},"properties":{"fid":13996,"LAYER":"Side Walk"}},
{"type":"Feature","geometry":{"type":"LineString","coordinates":[[35.53725775315988,33.89032468107209],[35.53749211423133,33.89033294706573],[35.53749211386678,33.8903526096557],[35.53736267495851,33.89041087490937]]},"properties":{"fid":13997,"LAYER":"Fence"}},
{"type":"Feature","geometry":{"type":"LineString","coordinates":[[35.53725775315988,33.89032468107209],[35.53723512550375,33.890328931865895]]},"properties":{"fid":13998,"LAYER":"Fence"}},
{"type":"Feature","geometry":{"type":"LineString","coordinates":[[35.536484806424404,33.89018635556679],[35.53649761528359,33.89015509969897],[35.53631410798348,33.89010298539775],[35.536243871447176,33.89010299145823],[35.53622617188377,33.890210335073775]]},"properties":{"fid":13999,"LAYER":"building"}},
{"type":"Feature","geometry":null,"properties":{"fid":14000,"LAYER":"manhole"}},
{"type":"Feature","geometry":{"type":"LineString","coordinates":[[35.53964435922857,33.88984905254036],[35.53962078471043,33.88975852717212]]},"properties":{"fid":14005,"LAYER":"Road"}},
{"type":"Feature","geometry":{"type":"LineString","coordinates":[[35.53964680630302,33.889848213422034],[35.539623132515686,33.889758474806925]]},"properties":{"fid":14006,"LAYER":"Side Walk"}},
{"type":"Feature","geometry":{"type":"LineString","coordinates":[[35.53956161539898,33.890039515240844],[35.53957108279172,33.890136556978554]]},"properties":{"fid":14007,"LAYER":"Road"}},
{"type":"Feature","geometry":{"type":"LineString","coordinates":[[35.539676581405395,33.89004937355921],[35.53968050137714,33.89012970375199]]},"properties":{"fid":14008,"LAYER":"Road"}},
{"type":"Feature","geometry":{"type":"LineString","coordinates":[[35.53967854184756,33.890046995938285],[35.53968202721499,33.89012926823825]]},"properties":{"fid":14009,"LAYER":"Side Walk"}},
{"type":"Feature","geometry":{"type":"LineString","coordinates":[[35.539557312440756,33.890036665212854],[35.53956768969982,33.89013609091281]]},"properties":{"fid":14010,"LAYER":"Side Walk"}},
{"type":"Feature","geometry":{"type":"LineString","coordinates":[[35.53964680630302,33.889848213422034],[35.539700363193006,33.88989095703308],[35.539803752062596,33.8898927371553]]},"properties":{"fid":14011,"LAYER":"Side Walk"}},
{"type":"Feature","geometry":{"type":"LineString","coordinates":[[35.53988987874537,33.89004862454291],[35.53987698068296,33.890013414449]]},"properties":{"fid":14012,"LAYER":"Side Walk"}},
{"type":"Feature","geometry":{"type":"LineString","coordinates":[[35.5398206589851,33.88993545135548],[35.5397119913614,33.889934260237894]]},"properties":{"fid":14013,"LAYER":"Side Walk"}},
{"type":"Feature","geometry":{"type":"LineString","coordinates":[[35.53964435922857,33.88984905254036],[35.53970010800034,33.88989367330294],[35.53980357758297,33.88989559107974]]},"properties":{"fid":14014,"LAYER":"Road"}},
{"type":"Feature","geometry":{"type":"LineString","coordinates":[[35.53986290219191,33.890000031934875],[35.53971745038315,33.88997785207445]]},"properties":{"fid":14015,"LAYER":"Road"}},
{"type":"Feature","geometry":{"type":"LineString","coordinates":[[35.539891199166846,33.890048600153506],[35.53987895364227,33.89001253435721]]},"properties":{"fid":14016,"LAYER":"Road"}},
{"type":"Feature","geometry":{"type":"LineString","coordinates":[[35.54208509989587,33.88870144511202],[35.542157174819216,33.88868563556017],[35.542173955256324,33.888679636670666]]},"properties":{"fid":14017,"LAYER":"Road"}},
{"type":"Feature","geometry":{"type":"LineString","coordinates":[[35.542084591252525,33.88869981353739],[35.542173148657724,33.88867849752116]]},"properties":{"fid":14018,"LAYER":"Side Walk"}},
{"type":"Feature","geometry":{"type":"LineString","coordinates":[[35.53807717797903,33.889630907920974],[35.53817362860409,33.88961437544664]]},"properties":{"fid":14019,"LAYER":"Side Walk"}},
{"type":"Feature","geometry":{"type":"LineString","coordinates":[[35.53672355958376,33.889873035157265],[35.53679137545047,33.88987899514682]]},"properties":{"fid":14020,"LAYER":"Side Walk"}},
{"type":"Feature","geometry":{"type":"LineString","coordinates":[[35.53816999331764,33.889544208619405],[35.53817961264733,33.88954331852755],[35.53840927912595,33.88950446003352],[35.538674824793446,33.88945979073294]]},"properties":{"fid":14021,"LAYER":"Side Walk"}},
{"type":"Feature","geometry":{"type":"LineString","coordinates":[[35.539172897882146,33.8893404760657],[35.539159070880324,33.88936547698158]]},"properties":{"fid":14022,"LAYER":"Side Walk"}},
{"type":"Feature","geometry":{"type":"LineString","coordinates":[[35.53859880984716,33.88946053580318],[35.538551933580635,33.88942607791129],[35.53848055730352,33.88943862973987],[35.53852597088477,33.889472638866295],[35.538307552012476,33.88950918516828],[35.53826113642519,33.889475344966264],[35.53817050006351,33.88949069533517],[35.53815577506943,33.889494943959754],[35.53813980329725,33.88951796975447],[35.538144482225725,33.88953138317724],[35.53816999331764,33.889544208619405],[35.53817961264733,33.88954331852755],[35.53840927912595,33.88950446003352],[35.538674824793446,33.88945979073294],[35.5388008052918,33.88943849662594]]},"properties":{"fid":14023,"LAYER":"Side Walk"}},
{"type":"Feature","geometry":{"type":"LineString","coordinates":[[35.53817050006351,33.88949069533517],[35.53826113642519,33.889475344966264],[35.538307552012476,33.88950918516828],[35.53852597088477,33.889472638866295],[35.53848055730352,33.88943862973987]]},"properties":{"fid":14024,"LAYER":"Side Walk"}},
{"type":"Feature","geometry":{"type":"LineString","coordinates":[[35.54580215311839,33.88747915369902],[35.54583916737495,33.88748385463064]]},"properties":{"fid":14025,"LAYER":"Side Walk"}},
{"type":"Feature","geometry":{"type":"LineString","coordinates":[[35.53789482323873,33.88955076830096],[35.53788059216653,33.88954014993338]]},"properties":{"fid":14026,"LAYER":"Side Walk"}},
{"type":"Feature","geometry":{"type":"LineString","coordinates":[[35.53789482323873,33.88955076830096],[35.537925788764944,33.88957417094933]]},"properties":{"fid":14027,"LAYER":"Side Walk"}},
{"type":"Feature","geometry":{"type":"LineString","coordinates":[[35.537859752044014,33.889543488446186],[35.53788059216653,33.88954014993338]]},"properties":{"fid":14028,"LAYER":"Side Walk"}},
{"type":"Feature","geometry":{"type":"LineString","coordinates":[[35.543864044682785,33.88805915515077],[35.54388773940223,33.88804939653155]]},"properties":{"fid":14029,"LAYER":"Side Walk"}},
{"type":"Feature","geometry":{"type":"LineString","coordinates":[[35.54365915547708,33.88808992048765],[35.54374715156738,33.8881025199274]]},"properties":{"fid":14030,"LAYER":"Side Walk"}},
{"type":"Feature","geometry":{"type":"LineString","coordinates":[[35.53679137545047,33.88987899514682],[35.53689547098366,33.889857890049555],[35.536903802618305,33.88983627250557],[35.53695628659571,33.8898439467336],[35.53702107964072,33.889833132555204]]},"properties":{"fid":14031,"LAYER":"Side Walk"}},
{"type":"Feature","geometry":{"type":"LineString","coordinates":[[35.541073654186725,33.88924061565649],[35.54103899485415,33.88913057683011]]},"properties":{"fid":14032,"LAYER":"buildings"}},
{"type":"Feature","geometry":{"type":"LineString","coordinates":[[35.53976241286732,33.88937560051715],[35.539773623557416,33.88936991825102],[35.53989299987596,33.889340712124415]]},"properties":{"fid":14033,"LAYER":"Road"}},
{"type":"Feature","geometry":{"type":"LineString","coordinates":[[35.53977377228321,33.88937036598346],[35.53989311017412,33.88934117355289]]},"properties":{"fid":14034,"LAYER":"Side Walk"}},
{"type":"Feature","geometry":{"type":"LineString","coordinates":[[35.539453881079446,33.88937512085587],[35.539565293966504,33.88935715941419],[35.53957214155787,33.88936223967072]]},"properties":{"fid":14035,"LAYER":"Side Walk"}},
{"type":"Feature","geometry":{"type":"LineString","coordinates":[[35.540217167122385,33.890099561849176],[35.54011990948231,33.89006138965187]]},"properties":{"fid":14036,"LAYER":"Side Walk"}},
{"type":"Feature","geometry":{"type":"LineString","coordinates":[[35.5397119913614,33.889934260237894],[35.53971223970205,33.889937406609306]]},"properties":{"fid":14037,"LAYER":"Side Walk"}},
{"type":"Feature","geometry":{"type":"LineString","coordinates":[[35.54021898169918,33.89009833438048],[35.54011990547589,33.890059946483646]]},"properties":{"fid":14038,"LAYER":"Road"}},
{"type":"Feature","geometry":{"type":"LineString","coordinates":[[35.539614115411226,33.889415754908995],[35.53960627035181,33.889415091784755]]},"properties":{"fid":14039,"LAYER":"Side Walk"}},
{"type":"Feature","geometry":{"type":"LineString","coordinates":[[35.54205982544092,33.88881725728442],[35.54206046595358,33.88881765334658],[35.542062480600784,33.88882111494644],[35.54205094991909,33.88882332788356]]},"properties":{"fid":14040,"LAYER":"Road"}},
{"type":"Feature","geometry":{"type":"LineString","coordinates":[[35.54196302269651,33.88879223971521],[35.54196315165521,33.88878827976583]]},"properties":{"fid":14041,"LAYER":"Road"}},
{"type":"Feature","geometry":{"type":"LineString","coordinates":[[35.53994353136912,33.888097638521586],[35.5399788507207,33.88824220218855]]},"properties":{"fid":14042,"LAYER":"buildings"}},
{"type":"Feature","geometry":{"type":"LineString","coordinates":[[35.539715312033074,33.88813467558359],[35.54020788743833,33.88805473635722]]},"properties":{"fid":14043,"LAYER":"buildings"}},
{"type":"Feature","geometry":null,"properties":{"fid":14044,"LAYER":"new jersey"}},
{"type":"Feature","geometry":null,"properties":{"fid":14045,"LAYER":"new jersey"}},
{"type":"Feature","geometry":null,"properties":{"fid":14046,"LAYER":"new jersey"}},
{"type":"Feature","geometry":null,"properties":{"fid":14047,"LAYER":"new jersey"}},
{"type":"Feature","geometry":null,"properties":{"fid":14048,"LAYER":"new jersey"}},
{"type":"Feature","geometry":null,"properties":{"fid":14049,"LAYER":"new jersey"}},
{"type":"Feature","geometry":null,"properties":{"fid":14050,"LAYER":"new jersey"}},
{"type":"Feature","geometry":null,"properties":{"fid":14051,"LAYER":"new jersey"}},
{"type":"Feature","geometry":null,"properties":{"fid":14052,"LAYER":"new jersey"}},
{"type":"Feature","geometry":null,"properties":{"fid":14053,"LAYER":"new jersey"}},
{"type":"Feature","geometry":null,"properties":{"fid":14054,"LAYER":"new jersey"}},
{"type":"Feature","geometry":null,"properties":{"fid":14055,"LAYER":"new jersey"}},
{"type":"Feature","geometry":null,"properties":{"fid":14056,"LAYER":"new jersey"}},
{"type":"Feature","geometry":null,"properties":{"fid":14057,"LAYER":"new jersey"}},
{"type":"Feature","geometry":null,"properties":{"fid":14058,"LAYER":"new jersey"}},
{"type":"Feature","geometry":null,"properties":{"fid":14059,"LAYER":"new jersey"}},
{"type":"Feature","geometry":null,"properties":{"fid":14060,"LAYER":"new jersey"}},
{"type":"Feature","geometry":null,"properties":{"fid":14061,"LAYER":"new jersey"}},
{"type":"Feature","geometry":null,"properties":{"fid":14062,"LAYER":"new jersey"}},
{"type":"Feature","geometry":null,"properties":{"fid":14063,"LAYER":"new jersey"}},
{"type":"Feature","geometry":null,"properties":{"fid":14064,"LAYER":"new jersey"}},
{"type":"Feature","geometry":null,"properties":{"fid":14065,"LAYER":"mh"}},
{"type":"Feature","geometry":null,"properties":{"fid":14066,"LAYER":"new jersey"}},
{"type":"Feature","geometry":null,"properties":{"fid":14067,"LAYER":"new jersey"}}
]}